Part,Description,Brand,Category,List Price,Web URL,Image,Intro,Brand,lignes / ranges,packaging,sales-unit,MOQ,Length su (cm),Width su (cm),Height su (cm),Qty su/cardboard,Length PB8 (cm),Width PB8 (cm),Hight PB8 (cm),Material,Univers,Sous-Univers,Shape,Volume cardboard (L),Désignation (FR),Gross weight carboard (kg),Qty su/pallet,Gross weight uv (kg),Qty su/CRI,Country of origin,Length cardboard (cm),width cardboard (cm),Height cardboard (cm),EAN cardboard,Gross weight PB8 (kg),EAN PB8 (DUN14),outercarton,EAN sales unit,EAN su,Length CRI (cm),Width CRI (cm),Height CRI (cm),Gross weight CRI (kg),Volume CRI (L),EAN CRI
V9689,ABONDANCE DECANTER 1L6,C&S,"Drinkware Accessories – Jugs, Pitchers & Carafes",£23.05,https://latabledarc.com/en/products/carafe-1-6l-abondance,https://cdn.shopify.com/s/files/1/0943/3553/3393/files/5aa61fec29dd2276a85106ff971fb063.jpg?v=1762444826,"The Abondance 1.6L Carafe is the perfect companion for your meals or receptions, offering an elegant and practical presentation.",C&S,ABONDANCE,FA1,F1,2,19.6,19.6,24.2,2,120.0,80.0,116.4,KRYSTA,DRINKWARE,DRINKWARE ACCESSORIE,BROC CARAFE,21.844,"CARAFE 1,6L ABONDANCE SANS BOUCHON",2.003,80,0.866,0,CN,40.0,21.5,25.4,10883314027584,105.808,40883314027585,B2,883314027587,883314027587,,,,,,
Q9216,ABSOLUTY HB TUMBLER 37,C&S,Drinkware – Hiballs,£1.71,,,,C&S,ABSOLUTY,FA6,PC,24,7.8,7.8,11.9,24,120.0,80.0,96.1,KRYSTA,DRINKWARE,DRINKWARE,GOBELET,25.83,GOBELET FH 37 ABSOLUTY,5.594,648,0.19,6,FR,35.7,26.6,27.2,10883314907671,176.502,40883314907672,B4,883314907674,883314907674,25.2,17.0,12.8,1.29,5.484,883314907728
Q9217,ABSOLUTY HB TUMBLER 45,C&S,Drinkware – Hiballs,£1.85,,,,C&S,ABSOLUTY,FA6,PC,24,8.3,8.3,12.7,24,120.0,80.0,102.2,KRYSTA,DRINKWARE,DRINKWARE,GOBELET,33.767,GOBELET FH 45 ABSOLUTY,6.501,576,0.22,6,FR,39.2,29.5,29.2,10883314907688,181.388,40883314907689,B4,883314907681,883314907681,27.9,18.8,13.8,1.499,7.238,883314907735
Q9215,ABSOLUTY OF TUMBLER 25,C&S,Drinkware – Tumblers,£1.71,,,,C&S,ABSOLUTY,FA6,PC,24,7.8,7.8,8.5,24,120.0,80.0,114.7,KRYSTA,DRINKWARE,DRINKWARE,GOBELET,19.152,GOBELET FB 25 ABSOLUTY,4.541,1080,0.15,6,FR,36.0,26.6,20.0,10883314907664,229.939,40883314907665,B4,883314907667,883314907667,25.2,17.0,9.4,1.04,4.027,883314907667
Q9214,ABSOLUTY OF TUMBLER 32,C&S,Drinkware – Tumblers,£1.71,,,,C&S,ABSOLUTY,FA6,PC,24,8.5,8.5,9.1,24,120.0,80.0,104.9,KRYSTA,DRINKWARE,DRINKWARE,GOBELET,26.135,GOBELET FB 32 ABSOLUTY,5.28,768,0.175,6,FR,39.2,29.5,22.6,10883314907657,194.434,40883314907658,B4,883314907650,883314907650,27.9,18.8,10.5,1.204,5.507,883314907704
N8857,AMSTERDAM H/B TUMBLER 27,ARCOROC,Drinkware – Hiballs,£0.66,,,,ARCOROC,AMSTERDAM TRANSP NT DECOR,FA6,PC,48,6.2,6.2,13.5,48,120.0,80.0,107.3,SODO,DRINKWARE,DRINKWARE,GOBELET,39.512,GOBELET FH 27 AMSTERDAM,11.071,1008,0.208,6,FR,57.6,22.2,30.9,10026102291150,257.985,40026102291151,B8,,,20.6,14.0,14.6,1.333,4.211,26102149799
V9776,AMSTERDAM H/B TUMBLER 27,ARCOROC,Drinkware – Hiballs,£0.66,,,,ARCOROC,AMSTERDAM TRANSP NT DECOR,FA6,PC,6,6.2,6.2,13.5,6,120.0,80.0,14.5,SODO,DRINKWARE,DRINKWARE,GOBELET,4.211,GOBELET FH 27 AMSTERDAM,1.333,1302,0.208,0,FR,20.6,14.0,14.6,26102149799,315.866,40883314300312,,,,,,,,,
72388,"ANSE ISLANDE SHOT GLASS 5,5",ARCOROC,Drinkware – Shot Glasses,£1.09,,https://static.wixstatic.com/media/042ed7_15d910f2d47446e6b19bb617234022ec~mv2.webp,,ARCOROC,ISLANDE,FA12,PC,72,3.6,3.6,10.1,72,120.0,80.0,116.9,SODO,DRINKWARE,DRINKWARE,GOBELET,32.317,"GOBELET FH A ANSE 5,5 ISLANDE",9.72,2016,0.12,12,FR,52.6,24.0,25.6,10026102723880,297.652,40026102723881,B6,,,22.4,16.9,12.0,1.559,4.543,26102078358
R0739,APPETIZER BOWL 140,ARCOROC,Dinnerware,£2.18,,,,ARCOROC,APPETIZER,R6,PC,24,0.1,0.1,0.1,24,120.0,80.0,104.5,PORCELAINE,DINNERWARE,DINNERWARE,SALADIER,6.256,COUPELLE 140 APPETIZER,1.92,2688,0.08,6,CN,17.0,16.0,23.0,10026102936075,215.04,40026102936076,B4,26102936078,26102936078,14.0,10.0,4.0,0.48,0.56,26102936092
R0744,APPETIZER OF BOWL 95,ARCOROC,Dinnerware,£2.18,,,,ARCOROC,APPETIZER,R6,PC,24,9.4,9.4,4.4,24,120.0,80.0,102.5,PORCELAINE,DINNERWARE,DINNERWARE,SALADIER,15.246,COUPELLE FB 95 APPETIZER,2.8,1152,0.08,6,CN,31.5,22.0,22.0,10883314117810,159.4,40883314117811,B4,883314117813,883314117813,30.0,20.0,4.5,0.55,2.7,883314117820
R0736,APPETIZER RECTANGULAR BOWL 145X70,ARCOROC,Dinnerware,£2.18,,,,ARCOROC,APPETIZER,R6,PC,24,0.0,7.0,2.3,24,120.0,80.0,102.5,PORCELAINE,DINNERWARE,DINNERWARE,SALADIER,5.053,COUPELLE RECTANGULAIRE 145X70 APPETIZER,3.13,2880,0.105,6,CN,17.5,16.5,17.5,10026102935924,400.6,40026102935925,B4,26102935927,26102935927,14.5,6.5,5.5,0.648,0.518,26102935934
R0743,APPETIZER SPIRAL DISH 85,ARCOROC,Dinnerware,£2.18,,,,ARCOROC,APPETIZER,RB6,PC,24,9.0,9.0,4.5,24,120.0,80.0,104.0,PORCELAINE,DINNERWARE,DINNERWARE,SALADIER,14.007,COUPELLE 85 APPETIZER SPIRAL,2.95,1248,0.08,6,CN,29.0,21.0,23.0,10883314117797,190.0,40883314117798,B4,883314117790,883314117790,28.0,18.5,5.0,0.48,2.59,883314117806
R0738,APPETIZER SPOON 105,ARCOROC,Cutlery,£2.18,,,,ARCOROC,APPETIZER,R6,PC,24,0.1,0.1,0.1,24,120.0,80.0,94.0,PORCELAINE,FLATWARE,CUTLERY,COUVERTS,6.6,CUILLERE 105 APPETIZER,0.864,2400,0.036,6,CN,22.0,15.0,20.0,10026102936044,156.0,40026102936045,B4,26102936047,26102936047,21.0,16.0,3.5,0.216,1.176,26102936054
R0735,APPETIZER SQUARE BOWL 90X90,ARCOROC,Dinnerware,£2.18,,,,ARCOROC,APPETIZER,R6,PC,24,0.0,0.0,0.0,24,120.0,80.0,100.7,PORCELAINE,DINNERWARE,DINNERWARE,SALADIER,16.399,COUPELLE CARREE 90 APPETIZER,4.3,1248,0.126,6,CN,31.0,23.0,23.0,10026102935900,230.0,40026102935901,B4,26102935903,26102935903,28.5,19.0,5.5,0.97,2.978,26102935910
R0737,APPETIZER SQUARE SMALL BOWL 95,ARCOROC,Dinnerware,£2.18,,,,ARCOROC,APPETIZER,R6,PC,24,9.5,9.5,2.0,24,120.0,80.0,84.9,PORCELAINE,DINNERWARE,DINNERWARE,SALADIER,3.828,COUPELLE CARREE 95 APPETIZER,2.55,3840,0.085,6,CN,22.0,12.0,14.5,10026102935986,349.44,40026102935987,B4,26102935989,26102935989,9.5,9.5,4.9,0.516,0.442,26102935996
R0740,APPETIZER TALL BOWL 100,ARCOROC,Dinnerware,£2.18,,,,ARCOROC,APPETIZER,R6,PC,24,10.0,10.0,4.0,24,120.0,80.0,112.5,PORCELAINE,DINNERWARE,DINNERWARE,SALADIER,12.9,COUPELLE 100 APPETIZER HAUTE,2.65,1440,0.076,6,CN,25.0,21.5,24.0,10026102936129,187.0,40026102936120,B4,26102936122,26102936122,23.5,21.0,4.5,0.59,2.221,26102936139
36341,"ARC JUG 0,5L",LUMINARC,"Drinkware Accessories – Jugs, Pitchers & Carafes",£1.94,https://latabledarc.com/en/products/broc-0-5-l-arc,https://cdn.shopify.com/s/files/1/0943/3553/3393/files/2025ca44ebeef1b138488eade3689fd6_ead5f5ad-3de0-4e93-8dca-b676ca82fbc4.jpg?v=1762444735,"Choose the 0.5L Arc Pitcher, by Luminarc
 This jug combines simplicity and practicality, thanks to its reduced weight, which facilitates serving.",LUMINARC,ARC (BROC),A12,PC,12,0.0,0.0,0.0,12,120.0,80.0,111.1,SODO,DRINKWARE,DRINKWARE ACCESSORIE,BROC CARAFE,24.187,"BROC 0,5L ARC",4.217,432,0.315,0,FR,42.2,35.6,16.1,10026102363413,177.181,40026102363414,,26102363416,26102363416,,,,,,
E7258,"ARC JUG 0,5L",ARCOROC,"Drinkware Accessories – Jugs, Pitchers & Carafes",£1.94,,https://static.wixstatic.com/media/042ed7_85372138540f437c9a821b3988a5de8f~mv2.webp,,ARCOROC,ARC (BROC),A12,PC,12,9.9,9.9,13.9,12,120.0,80.0,108.7,HIGH TRANSPARENCY,DRINKWARE,DRINKWARE ACCESSORIE,BROC CARAFE,23.726,"BROC 0,5L ARC",4.249,432,0.315,0,FR,42.3,35.5,15.8,883314112481,178.34,40883314112472,,883314112474,883314112474,,,,,,
36366,"ARC JUG 1,3L",LUMINARC,"Drinkware Accessories – Jugs, Pitchers & Carafes",£3.26,https://latabledarc.com/en/products/broc-1-3-l-arc,https://cdn.shopify.com/s/files/1/0943/3553/3393/files/4b0ef996eba7b00dbb032d20d3888f95_c4fb0f8a-58c8-4b13-a4eb-4fe8e19fb3bf.jpg?v=1762444761,"Opt for the 1.3L Arc Jug, by Luminarc
 This jug combines simplicity and practicality, thanks to its reduced weight, which facilitates serving.",LUMINARC,ARC (BROC),A6,PC,6,0.1,0.1,21.5,6,120.0,80.0,106.5,SODO,DRINKWARE,DRINKWARE ACCESSORIE,BROC CARAFE,28.187,"BROC 1,3L ARC",5.409,144,0.84,0,FR,43.0,28.5,23.0,10026102363666,155.19,40026102363667,,26102363669,26102363669,,,,,,
53061,"ARC JUG 1,6L",LUMINARC,"Drinkware Accessories – Jugs, Pitchers & Carafes",£4.04,https://latabledarc.com/en/products/broc-1-6-l-arc,https://cdn.shopify.com/s/files/1/0943/3553/3393/files/1ad546fd8bc422e02b598b5c49fc78fb.jpg?v=1762444768,"Choose the 1.6L Arc Jug, by Luminarc
 This jug combines simplicity and practicality, thanks to its reduced weight, which facilitates serving.",LUMINARC,ARC (BROC),A6,PC,6,14.2,14.2,24.0,6,120.0,82.0,118.2,SODO,DRINKWARE,DRINKWARE ACCESSORIE,BROC CARAFE,31.326,"BROC 1,6L ARC",5.63,192,0.87,0,FR,41.0,29.5,25.9,10026102530617,205.629,40026102530618,,26102530610,26102530610,,,,,,
36358,ARC JUG 1L,LUMINARC,"Drinkware Accessories – Jugs, Pitchers & Carafes",£2.60,https://latabledarc.com/en/products/broc-1-l-arc,https://cdn.shopify.com/s/files/1/0943/3553/3393/files/8453cdc1bddbeea13c09419580bff110.jpg?v=1762444744,"Choose the 1L Arc Pitcher, by Luminarc
 This jug combines simplicity and practicality, thanks to its reduced weight, which facilitates serving.",LUMINARC,ARC (BROC),A6,PC,6,15.2,15.2,20.2,6,120.0,80.0,99.7,SODO,DRINKWARE,DRINKWARE ACCESSORIE,BROC CARAFE,25.65,BROC 1L ARC,4.462,192,0.898,0,FR,40.0,28.5,22.5,10026102363581,168.248,40026102363582,,26102363584,26102363584,,,,,,
E7255,ARC JUG 1L,ARCOROC,"Drinkware Accessories – Jugs, Pitchers & Carafes",£2.60,,https://static.wixstatic.com/media/042ed7_ffa516f5c74e435b8fa496607a545fbc~mv2.webp,,ARCOROC,ARC (BROC),A6,PC,6,15.2,15.2,20.2,6,120.0,80.0,101.0,SODO,DRINKWARE,DRINKWARE ACCESSORIE,BROC CARAFE,21.632,BROC 1L ARC,4.407,192,0.68,0,FR,37.3,27.1,21.4,883314112962,167.905,40883314112427,,883314112429,883314112429,,,,,,
E7254,ARC JUG 1L3,ARCOROC,"Drinkware Accessories – Jugs, Pitchers & Carafes",£3.26,,https://static.wixstatic.com/media/042ed7_7072e8c5c70a4bc284e6d18343981403~mv2.webp,,ARCOROC,ARC (BROC),A6,PC,6,0.1,0.1,21.5,6,120.0,80.0,106.1,SODO,DRINKWARE,DRINKWARE ACCESSORIE,BROC CARAFE,25.774,"BROC 1,3L ARC",5.443,192,0.84,0,FR,39.5,29.0,22.5,883314112443,199.649,40883314112397,,883314112399,883314112399,,,,,,
V7386,ARCHITECTE H/B TUMBLER 36           F4,CRISTAL D'ARQUES,Drinkware – Hiballs,£11.71,,,,CRISTAL D'ARQUES,ARCHITECTE,FF4,F4,2,18.1,18.1,13.9,2,120.0,80.0,105.3,CRYSTAL GLASS,DRINKWARE,DRINKWARE,GOBELET,10.87,GOBELET FH 36 ARCHITECTE             F4,3.477,144,1.648,0,FR,37.3,19.3,15.1,10883314988298,275.916,40883314988299,B2,883314988291,883314988291,,,,,,
Q4367,ARCHITECTE H/B TUMBLER 6             F6,CRISTAL D'ARQUES,Drinkware – Hiballs,£8.97,,,,CRISTAL D'ARQUES,ARCHITECTE,FA6,F6,2,16.4,11.2,9.6,2,120.0,80.0,116.9,CRYSTAL GLASS,DRINKWARE,DRINKWARE,GOBELET,4.452,GOBELET FH 6 ARCHITECTE              F6,1.614,420,0.769,0,FR,17.6,12.4,20.4,10883314552581,364.734,40883314552582,B2,883314552591,883314552591,,,,,,
V7387,ARCHITECTE O/F TUMB 32 CDA          F4,CRISTAL D'ARQUES,Drinkware – Rocks,£10.70,,,,CRISTAL D'ARQUES,ARCHITECTE,FF4,F4,2,19.4,19.4,10.7,2,120.0,80.0,110.0,CRYSTAL GLASS,DRINKWARE,DRINKWARE,GOBELET,9.52,GOBELET FB 32 ARCHITECTE             F4,3.911,192,1.812,0,FR,40.0,20.0,11.9,10883314988304,401.135,40883314988305,B2,883314988307,883314988307,,,,,,
V4300,BALLON STEMGLASS 19                  A24,ARCOROC,Drinkware – Wine,£30.48,,,,ARCOROC,BALLON,A24,CRN,30,33.8,25.3,31.0,1,120.0,80.0,107.5,SODO,DRINKWARE,DRINKWARE,VERRE A PIED,26.509,VERRE A PIED 19 BALLON               A24,3.786,30,3.786,0,FR,33.8,25.3,31.0,883314958201,139.055,40883314958209,,883314958201,883314958201,,,,,,
V4445,BALLON STEMGLASS 25                  A24,ARCOROC,Drinkware – Wine,£32.22,,,,ARCOROC,BALLON,A24,CRN,27,35.7,26.6,31.8,1,120.0,80.0,109.9,SODO,DRINKWARE,DRINKWARE,VERRE A PIED,30.198,VERRE A PIED 25 BALLON               A24,3.958,27,3.958,0,FR,35.7,26.6,31.8,883314959512,132.445,40883314959510,,883314959512,883314959512,,,,,,
61633,BARIL H/B TUMBLER 16,ARCOROC,Drinkware – Hiballs,£0.65,,,,ARCOROC,BARIL,FA6,PC,48,5.8,5.8,8.1,48,120.0,80.0,109.5,SODO,DRINKWARE,DRINKWARE,GOBELET,19.61,GOBELET FH 16 BARIL,4.73,2160,0.085,6,FR,38.8,26.6,19.0,10026102616335,238.813,40026102616336,B8,,,18.5,12.6,8.9,0.564,2.075,26102492475
X3080,BEER EXPERT STEMGLASS 33,C&S,Drinkware – Beer,£4.37,,,,C&S,BEER EXPERT,F6,PC,24,10.9,10.9,19.3,24,120.0,80.0,14.5,CRYSTAL GLASS,DRINKWARE,DRINKWARE,VERRE A PIED,0.0,VERRE A PIED 33 BEER EXPERT,5.04,24,0.21,6,SK,0.0,0.0,0.0,10883314112952,5.04,40883314112953,B4,883314112955,883314112955,0.0,0.0,0.0,1.26,0.0,883314112979
T9201,BLACK OAK  TABLE FORK,C&S,Cutlery,£5.31,,,,C&S,BLACK OAK,C12,PC,36,20.9,2.7,2.4,36,0.0,0.0,0.0,INOX,FLATWARE,CUTLERY,COUVERTS,5.002,FOURCHETTE DE TABLE BLACK OAK,3.586,0,0.08,12,CN,27.0,19.5,9.5,10883314661214,,,B3,,,20.9,7.5,2.4,1.063,0.134,883314661217
T9205,BLACK OAK DESSERT FORK,C&S,Cutlery,£4.80,,,,C&S,BLACK OAK,C12,PC,36,18.3,2.2,2.1,36,0.0,0.0,0.0,INOX,FLATWARE,CUTLERY,COUVERTS,4.953,FOURCHETTE A DESSERT BLACK OAK,2.624,0,0.06,12,CN,25.5,18.5,10.5,10883314661276,,,B3,,,24.1,7.4,5.4,0.781,0.963,883314661279
T9208,BLACK OAK DESSERT KNIFE,C&S,Cutlery,£5.31,,,,C&S,BLACK OAK,C12,PC,36,21.5,1.8,0.8,36,0.0,0.0,0.0,INOX,FLATWARE,CUTLERY,COUVERTS,4.532,COUTEAU A DESSERT BLACK OAK,3.406,0,0.075,12,CN,26.5,19.0,9.0,10883314661290,,,B3,,,25.7,7.5,6.0,1.003,1.157,883314661293
T9206,BLACK OAK DESSERT SPOON,C&S,Cutlery,£4.80,,,,C&S,BLACK OAK,C12,PC,36,18.2,4.1,2.1,36,0.0,0.0,0.0,INOX,FLATWARE,CUTLERY,COUVERTS,4.953,CUILLERE A DESSERT BLACK OAK,2.984,0,0.07,12,CN,25.5,18.5,10.5,10883314661283,,,B3,,,24.1,7.4,5.4,0.901,0.963,883314661286
T9211,BLACK OAK MOKA SPOON,C&S,Cutlery,£2.14,,,,C&S,BLACK OAK,C12,PC,36,11.3,2.5,1.3,36,0.0,0.0,0.0,INOX,FLATWARE,CUTLERY,COUVERTS,1.596,CUILLERE A MOKA BLACK OAK,0.9,0,0.025,12,CN,19.0,14.0,6.0,10883314661320,,,B3,,,19.0,14.0,7.0,0.3,1.862,883314661323
T9209,BLACK OAK SOUP SPOON,C&S,Cutlery,£4.80,,,,C&S,BLACK OAK,C12,PC,36,18.0,4.5,2.0,36,0.0,0.0,0.0,INOX,FLATWARE,CUTLERY,COUVERTS,3.613,CUILLERE A SOUPE BLACK OAK,2.98,0,0.07,12,CN,25.0,17.0,8.5,10883314661306,,,B3,,,24.3,7.5,5.3,0.9,0.966,883314661309
T9204,BLACK OAK TABLE KNIFE,C&S,Cutlery,£6.15,,,,C&S,BLACK OAK,C12,PC,36,23.0,1.8,1.0,36,0.0,0.0,0.0,INOX,FLATWARE,CUTLERY,COUVERTS,5.985,COUTEAU DE TABLE BLACK OAK,3.94,0,0.101,12,CN,30.0,19.0,10.5,10883314661269,,,B3,,,28.7,7.4,5.5,1.26,1.168,883314661262
T9202,BLACK OAK TABLE SPOON,C&S,Cutlery,£5.31,,,,C&S,BLACK OAK,C12,PC,36,21.0,4.6,2.4,36,0.0,0.0,0.0,INOX,FLATWARE,CUTLERY,COUVERTS,4.463,CUILLERE DE TABLE BLACK OAK,3.773,0,0.09,12,CN,27.0,19.0,8.7,10883314661252,,,B3,,,21.0,4.6,2.4,1.21,0.23,883314661255
T9210,BLACK OAK TEA SPOON,C&S,Cutlery,£2.31,,,,C&S,BLACK OAK,C12,PC,36,14.0,2.9,1.5,36,0.0,0.0,0.0,INOX,FLATWARE,CUTLERY,COUVERTS,3.054,CUILLERE A CAFE BLACK OAK,1.275,0,0.03,12,CN,19.5,18.0,8.7,10883314661313,,,B3,,,18.1,5.6,5.2,0.388,0.527,883314661316
Q5000,BOURBON STREET H/B TUMBLER 6,ARCOROC,Drinkware – Hiballs,£1.50,,,,ARCOROC,BOURBON STREET,FA12,PC,24,4.9,4.8,7.8,24,120.0,80.0,109.1,HIGH TRANSPARENCY,DRINKWARE,DRINKWARE,GOBELET,7.524,GOBELET FH 6 BOURBON STREET,3.313,2520,0.12,12,FR,23.0,17.4,18.8,10883314862321,373.441,40883314862322,B2,,,4.9,4.8,7.8,1.44,0.182,883314862324
H8466,"BRIO FLUTE 9,5",ARCOROC,Drinkware – Champagne,£1.80,https://latabledarc.com/en/products/flute-a-champagne-9-5-cl-brio,https://cdn.shopify.com/s/files/1/0943/3553/3393/files/dd79eaeee971ccf3231a4ca79b88ed46.jpg?v=1760539332,"Adoptez la flûte à champagne 9,5 cl H8466 Brio développée par Arcoroc.
 L'élégance de sa jambe et de son calice tout en rondeur fera la différence dans votre bar ou restaurant. La petite capacité de 9,5 cl de cette flûte à champagne est idéale en usage banqueting ou cocktail dinatoire. Les traiteurs, restaurateurs ou barmans qui ont adopté ce verre à champagne apprécient le traitement ""effervescence plus"" qu'il reçoit et qui permet de créer une très belle cheminée de bulles. Le plus : un buvant fin pour une dégustation de champagne ou vins effervescents très agréable. Un verre de grande qualité, ultra transparent labellisé « High transparency » qui mettra en valeur vos kirs et vins effervescents.",ARCOROC,BRIO,FA6,PC,24,5.6,5.6,17.1,24,120.0,80.0,110.7,CRYSTAL GLASS,DRINKWARE,DRINKWARE,VERRE A PIED,18.279,"FLUTE 9,5 BRIO",3.14,1080,0.098,6,FR,36.9,25.8,19.2,10883314353218,166.88,40883314353219,B4,,,17.6,12.0,18.1,0.706,3.823,883314353211
J1478,BRIO FLUTE STEMGLASS 16,ARCOROC,Drinkware – Champagne,£2.01,https://latabledarc.com/en/products/flute-a-champagne-16-cl-brio,https://cdn.shopify.com/s/files/1/0943/3553/3393/files/5b1b1b59eaed153cd5c7a4b60ae78fda.webp?v=1775204322,"Découvrez la flûte à champagne 16 cl J1478 Brio développée par Arcoroc.
 Ce verre à champagne unique proposé par Arcoroc a déjà été largement adopté par de nombreux bars et restaurants grâce à ses nombreux atouts. Sa jambe toute en continuité et sa paraison offrent élégance et raffinement tandis que son buvant fin sans bourrelet participe à un agréable contact sur les lèvres. Cette flûte à champagne dispose d'une très grande transparence afin de parfaitement restituer et mettre en valeur les vraies couleurs des champagnes ou vins effervescents. Le plus Arcoroc : Le design de cette flûte a été particulièrement étudié pour le service du champagne au verre. Les 12,5 cl sont la dose correcte à servir, arrivant proche du buvant et donnant une bonne perception de quantité à vos clients.",ARCOROC,BRIO,FA6,PC,24,6.5,6.5,19.8,24,120.0,80.0,102.1,CRYSTAL GLASS,DRINKWARE,DRINKWARE,VERRE A PIED,27.078,FLUTE 16 BRIO,4.071,576,0.128,6,FR,42.2,29.3,21.9,10883314385202,123.073,40883314385203,B4,,,20.3,13.8,20.7,0.92,5.799,883314385205
L8941,BRIO STEMMED GLASS 21,ARCOROC,Drinkware – Wine,£2.01,,https://static.wixstatic.com/media/042ed7_8d581fc4ca9048bea542b9588c36dcaa~mv2.webp,,ARCOROC,BRIO,FA6,PC,24,8.3,8.3,19.2,24,120.0,80.0,103.3,CRYSTAL GLASS,DRINKWARE,DRINKWARE,VERRE A PIED,49.952,VERRE A PIED 21 BRIO,4.851,384,0.14,6,FR,57.4,39.2,22.2,10883314593737,103.086,40883314593738,B4,,,27.9,18.8,20.6,1.066,10.805,883314593730
2936,BRITANNIA MUG 10 OZ,ARCOROC,Drinkware – Hot Drinks,£1.68,,,,ARCOROC,BRITANNIA,A36,PC,36,8.2,8.2,9.6,36,120.0,80.0,106.8,SODO,DRINKWARE,DRINKWARE,BOCK HORS CAFE/THE/PT.DEJ,38.234,BOCK DECORABLE 28 BRITANNIA -,13.331,648,0.35,0,FR,40.7,30.6,30.7,10026102029364,265.532,40026102029365,,,,,,,,,
989,BRITANNIA MUG 20OZ,ARCOROC,Drinkware – Hot Drinks,£2.11,https://latabledarc.com/en/products/bock-a-biere-57-cl-britannia,https://cdn.shopify.com/s/files/1/0943/3553/3393/files/1394d2e324e4d50f06daf86509d530ce.jpg?v=1762444440,"Discover the 57cl beer mug 000989 from the Britannia collection, created by Arcoroc.
   Its textured walls will enhance all types of beer: blonde, wheat, fruit, or amber. Equipped with a handle, this beer mug offers a perfect grip and prevents the beer from warming up. Made of thick glass, the Britannia beer mug is ultra-resistant to withstand the fast pace of happy hour, making it an ideal glass for bar professionals. Arcoroc's added bonus: The Britannia beer mug is also available in a 28 cl size.",ARCOROC,BRITANNIA,A24,PC,24,9.9,9.9,12.5,24,120.0,80.0,99.1,SODO,DRINKWARE,DRINKWARE,BOCK HORS CAFE/THE/PT.DEJ,41.034,BOCK 57 BRITANNIA -,13.384,432,0.52,0,FR,42.3,34.4,28.2,26102845332,266.346,40026102009893,,26102009895,26102009895,,,,,,
V4377,BRIXTON H/B TUMB 30CL (FA6/B4) - ARCOROC,ARCOROC,Drinkware – Hiballs,£2.19,,,,ARCOROC,BRIXTON,FA6,PC,24,0.0,0.0,0.0,24,120.0,80.0,103.6,SODO,DRINKWARE,DRINKWARE,GOBELET,21.798,GOBELET FH 30 BRIXTON TUMBLER,9.158,864,0.332,0,AE,31.5,23.3,29.7,10883314958857,350.688,40883314958858,B4,,,,,,,,
Q8947,BRIXTON HB TUMBLER 31,ARCOROC,Drinkware – Hiballs,£1.86,,,,ARCOROC,BRIXTON,FA6,PC,12,0.0,0.0,0.0,12,120.0,80.0,102.0,SODO,DRINKWARE,DRINKWARE,GOBELET,12.478,GOBELET FH 31 BRIXTON,4.857,720,0.36,6,CN,31.0,23.0,17.5,10883314904717,316.42,40883314904718,B2,,,22.0,14.8,16.2,2.318,5.275,883314904710
P9067,BRIXTON HB TUMBLER 35,ARCOROC,Drinkware – Hiballs,£2.19,,,,ARCOROC,BRIXTON,FA6,PC,24,8.7,8.7,11.1,24,120.0,80.0,96.7,SODO,DRINKWARE,DRINKWARE,GOBELET,31.454,GOBELET FH 35 BRIXTON,10.522,576,0.395,6,FR,39.2,29.5,27.2,10883314800262,278.52,40883314800263,B4,,,27.5,18.6,12.8,2.534,6.547,883314800265
P4188,BRIXTON OF TUMBLER 30,ARCOROC,Drinkware – Tumblers,£1.86,,,,ARCOROC,BRIXTON,F6,PC,12,8.1,8.1,10.4,12,120.0,80.0,110.9,SODO,DRINKWARE,DRINKWARE,GOBELET,10.923,GOBELET FB 30 BRIXTON,4.574,768,0.34,0,AE,25.9,17.5,24.1,14690509036940,318.422,44690509036941,B2,4690509036943,4690509036943,,,,,,
P8821,BROADWAY COCKTAIL STEMGLASS 58,ARCOROC,Drinkware – Cocktails,£3.31,,,,ARCOROC,BROADWAY,FA6,PC,12,10.7,10.7,19.1,12,120.0,80.0,98.6,CRYSTAL GLASS,DRINKWARE,DRINKWARE,VERRE A PIED,36.456,VERRE A PIED 58 BROADWAY COCKTAIL,6.721,240,0.486,6,FR,35.0,24.8,42.0,10883314797784,159.884,40883314797785,B2,,,33.5,22.6,20.2,3.116,15.293,883314797787
P8795,BROADWAY COKTAIL STEMGLASS 21,ARCOROC,Drinkware – Wine,£3.04,,,,ARCOROC,BROADWAY,FA6,PC,12,11.5,11.5,16.0,12,120.0,80.0,90.2,CRYSTAL GLASS,DRINKWARE,DRINKWARE,VERRE A PIED,37.564,VERRE A PIED A COCKTAIL 21 BROADWAY,3.648,216,0.228,6,FR,37.5,26.5,37.8,10883314797791,91.128,40883314797792,B2,,,11.5,11.5,16.0,1.368,2.109,883314797794
V5996,BROADWAY COLOR MAUVE CC OF TUMBLER 30,ARCOROC,Drinkware – Tumblers,£2.05,,,,ARCOROC,BROADWAY COLOR,FA6,PC,24,8.5,8.5,9.1,24,120.0,80.0,105.0,SODO,DRINKWARE,DRINKWARE,GOBELET,26.135,GOBELET FB 30 BROADWAY COLOR MAUVE CC,8.243,768,0.31,6,FR,39.2,29.5,22.6,10883314973546,289.248,40883314973547,B4,,,27.8,18.8,10.5,1.972,5.488,883314973549
V5998,BROADWAY COLOR MAZZARINE OF TUMBLER 30,ARCOROC,Drinkware – Tumblers,£2.05,,,,ARCOROC,BROADWAY COLOR,FA6,PC,24,8.5,8.5,9.1,24,120.0,80.0,105.0,SODO,DRINKWARE,DRINKWARE,GOBELET,26.135,GOBELET FB 30 BROADWAY COLOR MAZZARINE,8.243,768,0.31,6,FR,39.2,29.5,22.6,10883314973560,289.248,40883314973561,B4,,,27.8,18.8,10.5,1.972,5.488,883314973563
L7255,BROADWAY HB TUMBLER 38,ARCOROC,Drinkware – Hiballs,£2.19,,,,ARCOROC,BROADWAY,FA6,PC,24,0.0,0.0,0.0,24,120.0,80.0,116.1,CRYSTAL GLASS,DRINKWARE,DRINKWARE,GOBELET,28.904,GOBELET FH 38 BROADWAY,11.675,720,0.44,6,FR,33.8,25.3,33.8,10883314560883,375.844,40883314560884,B4,,,23.6,16.0,16.1,2.807,0.849,883314560886
L7254,BROADWAY O/F TUMBLER 30,ARCOROC,Drinkware – Rocks,£1.86,,,,ARCOROC,BROADWAY,FA6,PC,24,8.5,8.5,9.1,24,120.0,80.0,105.0,CRYSTAL GLASS,DRINKWARE,DRINKWARE,GOBELET,26.135,GOBELET FB 30 BROADWAY,8.552,768,0.31,6,FR,39.2,29.5,22.6,10883314560876,299.133,40883314560877,B4,,,8.5,8.5,9.1,1.86,0.648,883314560879
V2910,"BROADWAY O/F TUMBLER 5,5 F6",ARCOROC,Drinkware – Rocks,£1.47,,,,ARCOROC,BROADWAY,FA6,PC,24,0.0,0.0,0.0,24,120.0,80.0,114.9,SODO,DRINKWARE,DRINKWARE,GOBELET,7.615,"GOBELET FB 5,5 BROADWAY",1.808,2736,0.07,6,CN,24.0,19.0,16.7,10883314944409,263.0,40883314944400,B4,,,16.5,11.2,6.8,0.126,1.257,883314560862
P8796,BROADWAY SHERBET 25 STEMGLASS,ARCOROC,Drinkware – Wine,£2.90,,,,ARCOROC,BROADWAY,FA6,PC,12,11.5,11.5,13.8,12,120.0,80.0,107.6,CRYSTAL GLASS,DRINKWARE,DRINKWARE,VERRE A PIED,30.806,VERRE A PIED 25 BROADWAY COUPE,4.043,324,0.253,6,FR,37.5,26.5,31.0,10883314797807,134.625,40883314797808,B2,,,11.5,11.5,13.8,1.518,1.825,883314797800
V9037,BROC 1L6 TIVOLI (A6) - AME TO AF,LUMINARC,"Drinkware Accessories – Jugs, Pitchers & Carafes",£3.65,,,,LUMINARC,TIVOLI,A6,PC,6,0.0,0.0,0.0,6,120.0,80.0,102.5,SODO,DRINKWARE,DRINKWARE ACCESSORIE,BROC CARAFE,24.024,"BROC 1,6L TIVOLI",5.993,192,0.9,0,AE,40.0,27.3,22.0,10883314014072,212.776,40883314014073,,26102298992,26102298992,,,,,,
L7256,BRODWAY HB TUMBLER 28,ARCOROC,Drinkware – Hiballs,£1.86,,,,ARCOROC,BROADWAY,FA6,PC,24,0.0,0.0,0.0,24,120.0,80.0,116.1,CRYSTAL GLASS,DRINKWARE,DRINKWARE,GOBELET,28.904,GOBELET FH 28 BROADWAY,8.315,720,0.3,6,FR,33.8,25.3,33.8,10883314560890,275.042,40883314560891,B4,,,23.6,16.0,16.1,1.967,6.079,883314560893
Q7932,BRODWAY STEMGLASS 25,ARCOROC,Drinkware – Wine,£2.90,,,,ARCOROC,BROADWAY,FA6,PC,24,0.0,0.0,0.0,24,120.0,80.0,103.4,CRYSTAL GLASS,DRINKWARE,DRINKWARE,VERRE A PIED,49.952,VERRE A PIED 25 BROADWAY,7.703,384,0.25,6,FR,57.4,39.2,22.2,10883314893592,148.619,40883314893593,B4,,,27.8,18.8,20.6,1.743,10.766,883314893595
X2250,CABERNET ABONDANT STEMGLASS 50,C&S,Drinkware – Wine,£2.51,,,,C&S,CABERNET,FA6,PC,12,10.1,10.1,20.1,12,121.0,80.0,127.0,KRYSTA,DRINKWARE,DRINKWARE,VERRE A PIED,32.67,VERRE A PIED 50 CABERNET ABONDANT,3.377,360,0.217,0,SK,44.0,33.0,22.5,10883314505051,126.494,40883314505052,B2,883314510775,883314510775,,,,,,
FJ038,CABERNET ABONDANT STEMMED GLASS 50,C&S,Drinkware – Wine,£2.51,,,,C&S,CABERNET,FA6,PC,12,10.1,10.1,20.1,12,121.0,80.0,127.0,KRYSTA,DRINKWARE,DRINKWARE,VERRE A PIED,32.67,VERRE A PIED 50 CABERNET ABONDANT,3.32,360,0.217,6,SK,44.0,33.0,22.5,10883314505051,122.0,40883314505052,B2,883314510775,883314510775,31.2,20.8,20.6,1.42,13.369,883314505054
FJ037,CABERNET ABONDANT STEMMED GLASS 70,C&S,Drinkware – Wine,£2.98,,,,C&S,CABERNET,FA6,PC,12,11.1,11.1,22.0,12,120.0,80.0,110.0,KRYSTA,DRINKWARE,DRINKWARE,VERRE A PIED,39.48,VERRE A PIED 70 CABERNET ABONDANT,3.65,216,0.256,6,SK,35.0,24.0,47.0,10883314505044,88.0,40883314505045,B2,883314505047,883314505047,34.0,23.0,23.0,1.57,17.986,883314505030
X2353,CABERNET ABONDANT STEMMED GLASS 70,C&S,Drinkware – Wine,£2.98,,,,C&S,CABERNET,FA6,PC,12,11.1,11.1,22.0,12,120.0,80.0,108.5,KRYSTA,DRINKWARE,DRINKWARE,VERRE A PIED,39.48,VERRE A PIED 70 CABERNET ABONDANT,3.944,216,0.256,6,SK,35.0,24.0,47.0,10883314505044,96.992,40883314505045,B2,883314505047,883314505047,34.0,23.0,23.0,0.48,17.986,883314505030
X2050,CABERNET BALLON STEMMED GLASS 35,C&S,Drinkware – Wine,£2.51,https://latabledarc.com/en/products/verre-a-pied-35-cl-cabernet-ballon,https://cdn.shopify.com/s/files/1/0943/3553/3393/files/23024a293cf80557c2348e7cc8300597.jpg?v=1762448466,"Fall in love with the 35cl Cabernet stemmed glass, developed by Chef&Sommelier
 This stemmed glass, like all stemmed glasses, is an essential element of French tableware! Its shape has been carefully designed to offer the perfect balance between appearance, durability, and ease of use. Furthermore, the Arc Group's expertise in glassmaking ensures the robust construction of these stemmed glasses, guaranteeing their longevity.",C&S,CABERNET,FA6,PC,24,9.1,9.1,18.2,24,120.0,80.0,117.5,KRYSTA,DRINKWARE,DRINKWARE,VERRE A PIED,46.352,VERRE A PIED BALLON 35 CABERNET,5.855,480,0.19,6,FR,57.4,39.2,20.6,10026102470197,142.694,40026102470198,B4,26102259382,26102259382,27.9,18.8,19.0,1.288,9.966,26102470213
X2067,CABERNET BALLON STEMMED GLASS 47,C&S,Drinkware – Wine,£2.51,https://latabledarc.com/en/products/verre-a-pied-47-cl-cabernet-ballon,https://cdn.shopify.com/s/files/1/0943/3553/3393/files/c18a5e96fb4fa3ba66e00ce250005f9d.jpg?v=1762449009,"Fall in love with the 47cl Cabernet stemmed glass, developed by Chef&Sommelier
 This stemmed glass, like all stemmed glasses, is an essential element of French tableware! Its shape has been carefully designed to offer the perfect balance between appearance, durability, and ease of use. Furthermore, the Arc Group's expertise in glassmaking ensures the robust construction of these stemmed glasses, guaranteeing their longevity.",C&S,CABERNET,FA6,PC,24,9.9,9.9,19.6,24,120.0,80.0,99.1,KRYSTA,DRINKWARE,DRINKWARE,VERRE A PIED,63.872,VERRE A PIED BALLON 47 CABERNET,6.082,288,0.193,6,FR,43.6,32.7,44.8,10026102470173,98.318,40026102470174,B4,26102470176,26102470176,9.9,9.9,19.6,1.158,1.921,26102470183
X2059,CABERNET BALLON STEMMED GLASS 58,C&S,Drinkware – Wine,£2.73,https://latabledarc.com/en/products/verre-a-pied-58-cl-cabernet-ballon,https://cdn.shopify.com/s/files/1/0943/3553/3393/files/c2538d7678f57b56a832a469567fc52f.jpg?v=1762449194,"Fall in love with the 58cl Cabernet stemmed glass, developed by Chef&Sommelier
 This stemmed glass, like all stemmed glasses, is an essential element of French tableware! Its shape has been carefully designed to offer the perfect balance between appearance, durability, and ease of use. Furthermore, the Arc Group's expertise in glassmaking ensures the robust construction of these stemmed glasses, guaranteeing their longevity.",C&S,CABERNET,FA6,PC,24,10.6,10.6,20.9,24,120.0,80.0,105.3,KRYSTA,DRINKWARE,DRINKWARE,VERRE A PIED,78.219,VERRE A PIED BALLON 58 CABERNET,7.308,240,0.236,6,FR,45.7,34.3,49.9,10026102470265,98.449,40026102470266,B4,26102470268,26102470268,10.6,10.6,20.9,1.416,2.348,26102470275
X2038,CABERNET BALLON STEMMED GLASS 70,C&S,Drinkware – Wine,£2.98,https://latabledarc.com/en/products/verre-a-pied-70-cl-cabernet-tulipe,https://cdn.shopify.com/s/files/1/0943/3553/3393/files/1ea28ffbcd74a34f32d65da953c74bfe.jpg?v=1762449240,"Fall in love with the 70cl Cabernet stemmed glass, developed by Chef&Sommelier
 This stemmed glass, like all stemmed glasses, is an essential element of French tableware! Its shape has been carefully designed to offer the perfect balance between appearance, durability, and ease of use. Furthermore, the Arc Group's expertise in glassmaking ensures the robust construction of these stemmed glasses, guaranteeing their longevity.",C&S,CABERNET,FA6,PC,24,11.4,11.4,22.1,24,120.0,80.0,113.7,KRYSTA,DRINKWARE,DRINKWARE,VERRE A PIED,92.504,VERRE A PIED BALLON 70 CABERNET,8.305,192,0.27,6,FR,50.0,37.3,49.6,10026102469818,91.804,40026102469819,B4,26102259290,26102259290,35.7,24.0,24.0,1.859,20.563,26102469941
47019,CABERNET BALLOON STEMMED GLASS 35,C&S,Drinkware – Cocktails,£2.51,,,,C&S,CABERNET,FA6,PC,24,9.1,9.1,18.2,24,120.0,80.0,117.5,KRYSTA,DRINKWARE,DRINKWARE,VERRE A PIED,46.352,VERRE A PIED BALLON 35 CABERNET,6.135,480,0.19,6,FR,57.4,39.2,20.6,10026102470197,148.294,40026102470198,B4,26102259382,26102259382,9.1,9.1,18.2,1.14,1.507,26102470213
47017,CABERNET BALLOON STEMMED GLASS 47,C&S,Drinkware – Cocktails,£2.51,,,,C&S,CABERNET,FA6,PC,24,9.9,9.9,19.6,24,120.0,80.0,99.1,KRYSTA,DRINKWARE,DRINKWARE,VERRE A PIED,63.872,VERRE A PIED BALLON 47 CABERNET,6.442,288,0.193,6,FR,43.6,32.7,44.8,10026102470173,102.638,40026102470174,B4,26102470176,26102470176,31.1,21.0,21.6,1.437,14.107,26102470183
47026,CABERNET BALLOON STEMMED GLASS 58,C&S,Drinkware – Cocktails,£2.73,,,,C&S,CABERNET,FA6,PC,24,10.6,10.6,20.9,24,120.0,80.0,105.3,KRYSTA,DRINKWARE,DRINKWARE,VERRE A PIED,78.219,VERRE A PIED BALLON 58 CABERNET,7.72,240,0.236,6,FR,45.7,34.3,49.9,10026102470265,102.569,40026102470266,B4,26102470268,26102470268,32.7,22.1,24.1,1.736,2.348,26102470275
46981,CABERNET BALLOON STEMMED GLASS 70,C&S,Drinkware – Cocktails,£2.98,,,,C&S,CABERNET,FA6,PC,24,11.4,11.4,22.1,24,120.0,80.0,113.7,KRYSTA,DRINKWARE,DRINKWARE,VERRE A PIED,92.504,VERRE A PIED BALLON 70 CABERNET,8.737,192,0.27,6,FR,50.0,37.3,49.6,10026102469818,95.26,40026102469819,B4,26102259290,26102259290,35.7,24.0,24.0,1.967,20.563,26102469941
48024,CABERNET FLUTE 16,C&S,Drinkware – Champagne,£2.38,,,,C&S,CABERNET,FA6,PC,24,7.0,7.0,22.5,24,120.0,80.0,117.1,KRYSTA,DRINKWARE,DRINKWARE,VERRE A PIED,39.315,FLUTE 16 CABERNET,4.869,480,0.145,6,FR,47.4,32.4,25.6,10026102480240,122.744,40026102480241,B4,26102259894,26102259894,23.1,15.6,24.4,1.077,8.793,26102466070
D0796,CABERNET GRAND CHAMPAGN FLUTE 24,C&S,Drinkware – Champagne,£2.62,,,,C&S,CABERNET,FA6,PC,24,7.0,7.0,23.5,24,120.0,80.0,116.9,KRYSTA,DRINKWARE,DRINKWARE,VERRE A PIED,39.315,FLUTE 24 CABERNET GD CHAMPAGNE,4.605,480,0.134,6,FR,47.4,32.4,25.6,10026102879198,117.494,40026102879199,B4,26102259818,26102259818,23.0,15.6,24.4,1.011,8.755,26102879191
X2066,CABERNET GRAND CHAMPAGN FLUTE 24,C&S,Drinkware – Champagne,£2.62,https://latabledarc.com/en/products/flute-24-cl-cabernet,https://cdn.shopify.com/s/files/1/0943/3553/3393/files/4a80923f7df1883b4afe1dc1074afd33.jpg?v=1762446135,"Fall in love with the 24cl Cabernet Flute, developed by Chef&Sommelier
 This flute is specifically designed for tasting sparkling wines, while also being able to enhance any carbonated beverage. Indeed, in addition to its shape and elegance, the glass from which it is made has been specially crafted to optimize the release of bubbles, while its enhanced transparency allows for a better view and appreciation of them.",C&S,CABERNET,FA6,PC,24,7.0,7.0,23.5,24,120.0,80.0,116.9,KRYSTA,DRINKWARE,DRINKWARE,VERRE A PIED,39.315,FLUTE 24 CABERNET GD CHAMPAGNE,4.341,480,0.134,6,FR,47.4,32.4,25.6,10026102879198,112.214,40026102879199,B4,26102259818,26102259818,23.0,15.6,24.4,0.945,8.755,26102879191
X2065,CABERNET M-PURPOSE STEMMED GLASS 47,C&S,Drinkware – Wine,£2.98,,,,C&S,CABERNET,FA6,PC,24,8.1,8.1,18.8,24,120.0,80.0,101.8,KRYSTA,DRINKWARE,DRINKWARE,VERRE A PIED,41.403,VERRE A PIED MULTI-USAGES 47 CABERNET,6.66,432,0.295,6,FR,35.7,26.6,43.6,10883314189329,145.346,40883314189320,B4,883314340044,883314340044,25.1,17.0,21.0,1.532,8.961,883314189322
G3570,CABERNET M-PURPOSE STEMMEDGLASS 16OZ,C&S,Drinkware – Wine,£2.98,https://latabledarc.com/en/products/verre-a-pied-47-cl-cabernet,https://cdn.shopify.com/s/files/1/0943/3553/3393/files/30cc57554a70309b7922e07cb363ef43.jpg?v=1762448997,"Fall in love with the 47cl Cabernet stemmed glass, developed by Chef&Sommelier
 This stemmed glass, like all stemmed glasses, is an essential element of French tableware! Its shape has been carefully designed to offer the perfect balance between appearance, durability, and ease of use. Furthermore, the Arc Group's expertise in glassmaking ensures the robust construction of these stemmed glasses, guaranteeing their longevity.",C&S,CABERNET,FA6,PC,24,8.1,8.1,18.8,24,120.0,80.0,101.8,KRYSTA,DRINKWARE,DRINKWARE,VERRE A PIED,41.403,VERRE A PIED MULTI-USAGES 47 CABERNET,6.92,432,0.232,6,FR,35.7,26.6,43.6,10883314189329,150.026,10883314189329,B4,883314340044,883314340044,25.1,17.0,21.0,1.597,8.961,883314189322
X2057,CABERNET MULTI PURPOSE STEMMED GLASS 40,C&S,Drinkware – Wine,£2.98,https://latabledarc.com/en/products/verre-a-pied-40-cl-cabernet,https://cdn.shopify.com/s/files/1/0943/3553/3393/files/3a068359d19b498eca6899dc40472cda_3d4bb932-24bf-4f53-acc2-e6aaf4cb1bb0.jpg?v=1762448602,"Fall in love with the 40cl Cabernet stemmed glass, developed by Chef&Sommelier
 This stemmed glass, like all stemmed glasses, is an essential element of French tableware! Its shape has been carefully designed to offer the perfect balance between appearance, durability, and ease of use. Furthermore, the Arc Group's expertise in glassmaking ensures the robust construction of these stemmed glasses, guaranteeing their longevity.",C&S,CABERNET,FA6,PC,24,8.1,8.1,16.7,24,120.0,80.0,87.2,KRYSTA,DRINKWARE,DRINKWARE,VERRE A PIED,34.631,VERRE A PIED MULTI-USAGES 40 CABERNET,5.483,432,0.191,6,FR,36.1,26.5,36.2,10883314189350,124.148,40883314189351,B4,883314340112,883314340112,25.1,17.0,17.4,1.271,7.425,883314189353
G3573,CABERNET MULTI-PURPOSE STEMMED GLASS 40,C&S,Drinkware – Wine,£2.98,,,,C&S,CABERNET,FA6,PC,24,8.1,8.1,16.7,24,120.0,80.0,87.2,KRYSTA,DRINKWARE,DRINKWARE,VERRE A PIED,34.631,VERRE A PIED MULTI-USAGES 40 CABERNET,5.719,432,0.191,6,FR,36.1,26.5,36.2,10883314189350,128.396,40883314189351,B4,883314340112,883314340112,25.4,17.2,17.6,1.33,7.689,883314189353
V5794,CABERNET STEMGLASS 7,C&S,Drinkware – Wine,£2.14,,,,C&S,CABERNET,FA6,PC,24,5.2,5.2,13.5,24,120.0,80.0,110.5,KRYSTA,DRINKWARE,DRINKWARE,VERRE A PIED,13.82,VERRE A PIED 7 CABERNET,2.6,1440,0.08,6,SK,35.4,24.4,16.0,10883314971399,177.0,40883314971390,B4,883314339895,883314339895,16.7,11.4,14.5,0.58,2.761,883314084474
14798,CABERNET STEMMED GLASS 12,C&S,Drinkware – Wine,£2.14,,,,C&S,CABERNET,FA6,PC,24,5.4,5.4,15.0,24,120.0,80.0,116.7,KRYSTA,DRINKWARE,DRINKWARE,VERRE A PIED,16.693,VERRE A PIED 12 CABERNET,3.281,1296,0.102,6,FR,37.7,26.2,16.9,10026102147983,202.764,40026102147984,B4,26102259023,26102259023,18.2,12.4,15.7,0.728,3.543,26102980217
X2036,CABERNET STEMMED GLASS 12,C&S,Drinkware – Wine,£2.14,https://latabledarc.com/en/products/verre-a-pied-12-cl-cabernet-tulipe,https://cdn.shopify.com/s/files/1/0943/3553/3393/files/72bcb6b0f53b09146c95bb4d0ceda841.jpg?v=1762448274,"Fall in love with the 12cl Cabernet stemmed glass, developed by Chef&Sommelier
    This stemmed glass, like all stemmed glasses, is an essential element of French tableware! Its shape has been carefully designed to offer the perfect balance between appearance, durability, and ease of use. Furthermore, the Arc Group's expertise in glassmaking ensures the robust construction of these stemmed glasses, guaranteeing their longevity.",C&S,CABERNET,FA6,PC,24,5.4,5.4,15.0,24,120.0,80.0,116.7,KRYSTA,DRINKWARE,DRINKWARE,VERRE A PIED,16.693,VERRE 12 CABERNET,3.133,1296,0.102,6,FR,37.7,26.2,16.9,10026102147983,194.772,40026102147984,B4,26102259023,26102259023,18.2,12.4,15.7,0.691,3.543,26102980217
X2053,CABERNET STEMMED GLASS 16,C&S,Drinkware – Wine,£2.38,https://latabledarc.com/en/products/flute-16-cl-cabernet,https://cdn.shopify.com/s/files/1/0943/3553/3393/files/4ba7c0b7ddc9d6fdbbc0f7055e2c0dab.jpg?v=1762445999,"Fall in love with the 16cl Cabernet Flute, developed by Chef&Sommelier
    This flute is specifically designed for tasting sparkling wines, while also being able to enhance any carbonated beverage. Indeed, in addition to its shape and elegance, the glass from which it is made has been specially crafted to optimize the release of bubbles, while its enhanced transparency allows for a better view and appreciation of them.",C&S,CABERNET,FA6,PC,24,7.0,7.0,22.5,24,120.0,80.0,117.1,KRYSTA,DRINKWARE,DRINKWARE,VERRE A PIED,39.315,FLUTE 16 CABERNET,4.605,480,0.145,6,FR,47.4,32.4,25.6,10026102480240,117.464,40026102480241,B4,26102259894,26102259894,23.1,15.6,24.4,1.011,8.793,26102466070
FJ036,CABERNET SUPREME STEMMED GLASS 47,C&S,Drinkware – Wine,£2.51,,,,C&S,CABERNET,FA6,PC,12,8.7,8.7,21.6,12,120.0,80.0,113.0,KRYSTA,DRINKWARE,DRINKWARE,VERRE A PIED,25.835,VERRE A PIED 47 CABERNET SUPREME,3.15,384,0.216,6,SK,37.0,28.5,24.5,10883314505020,124.0,40883314505021,B2,883314505023,883314505023,8.7,8.7,21.6,1.296,1.635,883314505016
X2358,CABERNET SUPREME STEMMED GLASS 47,C&S,Drinkware – Wine,£2.51,,,,C&S,CABERNET,FA6,PC,12,8.7,8.7,21.6,12,120.0,80.0,112.6,KRYSTA,DRINKWARE,DRINKWARE,VERRE A PIED,25.835,VERRE A PIED 47 CABERNET SUPREME,3.272,384,0.216,6,SK,37.0,28.5,24.5,10883314505020,82.944,40883314505021,B2,883314505023,883314505023,8.7,8.7,21.6,1.296,1.635,883314505016
FJ035,CABERNET SUPREME STEMMEDGLASS 62,C&S,Drinkware – Wine,£2.73,,,,C&S,CABERNET,FA6,PC,12,9.5,9.5,24.0,12,120.0,80.0,124.1,KRYSTA,DRINKWARE,DRINKWARE,VERRE A PIED,37.641,VERRE A PIED 62 CABERNET SUPREME,3.68,288,0.253,6,SK,42.4,32.4,27.4,10883314505006,110.0,40883314505007,B2,883314505009,883314505009,29.6,19.8,24.8,1.59,14.535,883314504996
53468,CABERNET TULIP STEMMED GLASS 19,C&S,Drinkware – Wine,£2.38,https://latabledarc.com/en/products/verre-a-pied-19-cl-cabernet-tulipe,https://cdn.shopify.com/s/files/1/0943/3553/3393/files/bfb99ae7d49ddcc7544a0a51aacb4cad.jpg?v=1762448309,"Fall in love with the 19cl Cabernet stemmed glass, developed by Chef&Sommelier
    This stemmed glass, like all stemmed glasses, is an essential element of French tableware! Its shape has been carefully designed to offer the perfect balance between appearance, durability, and ease of use. Furthermore, the Arc Group's expertise in glassmaking ensures the robust construction of these stemmed glasses, guaranteeing their longevity.",C&S,CABERNET,FA6,PC,24,6.6,6.6,16.5,24,120.0,80.0,117.5,KRYSTA,DRINKWARE,DRINKWARE,VERRE A PIED,25.8,VERRE A PIED TULIPE 19 CABERNET,4.467,720,0.16,6,FR,42.6,29.4,20.6,10026102534684,159.402,40026102534685,B4,26102259412,26102259412,20.3,13.8,19.0,1.001,5.323,26102534694
X2064,CABERNET TULIP STEMMED GLASS 19,C&S,Drinkware – Wine,£2.38,,,,C&S,CABERNET,FA6,PC,24,6.6,6.6,16.5,24,120.0,80.0,117.5,KRYSTA,DRINKWARE,DRINKWARE,VERRE A PIED,25.8,VERRE A PIED TULIPE 19 CABERNET,4.279,720,0.142,6,FR,42.6,29.4,20.6,10026102534684,153.762,40026102534685,B4,26102259412,26102259412,20.3,13.8,19.0,0.954,5.323,26102534694
46978,CABERNET TULIP STEMMED GLASS 25,C&S,Drinkware – Wine,£2.38,,,,C&S,CABERNET,FA6,PC,24,7.2,7.2,18.0,24,120.0,80.0,94.1,KRYSTA,DRINKWARE,DRINKWARE,VERRE A PIED,34.035,VERRE A PIED TULIPE 25 CABERNET,4.703,480,0.146,6,FR,33.8,25.3,39.8,10026102469788,119.394,40026102469789,B4,26102260012,26102260012,23.7,16.0,19.1,1.055,7.243,26102469798
46973,CABERNET TULIP STEMMED GLASS 35,C&S,Drinkware – Wine,£2.51,,,,C&S,CABERNET,FA6,PC,24,8.1,8.1,20.2,24,120.0,80.0,101.8,KRYSTA,DRINKWARE,DRINKWARE,VERRE A PIED,41.403,VERRE A PIED TULIPE 35 CABERNET,5.696,432,0.197,6,FR,35.7,26.6,43.6,10026102469733,128.0,40026102469734,B4,26102259207,26102259207,25.2,17.0,21.0,1.291,8.996,26102469774
46961,CABERNET TULIP STEMMED GLASS 47,C&S,Drinkware – Wine,£2.51,,,,C&S,CABERNET,FA6,PC,24,8.7,8.7,22.0,24,120.0,80.0,111.4,KRYSTA,DRINKWARE,DRINKWARE,VERRE A PIED,54.677,VERRE A PIED TULIPE 47 CABERNET,6.602,384,0.203,6,FR,57.4,39.2,24.3,10026102469610,131.106,40026102469611,B4,26102259191,26102259191,27.2,18.4,23.0,1.462,11.511,26102469668
46888,CABERNET TULIP STEMMED GLASS 58,C&S,Drinkware – Wine,£2.73,,,,C&S,CABERNET,FA6,PC,24,9.4,9.4,23.0,24,120.0,80.0,113.4,KRYSTA,DRINKWARE,DRINKWARE,VERRE A PIED,68.081,VERRE A PIED TULIPE 58 CABERNET,7.512,288,0.236,6,FR,42.8,32.2,49.4,10026102468880,115.614,40026102468881,B4,26102259078,26102259078,30.5,20.6,23.9,1.7,15.016,26102469514
X2049,CABERNET TULIP STEMMED GLASS 75,C&S,Drinkware – Wine,£2.98,https://latabledarc.com/en/products/verre-a-pied-75-cl-cabernet-tulipe,https://cdn.shopify.com/s/files/1/0943/3553/3393/files/5e2d0b0ef21538bef9a5fa2924aebd9f_e8ef71d8-2e18-4fcc-b635-b7938aac7451.jpg?v=1762449268,"Fall in love with the 75cl Cabernet stemmed glass, developed by Chef&Sommelier
 This stemmed glass, like all stemmed glasses, is an essential element of French tableware! Its shape has been carefully designed to offer the perfect balance between appearance, durability, and ease of use. Furthermore, the Arc Group's expertise in glassmaking ensures the robust construction of these stemmed glasses, guaranteeing their longevity.",C&S,CABERNET,FA6,PC,12,10.1,10.1,25.5,12,120.0,80.0,100.2,KRYSTA,DRINKWARE,DRINKWARE,VERRE A PIED,43.799,VERRE A PIED TULIPE 75 CABERNET .,3.805,180,0.229,6,FR,45.2,34.0,28.5,10026102879181,82.644,40026102879182,B2,26102259801,26102259801,32.4,21.8,26.9,1.602,2.601,26102879184
X2056,CABERNET TULIPE STEMMED GLASS 25,C&S,Drinkware – Wine,£2.38,https://latabledarc.com/en/products/verre-a-pied-25-cl-cabernet-tulipe,https://cdn.shopify.com/s/files/1/0943/3553/3393/files/cd04b3dc469cb5ec8d6ece7734aca923.jpg?v=1762448341,"Fall in love with the 25cl Cabernet stemmed glass, developed by Chef&Sommelier
    This stemmed glass, like all stemmed glasses, is an essential element of French tableware! Its shape has been carefully designed to offer the perfect balance between appearance, durability, and ease of use. Furthermore, the Arc Group's expertise in glassmaking ensures the robust construction of these stemmed glasses, guaranteeing their longevity.",C&S,CABERNET,FA6,PC,24,7.2,7.2,18.0,24,120.0,80.0,94.1,KRYSTA,DRINKWARE,DRINKWARE,VERRE A PIED,34.035,VERRE A PIED TULIPE 25 CABERNET,4.475,480,0.146,6,FR,33.8,25.3,39.8,10026102469788,114.834,40026102469789,B4,26102260012,26102260012,23.7,16.0,19.1,0.998,7.243,26102469798
X2055,CABERNET TULIPE STEMMED GLASS 35,C&S,Drinkware – Wine,£2.51,https://latabledarc.com/en/products/verre-a-pied-35-cl-cabernet-tulipe,https://cdn.shopify.com/s/files/1/0943/3553/3393/files/a656c868ac2488131f7415a20ba83d49.jpg?v=1762448455,"Fall in love with the 35cl Cabernet stemmed glass, developed by Chef&Sommelier
 This stemmed glass, like all stemmed glasses, is an essential element of French tableware! Its shape has been carefully designed to offer the perfect balance between appearance, durability, and ease of use. Furthermore, the Arc Group's expertise in glassmaking ensures the robust construction of these stemmed glasses, guaranteeing their longevity.",C&S,CABERNET,FA6,PC,24,8.1,8.1,20.2,24,120.0,80.0,101.8,KRYSTA,DRINKWARE,DRINKWARE,VERRE A PIED,41.403,VERRE A PIED TULIPE 35 CABERNET,5.436,432,0.181,6,FR,35.7,26.6,43.6,10026102469733,123.32,40026102469734,B4,26102259207,26102259207,25.2,17.0,21.0,1.226,8.996,26102469774
X2033,CABERNET TULIPE STEMMED GLASS 47,C&S,Drinkware – Wine,£2.51,https://latabledarc.com/en/products/verre-a-pied-47-cl-cabernet-tulipe,https://cdn.shopify.com/s/files/1/0943/3553/3393/files/25b23025d969995cf62987c1d11266ce.jpg?v=1762449002,"Fall in love with the 47cl Cabernet stemmed glass, developed by Chef&Sommelier
 This stemmed glass, like all stemmed glasses, is an essential element of French tableware! Its shape has been carefully designed to offer the perfect balance between appearance, durability, and ease of use. Furthermore, the Arc Group's expertise in glassmaking ensures the robust construction of these stemmed glasses, guaranteeing their longevity.",C&S,CABERNET,FA6,PC,24,8.7,8.7,22.0,24,120.0,80.0,111.4,KRYSTA,DRINKWARE,DRINKWARE,VERRE A PIED,54.677,VERRE A PIED TULIPE 47 CABERNET,6.29,384,0.203,6,FR,57.4,39.2,24.3,10026102469610,126.114,40026102469611,B4,26102259191,26102259191,27.2,18.4,23.0,1.384,11.511,26102469668
X2054,CABERNET TULIPE STEMMED GLASS 58,C&S,Drinkware – Wine,£2.73,https://latabledarc.com/en/products/verre-a-pied-58-cl-cabernet-tulipe,https://cdn.shopify.com/s/files/1/0943/3553/3393/files/0880530e16e0742c5958c16262db48e6.jpg?v=1762449203,"Fall in love with the 58cl Cabernet stemmed glass, developed by Chef&Sommelier
    This stemmed glass, like all stemmed glasses, is an essential element of French tableware! Its shape has been carefully designed to offer the perfect balance between appearance, durability, and ease of use. Furthermore, the Arc Group's expertise in glassmaking ensures the robust construction of these stemmed glasses, guaranteeing their longevity.",C&S,CABERNET,FA6,PC,24,9.4,9.4,23.0,24,120.0,80.0,113.4,KRYSTA,DRINKWARE,DRINKWARE,VERRE A PIED,68.081,VERRE A PIED TULIPE 58 CABERNET,7.144,288,0.236,6,FR,42.8,32.2,49.4,10026102468880,111.198,40026102468881,B4,26102259078,26102259078,30.5,20.6,23.9,1.608,15.016,26102469514
J4587,CABERNET VIN AU VERRE ELLIPSE ST GLAS 35,C&S,Drinkware – Wine,£2.86,,,,C&S,VIN AU VERRE,FA6,PC,24,8.1,8.1,20.2,24,120.0,80.0,101.7,KRYSTA,DRINKWARE,DRINKWARE,VERRE A PIED,41.403,VAP 35 VIN AU VERRE CABERNET ELLIPSE,5.696,432,0.181,6,FR,35.7,26.6,43.6,10883314418412,127.997,40883314418413,B4,883314418415,883314418415,25.1,17.0,21.0,1.291,8.961,883314526875
P9026,CABERNET VIN AU VERRE GRAPPE S/GLASS 35,C&S,Drinkware – Wine,£2.86,https://latabledarc.com/en/products/verre-a-pied-35-cl-vin-au-verre,https://cdn.shopify.com/s/files/1/0943/3553/3393/files/839eae5dc99601b0c93b12171fe232cc.jpg?v=1762448536,"Fall in love with the 35cl Wine by the Glass stemmed glass, developed by Chef&Sommelier
 This stemmed glass, like all stemmed glasses, is an essential element of French tableware! Its shape has been carefully designed to offer the perfect balance between appearance, durability, and ease of use. Furthermore, the Arc Group's expertise in glassmaking ensures the robust construction of these stemmed glasses, guaranteeing their longevity.",C&S,VIN AU VERRE,FA6,PC,24,8.1,8.1,20.2,24,120.0,80.0,101.7,KRYSTA,DRINKWARE,DRINKWARE,VERRE A PIED,41.403,VAP 35 VIN AU VERRE CABERNET GRAPPE,5.696,432,0.181,6,FR,35.7,26.6,43.6,10883314800071,127.878,40883314800072,B4,883314800074,883314800074,25.1,17.0,21.0,1.291,8.961,883314800081
X3043,CABERNET VIN AU VERRE GRAPPE S/GLASS 35,C&S,Drinkware – Wine,£2.86,,,,C&S,VIN AU VERRE,#N/A,PC,24,8.1,8.1,20.2,24,120.0,80.0,101.7,KRYSTA,DRINKWARE,DRINKWARE,VERRE A PIED,41.403,VAP 35 VIN AU VERRE CABERNET GRAPPE,5.436,432,0.181,6,FR,35.7,26.6,43.6,10883314800071,123.198,40883314800072,#N/A,883314800074,883314800074,25.1,17.0,21.0,1.226,8.961,883314800081
E2788,CABERNET VINS JEUNES STEMMED GLASS 35,C&S,Drinkware – Wine,£2.51,,,,C&S,CABERNET VINS JEUNES,FA6,PC,24,9.0,9.0,20.0,24,120.0,80.0,103.3,KRYSTA,DRINKWARE,DRINKWARE,VERRE A PIED,49.952,VERRE A PIED 35 CABERNET VINS JEUNES,5.571,384,0.163,6,FR,57.4,39.2,22.2,10883314050254,114.606,40883314050255,B4,883314132083,883314132083,27.9,18.8,20.6,1.21,10.805,883314050257
X2034,CABERNET VINS JEUNES STEMMED GLASS 35,C&S,Drinkware – Wine,£2.51,https://latabledarc.com/en/products/verre-a-pied-35-cl-cabernet-vins-jeunes,https://cdn.shopify.com/s/files/1/0943/3553/3393/files/cc65c52132712ad5484b82cdd6c98a8f_c55c0755-0945-45fb-b486-bd4bd1ad8c59.jpg?v=1762448470,"Fall in love with the 35cl Cabernet Young Wines Stemmed Glass, developed by Chef&Sommelier
   This stemmed glass, like all stemmed glasses, is an essential element of French tableware! Its shape has been carefully designed to offer the perfect balance between appearance, durability, and ease of use. Furthermore, the Arc Group's expertise in glassmaking ensures the robust construction of these stemmed glasses, guaranteeing their longevity.",C&S,CABERNET VINS JEUNES,FA6,PC,24,9.0,9.0,20.0,24,120.0,80.0,103.3,KRYSTA,DRINKWARE,DRINKWARE,VERRE A PIED,49.952,VERRE A PIED 35 CABERNET VINS JEUNES,5.275,384,0.163,6,FR,57.4,39.2,22.2,10883314050254,109.87,40883314050255,B4,883314132083,883314132083,27.9,18.8,20.6,1.136,10.805,883314050257
E2790,CABERNET VINS JEUNES STEMMED GLASS 47,C&S,Drinkware – Wine,£2.51,,,,C&S,CABERNET VINS JEUNES,FA6,PC,24,9.7,9.7,21.4,24,120.0,80.0,113.3,KRYSTA,DRINKWARE,DRINKWARE,VERRE A PIED,68.081,VERRE A PIED 47 CABERNET VINS JEUNES,6.456,288,0.192,6,FR,42.8,32.2,49.4,10883314050278,102.861,40883314050279,B4,883314132090,883314132090,30.5,20.6,23.9,1.436,15.016,883314050271
X1720,CABERNET VINS JEUNES STEMMED GLASS 47,C&S,Drinkware – Wine,£2.51,https://latabledarc.com/en/products/verre-a-pied-47-cl-cabernet-vins-jeunes,https://cdn.shopify.com/s/files/1/0943/3553/3393/files/efee712e6c79b30c5f21cce799fc1b64.jpg?v=1762449015,"Fall in love with the 47cl stemmed glass for young Cabernet wines, developed by Chef&Sommelier
 This stemmed glass, like all stemmed glasses, is an essential element of French tableware! Its shape has been carefully designed to offer the perfect balance between appearance, durability, and ease of use. Furthermore, the Arc Group's expertise in glassmaking ensures the robust construction of these stemmed glasses, guaranteeing their longevity.",C&S,CABERNET VINS JEUNES,FA6,PC,24,9.7,9.7,21.4,24,120.0,80.0,113.3,CRYSTAL GLASS,DRINKWARE,DRINKWARE,VERRE A PIED,68.081,VERRE A PIED 47 CABERNET VINS JEUNES,6.088,288,0.192,6,FR,42.8,32.2,49.4,10883314050278,98.445,40883314050279,B4,883314132090,883314132090,30.5,20.6,23.9,1.344,15.016,883314050271
E2789,CABERNET VINS JEUNES STEMMED GLASS 58,C&S,Drinkware – Wine,£2.73,,,,C&S,CABERNET VINS JEUNES,FA6,PC,24,10.4,10.4,22.3,24,120.0,80.0,114.3,KRYSTA,DRINKWARE,DRINKWARE,VERRE A PIED,78.219,VERRE A PIED 58 CABERNET VINS JEUNES,6.929,240,0.203,6,FR,45.7,34.3,49.9,10883314050261,94.684,40883314050262,B4,883314340129,883314340129,32.7,22.1,24.1,1.538,17.416,883314050264
X2035,CABERNET VINS JEUNES STEMMED GLASS 58,C&S,Drinkware – Wine,£2.73,https://latabledarc.com/en/products/verre-a-pied-58-cl-cabernet-vins-jeunes,https://cdn.shopify.com/s/files/1/0943/3553/3393/files/2cf273c63f4dac263d3e675ab42a2a1b_39b48c0a-2739-4c68-a763-492bae054ff4.jpg?v=1762449205,,C&S,CABERNET VINS JEUNES,FA6,PC,24,10.4,10.4,22.3,24,120.0,80.0,114.3,KRYSTA,DRINKWARE,DRINKWARE,VERRE A PIED,78.219,VERRE A PIED 58 CABERNET VINS JEUNES,6.517,240,0.203,6,FR,45.7,34.3,49.9,10883314050261,90.564,40883314050262,B4,883314340129,883314340129,32.7,22.1,24.1,1.435,17.416,883314050264
L4212,"CARAFE 0,25L FLUID",ARCOROC,"Drinkware – Jugs, Pitchers & Carafes",£2.75,,https://static.wixstatic.com/media/042ed7_866c352b60e742ddae6e100390644c42~mv2.webp,,ARCOROC,FLUID,ZP12,PC,12,7.1,7.1,13.5,12,120.0,80.0,111.4,SODO,DRINKWARE,DRINKWARE,GOBELET,10.463,,3.547,936,0.265,0,CN,30.0,22.5,15.5,10883314525257,299.648,40883314525258,,883314525250,883314525250,,,,,,
7134,CERVOISE STEMMED GLASS 32,ARCOROC,Drinkware – Wine,£2.13,https://latabledarc.com/en/products/verre-a-pied-32-cl-cervoise,https://cdn.shopify.com/s/files/1/0943/3553/3393/files/ee36d2434e9260c2f67acdc2a6af0501.jpg?v=1762448443,"Choisissez le verre à pied 32 cl 07134 Cervoise d'Arcoroc.
 Il sera plus qu'utile dans tous les bars et brasseries pour le service d'une petite mousse. Le verre à pied Cervoise est très élégant grâce à sa forme élancée et légèrement renflée favorisant une bonne préhension. Sa capacité de 32 cl est adaptée à une bière accompagnant un repas ou pour proposer des dégustations dans les bars à bières. Il mettra parfaitement en valeur les tons blonds, cuivrés ou caramel des bières servies à la pompe ou à la bouteille. Il se glissera facilement et sans encombrement sur une petite table de bistro. Fabriqué avec soin dans un matériau d'une extrême transparence, le verre ""High Transparency"" il fera vivre une réelle expérience gustative et visuelle. Le plus Arcoroc : une élégance affirmée pour se différencier lors du service.",ARCOROC,CERVOISE,FA6,PC,24,7.2,7.2,16.6,24,120.0,80.0,110.0,SODO,DRINKWARE,DRINKWARE,VERRE A PIED,29.327,VERRE A PIED 32 CERVOISE,5.477,600,0.193,6,FR,47.1,32.6,19.1,10026102071349,187.494,40026102071340,B4,,,7.2,7.2,16.6,1.158,0.861,26102071250
7132,CERVOISE STEMMED GLASS 38,ARCOROC,Drinkware – Wine,£2.26,https://latabledarc.com/en/products/verre-a-pied-38-cl-cervoise,https://cdn.shopify.com/s/files/1/0943/3553/3393/files/39adc91d8a6f55decfdcb53d75302c41.jpg?v=1762448559,"Optez pour le verre à pied 38 cl 07132 Cervoise d'Arcoroc.
 Indispensable pour servir avec élégance les bières dans tous les bars ou restaurants. Son design de forme tulipe met en avant de belles proportions et est pensé pour optimiser et rendre agréable son utilisation. L'extrême transparence du verre ""High transparency"" collabore à la mise en avant des couleurs chaudes de la bière et le jeu incessant des bulles. Idéal pour un service de la bière à table, sa capacité et ses dimensions seront être appréciées. Sa petite jambe courte posée sur une belle cuvette assure son élégance et une grande stabilité. Il deviendra rapidement un must have de toutes les bonnes adresses qui veulent séduire par leur équipement esthétique et qualitatif. Le plus Arcoroc : Le col resserré favorisera la création et le maintien d'un beau col de mousse.",ARCOROC,CERVOISE,FA6,PC,24,7.7,7.7,17.9,24,120.0,80.0,115.6,SODO,DRINKWARE,DRINKWARE,VERRE A PIED,36.791,VERRE A PIED 38 CERVOISE,6.478,480,0.234,6,FR,52.0,35.2,20.1,10026102071325,155.02,40026102071326,B4,,,25.1,17.0,18.8,1.532,8.022,26102071243
J9196,CERVOISE STEMMED GLASS 50,LUMINARC,Drinkware – Wine,£2.54,https://latabledarc.com/en/products/verre-a-biere-50-cl-world-beer,https://cdn.shopify.com/s/files/1/0943/3553/3393/files/276204230be08d1a45bd6a96eb743cdb_3390e068-5ade-4f46-9107-345df661a45f.jpg?v=1762448260,,LUMINARC,CERVOISE,1/2 FA6,PC,24,8.3,8.3,19.2,24,120.0,80.0,99.0,SODO,DRINKWARE,DRINKWARE,VERRE A PIED,47.477,VERRE A PIED 50 CERVOISE,7.033,384,0.239,6,FR,57.4,39.2,21.1,10883314467687,137.992,40883314467688,B4,883314406566,883314406566,27.9,18.8,19.5,1.618,10.228,883314406542
7131,CERVOISE STEMMED GLASS 50,ARCOROC,Drinkware – Wine,£2.54,https://latabledarc.com/en/products/verre-a-pied-50-cl-cervoise,https://cdn.shopify.com/s/files/1/0943/3553/3393/files/b95355ca607f9ac393a4292cabd1ea6a.jpg?v=1762449111,"Optez pour le verre à pied 50 cl 07131 Cervoise d'Arcoroc.
 Article indispensable de tous les bistros ou bars à bière, il apportera une touche d'élégance à votre service. Ses courbes légèrement galbées, la forme étirée de sa paraison et sa jambe courte lui confèrent style et praticité. Son design permet une bonne prise en main pour un remplissage facile et efficace. La haute transparence du verre Cervoise permet à la bière de dévoiler les couleurs blondes ou cuivrées de sa robe et de développer le bouquet frais de houblon. Il deviendra un incontournable pour servir avec raffinement une grande bière bien fraîche. Le plus Arcoroc : la qualité de verre ""high transparency"" assure une extrême transparence et offre une réelle expérience visuelle.",ARCOROC,CERVOISE,FA6,PC,24,8.3,8.3,19.2,24,120.0,80.0,101.7,SODO CLEAR,DRINKWARE,DRINKWARE,VERRE A PIED,41.403,VERRE A PIED 50 CERVOISE,6.726,432,0.159,6,FR,35.7,26.6,43.6,10026102071318,171.502,40026102071319,B4,,,25.1,17.0,21.0,1.574,8.961,26102071236
Q7785,CHAMPAGNE & COCKTAIL CHAMPAGNE BOWL 21,C&S,Drinkware – Ice & Champagne,£3.30,https://latabledarc.com/en/products/coupe-a-champagne-21-cl-cocktail-cocktail,https://cdn.shopify.com/s/files/1/0943/3553/3393/files/781959246dfbf462c5a260ae1aed2200.jpg?v=1762444881,"Opt for the elegant, vintage design of the 21cl Champagne & Cocktail coupe by Chef&Sommelier
 This elegant champagne coupe pairs perfectly with stemmed glasses and water tumblers from the Champagne & Cocktail collection. Its 21 cl capacity is ideal for champagnes and other sparkling wines. Its rounded shape and elongated stem make it a refined stemmed glass. Also suitable as a cocktail glass, this champagne coupe will be a perfect addition to both traditional restaurants and wine bars.",C&S,CHAMPAGNE & COCKTAIL,FA6,PC,24,9.4,9.4,15.0,24,120.0,80.0,115.0,KRYSTA,DRINKWARE,DRINKWARE,VERRE A PIED,43.098,CPE A CHAMP 21 CHAMPAGNE & COCKTAIL,4.26,432,0.125,6,SK,41.5,31.0,33.5,10883314891932,103.0,40883314891933,B4,883314891942,883314891942,9.4,9.4,15.0,0.75,1.311,883314891935
V3263,CHAMPAGNE & COCKTAIL HURRICANE STGLAS 46,C&S,Drinkware – Champagne,£3.92,,,,C&S,CHAMPAGNE & COCKTAIL,FA6,PC,24,0.0,0.0,0.0,24,120.0,80.0,111.0,CRYSTAL GLASS,DRINKWARE,DRINKWARE,VERRE A PIED,45.772,VAP HURRICANE 46 CHAMPAGNE & COCKTAIL,9.093,432,0.318,6,FR,35.7,26.6,48.2,10883314684473,189.158,40883314684474,B4,883314684469,883314684469,7.9,7.9,20.8,1.908,1.295,883314684476
L3678,CHAMPAGNE & COCKTAIL STEMMED GLASS 21,C&S,Drinkware – Champagne,£3.30,https://latabledarc.com/en/products/coupe-a-champagne-21-cl-cocktail,https://cdn.shopify.com/s/files/1/0943/3553/3393/files/964dec8e9175cb1cd090e2aac6b71558.jpg?v=1762444877,"Fall in love with the 21cl Cocktail Champagne Coupe, developed by Chef&Sommelier
 This champagne coupe is perfect for special occasions and celebrations, allowing everyone to fully enjoy these festive moments. This coupe has been specifically designed to enhance champagne—a truly unique beverage—both visually and in terms of taste. The exceptional clarity of the glass allows you to perfectly see the champagne's bubbles, especially since the glass was designed to promote their presence. Furthermore, the coupe's refined rim allows the champagne to come directly into contact with the tongue, so you can fully appreciate its effervescence and subtle flavors.",C&S,CHAMPAGNE & COCKTAIL,FA6,PC,24,11.4,11.4,18.0,24,120.0,80.0,96.3,KRYSTA,DRINKWARE,DRINKWARE,VERRE A PIED,79.109,VERRE A PIED 21 CHAMPAGNE & COCKTAIL,6.394,192,0.18,6,FR,50.9,38.0,40.9,10883314518495,76.509,40883314518496,B4,883314518498,883314518498,36.2,24.5,19.5,1.395,17.295,883314518504
N6831,CHAMPAGNE & COCTAIL MARTINI STEMGLASS 30,C&S,Drinkware – Champagne,£3.30,https://latabledarc.com/en/products/verre-a-pied-30-cl-champagne-cocktail,https://cdn.shopify.com/s/files/1/0943/3553/3393/files/5ad28764efcf86146b7dce73c066868d.jpg?v=1762448415,"Fall in love with the 30cl Champagne & Cocktail Stemware, developed by Chef&Sommelier
 This stemmed glass, like all stemmed glasses, is an essential element of French tableware! Its shape has been carefully designed to offer the perfect balance between appearance, durability, and ease of use. Furthermore, the Arc Group's expertise in glassmaking ensures the robust construction of these stemmed glasses, guaranteeing their longevity.",C&S,CHAMPAGNE & COCKTAIL,FA6,PC,12,12.0,12.0,18.8,12,120.0,80.0,100.9,KRYSTA,DRINKWARE,DRINKWARE,VERRE A PIED,44.029,VAP MARTINI 30 CHAMPAGNE & COCKTAIL,4.058,192,0.226,6,FR,52.0,39.2,21.6,10883314670773,90.397,40883314670774,B2,883314259520,883314259520,37.5,25.2,20.0,1.691,18.9,883314670776
N6815,CHAMPAGNE COCKTAIL 30 SHERBET,C&S,Drinkware – Champagne,£3.30,https://latabledarc.com/en/products/coupe-a-champagne-30-cl-champagne-cocktail,https://cdn.shopify.com/s/files/1/0943/3553/3393/files/c6a5669aafd4fd092f69b6ef9d351517.jpg?v=1762444889,"Fall in love with the 30cl Champagne & Cocktail Coupe, developed by Chef&Sommelier
   This champagne coupe is perfect for special occasions and celebrations, allowing everyone to fully enjoy these festive moments. This coupe has been specifically designed to enhance champagne—a truly unique beverage—both visually and in terms of taste. The exceptional clarity of the glass allows you to perfectly see the champagne's bubbles, especially since the glass was designed to promote their presence. Furthermore, the coupe's refined rim allows the champagne to come directly into contact with the tongue, so you can fully appreciate its effervescence and subtle flavors.",C&S,CHAMPAGNE & COCKTAIL,FA6,PC,12,11.9,11.9,16.8,12,120.0,80.0,113.0,KRYSTA,DRINKWARE,DRINKWARE,VERRE A PIED,36.741,CPE A CHAMP 30 CHAMPAGNE & COCKTAIL,2.939,240,0.145,6,FR,50.0,37.3,19.7,10883314290766,84.374,40883314290767,B2,883314290745,883314290745,35.6,24.0,18.1,1.164,15.465,883314290769
N6887,CHAMPAN & COCKTAIL MARTINI STEMGLASS 21,C&S,Drinkware – Cocktails,£3.30,https://latabledarc.com/en/products/verre-a-pied-21-cl-champagne-cocktail,https://cdn.shopify.com/s/files/1/0943/3553/3393/files/40cbea257f992858a1e4bcb0ed038e92_e7496ced-8bfc-43a7-b135-aebcf0d3dda5.jpg?v=1762448324,"Fall in love with the 21cl Champagne & Cocktail Stemware, developed by Chef&Sommelier
 This stemmed glass, like all stemmed glasses, is an essential element of French tableware! Its shape has been carefully designed to offer the perfect balance between appearance, durability, and ease of use. Furthermore, the Arc Group's expertise in glassmaking ensures the robust construction of these stemmed glasses, guaranteeing their longevity.",C&S,CHAMPAGNE & COCKTAIL,FA6,PC,12,11.6,11.6,17.2,12,120.0,80.0,113.2,KRYSTA,DRINKWARE,DRINKWARE,VERRE A PIED,36.741,VAP MARTINI 21 CHAMPAGNE & COCKTAIL,3.779,240,0.215,6,FR,50.0,37.3,19.7,10883314670957,101.164,40883314670958,B2,883314290868,883314290868,35.6,24.0,18.1,1.584,15.465,883314670950
Q3702,CHAMPAN &COCKTAIL NICK&NORA STEMGL 15,C&S,Drinkware – Cocktails,£3.31,,,,C&S,CHAMPAGNE & COCKTAIL,FA6,PC,24,7.0,7.0,14.3,24,120.0,80.0,118.9,KRYSTA,DRINKWARE,DRINKWARE,VERRE A PIED,25.755,VAP 15 CHAMPAGNE & COCKTAIL NICK & NORA,3.71,720,0.1,6,SK,46.4,31.9,17.4,10883314848691,133.0,40883314848692,B4,883314848694,883314848694,7.0,7.0,14.3,0.6,0.701,883314848700
V4635,COCA COLA CAPS HB TUMBLER 35,LUMINARC,Drinkware – Hiballs,£1.59,,,,LUMINARC,COCA COLA CAPS,1/2 FA6,PC,24,7.0,7.0,15.5,24,120.0,80.0,116.1,SODO,DRINKWARE,DRINKWARE,GOBELET,28.904,GOBELET FH 35 COCA COLA CAPS,6.513,720,0.24,6,FR,33.8,25.3,33.8,10883314961307,220.978,40883314961308,B4,883314783322,883314783322,23.6,16.0,16.1,1.541,6.079,
V4636,COCA COLA CAPS SEQUIN GOLD HB TUMBLER 35,LUMINARC,Drinkware – Hiballs,£2.43,,,,LUMINARC,COCA COLA CAPS,1/2 FA6,PC,24,7.0,7.0,15.5,24,120.0,80.0,116.1,SODO,DRINKWARE,DRINKWARE,GOBELET,28.904,GOBELET FH 35 COCA COLA CAPS SEQUIN OR,6.513,720,0.24,6,FR,33.8,25.3,33.8,10883314961369,220.978,40883314961360,B4,883314784060,883314784060,23.6,16.0,16.1,1.541,6.079,
V6443,COCA COLA CAPS SEQUIN GREY HB TUMBLER 35,LUMINARC,Drinkware – Hiballs,£2.43,,,,LUMINARC,COCA COLA CAPS,1/2 FA6,PC,24,7.0,7.0,15.5,24,120.0,80.0,116.1,SODO,DRINKWARE,DRINKWARE,GOBELET,28.904,GOBELET FH 35 COCA COLA CAPS SEQUIN GREY,6.513,720,0.24,6,FR,33.8,25.3,33.8,10883314978145,220.978,40883314978146,B4,883314978148,883314978148,23.6,16.0,16.1,1.541,6.079,
V4638,COCA COLA CAPS SEQUIN RED HB TUMBLER 35,LUMINARC,Drinkware – Hiballs,£2.43,,,,LUMINARC,COCA COLA CAPS,1/2 FA6,PC,24,7.0,7.0,15.5,24,120.0,80.0,116.1,SODO,DRINKWARE,DRINKWARE,GOBELET,28.904,GOB FH 35 COCA COLA CAPS SEQUIN ROUGE,6.513,720,0.24,6,FR,33.8,25.3,33.8,10883314961338,220.978,40883314961339,B4,883314784077,883314784077,23.6,16.0,16.1,1.541,6.079,
V4622,COCA COLA CLASSICS H/B TUMB 40,LUMINARC,Drinkware – Hiballs,£1.65,,,,LUMINARC,COCA COLA CLASSICS,1/2 FA6,PC,24,8.5,8.5,12.1,24,120.0,80.0,119.8,SODO,DRINKWARE,DRINKWARE,GOBELET,28.483,GOBELET H/BALL 40 COCA COLA CLASSICS,7.638,768,0.288,6,FR,38.0,28.5,26.3,10883314961178,269.91,40883314961179,B4,883314809565,883314809565,26.6,18.0,12.4,1.824,5.937,
V4579,COCA COLA FROZEN RED H/B TUMB 27,LUMINARC,Drinkware – Hiballs,£2.20,,,,LUMINARC,COCA COLA FROZEN RED,1/2 FA6,PC,24,6.2,6.2,13.5,24,120.0,80.0,106.1,SODO,DRINKWARE,DRINKWARE,GOBELET,19.349,GOBELET FH 27 COCA COLA FROZEN RED,5.567,1008,0.208,6,FR,29.1,21.8,30.5,10883314960676,259.287,40883314960677,B4,883314378481,883314378481,20.6,14.0,14.6,1.329,4.211,
V4627,COCA COLA GENUINE HB TUMBLER 37,LUMINARC,Drinkware – Hiballs,£1.59,,,,LUMINARC,COCA COLA GENUINE,1/2 FA6,PC,24,7.9,7.9,14.4,24,120.0,80.0,110.1,SODO,DRINKWARE,DRINKWARE,GOBELET,30.198,GOBELET FH 37 COCA COLA GENUINE,5.934,648,0.215,6,FR,35.7,26.6,31.8,10883314961222,185.797,40883314961223,B4,883314961225,883314961225,25.1,17.0,15.1,1.393,6.443,
V4648,COCA COLA MIRROR BLACK H/B TUMB 37,LUMINARC,Drinkware – Hiballs,£2.43,,,,LUMINARC,COCA COLA MIRROR BLACK,1/2 FA6,PC,24,7.9,7.9,14.4,24,120.0,80.0,110.1,SODO,DRINKWARE,DRINKWARE,GOBELET,30.198,GOBELET FH 37 COCA COLA MIRROR BLACK,5.934,648,0.215,6,FR,35.7,26.6,31.8,10883314961406,185.797,40883314961407,B4,883314478976,883314478976,25.1,17.0,15.1,1.393,6.443,
V4650,COCA COLA MIRROR GOLD H/B TUMBLER 38,LUMINARC,Drinkware – Hiballs,£2.43,,,,LUMINARC,COCA COLA MIRROR GOLD,1/2 FA6,PC,24,7.9,7.9,14.4,24,120.0,80.0,110.1,SODO,DRINKWARE,DRINKWARE,GOBELET,30.198,GOBELET FH 37 COCA COLA MIRROR GOLD,5.934,648,0.215,6,FR,35.7,26.6,31.8,10883314961420,185.797,40883314961421,B4,883314586954,883314586954,25.1,17.0,15.1,1.393,6.443,
V4645,COCA COLA MIRROR RED H/B TUMB 37,LUMINARC,Drinkware – Hiballs,£2.43,,,,LUMINARC,COCA COLA MIRROR RED,1/2 FA6,PC,24,7.9,7.9,14.4,24,120.0,80.0,110.1,SODO,DRINKWARE,DRINKWARE,GOBELET,30.198,GOBELET FH 37 COCA COLA MIRROR RED,5.934,648,0.215,6,FR,35.7,26.6,31.8,10883314961376,185.797,40883314961377,B4,883314324778,883314324778,25.1,17.0,15.1,1.393,6.443,
V4646,COCA COLA MIRROR SILVER H/B TUMB 37,LUMINARC,Drinkware – Hiballs,£2.43,,,,LUMINARC,COCA COLA MIRROR SILVER,1/2 FA6,PC,24,7.9,7.9,14.4,24,120.0,80.0,110.1,SODO,DRINKWARE,DRINKWARE,GOBELET,30.198,GOBELET FH 37 COCA COLA MIRROR SILVER,5.934,648,0.215,6,FR,35.7,26.6,31.8,10883314961383,185.797,40883314961384,B4,883314478983,883314478983,25.1,17.0,15.1,1.393,6.443,
V4649,COCA COLA OR PINK HB TUMBLER 37,LUMINARC,Drinkware – Hiballs,£2.43,,,,LUMINARC,COCA COLA MIRROR COPPER,1/2 FA6,PC,24,7.9,7.9,14.4,24,120.0,80.0,110.1,SODO,DRINKWARE,DRINKWARE,GOBELET,30.198,GOBELET FH 37 COCA COLA MIRR COPPER,5.934,648,0.215,6,FR,35.7,26.6,31.8,10883314961413,185.797,40883314961414,B4,883314586947,883314586947,25.1,17.0,15.1,1.393,6.443,
V4576,COCA-COLA FROZEN BLACK H/B TUMBLER 27,LUMINARC,Drinkware – Hiballs,£2.20,,,,LUMINARC,COCA COLA FROZEN BLACK,1/2 FA6,PC,24,6.2,6.2,13.5,24,120.0,80.0,106.1,SODO,DRINKWARE,DRINKWARE,GOBELET,19.349,GOBELET 27 COCA COLA FROZEN BLACK,5.567,1008,0.208,6,FR,29.1,21.8,30.5,10883314960645,259.287,40883314960646,B4,883314469691,883314469691,20.6,14.0,14.6,1.329,4.211,
X1450,COCKTAIL BAR MARTINI SHERBET 21       F4,LUMINARC,Drinkware – Cocktails,£8.37,,,,LUMINARC,COCKTAIL BAR,FF4,F4,6,17.6,17.6,21.8,6,120.0,80.0,108.7,CRYSTAL GLASS,DRINKWARE,DRINKWARE,VERRE A PIED,48.427,VAP COUPE 21 COCKTAIL BAR MARTINI    F4,4.933,96,0.706,0,FR,55.1,37.4,23.5,10883314071808,104.505,40883314071809,B6,883314071801,883314071801,,,,,,
X1451,COCKTAIL BAR MOJITO HBALL TUMBLER 44  F4,LUMINARC,Drinkware – Cocktails,£5.66,,,,LUMINARC,COCKTAIL BAR,FF4,F4,6,18.2,18.2,11.8,6,120.0,80.0,118.8,CRYSTAL GLASS,DRINKWARE,DRINKWARE,GOBELET,27.273,GOBELET HBALL 44 COCKTAIL BAR MOJITO F4,4.947,192,0.727,0,FR,55.5,37.8,13.0,10883314071815,183.996,40883314071816,B6,883314071818,883314071818,,,,,,
X1449,COCKTAIL BAR SPRITZ STEMGLASS 58      F4,LUMINARC,Drinkware – Cocktails,£9.00,,,,LUMINARC,COCKTAIL BAR,FF4,F4,2,22.6,22.6,22.1,2,120.0,80.0,107.7,CRYSTAL GLASS,DRINKWARE,DRINKWARE,VERRE A PIED,25.675,VERRE A PIED 58 COCKTAIL BAR SPRITZ  F4,2.729,56,1.148,0,FR,46.3,23.8,23.3,10883314071792,101.788,40883314071793,B2,883314071795,883314071795,,,,,,
Q9737,COMPATIBLE WHITE LID 90,ARCOROC,Storage,£0.35,,https://static.wixstatic.com/media/042ed7_1b031ccde1ed4b3984c63ee250051fcb~mv2.webp,,ARCOROC,COMPATIBLE,A24,PC,24,0.1,0.1,0.1,24,120.0,80.0,118.5,PLASTIQUE,KITCHENWARE,STORAGE,ACCESSOIRES CONSERVE,4.077,COUVERCLE 90 COMPATIBLE BLANC,0.306,5760,0.008,0,FR,19.8,19.8,10.4,883314916751,99.809,40883314916759,,,,,,,,,
Q9738,COMPATIBLE WHITE LID 97,ARCOROC,Storage,£0.40,,https://static.wixstatic.com/media/042ed7_d8d9efe3ee8447d0acd4f152ebd16689~mv2.webp,,ARCOROC,COMPATIBLE,A24,PC,24,9.8,9.8,0.9,24,120.0,80.0,118.5,PLASTIQUE,KITCHENWARE,STORAGE,ACCESSOIRES CONSERVE,4.077,COUVERCLE 97 COMPATIBLE BLANC,0.306,5760,0.008,0,FR,19.8,19.8,10.4,883314916744,99.825,40883314916742,,,,,,,,,
V3203,CONCEPTO HB TUMBLER 31,LUMINARC,Drinkware – Hiballs,£0.66,https://latabledarc.com/en/products/verre-haut-31-cl-concepto,https://cdn.shopify.com/s/files/1/0943/3553/3393/files/9cce817341b8838ee3a41a7bc5c0c5ac.webp?v=1779368665,"Opt for the 31cl Concepto glass, by Luminarc
 This glass is a 100% recyclable glass product, odorless.",LUMINARC,CONCEPTO,1/2 FA6,PC,24,0.0,0.0,0.0,24,120.0,80.0,100.6,SODO,DRINKWARE,DRINKWARE,GOBELET,22.575,GOBELET FH 31 CONCEPTO,5.483,768,0.198,6,FR,37.5,28.0,21.5,10883314948063,200.92,40883314948064,B4,883314948066,883314948066,26.6,18.0,10.2,1.269,4.884,883314981155
V3206,CONCEPTO OF TUMBLER 25,LUMINARC,Drinkware – Tumblers,£0.58,https://latabledarc.com/en/products/verre-bas-25-cl-concepto,https://cdn.shopify.com/s/files/1/0943/3553/3393/files/8ece025fbef49b77c3575b189258a1be.webp?v=1776329927,"Opt for the 25cl Concepto glass, by Luminarc
 This glass is a 100% recyclable glass product, odorless.",LUMINARC,CONCEPTO,1/2 FA6,PC,24,8.2,8.2,8.5,24,120.0,80.0,109.6,SODO,DRINKWARE,DRINKWARE,GOBELET,18.126,GOBELET FB 25 CONCEPTO,4.811,1080,0.173,6,FR,36.0,26.5,19.0,10883314948032,241.959,40883314948033,B4,883314948035,883314948035,25.4,17.2,8.8,1.111,3.845,883314981148
V3225,CONCEPTO PAMPILLE HB TUMBLER 31,LUMINARC,Drinkware – Hiballs,£0.78,https://latabledarc.com/en/products/verre-haut-31-cl-concepto-pampille,https://cdn.shopify.com/s/files/1/0943/3553/3393/files/9b18b48f7a80c7e01d1261477e6d41fa.webp?v=1779367747,"Opt for the 31cl Concepto tassel glass by Luminarc
 This glass is a 100% recyclable glass product, odorless.",LUMINARC,CONCEPTO PAMPILLE,1/2 FA6,PC,24,8.6,8.6,9.8,24,120.0,80.0,100.5,SODO,DRINKWARE,DRINKWARE,GOBELET,22.575,GOBELET FH 31 CONCEPTO PAMPILLE,5.315,768,0.191,6,FR,37.5,28.0,21.5,10883314948353,195.544,40883314948354,B4,883314780451,883314780451,26.6,18.0,10.2,1.227,4.884,
V8871,CONCEPTO PULSE HB TUMBLER 31,LUMINARC,Drinkware – Hiballs,£0.78,https://latabledarc.com/en/products/verre-31-cl-concepto-pulse,https://cdn.shopify.com/s/files/1/0943/3553/3393/files/588d012317068a83077d7dc90ca96973.jpg?v=1762447630,The Concepto Pulse 31 cl glass stands out for its contemporary look and refined aesthetics.,LUMINARC,CONCEPTO PULSE,FA6,PC,24,0.0,0.0,0.0,24,120.0,80.0,100.6,CRYSTAL GLASS,DRINKWARE,DRINKWARE,GOBELET,22.575,GOBELET FH 31 CONCEPTO PULSE,5.531,768,0.2,6,FR,37.5,28.0,21.5,10883314022077,202.456,40883314022078,B4,883314022070,883314022070,26.6,18.0,10.2,1.281,4.884,883314022070
V8629,CONCEPTO STRIPY AGATE HB TUMBLER 31,LUMINARC,Drinkware – Hiballs,£1.40,,,,LUMINARC,CONCEPTO STRIPY,FA6,PC,24,8.6,8.6,9.8,24,120.0,80.0,100.6,SODO,DRINKWARE,DRINKWARE,GOBELET,22.575,GOBELET FH 31 CONCEPTO STRIPY AGATE,5.363,768,0.193,6,FR,37.5,28.0,21.5,10883314001737,197.08,40883314001738,B4,883314001730,883314001730,26.6,18.0,10.2,1.239,4.884,
X3173,CONCEPTO STRIPY AGATE HB TUMBLER 31,LUMINARC,Drinkware – Hiballs,£1.40,,,,LUMINARC,CONCEPTO STRIPY,#N/A,PC,24,8.6,8.6,9.8,24,120.4,80.4,100.3,SODO,DRINKWARE,DRINKWARE,GOBELET,25.56,GOBELET FH 31 CONCEPTO STRIPY AGATE,5.407,768,0.193,12,FR,40.0,30.0,21.3,10883314114796,200.025,40883314114797,#N/A,883314001730,883314001730,38.6,28.6,10.0,2.424,11.04,883314114799
V8631,CONCEPTO STRIPY AMBER HB TUMBLER 31,LUMINARC,Drinkware – Hiballs,£1.40,,,,LUMINARC,CONCEPTO STRIPY,FA6,PC,24,8.6,8.6,9.8,24,120.0,80.0,100.6,SODO,DRINKWARE,DRINKWARE,GOBELET,22.575,GOBELET FH 31 CONCEPTO STRIPY AMBER,5.363,768,0.193,6,FR,37.5,28.0,21.5,10883314001782,197.08,40883314001783,B4,883314001785,883314001785,26.6,18.0,10.2,1.239,4.884,
X3175,CONCEPTO STRIPY AMBER HB TUMBLER 31,LUMINARC,Drinkware – Hiballs,£1.40,https://latabledarc.com/en/products/verre-jaune-31-cl-concepto-stripy-copie,https://cdn.shopify.com/s/files/1/0943/3553/3393/files/0a73790f5945400acc80eee1c684631f_bba36942-a122-4ffe-861b-38bc0b79969c.jpg?v=1776088465,Le Verre Concepto Stripy Amber 31 cl illumine vos moments grâce à son design inspiré de l'ambre.,LUMINARC,CONCEPTO STRIPY,#N/A,PC,24,8.6,8.6,9.8,24,120.4,80.4,100.3,SODO,DRINKWARE,DRINKWARE,GOBELET,25.56,GOBELET FH 31 CONCEPTO STRIPY AMBER,5.407,768,0.193,12,FR,40.0,30.0,21.3,10883314114888,200.025,40883314114889,#N/A,883314001785,883314001785,38.6,28.6,10.0,2.424,11.04,883314114881
Q8793,CONCEPTO STRIPY CLEAR HB TUMBLER 31,LUMINARC,Drinkware – Hiballs,£0.78,https://latabledarc.com/en/products/verre-31-cl-stripy,https://cdn.shopify.com/s/files/1/0943/3553/3393/files/fc5db0a1f6005e77995ea3458485640b.jpg?v=1762447681,,LUMINARC,CONCEPTO STRIPY,1/2 FA6,PC,12,8.6,8.6,9.8,12,120.0,80.0,100.6,SODO,DRINKWARE,DRINKWARE,GOBELET,11.949,GOBELET FH 31 CONCEPTO STRIPY CLEAR,2.709,768,0.193,6,FR,28.5,19.5,21.5,10883314903062,198.84,40883314903063,B2,883314903065,883314903065,26.6,18.0,10.2,1.239,4.884,
V8630,CONCEPTO STRIPY JASPER HB TUMBLER 31,LUMINARC,Drinkware – Hiballs,£1.40,,,,LUMINARC,CONCEPTO STRIPY,FA6,PC,24,8.6,8.6,9.8,24,120.0,80.0,100.6,SODO,DRINKWARE,DRINKWARE,GOBELET,22.575,GOBELET FH 31 CONCEPTO STRIPY JASPER,5.363,768,0.193,6,FR,37.5,28.0,21.5,10883314001768,197.08,40883314001769,B4,883314001761,883314001761,26.6,18.0,10.2,1.239,4.884,
X3181,CONCEPTO STRIPY JASPER HB TUMBLER 31,LUMINARC,Drinkware – Hiballs,£1.40,https://latabledarc.com/en/products/verre-orange-31-cl-concepto-stripy,https://cdn.shopify.com/s/files/1/0943/3553/3393/files/100e7c23dffda9b00fe62b7512315276_17385efa-1253-4e02-943f-b81a47fa3ac1.jpg?v=1776864275,"Avec ses nuances inspirées de la pierre Jasper, le Verre Concepto Stripy Jasper 31 cl est une véritable œuvre de style pour enrichir vos moments de partage.",LUMINARC,CONCEPTO STRIPY,#N/A,PC,24,8.6,8.6,9.8,24,120.4,80.4,100.3,SODO,DRINKWARE,DRINKWARE,GOBELET,25.56,GOBELET FH 31 CONCEPTO STRIPY JASPER,5.407,768,0.193,12,FR,40.0,30.0,21.3,10883314114970,200.025,40883314114971,#N/A,883314001761,883314001761,38.6,28.6,10.0,2.424,11.04,883314114973
P2126,CONIQUE HB TUMBLER 8,ARCOROC,Drinkware – Hiballs,£0.66,,,,ARCOROC,CONIQUE,FA6,PC,48,4.9,4.9,7.8,48,120.0,80.0,116.7,SODO,DRINKWARE,DRINKWARE,GOBELET,17.038,GOBELET FH 8 CONIQUE,4.332,2400,0.077,6,FR,34.8,24.0,20.4,10026102291631,242.194,40026102291632,B8,,,16.7,11.4,9.6,0.511,1.828,26102482391
633,DAMIER SALT SHAKER,ARCOROC,Dinnerware,£0.99,,,,ARCOROC,DAMIER,A36,PC,36,5.0,0.0,7.3,36,120.0,80.0,113.7,SODO,DINNERWARE,DINNERWARE,ASSAISONNEMENT,5.481,SALIERE DAMIER,2.6,5148,0.062,0,CN,29.0,21.0,9.0,26102006337,398.0,40026102006335,,26102214541,26102214541,,,,,,
C0198,"DECANTER 0,25 L",ARCOROC,"Drinkware Accessories – Jugs, Pitchers & Carafes",£1.37,https://latabledarc.com/en/products/carafe-25-cl-a-vin,https://cdn.shopify.com/s/files/1/0943/3553/3393/files/ae182e9658a73d5118c011c3b6e36c4a.jpg?v=1760538953,,ARCOROC,A VIN,ZP12,PC,12,7.8,7.8,13.2,12,120.0,80.0,115.6,SODO,DRINKWARE,DRINKWARE ACCESSORIE,BROC CARAFE,11.036,"CARAFON 0,25L SANS BOUCHON",2.291,1008,0.17,0,FR,31.8,24.1,14.4,26102986363,218.118,40026102344369,,26102344361,26102344361,,,,,,
X1650,"DECANTER 0,5 L WITHOUT STOPPER",LUMINARC,"Drinkware Accessories – Jugs, Pitchers & Carafes",£1.65,https://latabledarc.com/en/products/carafe-0-5-l-a-vin,https://cdn.shopify.com/s/files/1/0943/3553/3393/files/1f10281ce9d2aca0ff5f598ae6751385_e3cf8fd1-5bb4-4ece-a5b1-a7f68ac85116.jpg?v=1762444803,"Fall in love with the 0.5 LA wine carafe, developed by Luminarc
 This carafe is as practical as it is beautiful! Its glass composition guarantees easy cleaning and prevents the transfer of odors and tastes; while its elegant design makes it a striking addition to your table setting. Hygienic, durable, and attractive, this carafe is also practical, thanks to its lightweight construction, making it easy to serve.",LUMINARC,A VIN,A12,PC,12,5.8,5.8,16.4,12,120.0,80.0,120.4,SODO,DRINKWARE,DRINKWARE ACCESSORIE,BROC CARAFE,20.543,"CARAFON 0,5L NON BOUCHE",3.751,576,0.28,0,FR,39.3,29.7,17.6,10883314074540,206.851,40883314074541,,26102330401,26102330401,,,,,,
V7128,"DECANTER 0,5L WHITHOUT CAP",ARCOROC,"Drinkware Accessories – Jugs, Pitchers & Carafes",£1.65,,https://static.wixstatic.com/media/042ed7_cab29b9da00e45d79eca2c95662ff634~mv2.webp,,ARCOROC,A VIN,ZP12,PC,12,5.8,5.8,16.4,12,120.0,80.0,102.7,SODO,DRINKWARE,DRINKWARE ACCESSORIE,BROC CARAFE,20.543,"CARAFON 0,5L SANS BOUCHON",3.747,480,0.28,0,FR,39.3,29.7,17.6,26102986417,175.449,40883314251102,,26102251102,26102251102,,,,,,
10291,DECANTER 1L WITHOUT STOPPER,LUMINARC,"Drinkware Accessories – Jugs, Pitchers & Carafes",£2.47,https://latabledarc.com/en/products/carafe-1-l-a-vin,https://cdn.shopify.com/s/files/1/0943/3553/3393/files/11cccfa335028caed797a15305d7b0dd_e54ac007-4247-48cc-a1ce-b85619610143.jpg?v=1762444809,"Fall in love with the Carafe 1 LA wine, developed by Luminarc
 This carafe is as practical as it is beautiful! Its glass composition guarantees easy cleaning and prevents the transfer of odors and tastes; while its elegant design makes it a striking addition to your table setting. Hygienic, durable, and attractive, this carafe is also practical, thanks to its lightweight construction, making it easy to serve.",LUMINARC,A VIN,A6,PC,6,11.9,11.9,20.3,6,120.0,80.0,101.5,SODO,DRINKWARE,DRINKWARE ACCESSORIE,BROC CARAFE,19.352,CARAFE 1L SANS BOUCHON,2.755,216,0.407,0,FR,36.4,24.5,21.7,10026102102913,125.528,40026102102914,,26102396094,26102396094,,,,,,
C0199,DECANTER 1L WITHOUT STOPPER,ARCOROC,"Drinkware Accessories – Jugs, Pitchers & Carafes",£2.47,https://latabledarc.com/en/products/carafe-100-cl-a-vin,https://cdn.shopify.com/s/files/1/0943/3553/3393/files/305e64fb6cee55790f9f3382f4938ad1.jpg?v=1760538956,"Optez pour la carafe 100 cl C0199 À vin d’Arcoroc.
 Le design indémodable de cette carafe grande contenance se prête à de nombreuses utilisations : service du vin au pichet dans une brasserie traditionnelle, de jus de fruits ou d’eaux aromatisées sur un buffet ou encore présentation d’une sangria dans un restaurant au style plus tendance et cosmopolite. La transparence et la pureté de son verre mettront en valeur toutes les boissons. Cette carafe à vin ravira les experts de la restauration par sa durabilité : elle est résistante aux chocs et aux lavages industriels répétés. Ergonomique, le col de la carafe en verre À vin offre une bonne prise en main et s’avère efficace pour le service en salle ou une utilisation en libre-service. Le plus Arcoroc : Grâce à sa large surface d’oxygénation, cette carafe à décanter permet aux vins rouges de s’ouvrir pour mieux libérer leurs arômes.",ARCOROC,A VIN,ZP6,PC,6,11.9,11.9,20.3,6,120.0,80.0,100.1,SODO,DRINKWARE,DRINKWARE ACCESSORIE,BROC CARAFE,19.085,CARAFE 1L SANS BOUCHON,2.745,216,0.407,0,FR,36.4,24.5,21.4,26102986424,124.184,40026102396092,,26102396063,26102396063,,,,,,
1476,DEGUSTATION BRANDY 15,ARCOROC,Drinkware – Brandy & Fortified Wine,£1.88,,,,ARCOROC,DEGUSTATION,FA12,PC,1680,6.7,6.7,9.6,0,120.0,80.0,114.5,SODO,DRINKWARE,DRINKWARE,VERRE A PIED,0.0,VERRE A COGNAC 15 DEGUSTATION,0.0,1680,0.089,0,FR,,,,,198.934,40026102014767,,,,,,,,,
1484,DEGUSTATION BRANDY 15,ARCOROC,Drinkware – Brandy & Fortified Wine,£1.88,https://latabledarc.com/en/products/verre-a-cognac-15-cl-degustation,https://cdn.shopify.com/s/files/1/0943/3553/3393/files/6763f9b91decb50907c5e3dee2e89a32.jpg?v=1760538450,,ARCOROC,DEGUSTATION,FA12,PC,72,6.7,6.7,9.6,72,120.0,80.0,112.0,SODO,DRINKWARE,DRINKWARE,VERRE A PIED,41.376,VERRE A COGNAC 15 DEGUSTATION,7.723,1296,0.089,12,FR,43.6,29.2,32.5,10026102014841,164.396,40026102014842,B6,,,28.3,21.3,10.4,1.237,6.269,26102066126
62661,DEGUSTATION BRANDY 25,ARCOROC,Drinkware – Brandy & Fortified Wine,£2.13,,,,ARCOROC,DEGUSTATION,FA6,PC,24,8.2,8.2,11.2,24,120.0,80.0,96.1,HIGH TRANSPARENCY,DRINKWARE,DRINKWARE,VERRE A PIED,25.83,VERRE A COGNAC 25 DEGUSTATION,3.616,648,0.12,6,FR,35.7,26.6,27.2,10026102626617,123.09,40026102626618,B4,,,25.1,17.0,12.8,0.821,5.462,26102626627
62664,DEGUSTATION COG/BDY 14.5oz 41cl,ARCOROC,Drinkware – Wine,£2.65,https://latabledarc.com/en/products/verre-a-cognac-41-cl-degustation,https://cdn.shopify.com/s/files/1/0943/3553/3393/files/627410a7419817edb94876673ba1f88e.jpg?v=1760538884,"Découvrez le verre à Cognac 41 cl 62664 Dégustation de la marque Arcoroc.
 Ce verre à pied pour spiritueux et digestifs surprendra vos clients par sa générosité, sa très grande transparence et sa grande performance gustative. Un verre à Digestif XXL parfaitement adapté pour un service ultra qualitatif dans les bars des hôtels 4 ou 5 étoiles. Sa forme tulipe qui se referme sur le buvant est idéale pour concentrer les arômes et sa grande chambre aromatique dissipe les vapeurs d'alcool pour une perception subtile. Ce verre à cognac se veut polyvalent, sa forme et sa taille permettent de parfaitement mettre en valeur également vos cocktails à base de cognac, armagnacs ou autres liqueurs. Le plus : en cuisine, même le chef pourra jouer de la capacité généreuse des formes arrondies et du large buvant de ce verre, pour y servir des entrées ou desserts.",ARCOROC,DEGUSTATION,FA6,PC,24,9.5,9.5,12.9,24,120.0,80.0,101.5,SODO,DRINKWARE,DRINKWARE,VERRE A PIED,41.63,VERRE A COGNAC 41 DEGUSTATION,5.402,432,0.182,6,FR,43.5,33.0,29.0,10026102626648,122.602,40026102626649,B4,,,31.1,21.0,13.7,1.236,8.947,26102626658
X2702,DISCO HB TUMBLER 45,ARCOROC,Drinkware – Hiballs,£1.42,https://latabledarc.com/en/products/gob-disco-fh45cl,https://cdn.shopify.com/s/files/1/0943/3553/3393/files/ee40c75435cfec03287579670cf82d86.webp?v=1770633739,"Élégant et convivial, le verre haut Disco d'Arcoroc 45 cl s'invite aussi bien sur une table du quotidien que lors de vos repas entre amis. Sa forme élancée et son motif quadrillé en relief, caractéristique de la collection Disco, jouent avec la lumière pour un effet visuel saisissant. Parfait pour servir de l'eau, des jus de fruits ou vos cocktails maison, il apporte une touche de style sans effort. Compatible lave-vaisselle et vendu par lot de 6, il est aussi pratique qu'il est beau.",ARCOROC,DISCO,FA6,PC,24,8.4,8.4,13.0,24,120.0,80.0,102.1,CRYSTAL GLASS,DRINKWARE,DRINKWARE,GOBELET,33.767,GOBELET FH 45 DISCO,6.868,576,0.245,6,FR,39.2,29.5,29.2,10883314101444,231.507,40883314101445,B4,,,27.8,18.8,13.8,1.591,7.212,883314101447
X2604,DISCO NICK&NORA STEMMED GLASS 18,ARCOROC,Drinkware – Cocktails,£2.26,https://latabledarc.com/en/products/vap-disco-nick-nora-18cl,https://cdn.shopify.com/s/files/1/0943/3553/3393/files/f1dee7ddb634922a6075bb71d2957897.webp?v=1770633555,"Petit mais remarquable, le verre à pied Disco d'Arcoroc 18 cl est le compagnon idéal pour le service d'un cocktail et pourquoi pas du vin blanc, du vin rosé ou d'un digestif. Son pied fin et sa coupelle ornée du motif quadrillé en relief, signature de la collection Disco, lui confèrent une élégance discrète et raffinée. Parfait pour dresser une belle table à l'occasion d'un dîner soigné. Vendu par lot de 6.",ARCOROC,DISCO,F6,PC,24,7.5,7.5,17.0,24,120.0,80.0,94.2,CRYSTAL GLASS,DRINKWARE,DRINKWARE,VERRE A PIED,34.035,VERRE A PIED 18 DISCO NICK&NORA,3.6,480,0.007,6,FR,33.8,25.3,39.8,10883314099857,3.6,40883314099858,B4,,,23.6,16.0,19.1,0.9,7.212,883314099850
X2767,DISCO OF TUMBLER 32,ARCOROC,Drinkware – Tumblers,£1.29,https://latabledarc.com/en/products/gob-disco-fb-32cl,https://cdn.shopify.com/s/files/1/0943/3553/3393/files/2617549d8710c21aa8d4a2f18c2a77d9.webp?v=1771254296,"Rond, généreux et plein de caractère, le verre bas Disco d'Arcoroc 32 cl séduit au premier regard. Sa forme ventrue et son motif quadrillé en relief lui donnent une personnalité unique qui habille instantanément la table. Idéal pour servir de l'eau, des softs ou des cocktails sans alcool, il conviendra aussi parfaitement pour un whisky on the rocks ou un gin tonic décontracté. Compatible lave-vaisselle et vendu par lot de 6, il est fait pour être utilisé sans modération.",ARCOROC,DISCO,FA6,PC,24,9.2,9.2,7.9,24,120.0,80.0,118.5,CRYSTAL GLASS,DRINKWARE,DRINKWARE,GOBELET,28.488,GOBELET FH 32 DISCO,5.881,720,0.205,6,FR,42.8,32.0,20.8,10883314102939,201.822,40883314102930,B4,,,30.5,20.6,9.6,1.344,6.032,883314102932
X2607,DISCO OF TUMBLER 38,ARCOROC,Drinkware – Tumblers,£1.42,https://latabledarc.com/en/products/gob-disco-fb38cl,https://cdn.shopify.com/s/files/1/0943/3553/3393/files/4a14a3fff004ed075b76b23db16a4533.webp?v=1771245299,"Entre le verre bas 32 cl et le verre haut 45 cl, le verre bas Disco d'Arcoroc 38 cl offre la contenance idéale pour ceux qui aiment avoir de la place dans leur verre. Sa silhouette arrondie et son relief quadrillé caractéristique de la gamme Disco captent la lumière à merveille et donnent du relief à n'importe quelle table. Polyvalent, il accueille aussi bien l'eau du quotidien que vos cocktails du week-end. Compatible lave-vaisselle et vendu par lot de 6.",ARCOROC,DISCO,FA6,PC,24,9.5,9.5,8.9,24,120.0,80.0,118.5,CRYSTAL GLASS,DRINKWARE,DRINKWARE,GOBELET,28.488,GOBELET FB 38 DISCO,6.373,720,0.23,6,FR,42.8,32.0,20.8,10883314099895,216.582,40883314099896,B4,,,30.5,20.6,9.6,1.496,6.032,883314099898
X2600,DISCO STEMMED GLASS 21,ARCOROC,Drinkware – Wine,£2.26,https://latabledarc.com/en/products/vap-disco-coupe-21cl,https://cdn.shopify.com/s/files/1/0943/3553/3393/files/838428d35b9b612929d23e635ddd8ba1.webp?v=1770744104,"Célébrez chaque instant avec style grâce à la coupe à champagne Disco 21 cl, une pièce incontournable de l'art de la table à la française. Sa large coupelle ouverte sur un pied fin et élégant est sublimée par le motif quadrillé en relief qui scintille à la lumière des bougies. Idéale pour le champagne, les cocktails pétillants ou les sorbets express, elle transforme chaque instant en fête. Vendue par lot de 6, elle est parfaite pour recevoir en beauté.
Fabriquée par le groupe Arc à Arques, dans le Pas-de-Calais, cette coupe est le fruit d'un savoir-faire verrier transmis depuis 1825. Son cristallin au son pur et clair, comparable à celui du cristal, offre une transparence exceptionnelle qui met en valeur la robe et les bulles de vos meilleures cuvées. Le buvant finement taillé, sans bourrelet, garantit un contact direct et délicat avec les lèvres pour une dégustation raffinée.
Pensée pour la vie quotidienne autant que pour les grandes occasions, la coupe Disco 21 cl résiste à plusieurs centaines de lavages en lave-vaisselle tout en conservant son éclat. Sa base stable assure un équilibre parfait sur la table, pour trinquer en toute confiance.
Que vous dressiez une table de mariage, un dîner entre amis ou une réception élégante, la coupe Disco s'impose avec naturel et caractère.
Matériau 100 % recyclable · Fabriqué en France · Compatible lave-vaisselle",ARCOROC,DISCO,F6,PC,24,10.6,10.6,16.0,24,120.0,80.0,86.9,CRYSTAL GLASS,DRINKWARE,DRINKWARE,VERRE A PIED,50.001,VERRE A PIED COUPE 21 DISCO,4.853,288,0.15,6,FR,42.5,32.5,36.2,10883314099819,83.58,40883314099810,B4,,,29.9,20.2,17.3,1.056,10.449,883314099812
X2606,DISCO STEMMED GLASS 60,ARCOROC,Drinkware – Wine,£2.59,https://latabledarc.com/en/products/vap-disco-60cl,https://cdn.shopify.com/s/files/1/0943/3553/3393/files/eac019c761b5c609e182c3148b33a222.webp?v=1770732473,"Grand et généreux, le verre à pied Disco d'Arcoroc 60 cl est une pièce maîtresse pour les amateurs de cocktails élaborés ou encore pour mettre en scène les cocktails plus classiques. Sa large coupelle arrondie sur un pied élancé est ornée du motif quadrillé en relief emblématique de la collection Disco, qui capte et réfléchit la lumière avec beaucoup d'élégance. Il s'impose naturellement au centre de la table pour les repas qui méritent d'être célébrés. Vendu par lot de 6.",ARCOROC,DISCO,FA6,PC,24,10.6,10.6,21.6,24,120.0,80.0,114.4,CRYSTAL GLASS,DRINKWARE,DRINKWARE,VERRE A PIED,78.219,VERRE A PIED 60 DISCO,6.815,240,0.22,6,FR,45.7,34.3,49.9,10883314099888,93.619,40883314099889,B4,,,32.7,22.1,24.1,1.54,17.416,883314099881
Q9080,DISTINCTION FLUTE STEMGLASS 23,C&S,Drinkware – Champagne,£2.63,https://latabledarc.com/en/products/flute-23-cl-distinction,https://cdn.shopify.com/s/files/1/0943/3553/3393/files/78aaf80bf5c49ca0c3b10fb34d6ecbad_1b238887-6741-4a77-b79e-a7cf9bdb67ee.jpg?v=1762446107,"Discover the elegant design of the 23cl flute from the Distinction collection by Chef&Sommelier    Distinguished by its angular lines, the Distinction stemware collection brilliantly enhances the pleasure of tasting young wines. The color of red and white wines shimmers thanks to the Krysta, a brilliant and pure crystal. The four Distinction stemware glasses, ranging from 23cl to 47cl, reveal their subtle aromas thanks to a large surface area for oxygenation.",C&S,DISTINCTION NT,FA6,PC,24,7.0,7.0,23.3,24,120.0,80.3,118.1,KRYSTA,DRINKWARE,DRINKWARE,VERRE A PIED,40.352,FLUTE 23 DISTINCTION,4.543,480,0.13,6,FR,47.5,32.8,25.9,10883314906223,116.251,40883314906224,B4,883314906226,883314906226,23.0,15.6,24.4,0.988,8.755,883314906233
Q8990,DISTINCTION STEMGLASS 28,C&S,Drinkware – Wine,£2.63,https://latabledarc.com/en/products/verre-a-pied-28-cl-distinction,https://cdn.shopify.com/s/files/1/0943/3553/3393/files/08e7d04ea2fbc2d159b313f4e2fba566.jpg?v=1762448401,"Discover the elegant design of the 28cl stemmed glass from the Distinction collection by Chef&Sommelier Distinguished by its angular lines, the Distinction stemware collection brilliantly enhances the pleasure of tasting young wines. The color of red and white wines shimmers thanks to the Krysta, a brilliant and pure crystal. The four Distinction stemware glasses, ranging from 23cl to 47cl, reveal their subtle aromas thanks to a large surface area for oxygenation.",C&S,DISTINCTION NT,FA6,PC,24,8.2,8.2,20.7,24,120.0,80.0,114.0,KRYSTA,DRINKWARE,DRINKWARE,VERRE A PIED,45.645,VERRE A PIED 28 DISTINCTION,5.288,384,0.155,6,FR,51.7,35.6,24.8,10883314905127,110.091,40883314905128,B4,883314905120,883314905120,25.1,17.0,23.3,1.158,9.942,883314905137
Q9062,DISTINCTION STEMGLASS 38,C&S,Drinkware – Wine,£2.77,https://latabledarc.com/en/products/verre-a-pied-38-cl-distinction,https://cdn.shopify.com/s/files/1/0943/3553/3393/files/1da74cd3bc58387640ec97bc290838ea.jpg?v=1762448564,"Discover the elegant design of the 38cl stemmed glass from the Distinction collection by Chef&Sommelier Distinguished by its angular lines, the Distinction stemware collection brilliantly enhances the pleasure of tasting young wines. The color of red and white wines shimmers thanks to the Krysta, a brilliant and pure crystal. The four Distinction stemware glasses, ranging from 23cl to 47cl, reveal their subtle aromas thanks to a large surface area for oxygenation.",C&S,DISTINCTION NT,FA6,PC,24,9.1,9.1,22.0,24,120.0,80.0,111.4,KRYSTA,DRINKWARE,DRINKWARE,VERRE A PIED,54.167,VERRE A PIED 38 DISTINCTION,5.926,384,0.175,6,FR,57.1,39.2,24.2,10883314905943,120.297,40883314905944,B4,883314905946,883314905946,27.9,18.8,22.7,1.294,11.907,883314905953
Q9064,DISTINCTION STEMGLASS 47,C&S,Drinkware – Wine,£2.77,https://latabledarc.com/en/products/verre-a-pied-47-cl-distinction,https://cdn.shopify.com/s/files/1/0943/3553/3393/files/0b5f710a751387abbb33729a22c951a0_368bae9b-7ff1-4da6-81f1-4f9b2d4cb2a0.jpg?v=1762449026,"Discover the elegant design of the 47cl stemmed glass from the Distinction collection by Chef&Sommelier Distinguished by its angular lines, the Distinction stemware collection brilliantly enhances the pleasure of tasting young wines. The color of red and white wines shimmers thanks to the Krysta, a brilliant and pure crystal. The four Distinction stemware glasses, ranging from 23cl to 47cl, reveal their subtle aromas thanks to a large surface area for oxygenation.",C&S,DISTINCTION NT,FA6,PC,24,9.6,9.6,23.3,24,120.0,80.0,113.3,KRYSTA,DRINKWARE,DRINKWARE,VERRE A PIED,67.5,VERRE A PIED 47 DISTINCTION,6.636,288,0.199,6,FR,42.7,32.0,49.4,10883314905981,105.016,40883314905982,B4,883314905984,883314905984,30.6,20.6,23.9,1.478,15.066,883314905991
P2615,DIWALI LIGHT TURQUOISE SALAD BOWL 21,LUMINARC,Dinnerware,£3.29,,,,LUMINARC,DIWALI LIGHT TURQUOISE,RS6,PC,12,21.1,21.1,9.3,12,120.0,80.0,108.5,FLUO,DINNERWARE,DINNERWARE,SALADIER,26.367,SALADIER 21 DIWALI L TURQUOISE T,7.909,336,0.61,6,FR,44.0,25.5,23.5,10883314734154,246.926,40883314734155,B2,883314734157,883314734157,21.0,21.0,23.7,3.74,10.452,
P2019,DIWALI LIGHT TURQUOISE SOUP PLATE 20,LUMINARC,Dinnerware,£1.27,,,,LUMINARC,DIWALI LIGHT TURQUOISE,RS6,PC,24,20.0,20.0,4.2,24,120.0,80.0,82.9,FLUO,DINNERWARE,DINNERWARE,ASSIETTE,9.519,ASS CALOTTE 20 DIWALI LIGHT TURQUOISE T,8.159,1440,0.33,6,FR,21.3,19.6,22.8,10883314727514,514.904,40883314727515,B4,883314727517,883314727517,20.1,20.1,7.3,1.989,1.68,
X2001,ELEGANCE FLUTE 10,ARCOROC,Drinkware – Champagne,£1.50,,https://static.wixstatic.com/media/042ed7_19d9f1c8917e4820a993b10baf1ca7a0~mv2.webp,,ARCOROC,ELEGANCE,FA12,PC,48,5.8,5.8,15.9,48,120.0,80.0,119.2,SODO,DRINKWARE,DRINKWARE,VERRE A PIED,36.749,FLUTE 10 ELEGANCE,6.627,1296,0.113,12,FR,39.7,26.6,34.8,10883314085508,204.421,40883314085509,B4,,,25.4,19.1,16.8,1.532,8.15,26102763261
73079,ELEGANCE FLUTE 10 MAXI PACK          A48,ARCOROC,Drinkware – Champagne,£70.02,,,,ARCOROC,ELEGANCE,A48,CRN,18,36.8,24.8,34.9,1,120.0,80.0,84.5,SODO,DRINKWARE,DRINKWARE,VERRE A PIED,31.851,FLUTE 10 ELEGANCE                    A48,5.414,18,5.414,0,FR,36.8,24.8,34.9,26102730799,122.786,40026102730797,,26102730799,26102730799,,,,,,
X1989,ELEGANCE FLUTE 13,ARCOROC,Drinkware – Champagne,£1.66,,https://static.wixstatic.com/media/042ed7_c1fe5447363b4dc3a7f2418a005bfd33~mv2.webp,,ARCOROC,ELEGANCE,FA12,PC,48,5.8,5.8,17.9,48,120.0,80.0,93.2,SODO,DRINKWARE,DRINKWARE,VERRE A PIED,39.595,FLUTE 13 ELEGANCE,6.667,864,0.113,12,FR,38.7,26.1,39.2,10883314085201,145.45,40883314085202,B4,,,24.5,18.5,18.8,1.537,8.521,26102763322
X0457,ELEGANCE FLUTE 17,ARCOROC,Drinkware – Champagne,£1.80,,,,ARCOROC,ELEGANCE,FA12,PC,48,5.8,5.8,17.5,48,120.0,80.0,92.9,SODO,DRINKWARE,DRINKWARE,VERRE A PIED,39.595,FLUTE 17 ELEGANCE,6.656,864,0.115,12,FR,38.7,26.1,39.2,10883314045465,145.152,40883314045466,B4,,,24.5,18.5,18.8,1.561,8.521,26102763315
V8276,ELEGANCE H/B TUMBLER 23,ARCOROC,Drinkware – Hiballs,£0.73,,,,ARCOROC,ELEGANCE,A48,PC,48,6.5,6.5,11.0,48,120.0,82.2,109.7,SODO,DRINKWARE,DRINKWARE,GOBELET,26.737,GOBELET FH 23 ELEGANCE,11.105,1536,0.22,0,FR,41.0,27.4,23.8,26102763971,380.556,40883314996904,,,,,,,,,
X0868,ELEGANCE HB TUMBLER 17,ARCOROC,Drinkware – Hiballs,£0.73,,,,ARCOROC,ELEGANCE,A48,PC,48,6.4,6.4,8.5,48,120.0,80.7,110.0,SODO,DRINKWARE,DRINKWARE,GOBELET,20.603,GOBELET FH 17 ELEGANCE,9.439,1920,0.187,0,FR,40.1,26.9,19.1,883314056907,402.939,40883314056905,,,,,,,,,
X0866,ELEGANCE HB TUMBLER 28,ARCOROC,Drinkware – Hiballs,£0.82,,,,ARCOROC,ELEGANCE,A48,PC,48,6.5,6.5,12.8,48,120.0,80.0,95.8,SODO,DRINKWARE,DRINKWARE,GOBELET,30.966,GOBELET FH 28 ELEGANCE,12.129,864,0.24,0,FR,41.4,27.6,27.1,883314057782,243.686,40883314493526,,,,,,,,,
X0864,ELEGANCE HB TUMBLER 34,ARCOROC,Drinkware – Hiballs,£0.82,,,,ARCOROC,ELEGANCE,A48,PC,48,6.6,6.6,14.7,48,120.0,80.0,108.4,SODO,DRINKWARE,DRINKWARE,GOBELET,36.94,GOBELET FH 34 ELEGANCE,12.893,864,0.255,0,FR,42.0,28.1,31.3,883314070514,257.452,40883314070512,,,,,,,,,
37652,ELEGANCE SHERBET CHAMPAGNE 16,ARCOROC,Drinkware – Champagne,£1.92,,https://static.wixstatic.com/media/042ed7_85e25e75fbb14e15a062ad8e5b5e7133~mv2.jpg,,ARCOROC,ELEGANCE,FA12,PC,48,9.0,9.0,12.2,48,120.0,80.0,100.4,SODO,DRINKWARE,DRINKWARE,VERRE A PIED,65.469,VERRE A PIED COUPE 16 ELEGANCE,8.03,576,0.135,12,FR,58.1,39.4,28.6,10026102376529,121.804,40026102376520,B4,,,9.0,9.0,12.2,1.62,0.988,26102763292
37439,ELEGANCE STEMMED GLASS 12,ARCOROC,Drinkware – Wine,£1.50,,https://static.wixstatic.com/media/042ed7_1bdbffeef3b7429b9ac31ff7d3b88fde~mv2.webp,,ARCOROC,ELEGANCE,FA12,PC,48,5.9,5.9,13.4,48,120.0,80.0,108.1,SODO,DRINKWARE,DRINKWARE,VERRE A PIED,33.031,VERRE A PIED 12 ELEGANCE,5.276,1296,0.088,12,FR,39.8,26.6,31.2,10026102374396,167.931,40026102374397,B4,,,5.9,5.9,13.4,1.056,0.473,26102763308
37249,"ELEGANCE STEMMED GLASS 14,5",ARCOROC,Drinkware – Wine,£1.50,,,,ARCOROC,ELEGANCE,FA12,PC,48,6.4,6.4,14.2,48,120.0,80.0,111.7,SODO,DRINKWARE,DRINKWARE,VERRE A PIED,42.579,"VERRE A PIED 14,5 ELEGANCE",5.918,864,0.098,12,FR,44.1,29.8,32.4,10026102372491,131.918,40026102372492,B4,,,28.2,21.2,15.4,1.368,9.207,26102763124
37413,ELEGANCE STEMMED GLASS 19,ARCOROC,Drinkware – Wine,£1.66,,,,ARCOROC,ELEGANCE,FA12,PC,48,6.9,6.9,15.3,48,120.0,80.0,115.9,SODO,DRINKWARE,DRINKWARE,VERRE A PIED,51.917,VERRE A PIED 19 ELEGANCE,6.737,720,0.097,12,FR,48.0,32.0,33.8,10026102374136,126.543,40026102374137,B4,,,6.9,6.9,15.3,1.332,0.716,26102763131
73077,ELEGANCE STEMMED GLASS 19            A48,ARCOROC,Drinkware – Wine,£77.31,,,,ARCOROC,ELEGANCE,A48,CRN,1,43.9,29.6,34.0,1,120.0,80.0,116.5,SODO,DRINKWARE,DRINKWARE,VERRE A PIED,44.181,VERRE A PIED 19 ELEGANCE             A48,6.309,18,6.309,0,FR,43.9,29.6,34.0,26102730775,139.056,40026102730773,,26102730775,26102730775,,,,,,
37405,"ELEGANCE STEMMED GLASS 24,5",ARCOROC,Drinkware – Wine,£1.80,,https://static.wixstatic.com/media/042ed7_92e244423dfb407dbdacf97bec1d0546~mv2.webp,,ARCOROC,ELEGANCE,FA12,PC,48,7.4,7.4,16.6,48,120.0,80.0,87.3,SODO,DRINKWARE,DRINKWARE,VERRE A PIED,55.618,"VERRE A PIED 24,5 ELEGANCE",8.104,480,0.138,12,FR,47.6,32.1,36.4,10026102374051,106.474,40026102374052,B4,,,7.4,7.4,16.6,1.656,0.911,26102763285
73056,"ELEGANCE STEMMED GLASS 24,5 A48",ARCOROC,Drinkware – Wine,£83.45,,,,ARCOROC,ELEGANCE,A48,CRN,10,47.1,31.8,36.4,1,120.0,80.0,87.3,SODO,DRINKWARE,DRINKWARE,VERRE A PIED,54.519,"VERRE A PIED 24,5 ELEGANCE           A48",7.859,10,7.859,0,FR,47.1,31.8,36.4,26102730560,104.327,40026102730568,,26102730560,26102730560,,,,,,
50143,ELEGANCE STEMMED GLASS 31,ARCOROC,Drinkware – Wine,£1.92,,,,ARCOROC,ELEGANCE,FA6,PC,36,8.1,8.1,18.0,36,120.0,80.0,94.1,SODO,DRINKWARE,DRINKWARE,VERRE A PIED,55.792,VERRE A PIED 31 ELEGANCE,7.663,432,0.177,6,FR,52.7,26.6,39.8,10026102501433,117.41,40026102501434,B6,,,25.2,17.0,19.1,1.192,8.182,26102763278
37264,"ELEGANCE STEMMED GLASS 6,5",ARCOROC,Drinkware – Wine,£1.50,,https://static.wixstatic.com/media/042ed7_0c755ce489314e02a6a839a87df6b327~mv2.webp,,ARCOROC,ELEGANCE,FA12,PC,48,4.8,4.8,11.4,48,120.0,80.0,118.5,SODO,DRINKWARE,DRINKWARE,VERRE A PIED,18.081,"VERRE A PIED 6,5 ELEGANCE",4.183,2304,0.073,12,FR,31.9,21.8,26.0,10026102372644,226.278,40026102372645,B4,,,20.7,15.4,12.4,0.997,3.953,26102763148
J1102,EQUIP HOME FLUTE 17,LUMINARC,Drinkware – Champagne,£1.25,,,,LUMINARC,EQUIP HOME,1/2 FA6,PC,24,0.0,0.0,17.5,24,120.0,80.0,117.5,SODO,DRINKWARE,DRINKWARE,VERRE A PIED,25.8,FLUTE 17 EQUIP HOME,3.615,720,0.12,6,FR,42.6,29.4,20.6,10883314381259,133.624,40883314381250,B4,883314381252,883314381252,20.3,13.8,19.1,0.817,5.351,
J6761,EQUIP HOME H/B TUMBLER 35,LUMINARC,Drinkware – Hiballs,£1.12,,,,LUMINARC,EQUIP HOME,1/2 FA6,PC,24,7.4,7.4,12.2,24,120.0,80.0,96.3,SODO,DRINKWARE,DRINKWARE,GOBELET,23.26,GOBELET FH 35 EQUIP HOME,5.444,720,0.2,6,FR,33.8,25.3,27.2,10883314439127,189.262,40883314439128,B4,883314439120,883314439120,23.6,16.0,12.8,1.284,4.833,
J6763,EQUIP HOME OF TUMBLER 28,LUMINARC,Drinkware – Tumblers,£1.12,,,,LUMINARC,EQUIP HOME,1/2 FA6,PC,24,0.0,0.0,9.6,24,120.0,80.0,98.8,SODO,DRINKWARE,DRINKWARE,GOBELET,17.36,GOBELET FB 28 EQUIP HOME,4.961,960,0.185,6,FR,33.2,24.9,21.0,10883314439141,224.68,40883314439142,B4,883314439144,883314439144,23.6,16.0,9.6,1.178,3.625,
J1101,EQUIP HOME STEMMED GLASS 24,LUMINARC,Drinkware – Wine,£1.25,,,,LUMINARC,EQUIP HOME,1/2 FA6,PC,24,7.0,7.0,16.9,24,120.0,80.0,86.6,SODO,DRINKWARE,DRINKWARE,VERRE A PIED,30.785,VERRE A PIED 24 EQUIP HOME,4.609,480,0.16,6,FR,33.8,25.3,36.0,10883314381235,117.624,40883314381236,B4,883314381238,883314381238,23.6,16.0,17.2,1.062,6.495,
J1107,EQUIP HOME STEMMED GLASS 35,LUMINARC,Drinkware – Wine,£1.41,,,,LUMINARC,EQUIP HOME,1/2 FA6,PC,24,7.9,7.9,19.3,24,120.0,80.0,95.4,SODO,DRINKWARE,DRINKWARE,VERRE A PIED,38.365,VERRE A PIED 35 EQUIP HOME,5.417,432,0.188,6,FR,35.7,26.6,40.4,10883314381334,122.963,40883314381335,B4,883314381337,883314381337,25.1,17.0,19.2,1.25,8.193,
J1103,EQUIPHOME STEMMED GLASS 19,LUMINARC,Drinkware – Wine,£1.15,,,,LUMINARC,EQUIP HOME,1/2 FA6,PC,24,6.5,6.5,15.4,24,120.0,80.0,117.1,SODO CLEAR,DRINKWARE,DRINKWARE,VERRE A PIED,22.146,VERRE A PIED 19 EQUIP HOME,3.026,936,0.1,6,FR,29.3,22.1,34.2,10883314381273,143.404,40883314381274,B4,883314381276,883314381276,6.5,6.5,15.4,0.6,0.641,
N8823,EUGENE H/B TUMBLER 38,LUMINARC,Drinkware – Hiballs,£2.19,https://latabledarc.com/en/products/verre-haut-38-cl-eugene,https://cdn.shopify.com/s/files/1/0943/3553/3393/files/dabfa5673b508c47d213f0c40ce6241d.jpg?v=1762448104,"Opt for the 38cl Eugène glass, by Luminarc
 This glass is a 100% recyclable glass product, odorless.",LUMINARC,EUGENE,1/2 FA6,PC,24,0.0,0.0,0.0,24,120.0,80.0,115.9,SODO,DRINKWARE,DRINKWARE,GOBELET,28.904,GOBELET FH 38 EUGENE,11.563,720,0.44,6,FR,33.8,25.3,33.8,10883314690757,372.381,40883314690758,B4,883314690743,883314690743,23.6,16.0,16.3,2.779,6.155,883314690750
N8825,EUGENE O/F TUMBLER 30,LUMINARC,Drinkware – Rocks,£1.86,https://latabledarc.com/en/products/verre-bas-30-cl-eugene,https://cdn.shopify.com/s/files/1/0943/3553/3393/files/04d813a935aa9b68bc75093b02fa0c0e.jpg?v=1762447896,"Opt for the 30cl Eugène glass, by Luminarc
 This glass is a 100% recyclable glass product, odorless.",LUMINARC,EUGENE,1/2 FA6,PC,24,8.5,8.5,9.1,24,120.0,80.0,115.5,SODO,DRINKWARE,DRINKWARE,GOBELET,23.359,GOBELET FB 30 EUGENE,8.345,960,0.31,6,FR,39.2,29.5,20.2,10883314690771,359.389,40883314690772,B4,883314690767,883314690767,27.8,18.8,9.7,1.975,5.07,883314690774
X3458,EUGENE OF TUMBLER 30,LUMINARC,Drinkware – Tumblers,£1.86,,,,LUMINARC,EUGENE,#N/A,PC,24,8.5,8.5,9.1,24,120.0,80.0,14.5,SODO,DRINKWARE,DRINKWARE,GOBELET,0.0,GOBELET FB 30 EUGENE,7.44,24,0.31,0,FR,0.0,0.0,0.0,10883314125716,7.44,40883314125717,#N/A,883314690767,883314690767,,,,,,
V2823,EVIDENCE FLUTE 16,C&S,Drinkware – Champagne,£2.25,,,,C&S,EVIDENCE,FA6,PC,24,0.0,0.0,0.0,24,120.0,80.0,102.1,KRYSTA,DRINKWARE,DRINKWARE,VERRE A PIED,27.078,FLUTE 16 EVIDENCE,4.023,576,0.125,6,FR,42.2,29.3,21.9,10883314943464,121.919,40883314943465,B4,883314943467,883314943467,6.2,6.2,19.0,0.75,0.73,883314943474
X2068,EVIDENCE STEMEMD GLASS 45,C&S,Drinkware – Wine,£2.39,,,,C&S,EVIDENCE,FA6,PC,24,0.0,0.0,0.0,24,120.0,80.0,111.7,KRYSTA,DRINKWARE,DRINKWARE,VERRE A PIED,54.677,VERRE A PIED 45 EVIDENCE,5.858,384,0.185,6,FR,57.4,39.2,24.3,10883314943426,119.207,40883314943427,B4,883314943429,883314943429,27.8,18.8,22.6,1.276,11.812,883314943436
V2620,EVIDENCE STEMGLASS 35,C&S,Drinkware – Wine,£2.39,,,,C&S,EVIDENCE,FA6,PC,24,0.0,0.0,0.0,24,120.0,80.0,101.7,KRYSTA,DRINKWARE,DRINKWARE,VERRE A PIED,41.403,VERRE A PIED 35 EVIDENCE,5.672,432,0.18,6,FR,35.7,26.6,43.6,10883314943402,127.563,40883314943403,B4,883314943405,883314943405,25.1,17.0,21.0,1.285,8.961,883314943412
V2821,EVIDENCE STEMGLASS 45,C&S,Drinkware – Wine,£2.39,,,,C&S,EVIDENCE,FA6,PC,24,0.0,0.0,0.0,24,120.0,80.0,111.7,KRYSTA,DRINKWARE,DRINKWARE,VERRE A PIED,54.677,VERRE A PIED 45 EVIDENCE,6.17,384,0.185,6,FR,57.4,39.2,24.3,10883314943426,124.199,40883314943427,B4,883314943429,883314943429,8.4,8.4,20.9,1.11,1.454,883314943436
X2063,EVIDENCE STEMMED GLASS 16,C&S,Drinkware – Wine,£2.25,,,,C&S,EVIDENCE,FA6,PC,24,0.0,0.0,0.0,24,120.0,80.0,102.1,CRYSTAL GLASS,DRINKWARE,DRINKWARE,VERRE A PIED,27.078,FLUTE 16 EVIDENCE,3.823,576,0.125,6,FR,42.2,29.3,21.9,10883314943464,117.119,40883314943465,B4,883314943467,883314943467,20.3,13.8,20.7,0.858,5.799,883314943474
V2822,EVIDENCE STEMMED GLASS 27,C&S,Drinkware – Wine,£2.25,,,,C&S,EVIDENCE,FA6,PC,24,7.3,7.3,18.0,24,120.0,80.0,94.2,KRYSTA,DRINKWARE,DRINKWARE,VERRE A PIED,34.035,VERRE A PIED 27 EVIDENCE,4.751,480,0.148,6,FR,33.8,25.3,39.8,10883314943440,120.473,40883314943441,B4,883314943443,883314943443,23.6,16.0,19.1,1.067,7.212,883314943450
X2058,EVIDENCE STEMMED GLASS 27,C&S,Drinkware – Wine,£2.25,,,,C&S,EVIDENCE,FA6,PC,24,7.3,7.3,18.0,24,120.0,80.0,94.2,KRYSTA,DRINKWARE,DRINKWARE,VERRE A PIED,34.035,VERRE A PIED 27 EVIDENCE,4.523,480,0.148,6,FR,33.8,25.3,39.8,10883314943440,115.913,40883314943441,B4,883314943443,883314943443,23.6,16.0,19.1,1.01,0.959,883314943450
X2042,EVIDENCE STEMMED GLASS 35,C&S,Drinkware – Wine,£2.39,,,,C&S,EVIDENCE,FA6,PC,24,0.0,0.0,0.0,24,120.0,80.0,101.7,KRYSTA,DRINKWARE,DRINKWARE,VERRE A PIED,41.403,VERRE A PIED 35 EVIDENCE,5.412,432,0.18,6,FR,35.7,26.6,43.6,10883314943402,122.883,40883314943403,B4,883314943405,883314943405,7.9,7.9,19.0,1.08,1.186,883314943412
Q1151,EXALTATION FLUTE 30,C&S,Drinkware – Champagne,£2.77,https://latabledarc.com/en/products/flute-30-cl-exaltation,https://cdn.shopify.com/s/files/1/0943/3553/3393/files/59950dbc908d95f7eaf1f7efcdd346c2.jpg?v=1762446163,"Fall in love with the 30cl Exaltation Flute, developed by Chef&Sommelier
 This flute is specifically designed for tasting sparkling wines, while also being able to enhance any carbonated beverage. Indeed, in addition to its shape and elegance, the glass from which it is made has been specially crafted to optimize the release of bubbles, while its enhanced transparency allows for a better view and appreciation of them.",C&S,EXALTATION,FA6,PC,1,7.8,7.8,21.1,24,120.0,80.0,111.0,KRYSTA,DRINKWARE,DRINKWARE,VERRE A PIED,45.772,FLUTE 30 EXALTATION,5.049,432,0.15,6,FR,35.7,26.6,48.2,10883314823681,116.361,40883314823682,B4,883314823677,883314823677,25.1,17.0,23.3,1.12,9.942,883314823684
Q0818,EXALTATION FLUTE 35,C&S,Drinkware – Champagne,£3.02,https://latabledarc.com/en/products/flute-35-cl-exaltation,https://cdn.shopify.com/s/files/1/0943/3553/3393/files/a0f34a585eb8e60ff9f61ba99ea266e8.jpg?v=1762446179,"Fall in love with the 35cl Exaltation Flute, developed by Chef&Sommelier
 This flute is specifically designed for tasting sparkling wines, while also being able to enhance any carbonated beverage. Indeed, in addition to its shape and elegance, the glass from which it is made has been specially crafted to optimize the release of bubbles, while its enhanced transparency allows for a better view and appreciation of them.",C&S,EXALTATION,FA6,PC,24,8.2,8.2,0.0,24,120.0,80.0,117.8,KRYSTA,DRINKWARE,DRINKWARE,VERRE A PIED,59.557,FLUTE 35 EXALTATION,5.651,384,0.159,6,FR,58.0,39.8,25.8,10883314819745,115.909,40883314819746,B4,883314819748,883314819748,8.2,8.2,23.5,0.954,1.561,883314819755
V6719,EXALTATION STEMGLASS 75,C&S,Drinkware – Wine,£3.74,,,,C&S,EXALTATION,FA6,PC,12,10.6,10.6,26.0,12,120.0,80.8,100.3,KRYSTA,DRINKWARE,DRINKWARE,VERRE A PIED,45.815,VERRE A PIED 75 EXALTATION,4.04,180,0.22,0,SK,45.9,34.9,28.6,10883314984795,83.0,40883314984796,B2,883314984781,883314984781,,,,,,
V6191,EXALTATION STEMMED GLASS 38,C&S,Drinkware – Wine,£2.77,https://latabledarc.com/en/products/vap-38-cl-exaltation,https://cdn.shopify.com/s/files/1/0943/3553/3393/files/9a564d69ccd7923e95f626a82bcfcc5c_79d00a27-a79f-4545-ab0f-e3229732558e.jpg?v=1762448569,"Discover the very essence of the art of tasting with the 38cl stemmed glass from the prestigious Exaltation collection by Chef&Sommelier.
   A jewel of refinement designed to enhance every sip of your wine, this stemmed glass embodies the perfect union of craftsmanship and contemporary innovation. With a generous 38 cl capacity, this stemmed glass offers the ideal space to reveal all the nuances of your wine, providing an unparalleled tasting experience. Part of Chef&Sommelier's Exaltation collection, this stemmed glass reflects an unwavering commitment to excellence. Every detail is designed to elevate your tasting experience. The sophisticated design of the Exaltation collection is evident in this stemmed glass, with clean lines and an elegant silhouette. The crystal-clear transparency of the glass highlights the beauty of your wine. Made of crystalline, an innovative and durable material, this stemmed glass combines finesse and robustness. It resists shocks and chips while preserving the purity of every tasting. Unrivaled Versatility: Whether you enjoy a full-bodied red, a delicate white, or even a sparkling rosé, this stemmed glass from Chef&Sommelier is perfect for any occasion and every flavor. Why Choose Chef&Sommelier: By choosing the 38cl stemmed glass from the Exaltation collection by Chef&Sommelier, you are opting for timeless elegance and exceptional quality. The renowned brand is committed to providing you with an uncompromising tasting experience, where every detail matters. Elevate your tasting moments to new heights with the 38cl stemmed glass from the Exaltation collection by Chef&Sommelier. Treat yourself to the luxury of savoring every note and aroma in a setting of exceptional elegance. Make every tasting a celebration with Chef&Sommelier.",C&S,EXALTATION,FA6,PC,12,0.0,0.0,0.0,12,120.0,80.0,111.7,KRYSTA,DRINKWARE,DRINKWARE,VERRE A PIED,28.101,VERRE A PIED 38 EXALTATION,2.896,384,0.161,0,FR,39.2,29.5,24.3,10883314975854,118.054,40883314975855,B2,883314975857,883314975857,,,,,,
V6190,EXALTATION STEMMED GLASS 47,C&S,Drinkware – Wine,£2.77,https://latabledarc.com/en/products/vap-47cl-exaltation,https://cdn.shopify.com/s/files/1/0943/3553/3393/files/e38b96591cd10c6434b2cb39bad6bf11.jpg?v=1762449038,"Discover the very essence of the art of tasting with the 47cl stemmed glass from the prestigious Exaltation collection by Chef&Sommelier.
   A jewel of refinement designed to enhance every sip of your wine, this stemmed glass embodies the perfect union of craftsmanship and contemporary innovation. With a generous 38 cl capacity, this stemmed glass offers the ideal space to reveal all the nuances of your wine, providing an unparalleled tasting experience. Part of Chef&Sommelier's Exaltation collection, this stemmed glass reflects an unwavering commitment to excellence. Every detail is designed to elevate your tasting experience. The sophisticated design of the Exaltation collection is evident in this stemmed glass, with clean lines and an elegant silhouette. The crystal-clear transparency of the glass highlights the beauty of your wine. Made of crystalline, an innovative and durable material, this stemmed glass combines finesse and robustness. It resists shocks and chips while preserving the purity of every tasting. Unrivaled Versatility: Whether you enjoy a full-bodied red, a delicate white, or even a sparkling rosé, this stemmed glass from Chef&Sommelier is perfect for any occasion and every flavor. Why Choose Chef&Sommelier: By choosing the 38cl stemmed glass from the Exaltation collection by Chef&Sommelier, you are opting for timeless elegance and exceptional quality. The renowned brand is committed to providing you with an uncompromising tasting experience, where every detail matters. Elevate your tasting moments to new heights with the 38cl stemmed glass from the Exaltation collection by Chef&Sommelier. Treat yourself to the luxury of savoring every note and aroma in a setting of exceptional elegance. Make every tasting a celebration with Chef&Sommelier.",C&S,EXALTATION,FA6,PC,12,9.0,9.0,22.7,12,120.0,80.0,91.9,KRYSTA,DRINKWARE,DRINKWARE,VERRE A PIED,30.703,VERRE A PIED 47 EXALTATION,3.235,288,0.185,0,FR,39.8,29.9,25.8,10883314975847,102.992,40883314975848,B2,883314975833,883314975833,,,,,,
V6831,EXALTATION STEMMED GLASS 47,C&S,Drinkware – Wine,£7.63,,,,C&S,EXALTATION,FA2,F2,8,18.7,9.5,23.8,8,120.0,80.0,115.9,KRYSTA,DRINKWARE,DRINKWARE,VERRE A PIED,39.674,VERRE A PIED 47 EXALTATION           F2,4.396,192,0.472,0,FR,39.6,39.6,25.3,10883314981961,130.992,40883314981962,B8,883314981964,883314981964,,,,,,
V6189,EXALTATION STEMMED GLASS 55,C&S,Drinkware – Wine,£3.02,https://latabledarc.com/en/products/vap-55-cl-exaltation,https://cdn.shopify.com/s/files/1/0943/3553/3393/files/79cd192cad497651f1b658208c4eac9d.jpg?v=1762449156,"Discover the very essence of the art of tasting with the 55cl stemmed glass from the prestigious Exaltation collection by Chef&Sommelier.
   A jewel of refinement designed to enhance every sip of your wine, this stemmed glass embodies the perfect union of craftsmanship and contemporary innovation. With a generous 55 cl capacity, this stemmed glass offers the ideal space to reveal all the nuances of your wine, providing an unparalleled tasting experience. Part of Chef&Sommelier's Exaltation collection, this stemmed glass reflects an unwavering commitment to excellence. Every detail is designed to elevate your tasting experience. The sophisticated design of the Exaltation collection is evident in this stemmed glass, with clean lines and an elegant silhouette. The crystal-clear transparency of the glass highlights the beauty of your wine. Made of crystalline, an innovative and durable material, this stemmed glass combines finesse and robustness. It resists shocks and chips while preserving the purity of every tasting. Unrivaled Versatility: Whether you enjoy a full-bodied red, a delicate white, or even a sparkling rosé, this stemmed glass from Chef&Sommelier is perfect for any occasion and every flavor. Why Choose Chef&Sommelier: By choosing the 55cl stemmed glass from the Exaltation collection by Chef&Sommelier, you are opting for timeless elegance and exceptional quality. The renowned brand is committed to providing you with an uncompromising tasting experience, where every detail matters. Elevate your tasting moments to new heights with the 55cl stemmed glass from the Exaltation collection by Chef&Sommelier. Treat yourself to the luxury of savoring every note and aroma in a setting of exceptional elegance. Make every tasting a celebration with Chef&Sommelier.",C&S,EXALTATION,FA6,PC,12,0.0,0.0,0.0,12,122.1,80.0,118.9,KRYSTA,DRINKWARE,DRINKWARE,VERRE A PIED,38.877,VERRE A PIED 55 EXALTATION,3.402,288,0.195,0,FR,44.2,33.7,26.1,10883314975823,107.04,40883314975824,B2,883314975819,883314975819,,,,,,
Q9945,EXALTATIONS FLUTE 30                 F2,C&S,Drinkware – Champagne,£7.63,,,,C&S,EXALTATION,FA2,F2,4,16.5,8.2,21.9,4,120.0,80.0,106.8,KRYSTA,DRINKWARE,DRINKWARE,VERRE A PIED,13.993,FLUTE 30 EXALTATION                  F2,1.83,224,0.394,0,FR,33.8,18.0,23.0,10883314915652,127.855,40883314915653,B4,883314915655,883314915655,,,,,,
V4667,EXPLORE DECANTER 1.3L,C&S,"Drinkware Accessories – Jugs, Pitchers & Carafes",£35.12,,,,C&S,EXPLORE,FA1,F1,2,16.7,16.7,33.2,2,120.0,80.0,86.2,KRYSTA,DRINKWARE,DRINKWARE ACCESSORIE,BROC CARAFE,22.989,"CARAFE 1,3L EXPLORE",2.35,48,1.01,0,CN,34.9,18.4,35.8,10883314961611,81.5,40883314961612,B2,883314961614,883314961614,,,,,,
T5210,EZZO COFFEE SPOON,C&S,Cutlery,£1.88,,,,C&S,EZZO,C12,PC,36,0.0,0.0,0.0,36,0.0,0.0,0.0,INOX,FLATWARE,CUTLERY,COUVERTS,2.864,CUILLERE A CAFE EZZO,1.744,0,0.025,12,CN,22.1,20.9,6.2,10026102228729,,,B3,,,18.5,6.2,4.8,0.421,0.551,26102801925
T5205,EZZO DESSERT FORK,C&S,Cutlery,£3.79,,,,C&S,EZZO,C12,PC,36,0.0,0.0,0.0,36,0.0,0.0,0.0,INOX,FLATWARE,CUTLERY,COUVERTS,3.275,FOURCHETTE A DESSERT EZZO,2.409,0,0.06,12,CN,23.9,22.1,6.2,10026102227814,,,B3,,,21.5,6.2,4.8,0.752,0.64,26102801871
T5206,EZZO DESSERT SPOON,C&S,Cutlery,£3.79,,,,C&S,EZZO,C12,PC,36,0.0,0.0,0.0,36,0.0,0.0,0.0,INOX,FLATWARE,CUTLERY,COUVERTS,3.275,CUILLERE A DESSERT EZZO,2.694,0,0.068,12,CN,23.9,22.1,6.2,10026102227821,,,B3,,,21.5,6.2,4.8,0.847,0.64,26102801888
T5212,EZZO FISH FORK,C&S,Cutlery,£3.79,,,,C&S,EZZO,C12,PC,36,0.0,0.0,0.0,36,0.0,0.0,0.0,INOX,FLATWARE,CUTLERY,COUVERTS,3.51,FOURCHETTE A POISSON EZZO,2.088,0,0.058,12,CN,24.0,22.5,6.5,10026102228767,,,B3,,,0.1,0.1,0.1,0.696,0.0,26102801994
T5213,EZZO FISH KNIFE,C&S,Cutlery,£3.82,,,,C&S,EZZO,C12,PC,36,20.6,2.3,2.2,36,0.0,0.0,0.0,INOX,FLATWARE,CUTLERY,COUVERTS,3.275,COUTEAU A POISSON EZZO,2.808,0,0.069,12,CN,23.9,22.1,6.2,10026102228774,,,B3,,,21.5,6.2,4.8,0.848,0.64,26102802007
T5201,EZZO FORK,C&S,Cutlery,£4.15,,,,C&S,EZZO,C12,PC,36,0.1,0.1,0.1,36,0.0,0.0,0.0,INOX,FLATWARE,CUTLERY,COUVERTS,4.359,FOURCHETTE DE TABLE EZZO,2.736,0,0.076,12,CN,26.5,23.5,7.0,10026102227722,,,B3,,,0.1,0.1,0.1,0.912,0.0,26102801819
T5204,EZZO KNIFE,C&S,Cutlery,£4.76,,,,C&S,EZZO,C12,PC,36,0.0,0.0,0.0,36,0.0,0.0,0.0,INOX,FLATWARE,CUTLERY,COUVERTS,4.49,COUTEAU DE TABLE EZZO,5.641,0,0.148,12,CN,28.9,23.9,6.5,10026102227807,,,B3,,,26.5,6.8,5.1,1.817,0.919,26102801840
T5227,EZZO KNIFE BUTTER,C&S,Cutlery,£2.64,,,,C&S,EZZO,C12,PC,36,0.0,0.0,0.0,36,0.0,0.0,0.0,INOX,FLATWARE,CUTLERY,COUVERTS,3.311,COUTEAU A BEURRE EZZO,1.332,0,0.037,12,CN,22.0,21.5,7.0,10026102228828,,,B3,,,21.0,7.3,5.4,0.444,0.828,26102901489
T5211,EZZO MOKA SPOON,C&S,Cutlery,£1.62,,,,C&S,EZZO,C12,PC,36,0.0,0.0,0.0,36,0.0,0.0,0.0,INOX,FLATWARE,CUTLERY,COUVERTS,1.408,CUILLERE A MOKA EZZO,0.648,0,0.018,12,CN,16.0,16.0,5.5,10026102228750,,,B3,,,14.5,4.5,4.0,0.216,0.261,26102801949
T5214,EZZO SALAD FORK,C&S,Cutlery,£2.60,,,,C&S,EZZO,C12,PC,36,0.0,0.0,0.0,36,0.0,0.0,0.0,INOX,FLATWARE,CUTLERY,COUVERTS,2.864,FOURCHETTE A SALADE EZZO,1.044,0,0.029,12,CN,22.1,20.9,6.2,10026102228781,,,B3,,,18.5,6.2,4.8,0.348,0.551,26102802014
T5215,EZZO SALAD KNIFE,C&S,Cutlery,£2.60,,,,C&S,EZZO,C12,PC,36,0.0,0.0,0.0,36,0.0,0.0,0.0,INOX,FLATWARE,CUTLERY,COUVERTS,3.311,COUTEAU A SALADE EZZO,2.16,0,0.06,12,VN,22.0,21.5,7.0,10026102228811,,,B3,,,21.0,7.3,5.4,0.72,0.828,26102802038
T5209,EZZO TABLE SPOON,C&S,Cutlery,£3.79,,,,C&S,EZZO,C12,PC,36,0.0,0.0,0.0,36,0.0,0.0,0.0,INOX,FLATWARE,CUTLERY,COUVERTS,3.24,CUILLERE A SOUPE EZZO,2.52,0,0.07,12,CN,24.0,22.5,6.0,10026102228163,,,B3,,,0.1,0.1,0.1,0.84,0.0,26102801918
T5202,EZZO TABLE SPOON,C&S,Cutlery,£4.15,,,,C&S,EZZO,C12,PC,36,0.0,0.0,0.0,36,0.0,0.0,0.0,INOX,FLATWARE,CUTLERY,COUVERTS,4.359,CUILLERE DE TABLE EZZO,3.384,0,0.094,12,CN,26.5,23.5,7.0,10026102227302,,,B3,,,0.1,0.1,0.1,1.188,0.0,26102801826
V5994,F4 MENADES STEMMED GLASS 24,LUMINARC,Drinkware – Wine,£8.37,,,,LUMINARC,MENADES,FF4,F4,6,14.8,14.8,24.4,6,120.0,80.0,117.0,CRYSTAL GLASS,DRINKWARE,DRINKWARE,VERRE A PIED,35.838,FLUTE 24 MENADES                     F4,4.539,120,0.667,0,FR,45.6,30.7,25.6,10883314973515,116.27,40883314973516,B6,883314973518,883314973518,,,,,,
V5958,F4 MENADES STEMMED GLASS 55,LUMINARC,Drinkware – Wine,£9.00,,,,LUMINARC,MENADES,FF4,F4,6,18.7,18.7,24.2,6,120.0,80.0,118.0,CRYSTAL GLASS,DRINKWARE,DRINKWARE,VERRE A PIED,58.158,VERRE A PIED 55 MENADES              F4,6.473,96,0.975,0,FR,57.8,39.0,25.8,10883314973126,129.259,40883314973127,B6,883314973129,883314973129,,,,,,
V5960,F4 MENADES STEMMEDS GLASS 47,LUMINARC,Drinkware – Wine,£9.00,,,,LUMINARC,MENADES,FF4,F4,6,18.7,18.7,24.2,6,120.0,80.0,118.0,CRYSTAL GLASS,DRINKWARE,DRINKWARE,VERRE A PIED,58.158,VERRE A PIED 47 MENADES              F4,6.066,96,0.883,0,FR,57.8,39.0,25.8,10883314973140,122.747,40883314973141,B6,883314973143,883314973143,,,,,,
L9743,F6 LADY DIAMOND STEMGLASS 27,CRISTAL D'ARQUES,Drinkware – Wine,£16.44,,,,CRISTAL D'ARQUES,LADY DIAMOND,FA6,F6,2,9.0,9.0,21.2,2,120.0,80.0,112.0,CRYSTAL GLASS,DRINKWARE,DRINKWARE,VERRE A PIED,28.101,VERRE A PIED 27 LADY DIAMOND         F6,5.308,64,2.154,0,FR,39.2,29.5,24.3,10883314591542,195.55,40883314591543,B2,883314591545,883314591545,,,,,,
L7552,F6 LONGCHAMP STEMGLASS 17,CRISTAL D'ARQUES,Drinkware – Wine,£15.71,,,,CRISTAL D'ARQUES,LONGCHAMP,FA6,F6,2,22.7,15.4,17.5,2,120.0,80.0,108.0,CRYSTAL GLASS,DRINKWARE,DRINKWARE,VERRE A PIED,14.362,VERRE A PIED 17 LONGCHAMP            F6,3.464,120,1.571,0,FR,32.0,24.0,18.7,10883314564256,233.418,40883314564257,B2,883314564259,883314564259,,,,,,
V6003,F6 OMINIS STEMMED GLASS 31,LUMINARC,Drinkware – Wine,£11.55,,,,LUMINARC,OMINIS,FA6,F6,4,25.1,17.0,19.1,4,120.0,80.0,118.1,SODO,DRINKWARE,DRINKWARE,VERRE A PIED,38.974,VERRE A PIED 31 OMINIS               F6,5.174,80,1.17,0,FR,52.3,36.0,20.7,10883314973614,128.754,40883314973615,B4,883314973617,883314973617,,,,,,
V6002,F6 OMINIS STEMMED GLASS 47,LUMINARC,Drinkware – Wine,£12.13,,,,LUMINARC,OMINIS,FA6,F6,4,27.9,18.8,20.6,4,120.0,80.0,103.4,SODO,DRINKWARE,DRINKWARE,VERRE A PIED,49.952,VERRE A PIED 47 OMINIS               F6,5.886,64,1.325,0,FR,57.4,39.2,22.2,10883314973607,119.667,40883314973608,B4,883314973600,883314973600,,,,,,
V6005,F6 OMINIS STEMMED GLASS FLUTE 18,LUMINARC,Drinkware – Champagne,£10.77,,,,LUMINARC,OMINIS,FA6,F6,4,20.3,13.8,19.0,4,120.0,80.0,117.5,SODO,DRINKWARE,DRINKWARE,VERRE A PIED,25.8,VERRE A PIED FLUTE 18 OMINIS         F6,3.823,120,0.869,0,FR,42.6,29.4,20.6,10883314973638,140.08,40883314973639,B4,883314973631,883314973631,,,,,,
Q4025,"FLUID COLOR GREEN DECANTER 0,75L",ARCOROC,"Drinkware Accessories – Jugs, Pitchers & Carafes",£4.87,https://latabledarc.com/en/products/carafe-verte-0-75l-fluid,https://cdn.shopify.com/s/files/1/0943/3553/3393/files/761b468953cfeb2b15b7742339d9bfe6.jpg?v=1762444850,"Succumb to the charm of the 75cl Fluid Colors Green Carafe from the Arcoroc brand.
  Discover the modern and unique design of the Fluid 75cl green carafe, perfect for serving all your beverages in restaurants, bars, and hotels. Its heavy base ensures excellent stability, making the Fluid 75cl carafe ideal for serving drinks at buffets. Whether for receptions, brunch buffets, or breakfasts, the Fluid carafe meets the expectations of catering professionals thanks to its exceptional durability and practicality.",ARCOROC,FLUID COLORS,A6,PC,6,9.6,9.6,21.0,6,120.0,80.0,103.3,SODO,DRINKWARE,DRINKWARE ACCESSORIE,BROC CARAFE,16.485,"CARAFE 0,75L FLUID COLORS GREEN",2.881,264,0.435,0,FR,33.3,22.3,22.2,883314852547,152.133,40883314852491,,883314852493,883314852493,,,,,,
Q4026,"FLUID COLOR WHITE DECANTER 0,75L",ARCOROC,"Drinkware Accessories – Jugs, Pitchers & Carafes",£4.87,https://latabledarc.com/en/products/carafe-blanche-0-75l-fluid,https://cdn.shopify.com/s/files/1/0943/3553/3393/files/dd3d0d6119ee86238e8a66c1ccf49692_6d3acab0-d079-4a58-9ad0-00518273a401.jpg?v=1762444839,"Succumb to the charm of the 75cl Fluid Colors white carafe from the Arcoroc brand.
 Discover the modern and unique design of the Fluid 75cl green carafe, perfect for serving all your beverages in restaurants, bars, and hotels. Its heavy base ensures excellent stability, making the Fluid 75cl carafe ideal for serving drinks at buffets. Whether for receptions, brunch buffets, or breakfasts, the Fluid carafe meets the expectations of catering professionals thanks to its exceptional durability and practicality.",ARCOROC,FLUID COLORS,A6,PC,6,9.6,9.6,21.0,6,120.0,80.0,103.3,SODO,DRINKWARE,DRINKWARE ACCESSORIE,BROC CARAFE,16.485,"CARAFE 0,75L FLUID COLORS WHITE",2.881,264,0.435,0,FR,33.3,22.3,22.2,883314852943,153.621,40883314852507,,883314852509,883314852509,,,,,,
L4194,FLUID DECANTER 0L5+STOPPER,ARCOROC,"Drinkware Accessories – Jugs, Pitchers & Carafes",£4.33,,,,ARCOROC,FLUID,A6,PC,6,9.1,9.1,18.6,6,120.0,80.0,98.5,SODO,DRINKWARE,DRINKWARE ACCESSORIE,BROC CARAFE,11.431,"CARAFE 0,5L FLUID +BOUCHON",2.92,384,0.449,0,FR,28.5,19.1,21.0,883314593013,213.868,40883314525067,,883314525069,883314525069,,,,,,
L3963,FLUID DECANTERS 0.5L,ARCOROC,"Drinkware Accessories – Jugs, Pitchers & Carafes",£3.46,,https://static.wixstatic.com/media/042ed7_996cf5f7775445b9bd296cb55d269824~mv2.webp,,ARCOROC,FLUID,A6,PC,6,9.1,9.1,18.6,6,120.0,80.0,116.7,SODO,DRINKWARE,DRINKWARE ACCESSORIE,BROC CARAFE,11.105,"CARAFE 0,5L FLUID",2.817,480,0.435,0,FR,28.5,19.1,20.4,883314592795,253.143,40883314522349,,883314522341,883314522341,,,,,,
L3965,FLUID DECANTERS 1L,ARCOROC,"Drinkware Accessories – Jugs, Pitchers & Carafes",£5.56,,https://static.wixstatic.com/media/042ed7_e15fffa295ff440695b2fe82111c995a~mv2.webp,,ARCOROC,FLUID,A6,PC,6,10.1,10.1,26.5,6,120.0,80.0,92.5,SODO,DRINKWARE,DRINKWARE ACCESSORIE,BROC CARAFE,19.656,CARAFE 1L FLUID,3.103,198,0.465,0,FR,33.6,22.5,26.0,883314592993,128.671,40883314522370,,883314522372,883314522372,,,,,,
L6247,"FLUID SANS BOUCHON CARAFE 0,75L",ARCOROC,Drinkware Accessories – Polycarbonates,£4.42,,https://static.wixstatic.com/media/042ed7_e46c4d01904b4e08b858bf282346eea0~mv2.webp,,ARCOROC,FLUID,A6,PC,6,9.6,9.6,21.0,6,120.0,80.0,103.3,SODO,DRINKWARE,DRINKWARE ACCESSORIE,BROC CARAFE,16.485,"CARAFE 0,75L FLUID SANS BOUCHON",2.88,264,0.435,0,FR,33.3,22.3,22.2,883314595536,153.817,40883314578438,,883314578430,883314578430,,,,,,
L8689,"FLUID WITH STOPPER DECANTER 0,75L",ARCOROC,"Drinkware Accessories – Jugs, Pitchers & Carafes",£5.52,,https://static.wixstatic.com/media/042ed7_f848426e12e14d5a93a26767503223d6~mv2.webp,,ARCOROC,FLUID,A6,PC,6,9.6,9.6,21.0,6,120.0,80.0,104.9,SODO,DRINKWARE,DRINKWARE ACCESSORIE,BROC CARAFE,16.783,"CARAFE 0,75L FLUID +BOUCHON",2.986,264,0.449,0,FR,33.3,22.3,22.6,883314594515,158.486,40883314578445,,883314578447,883314578447,,,,,,
L4193,FLUID+STOPPER DECANTERS 1L,ARCOROC,"Drinkware Accessories – Jugs, Pitchers & Carafes",£6.43,,,,ARCOROC,FLUID,A6,PC,6,10.1,10.1,26.5,6,120.0,80.0,92.5,SODO,DRINKWARE,DRINKWARE ACCESSORIE,BROC CARAFE,19.656,CARAFE 1L FLUID+BOUCHON,3.205,198,0.479,0,FR,33.6,22.5,26.0,883314525052,132.037,40883314525050,,883314592948,883314592948,,,,,,
75228,"FROSTED SHOT GLASS 6,5",ARCOROC,Drinkware – Shot Glasses,£1.65,,,,ARCOROC,ISLANDE,FA12,PC,72,3.8,3.8,10.5,72,120.0,80.0,110.5,SODO,DRINKWARE,DRINKWARE,GOBELET,18.552,GOBELET FH 6 ISLANDE FROSTED,8.588,3456,0.109,12,FR,40.9,18.9,24.0,10026102752286,437.808,40026102752287,B6,,,17.3,13.1,11.2,1.39,2.538,26102752364
Q4033,"FUID COLORS BLUE DECANTER 0,75L",ARCOROC,"Drinkware Accessories – Jugs, Pitchers & Carafes",£4.87,https://latabledarc.com/en/products/carafe-bleue-0-75l-fluid,https://cdn.shopify.com/s/files/1/0943/3553/3393/files/ee6ddebb961dabe02f5a443110d87e26_9b405673-d04e-4b34-adf4-29123d762c2d.jpg?v=1762444844,"Succumb to the charm of the 75cl Fluid Colors Blue Carafe from the Arcoroc brand.
 Discover the modern and unique design of the Fluid 75cl green carafe, perfect for serving all your beverages in restaurants, bars, and hotels. Its heavy base ensures excellent stability, making the Fluid 75cl carafe ideal for serving drinks at buffets. Whether for receptions, brunch buffets, or breakfasts, the Fluid carafe meets the expectations of catering professionals thanks to its exceptional durability and practicality.",ARCOROC,FLUID COLORS,A6,PC,6,9.6,9.6,21.0,6,120.0,80.0,103.3,SODO,DRINKWARE,DRINKWARE ACCESSORIE,BROC CARAFE,16.485,"CARAFE 0,75L FLUID COLORS BLUE",2.882,264,0.435,0,FR,33.3,22.3,22.2,883314852530,152.177,40883314852521,,883314852523,883314852523,,,,,,
N3941,FUNAMBULE DECANTER 1L+LID,LUMINARC,Drinkware Accessories – Crockery,£4.39,https://latabledarc.com/en/products/carafe-avec-bouchon-1-l-funambule,https://cdn.shopify.com/s/files/1/0943/3553/3393/files/96d4b063d62cda829ddfbc5fef05f1c5.jpg?v=1762444837,"Fall in love with the Funambule 1L carafe with stopper, developed by Luminarc
   This carafe is as practical as it is beautiful! Its glass composition guarantees easy cleaning and prevents the transfer of odors and tastes; while its elegant design makes it a striking addition to your table setting. Hygienic, durable, and attractive, this carafe is also practical, thanks to its lightweight construction, making it easy to serve.",LUMINARC,FUNAMBULE,A6,PC,6,0.0,0.0,0.0,6,120.0,80.0,99.8,SODO,DRINKWARE,DRINKWARE ACCESSORIE,BROC CARAFE,14.579,CARAFE 1L FUNAMBULE +BOUCHON LIEGE,3.446,306,0.531,0,FR,27.6,18.6,28.4,883314051919,201.82,40883314640395,,883314640397,883314640397,,,,,,
N4080,FUNAMBULE SANS BOUCHON CARAFE 1L,LUMINARC,Drinkware Accessories – Polycarbonates,£3.96,https://latabledarc.com/en/products/carafe-1-l-funambule-sans-bouchon,https://cdn.shopify.com/s/files/1/0943/3553/3393/files/304e90796e7884f63815108407d4131b.jpg?v=1762444820,,LUMINARC,FUNAMBULE,A6,PC,6,8.8,8.8,25.0,6,120.0,80.0,119.7,SODO,DRINKWARE,DRINKWARE ACCESSORIE,BROC CARAFE,13.452,CARAFE 1L FUNAMBULE SANS BOUCHON,3.307,408,0.514,0,FR,27.5,18.6,26.3,10883314640370,250.37,40883314640371,,883314640373,883314640373,,,,,,
X2714,GALEA STEMGLASS 38,C&S,Drinkware – Wine,£3.64,https://latabledarc.com/en/products/vap-galea-38cl,https://cdn.shopify.com/s/files/1/0943/3553/3393/files/N133599.jpg?v=1776066513,"Inspired by Art Nouveau elegance, Chef & Sommelier's Galea collection combines beauty and function in an exceptional glass. The Galea 38 cl stemmed glass, made from Krysta crystalline glass, captivates with its absolute transparency and remarkably thin walls. Its bowl, with its soft and generous curves, makes it the ideal companion for enhancing dry white wines, delicate rosés, or sparkling wines. Its slender stem and fluid silhouette give it a refined look that naturally stands out on the most elegant tables. A glass that is as beautiful to look at as it is pleasant to use. Sold in packs of 6.",C&S,GALEA,F6,PC,12,8.5,0.0,15.0,12,120.0,80.0,0.0,KRYSTA,DRINKWARE,DRINKWARE,STEMGLASS,0.0,VAP GALEA 38cl,,,,,,0.0,0.0,0.0,"1,08833E+13",,,B2,"8,83314E+11",,0.0,0.0,0.0,0.0,0.0,"8,83314E+11"
X2495,GALEA STEMGLASS 47,C&S,Drinkware – Wine,£3.84,https://latabledarc.com/en/products/vap-galea-47cl,https://cdn.shopify.com/s/files/1/0943/3553/3393/files/N133562.jpg?v=1776066634,"With the Galea 47 cl stemmed glass, Chef & Sommelier delivers a timelessly elegant glass, inspired by the organic and fluid lines of Art Nouveau. Crafted from Krysta crystalline glass, it stands out with its crystal-clear transparency and extra-thin walls that reveal the full visual richness of each wine. Its generous bowl, with harmonious curves, provides an ideal space for the aromas of light red wines and characterful white wines to fully develop. A glass designed for discerning connoisseurs who wish to experience every tasting as a true sensory journey.",C&S,GALEA,F6,PC,12,9.0,0.0,16.0,12,120.0,80.0,100.2,KRYSTA,DRINKWARE,DRINKWARE,STEMGLASS,33.209625,VAP GALEA 47cl,3.276,288,,,,39.5,29.5,28.5,"1,08833E+13",104.25,,B2,"8,83314E+11",,28.1,19.0,26.9,0.0,14.36191,"8,83314E+11"
X2713,GALEA STEMGLASS 55,C&S,Drinkware – Wine,£3.84,https://latabledarc.com/en/products/vap-galea-55cl,https://cdn.shopify.com/s/files/1/0943/3553/3393/files/697fc8df667e1ffc262f451c1990769a.jpg?v=1776066722,"The Chef & Sommelier Galea 55 cl stemmed glass is a true ode to the art of wine tasting. Made from Krysta crystalline glass, its absolute transparency and the lightness of its extra-fine walls highlight every color, every reflection, and every nuance of your full-bodied red wines. Its wide bowl with generous and fluid curves, a signature of the Galea collection, promotes optimal oxygenation and gradually releases all the wine's aromas. Elegant, refined, and remarkably delicate, it transforms every glass of wine into an exceptional moment.",C&S,GALEA,F6,PC,12,9.5,0.0,18.5,12,120.0,80.0,0.0,KRYSTA,DRINKWARE,DRINKWARE,STEMGLASS,0.0,VAP GALEA 55cl,,,,,,0.0,0.0,0.0,"1,08833E+13",,,B2,"8,83314E+11",,0.0,0.0,0.0,0.0,0.0,"8,83314E+11"
X2712,GALEA STEMGLASS 65,C&S,Drinkware – Wine,£4.16,https://latabledarc.com/en/products/vap-galea-65cl,https://cdn.shopify.com/s/files/1/0943/3553/3393/files/9feaca4c86605c2db0fb35f106be22e6.jpg?v=1776066786,"The centerpiece of the Galea collection, Chef & Sommelier's 65 cl stemmed glass perfectly embodies the union of innovation and timeless refinement. Crafted from Krysta crystalline glass, it impresses with the absolute fineness of its walls, its crystalline transparency, and its silhouette with ample and generous curves, directly inspired by Art Nouveau elegance. Its wide bowl offers an exceptional oxygenation surface, ideal for revealing the full complexity and depth of aged red wines. With its remarkably graceful stem and elegant base, this glass is as much a work of art as it is an exceptional tasting tool. Sold in sets of 6, it is a must-have for special occasions and fine bottles.",C&S,GALEA,F6,PC,12,10.5,0.0,18.5,12,120.0,80.0,0.0,KRYSTA,DRINKWARE,DRINKWARE,STEMGLASS,0.0,VAP GALEA 65cl,,,,,,0.0,0.0,0.0,"1,08833E+13",,,B2,"8,83314E+11",,0.0,0.0,0.0,0.0,0.0,"8,83314E+11"
V8775,GIN J0L2 CE SHOT GLASS 3,ARCOROC,Drinkware – Cocktails,£0.55,,,,ARCOROC,GIN,YD24,PC,192,4.2,4.2,5.2,192,120.0,80.0,112.4,SODO,DRINKWARE,DRINKWARE,GOBELET,24.404,GOBELET FB 3 GIN 0L2 CE,10.75,6144,0.05,24,FR,53.2,37.6,12.2,10883314007074,369.683,40883314007075,B8,,,26.2,18.3,5.5,1.291,2.637,26102295908
V8776,GIN OF TUMBLER 3,ARCOROC,Drinkware – Cocktails,£0.53,,,,ARCOROC,GIN,YD24,PC,192,4.2,4.2,5.2,192,120.0,80.0,112.4,SODO,DRINKWARE,DRINKWARE,GOBELET,24.404,GOBELET FB 3 GIN,10.75,6144,0.05,24,FR,53.2,37.6,12.2,10883314007098,369.683,40883314007099,B8,,,26.2,18.3,5.5,1.291,2.637,26102149539
V8849,GIN OF TUMBLER 5,ARCOROC,Drinkware – Cocktails,£0.57,,,,ARCOROC,GIN,YD24,PC,192,4.8,4.8,5.7,192,120.0,80.0,116.9,SODO,DRINKWARE,DRINKWARE,GOBELET,33.293,GOBELET FB 5 GIN,12.822,4608,0.06,24,FR,42.5,30.6,25.6,10883314010326,333.117,40883314010327,B8,,,29.2,20.5,6.1,1.555,3.651,26102173442
16,GIN SHOT GLASS 3,ARCOROC,Drinkware – Cocktails,£0.53,,,,ARCOROC,GIN,YD24,PC,24,4.2,4.2,5.2,24,120.0,81.1,119.0,SODO,DRINKWARE,DRINKWARE,GOBELET,2.637,GOBELET FB 3 GIN,1.291,8664,0.05,0,FR,26.2,18.3,5.5,26102149539,493.766,40026102000166,,,,,,,,,
V7584,GRAND CHAIS WINE FLUTE 24             F4,LUMINARC,Drinkware – Champagne,£7.89,,,,LUMINARC,GRAND CHAIS WINE,FA4,F4,6,14.8,14.8,24.4,6,120.0,80.0,117.0,CRYSTAL GLASS,DRINKWARE,DRINKWARE,VERRE A PIED,35.838,FLUTE 24 GRAND CHAIS WINE            F4,4.682,120,0.711,0,FR,45.6,30.7,25.6,10883314992936,119.13,40883314992937,B6,883314992939,883314992939,,,,,,
V7582,GRAND CHAIS WINE STEMGLASS 35         F4,LUMINARC,Drinkware – Wine,£7.89,,,,LUMINARC,GRAND CHAIS WINE,FF4,F4,6,9.0,9.0,21.0,6,120.0,80.0,107.8,CRYSTAL GLASS,DRINKWARE,DRINKWARE,VERRE A PIED,51.355,VERRE A PIED 35 GRAND CHAIS WINE     F4,5.328,96,0.632,0,FR,57.1,38.6,23.3,10883314993827,110.522,40883314993828,B6,883314993820,883314993820,,,,,,
V7583,GRAND CHAIS WINE STEMGLASS 47         F4,LUMINARC,Drinkware – Wine,£8.57,,,,LUMINARC,GRAND CHAIS WINE,FF4,F4,6,9.7,9.7,22.7,6,120.2,81.2,114.2,CRYSTAL GLASS,DRINKWARE,DRINKWARE,VERRE A PIED,60.757,VERRE A PIED 47 GRAND CHAIS WINE     F4,6.041,96,0.716,0,FR,60.1,40.6,24.9,10883314993834,122.141,40883314993835,B6,883314993837,883314993837,,,,,,
Q3497,GREEN LID 90 COMPATIBLE,ARCOROC,Storage,£0.35,,,,ARCOROC,COMPATIBLE,A48,PC,48,0.0,0.0,0.0,48,120.0,80.0,113.5,PLASTIQUE,KITCHENWARE,STORAGE,ACCESSOIRES CONSERVE,3.96,COUVERCLE 90 COMPATIBLE VERT,0.471,11520,0.008,0,FR,20.0,20.0,9.9,10883314846406,138.824,40883314846407,,,,,,,,,
V4295,GS FB 220ML LOG T SOLID COLOR GREY,ARCOROC,Drinkware – Buffet & Display,£0.99,,,,ARCOROC,LOG,A6,PC,24,7.3,7.3,7.9,24,120.0,80.0,14.5,SODO,DRINKWARE,DRINKWARE,GOBELET,15.75,GOBELET FB 220ML LOG GRIS CC T,4.191,1200,0.15,0,CN,32.7,24.7,19.5,10883314958178,239.55,40883314958179,B4,,,,,,,,
V4294,GS FB 220ML LOG T SOLID COLOR ICE BLUE,ARCOROC,Drinkware – Buffet & Display,£0.99,,,,ARCOROC,LOG,A6,PC,24,0.0,0.0,0.0,24,120.0,80.0,14.5,SODO,DRINKWARE,DRINKWARE,GOBELET,15.75,GOBELET FB 220ML LOG ICE BLUE T,4.191,1200,0.15,0,CN,32.7,24.7,19.5,10883314958161,239.55,40883314958162,B4,,,,,,,,
V5654,HERVE BUTTER DISH,LUMINARC,Dinnerware,£4.26,https://latabledarc.com/en/products/beurrier-vache-17-x-10-5-cm-herve,https://cdn.shopify.com/s/files/1/0943/3553/3393/files/f644b654940c069dfcd916a5876eb14e_ae2919d7-fd42-43ef-a75e-88a1f498c69b.jpg?v=1762444278,"Choose the Cow Butter Dish 17 x 10.5 cm Le Verre Français, by Luminarc
 This butter dish will be your everyday ally: easy to clean and perfectly hygienic thanks to its glass composition, it also contributes to the decoration of your table and kitchen thanks to its elegant shapes!",LUMINARC,VACHE,RP1,K1,6,17.0,10.5,6.2,6,120.0,80.0,105.0,SODO,DINNERWARE,DINNERWARE,COMPLEMENT DE TABLE,7.725,BEURRIER HERVE T,3.867,600,0.619,0,FR,22.0,19.4,18.1,10026102731151,412.254,40026102731152,B6,26102710029,26102710029,,,,,,
V8248,HOT SHOT HB TUMBLER 3.4,ARCOROC,Drinkware – Shot Glasses,£0.82,,,,ARCOROC,HOT SHOT,FA6,PC,24,4.5,4.5,7.0,24,120.0,80.0,119.0,SODO,DRINKWARE,DRINKWARE,GOBELET,6.125,"GOBELET FH 3,4 HOT SHOT",2.696,3744,0.102,0,FR,22.0,16.0,17.4,10883314997214,446.07,40883314997215,B4,,,,,,,,
G2639,HOT SHOT HB TUMBLER 7,ARCOROC,Drinkware – Shot Glasses,£0.89,,https://static.wixstatic.com/media/042ed7_310ac38308cd4f999faa0201730080c8~mv2.webp,,ARCOROC,HOT SHOT,FA12,PC,48,5.5,5.5,8.5,48,120.0,80.0,111.5,SODO,DRINKWARE,DRINKWARE,GOBELET,16.873,GOBELET FH 7 HOT SHOT,5.19,2400,0.096,12,FR,35.5,24.5,19.4,10883314176947,284.984,40883314176948,B4,,,17.3,11.8,18.2,1.248,3.715,883314176940
X1396,HURRICANE COCKTAIL STEMMED GLASS 44,ARCOROC,Drinkware – Cocktails,£3.98,,https://static.wixstatic.com/media/042ed7_fe55b4aaf35c4220aff12000b041f3cd~mv2.webp,,ARCOROC,HURRICANE,FA6,PC,24,7.9,7.9,20.8,24,120.0,80.0,110.9,SODO,DRINKWARE,DRINKWARE,VERRE A PIED,45.772,VERRE A COCKTAIL 44 HURRICANE,9.247,432,0.327,6,FR,35.7,26.6,48.2,10026102545840,191.93,40026102545841,B4,,,25.1,17.0,23.3,2.195,9.942,26102845127
T3118,ICE CREAM SPOON VESCA,ARCOROC,Cutlery,£1.97,,,,ARCOROC,VESCA,C12,PC,24,0.0,0.0,0.0,24,0.0,0.0,0.0,INOX,FLATWARE,CUTLERY,COUVERTS DE SERVICE,2.065,CUILLERE A GLACE VESCA,0.69,0,0.023,12,CN,23.9,14.9,5.8,10026102904456,,,B2,,,21.5,6.2,4.8,0.308,0.64,26102816707
V7030,ICED VINTAGE ICE CREAM BOWL 35,LUMINARC,Dinnerware,£2.15,,,,LUMINARC,ICED VINTAGE,FA6,PC,24,11.9,11.9,7.4,24,120.0,80.0,119.2,SODO,DINNERWARE,DINNERWARE,COUPE DESSERT,16.107,COUPE A GLACE 35 ICED VINTAGE,8.267,1440,0.32,6,FR,26.6,23.2,26.1,10883314984665,521.514,40883314984666,B4,883314715996,883314715996,11.9,11.9,7.4,1.92,1.048,883314984675
X2507,IMP HAWORTH MUG 10OZ,ARCOROC,Drinkware – Hot Drinks,£1.68,,,,ARCOROC,HAWORTH,A24,PC,24,7.7,7.7,10.4,24,120.0,80.0,105.0,SODO,DRINKWARE,DRINKWARE,BOCK HORS CAFE/THE/PT.DEJ,26.135,BOCK 28 HAWORTH,8.605,768,0.335,0,FR,39.2,29.5,22.6,10883314098393,300.832,40883314098394,,,,,,,,,
X1041,IMP HAWORTH MUG 20 OZ,ARCOROC,Drinkware – Hot Drinks,£2.11,,,,ARCOROC,HAWORTH,A12,PC,12,13.5,13.5,13.1,12,120.0,80.0,116.9,SODO,DRINKWARE,DRINKWARE,BOCK HORS CAFE/THE/PT.DEJ,19.107,BOCK 57 HAWORTH,7.48,504,0.585,0,FR,39.9,32.8,14.6,10883314061823,339.749,40883314061824,,,,,,,,,
N6643,ISLANDE H/B TUMBLER 16,ARCOROC,Drinkware – Hiballs,£0.78,,,,ARCOROC,ISLANDE,FA6,PC,24,5.5,5.5,10.0,24,120.0,80.0,109.2,SODO,DRINKWARE,DRINKWARE,GOBELET,12.073,GOBELET FH 16 ISLANDE,4.57,1728,0.174,6,FR,26.1,19.6,23.6,10026102291747,355.293,40026102291748,B4,,,18.2,12.4,11.1,1.105,2.505,26102078198
J3314,ISLANDE H/B TUMBLER 17,ARCOROC,Drinkware – Hiballs,£0.78,,https://static.wixstatic.com/media/042ed7_d3aa5b4c75394e11b8fdef2607688ad1~mv2.webp,,ARCOROC,ISLANDE,FA6,PC,24,5.2,5.2,12.5,24,120.0,80.0,117.6,SODO,DRINKWARE,DRINKWARE,GOBELET,12.641,GOBELET TUBO 17 ISLANDE,5.177,1680,0.196,6,FR,35.1,24.5,14.7,10883314405795,387.984,40883314405796,B4,,,17.0,11.6,13.6,1.24,2.682,883314405798
J3307,ISLANDE H/B TUMBLER 22,ARCOROC,Drinkware – Hiballs,£0.78,,,,ARCOROC,ISLANDE,FA6,PC,1512,5.8,5.8,13.1,0,120.0,80.0,117.7,SODO,DRINKWARE,DRINKWARE,GOBELET,0.0,GOBELET FH 22 ISLANDE,0.0,1512,0.232,0,FR,,,,,397.382,40026102405664,,,,,,,,,
N6641,ISLANDE H/B TUMBLER 22,ARCOROC,Drinkware – Hiballs,£0.78,,https://static.wixstatic.com/media/042ed7_e4443b8026014de39774e202b2047a39~mv2.webp,,ARCOROC,ISLANDE,FA6,PC,24,5.8,5.8,13.1,24,120.0,80.0,110.1,SODO,DRINKWARE,DRINKWARE,GOBELET,17.808,GOBELET FH 22 ISLANDE,6.162,1152,0.232,6,FR,40.0,28.0,15.9,10026102291778,321.734,40026102291779,B4,,,19.4,13.2,14.7,1.471,3.764,26102078167
X2897,ISLANDE H/B TUMBLER 22,ARCOROC,Drinkware – Hiballs,£0.78,,,,ARCOROC,ISLANDE,#N/A,PC,1764,5.3,5.3,15.2,0,120.0,80.4,111.0,SODO,DRINKWARE,DRINKWARE,GOBELET,0.0,GOBELET TUBO 22 ISLANDE,0.0,1764,0.23,0,FR,,,,,453.989,40883314107188,#N/A,,,,,,,,
N6642,ISLANDE H/B TUMBLER 22,ARCOROC,Drinkware – Hiballs,£0.78,,,,ARCOROC,ISLANDE,FA6,PC,24,5.3,5.3,15.2,24,120.0,80.0,117.9,SODO,DRINKWARE,DRINKWARE,GOBELET,14.715,GOBELET TUBO 22 ISLANDE,5.988,1440,0.23,6,FR,35.5,24.1,17.2,10883314730200,384.874,40883314730201,B4,,,17.1,11.4,16.0,1.451,3.119,883314405804
J3315,ISLANDE H/B TUMBLER 225,ARCOROC,Drinkware – Hiballs,£0.78,,https://static.wixstatic.com/media/042ed7_8c9a9ad4ea9949bc83b4537d117a70ef~mv2.webp,,ARCOROC,ISLANDE,FA6,PC,1764,5.3,5.3,15.2,0,120.0,80.0,111.0,SODO,DRINKWARE,DRINKWARE,GOBELET,0.0,GOBELET TUBO 22 ISLANDE,0.0,1764,0.23,0,FR,,,,,452.966,40883314405802,,,,,,,,,
J3308,ISLANDE H/B TUMBLER 29,ARCOROC,Drinkware – Hiballs,£0.87,,,,ARCOROC,ISLANDE,FA6,PC,1116,6.3,6.3,14.5,0,120.0,80.0,112.5,SODO,DRINKWARE,DRINKWARE,GOBELET,0.0,GOBELET FH 29 ISLANDE,0.0,1116,0.276,0,FR,,,,,352.977,40026102270736,,,,,,,,,
N6640,ISLANDE H/B TUMBLER 29,ARCOROC,Drinkware – Hiballs,£0.87,,,,ARCOROC,ISLANDE,FA6,PC,24,6.3,6.3,14.5,24,120.0,80.0,117.1,SODO,DRINKWARE,DRINKWARE,GOBELET,22.146,GOBELET FH 29 ISLANDE,7.27,936,0.276,6,FR,29.3,22.1,34.2,10026102403423,308.924,40026102403424,B4,,,20.4,13.8,16.3,1.747,4.589,26102078082
J3309,ISLANDE H/B TUMBLER 31,ARCOROC,Drinkware – Hiballs,£0.87,,,,ARCOROC,ISLANDE,FA6,PC,930,6.0,6.0,16.6,0,120.0,80.0,109.9,SODO,DRINKWARE,DRINKWARE,GOBELET,0.0,GOBELET FH 31 ISLANDE,0.0,930,0.275,0,FR,,,,,299.844,40026102270590,,,,,,,,,
J4227,ISLANDE H/B TUMBLER 31,ARCOROC,Drinkware – Hiballs,£0.87,,,,ARCOROC,ISLANDE,FA6,PC,24,6.0,6.0,16.6,24,120.0,80.0,117.5,SODO,DRINKWARE,DRINKWARE,GOBELET,25.8,GOBELET FH 31 ISLANDE,7.351,720,0.275,6,FR,42.6,29.4,20.6,10026102405700,246.02,40026102405701,B4,,,20.3,13.8,19.0,1.751,5.323,26102078068
J3310,ISLANDE H/B TUMBLER 33,ARCOROC,Drinkware – Hiballs,£0.87,,,,ARCOROC,ISLANDE,FA6,PC,1116,6.3,6.3,15.7,0,120.0,80.0,112.9,SODO,DRINKWARE,DRINKWARE,GOBELET,0.0,GOBELET FH 33 ISLANDE,0.0,1116,0.282,0,FR,,,,,357.935,40883314405727,,,,,,,,,
N6639,ISLANDE H/B TUMBLER 33,ARCOROC,Drinkware – Hiballs,£0.87,,,,ARCOROC,ISLANDE,FA6,PC,24,6.3,6.3,15.7,24,120.0,80.0,117.1,SODO,DRINKWARE,DRINKWARE,GOBELET,22.146,GOBELET FH 33 ISLANDE,7.414,936,0.282,6,FR,29.3,22.1,34.2,10883314729792,314.832,40883314729793,B4,,,20.4,13.8,16.3,1.783,4.589,883314405729
J4226,ISLANDE H/B TUMBLER 36,ARCOROC,Drinkware – Hiballs,£0.87,,https://static.wixstatic.com/media/042ed7_8fb9fc5ee164400eab58490efb2a0a75~mv2.webp,,ARCOROC,ISLANDE,FA6,PC,24,6.4,6.4,17.0,24,120.0,80.0,117.5,SODO,DRINKWARE,DRINKWARE,GOBELET,25.8,GOBELET FH 36 ISLANDE,7.639,720,0.287,6,FR,42.6,29.4,20.6,10026102414740,254.66,40026102414741,B4,,,20.3,13.8,19.0,1.823,5.323,26102077979
V3300,ISLANDE HB TUMBLER 22,LUMINARC,Drinkware – Hiballs,£0.78,,,,LUMINARC,ISLANDE,1/2 FA6,PC,24,5.3,5.3,15.2,24,120.0,80.0,115.5,SODO,DRINKWARE,DRINKWARE,GOBELET,14.571,GOBELET TUBO 22 ISLANDE,6.13,1440,0.23,6,FR,35.4,24.5,16.8,10883314948872,393.384,40883314948873,B4,883314948875,883314948875,17.0,11.6,15.7,1.475,3.096,
V3299,ISLANDE HB TUMBLER 33,LUMINARC,Drinkware – Hiballs,£0.87,,,,LUMINARC,ISLANDE,1/2 FA6,PC,24,6.3,6.3,15.7,24,120.0,80.0,117.1,SODO,DRINKWARE,DRINKWARE,GOBELET,22.146,GOBELET FH 33 ISLANDE,7.522,936,0.282,6,FR,29.3,22.1,34.2,10883314948865,318.852,40883314948866,B4,883314948868,883314948868,20.4,13.8,16.3,1.81,4.589,
Q7781,ISLANDE HB TUMBLER 46,ARCOROC,Drinkware – Hiballs,£1.27,https://latabledarc.com/en/products/verre-haut-46-cl-islande,https://cdn.shopify.com/s/files/1/0943/3553/3393/files/1c60ed35305b84a50a7c468342052313.jpg?v=1762448201,"Discover the Arcoroc Iceland tall glass, 46 cl
  Simplicity and elegance are the strengths of this carefully designed glass. Its cylindrical shape with straight sides and thick base gives it a distinctive character. This tall glass is perfect for cocktails, classic drinks, and soft drinks with large ice cubes. Bonus: it's made of tempered glass.",ARCOROC,ISLANDE,FA6,PC,12,7.3,7.3,15.8,12,120.0,80.0,107.5,SODO,DRINKWARE,DRINKWARE,GOBELET,14.285,GOBELET H/BALL 46 ISLANDE,3.994,720,0.3,6,FR,32.0,24.0,18.6,10883314891895,265.012,40883314891896,B2,,,22.7,15.4,17.5,1.91,6.118,883314891898
V3302,ISLANDE HB TUMBLER 6,LUMINARC,Drinkware – Hiballs,£0.58,,,,LUMINARC,ISLANDE,1/2 FA6,PC,24,3.8,3.8,10.5,24,122.0,80.0,117.8,SODO,DRINKWARE,DRINKWARE,GOBELET,8.341,GOBELET FH 6 ISLANDE,3.032,2496,0.109,6,FR,30.5,21.2,12.9,10883314948889,340.817,40883314948880,B4,883314948882,883314948882,14.3,9.8,11.2,0.715,1.57,
J3312,ISLANDE O/F TUMBLER 20,ARCOROC,Drinkware – Rocks,£0.78,,,,ARCOROC,ISLANDE,FA6,PC,1500,7.0,7.0,8.4,0,120.0,80.0,109.3,SODO,DRINKWARE,DRINKWARE,GOBELET,0.0,GOBELET FB 20 ISLANDE,0.0,1500,0.255,0,FR,,,,,429.311,40026102405756,,,,,,,,,
N6377,ISLANDE O/F TUMBLER 38,ARCOROC,Drinkware – Rocks,£1.34,,https://static.wixstatic.com/media/042ed7_98bfd2894df849b3b54bb34d6bfe328e~mv2.webp,,ARCOROC,ISLANDE,FA6,PC,24,8.8,8.8,9.6,24,120.0,80.0,104.9,SODO,DRINKWARE,DRINKWARE,GOBELET,26.135,GOBELET FB 38 ISLANDE,10.855,768,0.42,6,FR,39.2,29.5,22.6,10026102290498,373.031,40026102290499,B4,,,27.8,18.8,10.5,2.625,5.488,26102556429
V7130,ISLANDE OF TUMBLER 20,ARCOROC,Drinkware – Tumblers,£0.78,,,,ARCOROC,ISLANDE,FA6,PC,24,7.0,7.0,8.4,24,120.0,80.0,114.7,SODO,DRINKWARE,DRINKWARE,GOBELET,16.534,GOBELET FB 20 ISLANDE,6.676,1200,0.255,6,FR,33.2,24.9,20.0,10026102271022,359.394,40026102271023,B4,,,23.7,16.0,9.4,1.608,3.564,26102078297
V3303,ISLANDE OF TUMBLER 30,LUMINARC,Drinkware – Tumblers,£0.87,,,,LUMINARC,ISLANDE,1/2 FA6,PC,24,7.9,7.9,9.3,24,120.0,80.0,111.4,SODO,DRINKWARE,DRINKWARE,GOBELET,22.981,GOBELET FB 30 ISLANDE,8.806,864,0.335,6,FR,35.7,26.6,24.2,10883314948896,342.494,40883314948897,B4,883314948899,883314948899,25.1,17.0,11.5,2.125,4.907,
J3313,ISLANDE OF TUMBLER 30,ARCOROC,Drinkware – Tumblers,£0.87,,,,ARCOROC,ISLANDE,FA6,PC,1260,7.9,7.9,9.3,0,120.0,80.0,115.3,SODO,DRINKWARE,DRINKWARE,GOBELET,0.0,GOBELET FB 30 ISLANDE,0.0,1260,0.335,0,FR,,,,,467.947,40026102270835,,,,,,,,,
J4239,ISLANDE OF TUMBLER 30,ARCOROC,Drinkware – Tumblers,£0.87,,,,ARCOROC,ISLANDE,FA6,PC,24,7.9,7.9,9.3,24,120.0,80.0,120.5,SODO,DRINKWARE,DRINKWARE,GOBELET,20.301,GOBELET FB 30 ISLANDE,8.625,1080,0.335,6,FR,36.0,26.6,21.2,10026102270742,414.104,40026102270743,B4,,,25.4,17.0,10.0,2.1,4.318,26102078327
12365,ISLANDE SHOT GLASS 6,ARCOROC,Drinkware – Shot Glasses,£0.58,,,,ARCOROC,ISLANDE,FA12,PC,4320,3.8,3.8,10.5,0,120.0,80.0,115.7,SODO,DRINKWARE,DRINKWARE,GOBELET,0.0,GOBELET FH 6 ISLANDE,0.0,4320,0.109,0,FR,,,,,525.544,40026102123650,,,,,,,,,
40375,ISLANDE SHOT GLASS 6,ARCOROC,Drinkware – Shot Glasses,£0.58,,,,ARCOROC,ISLANDE,FA12,PC,72,3.8,3.8,10.5,72,120.0,80.0,110.5,SODO,DRINKWARE,DRINKWARE,GOBELET,18.552,GOBELET FH 6 ISLANDE,8.6,3456,0.109,12,FR,40.9,18.9,24.0,10026102403751,438.384,40026102403752,B6,,,17.4,13.1,11.2,1.392,2.553,26102078211
J4238,ISLANDE TUBO H/B TUMBLER 10,ARCOROC,Drinkware – Hiballs,£0.78,,,,ARCOROC,ISLANDE,FA6,PC,24,5.1,5.1,8.7,24,120.0,80.0,116.6,SODO,DRINKWARE,DRINKWARE,GOBELET,9.058,GOBELET TUBO 10 ISLANDE,4.314,2520,0.165,6,FR,24.0,18.5,20.4,10883314414766,478.654,40883314414767,B4,,,16.7,11.4,9.6,1.04,1.828,883314414769
X2887,ISLANDEOF TUMBLER 30,ARCOROC,Drinkware – Tumblers,£0.87,,https://static.wixstatic.com/media/042ed7_38348570389b42ebba0439fb190364fe~mv2.webp,,ARCOROC,ISLANDE,#N/A,PC,24,7.9,7.9,9.3,24,120.0,80.0,120.5,SODO,DRINKWARE,DRINKWARE,GOBELET,20.301,GOBELET FB 30 ISLANDE,8.625,1080,0.335,0,FR,36.0,26.6,21.2,10883314301547,414.104,40883314301548,#N/A,,,,,,,,
V7089,JAZZED FROSTED DESSERT BOWL 25,ARCOROC,Dinnerware,£3.56,https://latabledarc.com/en/products/coupe-a-glace-en-verre-25-cl-jazzed-frozen,https://cdn.shopify.com/s/files/1/0943/3553/3393/files/280d7e57d1c14a9db522793546525afd.jpg?v=1760539738,"Révélez votre créativité avec la coupe à glace et à dessert 25 cl L6756 Jazzed Frozen d’Arcoroc.
 Une forme toute en rondeurs, une base lourde et une structure granitée comme givrée forment un élégant design qui séduira les restaurants à la recherche d'originalité. Spécialiement conçue pour les restaurateurs et les glaciers, elle mettra en valeur toutes les recettes de glace, de desserts mais aussi les petites salades de bienvenue ou autres entrées. Avec une capacité de 25 cl elle est ainsi très versatile et convient pour le début comme pour la fin du repas. Sa large ouverture vous permettra de réaliser de magnifiques dressages. La coupe à glace et à dessert Jazzed Frozen est fabriquée dans un verre d’une brillance remarquable, totalement compatible avec les usages intensifs en restauration et les fréquents passages au lave-vaisselle. En effet sa transparence et sa brillance seront conservées même après 2000 cycles. Cette durabilité vous permettra de limiter le réassort et ainsi de réaliser des économies. Le verre est aussi un matériau recyclable et hygiénique, il se trouve en phase avec les attentes croissantes de vos clients.   Le plus Arcoroc : un fond lourd qui assure une bonne stabilité durant le service et pour le stockage.",ARCOROC,JAZZED FROZEN,FA6,PC,24,13.4,13.4,8.7,24,120.0,80.0,108.6,SODO,DINNERWARE,DINNERWARE,COUPE DESSERT,50.08,COUPE A DESSERT 25 JAZZED FROZEN,11.239,432,0.39,6,FR,40.0,40.0,31.3,10883314990604,227.879,40883314990605,B4,,,38.1,19.6,15.0,2.677,11.201,883314555257
V7087,JAZZED ICE CREAM BOWL 25,ARCOROC,Dinnerware,£3.56,https://latabledarc.com/en/products/coupe-a-glace-en-verre-25-cl-jazzed,https://cdn.shopify.com/s/files/1/0943/3553/3393/files/79eee68c990e976ef653c9b97572c21c.jpg?v=1760542100,"Mettez en valeur vos créations sucrées avec la coupe à glace 25 cl V7087 Jazzed d’Arcoroc.
 La forme évasée et rebondie de cette coupe à dessert est une invitation à la dégustation et à la gourmandise. Son design asymétrique apporte une touche de modernité et d’originalité en fin de repas ou lors d’une pause gourmande. Elle valorise le dressage d’un dessert, d’une salade de fruits et d’une composition glacée. Cette coupe en verre est dotée d’un fond lourd qui assure une bonne stabilité et une excellente prise en main. Les professionnels de la restauration apprécient la durabilité et la facilité d’entretien de cette coupe à glace en verre. Pour personnaliser votre décoration de table, associez cette coupe unie aux reliefs texturés et ondoyants des coupes Jazzed Frozen et Jazzed Wirl. Le plus Arcoroc : Labélisée High Transparency, cette coupe en verre d’une pureté exceptionnelle ne modifie pas la perception de la couleur des ingrédients.",ARCOROC,JAZZED,FA6,PC,24,13.4,13.4,9.2,24,120.0,80.0,108.6,SODO,DINNERWARE,DINNERWARE,COUPE DESSERT,50.08,COUPE A DESSERT 25 JAZZED,11.303,432,0.39,6,FR,40.0,40.0,31.3,10883314998563,229.031,40883314998564,B4,,,38.1,19.6,15.0,2.693,11.201,883314555226
N8367,JAZZED ICE CREAM SUNDAE 41,ARCOROC,Dinnerware,£5.23,https://latabledarc.com/en/products/coupe-a-glace-en-verre-41-cl-jazzed,https://cdn.shopify.com/s/files/1/0943/3553/3393/files/6305309bb28e5ea36c31214b20ffe59b.jpg?v=1760540198,,ARCOROC,JAZZED,FA6,PC,12,12.8,12.8,19.8,12,120.0,80.0,101.7,SODO,DINNERWARE,DINNERWARE,COUPE DESSERT,45.954,COUPE A GLACE 41 JAZZED,10.775,192,0.78,6,FR,52.7,40.0,21.8,10883314686156,197.869,40883314686157,B2,,,38.7,25.5,20.7,5.118,20.428,883314088922
X2620,JOLLY DESSERT BOWL 35,ARCOROC,Dinnerware,£2.43,https://latabledarc.com/en/products/coupe-dessert-35-jolly,https://cdn.shopify.com/s/files/1/0943/3553/3393/files/079cb1ab54f1485cccdde4e7eb0ded6c.jpg?v=1769691135,"Jolly Ice Cream Cup 35 cl – by Arcoroc
With its generous curves and characteristic undulations, the Jolly 35 cl ice cream cup has everything to tempt gourmands. Made of transparent glass, it offers a beautiful brilliance that highlights sorbets, ice creams, and verrines. Its wide opening facilitates presentation, while its short stem and stable base ensure perfect stability on the table. Its capacity of 35 cl is ideal for a well-portioned individual serving, both at home and in restaurants. Dishwasher-safe and sold in sets of 6, it combines practicality and originality for an inviting table.",ARCOROC,JOLLY,FA6,PC,24,0.0,0.0,0.0,24,120.0,80.0,100.0,SODO,DINNERWARE,DINNERWARE,COUPE DESSERT,34.001,COUPE DESSERT 35 JOLLY,5.802,576,0.204,6,FR,39.9,29.9,28.5,10883314100126,164.712,40883314100127,B4,,,28.5,19.2,13.4,1.349,7.332,883314100129
X2621,JOLLY DESSERT BOWL 45,ARCOROC,Dinnerware,£2.83,https://latabledarc.com/en/products/coupe-dessert-45-jolly,https://cdn.shopify.com/s/files/1/0943/3553/3393/files/d6601f427f6d57c229893b01f39ecdfb.jpg?v=1769691139,"The Jolly 45 cl ice cream cup is the generous version for true dessert lovers! The same rounded and wavy shape as its little sister, but with a 45 cl capacity to accommodate XXL sundaes, banana splits, or festive fruit cups. Made of brilliant transparent glass, it elegantly showcases every dessert thanks to its wide opening and short, stable base. Perfect for enlivening your family meals or equipping a cafe, restaurant, or brasserie. Dishwasher safe and sold in a set of 6, it is as practical as it is stylish.",ARCOROC,JOLLY,FA6,PC,24,0.0,0.0,0.0,24,120.0,80.0,107.5,SODO,DINNERWARE,DINNERWARE,COUPE DESSERT,42.16,COUPE DESSERT 45 JOLLY,7.138,432,0.254,6,FR,42.5,32.0,31.0,10883314100133,153.859,40883314100134,B4,,,30.3,20.4,14.7,1.668,9.086,883314100136
P3676,KEEPN BOX JUG 1L1+ STOPPER LAGON,LUMINARC,"Drinkware Accessories – Jugs, Pitchers & Carafes",£3.98,https://latabledarc.com/en/products/broc-avec-bouchon-1-1-l-keepn-box,https://cdn.shopify.com/s/files/1/0943/3553/3393/files/eac97852aa0ac0788d9aaea4230bfeee.webp?v=1775203731,"Choose the Keep'n Box 1.1L pitcher with lid, by Luminarc
 This jug combines simplicity and practicality, thanks to its reduced weight, which facilitates serving.",LUMINARC,KEEP'N BOX,A6,PC,6,8.6,8.6,24.2,6,120.0,80.0,91.9,SODO,DRINKWARE,DRINKWARE ACCESSORIE,BROC CARAFE,18.23,"BROC 1,1L KEEPN BOX +CV LAGON",5.006,216,0.78,0,FR,34.3,20.6,25.8,10883314755241,205.568,40883314755242,,883314199147,883314199147,,,,,,
J9399,LA CAVE FLUTE 16,LUMINARC,Drinkware – Champagne,£1.92,,,,LUMINARC,LA CAVE,1/2 FA6,PC,24,7.0,7.0,22.2,24,120.0,80.0,109.3,SODO,DRINKWARE,DRINKWARE,VERRE A PIED,40.534,FLUTE 16 LA CAVE,4.468,480,0.138,6,FR,33.8,25.3,47.4,10883314470106,114.834,40883314470107,B4,883314360080,883314360080,23.7,16.0,22.9,1.012,8.684,883314406696
J9404,LA CAVE H/B TUMBLER 36,LUMINARC,Drinkware – Hiballs,£1.09,,,,LUMINARC,LA CAVE,1/2 FA6,PC,24,7.6,7.6,12.1,24,120.0,80.0,96.7,SODO,DRINKWARE,DRINKWARE,GOBELET,23.26,GOBELET FH 36 LA CAVE,5.676,720,0.204,6,FR,33.8,25.3,27.2,10883314470175,195.842,40883314470176,B4,883314406733,883314406733,23.7,16.0,12.8,1.342,4.854,883314406726
J9403,LA CAVE O/F TUMBLER 34,LUMINARC,Drinkware – Rocks,£1.09,,,,LUMINARC,LA CAVE,1/2 FA6,PC,24,9.0,9.0,8.4,24,120.0,80.0,95.3,SODO,DRINKWARE,DRINKWARE,GOBELET,23.359,GOBELET FB 34 LA CAVE,5.237,768,0.185,6,FR,39.2,29.5,20.2,10883314470151,193.048,40883314470152,B4,883314406719,883314406719,27.9,18.8,9.3,1.225,4.878,883314406702
X3046,LA CAVE OF TUMBLER 34,LUMINARC,Drinkware – Tumblers,,,,,LUMINARC,LA CAVE,#N/A,PC,24,9.0,9.0,8.4,24,120.0,80.0,115.7,SODO,DRINKWARE,DRINKWARE,GOBELET,23.359,GOBELET FB 34 LA CAVE .,5.232,960,0.222,6,FR,39.2,29.5,20.2,10883314113300,234.936,40883314113301,#N/A,883314406719,883314406719,27.9,18.8,9.3,1.224,4.878,883314406702
J9398,LA CAVE STEMMED GLASS 26,LUMINARC,Drinkware – Wine,£1.80,,,,LUMINARC,LA CAVE,1/2 FA6,PC,24,7.2,7.2,18.0,24,120.0,80.0,94.2,SODO CLEAR,DRINKWARE,DRINKWARE,VERRE A PIED,34.035,VERRE A PIED 26 LA CAVE,4.333,480,0.138,6,FR,33.8,25.3,39.8,10883314470090,112.115,40883314470091,B4,883314360646,883314360646,23.7,16.0,19.1,0.987,7.243,883314406689
X3469,LA CAVE STEMMED GLASS 26,LUMINARC,Drinkware – Wine,£1.80,,,,LUMINARC,LA CAVE,#N/A,PC,24,7.2,7.2,18.0,24,120.0,80.0,14.5,SODO CLEAR,DRINKWARE,DRINKWARE,VERRE A PIED,0.0,VERRE A PIED 26 LA CAVE,3.312,24,0.138,6,FR,0.0,0.0,0.0,10883314126010,3.312,40883314126011,#N/A,883314360646,883314360646,23.7,16.0,19.1,0.828,7.243,883314406689
J9397,LA CAVE STEMMED GLASS 36,LUMINARC,Drinkware – Wine,£1.92,,,,LUMINARC,LA CAVE,1/2 FA6,PC,24,8.1,8.1,20.2,24,120.0,80.0,102.9,SODO,DRINKWARE,DRINKWARE,VERRE A PIED,41.973,VERRE A PIED 36 LA CAVE,5.409,432,0.177,6,FR,35.7,26.6,44.2,10883314470083,122.731,40883314470084,B4,883314360622,883314360622,25.2,17.0,21.3,1.242,9.125,883314406672
X0357,LA CAVE STEMMED GLASS 47,LUMINARC,Drinkware – Wine,£2.05,,,,LUMINARC,LA CAVE,FA6,PC,12,8.8,8.8,21.9,12,120.0,80.0,111.7,SODO,DRINKWARE,DRINKWARE,VERRE A PIED,28.101,VERRE A PIED 47 LA CAVE,3.167,384,0.198,6,FR,39.2,29.5,24.3,10883314042631,126.826,40883314042632,B2,883314406627,883314406627,27.9,18.8,22.7,1.4,11.907,883314406757
N6502,LA CAVE VITICOLE STEMMED GLASS 21,LUMINARC,Drinkware – Wine,£1.68,,,,LUMINARC,LA CAVE,1/2 FA6,PC,24,6.5,6.5,15.5,24,120.0,80.0,117.1,SODO,DRINKWARE,DRINKWARE,VERRE A PIED,22.146,VERRE A PIED 21 VITICOLE LA CAVE,3.702,936,0.123,6,FR,29.3,22.1,34.2,10883314666837,169.772,40883314666838,B4,883314666823,883314666823,20.3,13.8,16.3,0.855,4.566,883314666830
X1718,LADY DIAMOND COCKTAIL GLASS 23     F4,CRISTAL D'ARQUES,Drinkware – Cocktails,£10.96,https://latabledarc.com/en/products/coupe-23-lady-diamond,https://cdn.shopify.com/s/files/1/0943/3553/3393/files/16b54d404df490372a7a240cc141b892.webp?v=1770821856,"A true tribute to elegance and glamour, the Lady Diamond 23 cl coupe by Cristal d'Arques Paris transforms every moment into a festive occasion. Made from exceptionally brilliant crystalline glass, it dazzlingly reveals its multiple diamond-cut facets that spectacularly capture and reflect light. Its wide, flared bowl, adorned with embossed diamond cuts on the lower part, rests on a sculpted stem with a faceted central knot, creating a silhouette that is as precious as it is elegant. Ideal for champagne, festive cocktails, or celebratory sorbets, it brings an incomparable touch of sophistication to all your celebration tables. Dishwasher safe and sold in sets of 6, it is as practical as it is dazzling.",CRISTAL D'ARQUES,LADY DIAMOND,FA4,F4,2,21.8,21.8,19.3,2,120.0,80.0,118.2,CRYSTAL GLASS,DRINKWARE,DRINKWARE,VERRE A PIED,23.201,COUPE A COCKTAIL 23 LADY DIAMOND     F4,3.043,70,1.366,0,FR,46.7,24.0,20.7,10883314075530,132.096,40883314075531,B2,883314075533,883314075533,,,,,,
V8228,LADY DIAMOND FLUTE 15                 F4,CRISTAL D'ARQUES,Drinkware – Champagne,£10.96,https://latabledarc.com/en/products/flute-15-cl-lady-diamond-f4,https://cdn.shopify.com/s/files/1/0943/3553/3393/files/e2f73554a80cdbec3da33296807175a7_a44b15b4-3ef6-496d-a6e5-8c456e8b4981.jpg?v=1762442365,,CRISTAL D'ARQUES,LADY DIAMOND,FF4,F4,2,16.8,16.8,24.1,2,120.0,80.1,118.4,CRYSTAL GLASS,DRINKWARE,DRINKWARE,VERRE A PIED,15.785,FLUTE 15 LADY DIAMOND                F4,2.819,136,1.263,0,FR,34.8,18.0,25.2,10883314996361,217.384,40883314996362,B2,883314959857,883314959857,,,,,,
L9742,LADY DIAMOND FLUTE 15                 F6,CRISTAL D'ARQUES,Drinkware – Champagne,£16.44,,,,CRISTAL D'ARQUES,LADY DIAMOND,FA6,F6,2,7.4,7.4,23.1,2,120.0,80.0,118.8,CRYSTAL GLASS,DRINKWARE,DRINKWARE,VERRE A PIED,22.984,FLUTE 15 LADY DIAMOND                F6,4.32,80,1.686,0,FR,34.0,26.0,26.0,10883314591528,198.294,40883314591529,B2,883314591521,883314591521,,,,,,
L9746,LADY DIAMOND H/B TUMBLER 36           F6,CRISTAL D'ARQUES,Drinkware – Hiballs,£14.16,,,,CRISTAL D'ARQUES,LADY DIAMOND,FA6,F6,2,30.5,20.2,14.0,2,120.0,80.0,91.6,CRYSTAL GLASS,DRINKWARE,DRINKWARE,GOBELET,20.649,GOBELET FH 36 LADY DIAMOND           F6,5.686,60,2.657,0,FR,41.4,32.6,15.3,10883314591603,195.974,40883314591604,B2,883314591606,883314591606,,,,,,
V5468,LADY DIAMOND HB TUMBLER 36            F4,CRISTAL D'ARQUES,Drinkware – Hiballs,£9.44,,,,CRISTAL D'ARQUES,LADY DIAMOND,FF4,F4,2,19.8,19.8,14.0,2,120.0,80.0,105.6,CRYSTAL GLASS,DRINKWARE,DRINKWARE,GOBELET,12.991,GOBELET FH 36 LADY DIAMOND           F4,3.681,84,1.736,0,FR,40.7,21.0,15.2,10883314968290,181.646,40883314968291,B2,883314968293,883314968293,,,,,,
L9747,LADY DIAMOND O/F TUMBLER 27          F6,CRISTAL D'ARQUES,Drinkware – Rocks,£12.74,,,,CRISTAL D'ARQUES,LADY DIAMOND,FA6,F6,2,27.9,18.8,10.5,2,120.0,80.0,111.3,CRYSTAL GLASS,DRINKWARE,DRINKWARE,GOBELET,13.992,GOBELET FB 27 LADY DIAMOND           F6,3.69,128,1.705,0,FR,39.2,29.5,12.1,10883314591627,261.744,40883314591628,B2,883314591620,883314591620,,,,,,
V4485,LADY DIAMOND OF TUMBLER 27            F4,CRISTAL D'ARQUES,Drinkware – Tumblers,£8.49,https://latabledarc.com/en/products/verre-bas-27-cl-lady-diamond-f4,https://cdn.shopify.com/s/files/1/0943/3553/3393/files/9072404e03fb921328db918091178786_4a4f25dc-edbe-43bb-ae4e-244913dfeaa2.jpg?v=1762443231,,CRISTAL D'ARQUES,LADY DIAMOND,FF4,F4,2,18.5,18.5,9.9,2,120.0,80.0,120.0,CRYSTAL GLASS,DRINKWARE,DRINKWARE,GOBELET,8.44,GOBELET FB 27 LADY DIAMOND           F4,2.501,240,1.173,0,FR,20.0,20.0,21.1,10883314959885,325.714,40883314959886,B2,883314959888,883314959888,,,,,,
V4484,LADY DIAMOND STEMGLASS 19             F4,CRISTAL D'ARQUES,Drinkware – Wine,£10.47,https://latabledarc.com/en/products/4-verres-a-pied-19-cl-lady-diamond,https://cdn.shopify.com/s/files/1/0943/3553/3393/files/b17720dd5f32c4a53887052410f2b616_cff489e2-b28b-4cd9-9433-ea109469bd8d.jpg?v=1762443287,,CRISTAL D'ARQUES,LADY DIAMOND,FF4,F4,2,16.8,16.8,21.1,2,120.0,80.0,103.4,CRYSTAL GLASS,DRINKWARE,DRINKWARE,VERRE A PIED,13.986,VERRE A PIED 19 LADY DIAMOND         F4,2.903,96,1.351,0,FR,35.0,18.0,22.2,10883314959878,164.813,40883314959879,B2,883314959871,883314959871,,,,,,
L9744,LADY DIAMOND STEMGLASS 19             F6,CRISTAL D'ARQUES,Drinkware – Wine,£15.69,,,,CRISTAL D'ARQUES,LADY DIAMOND,FA6,F6,2,25.2,17.0,21.0,2,120.0,80.0,104.9,CRYSTAL GLASS,DRINKWARE,DRINKWARE,VERRE A PIED,21.461,VERRE A PIED 19 LADY DIAMOND         F6,4.552,72,2.074,0,FR,35.7,26.6,22.6,10883314591566,189.346,40883314591567,B2,883314591569,883314591569,,,,,,
V4483,LADY DIAMOND STEMGLASS 27             F4,CRISTAL D'ARQUES,Drinkware – Wine,£10.96,https://latabledarc.com/en/products/verre-a-pied-27-cl-lady-diamond-f4,https://cdn.shopify.com/s/files/1/0943/3553/3393/files/f9ccc9bc601f3c3c2102b6d5b60e3ebd.jpg?v=1762443293,,CRISTAL D'ARQUES,LADY DIAMOND,FF4,F4,2,18.6,18.6,22.1,2,120.0,80.0,107.0,CRYSTAL GLASS,DRINKWARE,DRINKWARE,VERRE A PIED,17.741,VERRE A PIED 27 LADY DIAMOND         F4,3.435,96,1.599,0,FR,38.4,20.0,23.1,10883314959861,190.355,40883314959862,B2,883314959864,883314959864,,,,,,
T4708,LAZZO  DESSERT KNIFE,C&S,Cutlery,£3.57,,,,C&S,LAZZO,C12,PC,36,0.0,0.0,0.0,36,0.0,0.0,0.0,INOX,FLATWARE,CUTLERY,COUVERTS,4.596,COUTEAU A DESSERT LAZZO,2.88,0,0.08,12,CN,26.6,19.2,9.0,10026102223588,,,B3,,,25.8,7.7,5.9,0.96,1.172,26102970751
T0421,LAZZO 18/10 OYSTER FORK,C&S,Cutlery,£2.21,,,,C&S,LAZZO,C12,PC,36,0.1,0.1,0.1,36,0.0,0.0,0.0,INOX,FLATWARE,CUTLERY,COUVERTS,4.489,FOURCHETTE A HUITRES LAZZO,0.93,0,0.022,12,CN,22.5,19.0,10.5,10026102997366,,,B3,,,21.1,7.4,5.5,0.302,0.859,26102997369
T0417,LAZZO 18/10 SERVING SPOON,C&S,Cutlery,£7.75,,,,C&S,LAZZO,C12,PC,36,0.1,0.1,0.1,36,0.0,0.0,0.0,INOX,FLATWARE,CUTLERY,COUVERTS DE SERVICE,11.411,CUILLERE A SERVIR LAZZO,5.364,0,0.129,12,CN,31.5,31.5,11.5,10026102997229,,,B3,,,30.6,10.0,10.2,1.692,3.121,26102997222
T0420,LAZZO CAKE FORK,C&S,Cutlery,£2.42,,,,C&S,LAZZO,C12,PC,36,15.3,2.0,1.8,36,0.0,0.0,0.0,INOX,FLATWARE,CUTLERY,COUVERTS,4.489,FOURCHETTE A GATEAU LAZZO,1.08,0,0.023,12,CN,22.5,19.0,10.5,10026102997359,,,B3,,,21.1,7.4,5.5,0.314,0.859,26102997352
T4711,LAZZO DEMI TASSE SPOON,C&S,Cutlery,£1.42,,,,C&S,LAZZO,C12,PC,36,0.0,0.0,0.0,36,0.0,0.0,0.0,INOX,FLATWARE,CUTLERY,COUVERTS,1.906,CUILLERE A MOKA LAZZO,0.495,0,0.01,12,CN,16.5,15.0,7.7,10026102223892,,,B3,,,15.1,4.6,4.2,0.139,0.292,26102970829
T4705,LAZZO DESSERT FORK,C&S,Cutlery,£3.00,,,,C&S,LAZZO,C12,PC,36,0.0,0.0,0.0,36,0.0,0.0,0.0,INOX,FLATWARE,CUTLERY,COUVERTS,4.953,FOURCHETTE A DESSERT LAZZO,1.972,0,0.042,12,CN,25.5,18.5,10.5,10026102223960,,,B3,,,24.1,7.4,5.4,0.564,0.963,26102970706
T4706,LAZZO DESSERT SPOON,C&S,Cutlery,£3.00,,,,C&S,LAZZO,C12,PC,36,18.5,3.7,2.1,36,0.0,0.0,0.0,INOX,FLATWARE,CUTLERY,COUVERTS,4.953,CUILLERE A DESSERT LAZZO,2.332,0,0.052,12,CN,25.5,18.5,10.5,10026102223885,,,B3,,,24.1,7.4,5.4,0.684,0.144,26102970713
T4701,LAZZO DINNER FORK,C&S,Cutlery,£3.79,,,,C&S,LAZZO,C12,PC,36,21.0,2.5,2.5,36,0.0,0.0,0.0,INOX,FLATWARE,CUTLERY,COUVERTS,4.532,FOURCHETTE DE TABLE LAZZO,2.277,0,0.06,12,CN,26.5,19.0,9.0,10026102224028,,,B3,,,25.8,7.7,5.9,0.72,1.172,26102970669
T4702,LAZZO DINNER SPOON,C&S,Cutlery,£3.79,,,,C&S,LAZZO,C12,PC,36,21.0,4.2,2.4,36,0.0,0.0,0.0,INOX,FLATWARE,CUTLERY,COUVERTS,5.002,CUILLERE DE TABLE LAZZO,3.187,0,0.069,12,CN,27.0,19.5,9.5,10026102223946,,,B3,,,21.0,4.2,2.4,0.828,0.21,26102970676
T4712,LAZZO FISH FORK,C&S,Cutlery,£3.00,,,,C&S,LAZZO,C12,PC,36,0.1,0.1,0.1,36,0.0,0.0,0.0,INOX,FLATWARE,CUTLERY,COUVERTS,3.825,FOURCHETTE A POISSON LAZZO,1.584,0,0.044,12,CN,25.0,17.0,9.0,10026102224004,,,B3,,,24.3,7.3,5.4,0.528,0.958,26102970843
T4713,LAZZO FISH KNIFE,C&S,Cutlery,£3.15,,,,C&S,LAZZO,C12,PC,36,0.0,0.0,0.0,36,0.0,0.0,0.0,INOX,FLATWARE,CUTLERY,COUVERTS,3.613,COUTEAU A POISSON LAZZO,1.897,0,0.05,12,CN,25.0,17.0,8.5,10026102223755,,,B3,,,24.2,7.2,5.3,0.653,0.923,26102970850
T0416,LAZZO FORK,C&S,Cutlery,£7.75,,,,C&S,LAZZO,C12,PC,36,0.0,0.0,0.0,36,0.0,0.0,0.0,INOX,FLATWARE,CUTLERY,COUVERTS DE SERVICE,10.736,FOURCHETTE A SERVIR LAZZO,3.564,0,0.099,12,CN,32.0,30.5,11.0,10026102997199,,,B3,,,30.6,10.0,10.2,1.188,3.121,26102997192
T0418,LAZZO ICE CREAM SPOON,C&S,Cutlery,£3.02,,,,C&S,LAZZO,C12,PC,36,0.0,0.0,0.0,36,0.0,0.0,0.0,INOX,FLATWARE,CUTLERY,COUVERTS DE SERVICE,6.067,CUILLERE A GLACE LAZZO,1.786,0,0.03,12,CN,27.0,21.0,10.7,10026102997243,,,B3,,,25.7,7.6,6.2,0.463,1.211,26102997246
T4727,LAZZO KNIFE BUTTER,C&S,Cutlery,£3.09,,,,C&S,LAZZO,C12,PC,36,0.0,0.0,0.0,36,0.0,0.0,0.0,INOX,FLATWARE,CUTLERY,COUVERTS,3.465,COUTEAU A BEURRE LAZZO,1.08,0,0.03,12,CN,22.0,17.5,9.0,10026102223519,,,B3,,,20.6,7.6,5.3,0.36,0.83,26102910658
T0425,LAZZO LADLE,C&S,Cutlery,£16.73,,,,C&S,LAZZO,CP1,C1,6,31.1,9.8,9.9,6,0.0,0.0,0.0,INOX,FLATWARE,CUTLERY,COUVERTS DE SERVICE,23.546,LOUCHE LAZZO,1.308,0,0.24,0,CN,32.5,31.5,23.0,10026102997878,,,B6,26102997871,26102997871,,,,,,
T4714,LAZZO LUNCH FORK,C&S,Cutlery,£2.03,,,,C&S,LAZZO,C12,PC,36,0.1,0.1,0.1,36,0.0,0.0,0.0,INOX,FLATWARE,CUTLERY,COUVERTS,3.179,FOURCHETTE A SALADE LAZZO,0.9,0,0.025,12,CN,22.0,17.0,8.5,10026102224011,,,B3,,,20.6,7.6,5.3,0.3,0.83,26102802229
T4704,LAZZO MONOBLOC DINNER KNIFE,C&S,Cutlery,£4.04,,,,C&S,LAZZO,C12,PC,36,0.1,0.1,0.1,36,0.0,0.0,0.0,INOX,FLATWARE,CUTLERY,COUVERTS,5.985,COUTEAU DE TABLE LAZZO MONOBLOC,4.084,0,0.105,12,CN,30.0,19.0,10.5,10026102223786,,,B3,,,28.7,7.4,5.5,1.307,1.168,26102970690
T4715,LAZZO MONOBLOC LUNCH KNIFE,C&S,Cutlery,£3.03,,,,C&S,LAZZO,C12,PC,36,0.1,0.1,0.1,36,0.0,0.0,0.0,INOX,FLATWARE,CUTLERY,COUVERTS,3.179,COUTEAU A SALADE LAZZO MONOBLOC,2.052,0,0.057,12,CN,22.0,17.0,8.5,10026102223762,,,B3,,,0.1,0.1,0.1,0.684,0.0,26102802243
T4703,LAZZO MONOCOQUE KNIFE,C&S,Cutlery,£9.96,,,,C&S,LAZZO,C12,PC,36,0.0,0.0,0.0,36,0.0,0.0,0.0,INOX,FLATWARE,CUTLERY,COUVERTS,4.718,COUTEAU DE TABLE LAZZO MONOCOQUE,2.484,0,0.069,12,CN,30.0,18.5,8.5,10026102223793,,,B3,,,0.1,0.1,0.1,0.828,0.0,26102970683
T0424,LAZZO SAUCE LADLE,C&S,Cutlery,£10.47,,,,C&S,LAZZO,CP1,C1,6,25.5,7.5,6.0,6,0.0,0.0,0.0,INOX,FLATWARE,CUTLERY,COUVERTS DE SERVICE,8.056,LOUCHE A SAUCE LAZZO,0.792,0,0.065,0,CN,26.5,19.0,16.0,10026102997861,,,B6,26102997864,26102997864,,,,,,
T0422,LAZZO SAUCE SPOON,C&S,Cutlery,£3.58,,,,C&S,LAZZO,C12,PC,36,0.1,0.1,0.1,36,0.0,0.0,0.0,INOX,FLATWARE,CUTLERY,COUVERTS DE SERVICE,3.179,CUILLERE A SAUCE LAZZO,1.656,0,0.046,12,CN,22.0,17.0,8.5,10026102997373,,,B3,,,21.5,7.5,5.5,0.552,0.887,26102997376
T0419,LAZZO SNAIL FORK,C&S,Cutlery,£2.42,,,,C&S,LAZZO,C12,PC,36,0.1,0.1,0.1,36,0.0,0.0,0.0,INOX,FLATWARE,CUTLERY,COUVERTS,4.953,FOURCHETTE A ESCARGOT LAZZO,8.423,0,0.23,12,CN,25.5,18.5,10.5,10026102997274,,,B3,,,24.1,7.4,5.4,2.8,0.963,26102997277
T4709,LAZZO SOUP SPOON,C&S,Cutlery,£3.00,,,,C&S,LAZZO,C12,PC,36,0.1,0.1,0.1,36,0.0,0.0,0.0,INOX,FLATWARE,CUTLERY,COUVERTS,3.825,CUILLERE A SOUPE LAZZO,1.836,0,0.051,12,CN,25.0,17.0,9.0,10026102223922,,,B3,,,23.2,7.3,5.3,0.612,0.898,26102970768
T0426,LAZZO STEAK KNIFE,C&S,Cutlery,£4.29,,,,C&S,LAZZO,C12,PC,36,24.2,1.8,1.0,36,0.0,0.0,0.0,INOX,FLATWARE,CUTLERY,COUVERTS,5.985,COUTEAU A STEAK LAZZO,3.97,0,0.102,12,CN,30.0,19.0,10.5,10026102997885,,,B3,,,28.7,7.4,5.5,1.27,1.168,26102997888
T4723,LAZZO TART SLICE,C&S,Cutlery,£7.75,,,,C&S,LAZZO,C12,PC,36,0.0,0.0,0.0,36,0.0,0.0,0.0,INOX,FLATWARE,CUTLERY,COUVERTS DE SERVICE,5.985,PELLE A TARTE LAZZO,3.404,0,0.086,12,CN,30.0,19.0,10.5,10026102224059,,,B3,,,28.7,7.4,5.5,1.08,1.168,26102997383
T4710,LAZZO TEA SPOON,C&S,Cutlery,£1.88,,,,C&S,LAZZO,C12,PC,36,0.0,0.0,0.0,36,0.0,0.0,0.0,INOX,FLATWARE,CUTLERY,COUVERTS,2.072,CUILLERE A CAFE LAZZO,0.9,0,0.025,12,CN,18.5,16.0,7.0,10026102223816,,,B3,,,17.8,5.8,5.1,0.3,0.527,26102970775
V5657,LEMON SQUEEZER LEON,LUMINARC,Preparation,£1.79,https://latabledarc.com/en/products/presse-citron-leon,https://cdn.shopify.com/s/files/1/0943/3553/3393/files/4c86a903e3eee8d3e74459821a224c5a.jpg?v=1762446836,Choose the 14.5 x 13.7 cm Home Classic Lemon Squeezer by Luminarc This serving dish is an essential item in your kitchen.,LUMINARC,PRESSE CITRON TRANSP,A12,PC,12,14.5,13.7,6.8,12,120.0,80.0,115.3,SODO,KITCHENWARE,PREPARATION,PREPARATION,9.219,PRESSE CITRON LEON,3.246,1176,0.248,0,FR,29.1,22.0,14.4,26102751466,343.502,40026102751464,,26102751466,26102751466,,,,,,
Q9862,LID 140 STACKABLE,ARCOROC,Storage,£0.62,,,,ARCOROC,EMPILABLE TRANSP (SALA),A24,PC,24,14.5,14.5,1.1,24,120.0,80.0,114.9,PLASTIQUE,KITCHENWARE,STORAGE,ACCESSOIRES CONSERVE,12.0,COUVERCLE 140 EMPILABLE,0.63,1920,0.02,0,FR,30.0,20.0,20.0,10883314875567,75.785,40883314875568,,,,,,,,,
Q9863,LID 230  STACKABLE,ARCOROC,Storage,£0.98,,,,ARCOROC,EMPILABLE TRANSP (SALA),A24,PC,24,23.5,23.5,1.3,24,120.0,80.0,118.1,PLASTIQUE,KITCHENWARE,STORAGE,ACCESSOIRES CONSERVE,20.511,COUVERCLE 230 EMPILABLE,1.761,1152,0.064,0,FR,30.0,26.5,25.8,10883314575597,109.922,40883314575598,,,,,,,,,
Q3572,LID RECT FOOD BOX  82 WHITE,ARCOROC,Storage,£0.64,,https://static.wixstatic.com/media/042ed7_233e40b32d2149a2bf05a6ab1f07a615~mv2.webp,,ARCOROC,FOOD BOX,A12,PC,12,0.0,0.0,0.0,12,120.0,80.0,105.7,PLASTIQUE,KITCHENWARE,STORAGE,ACCESSOIRES CONSERVE,4.183,COUVERCLE RECT BOITE 82 FOOD BOX BLANC,0.648,2304,0.047,0,CN,19.8,13.9,15.2,10883314847120,149.76,40883314847121,,,,,,,,,
Q3537,LID RECT FOOD BOX 122 WHITE,ARCOROC,Storage,£0.77,,https://static.wixstatic.com/media/042ed7_458f78ae34f540cb849fd2e782c2c2c1~mv2.webp,,ARCOROC,FOOD BOX,A12,PC,12,21.4,15.8,1.8,12,120.0,80.0,116.5,PLASTIQUE,KITCHENWARE,STORAGE,ACCESSOIRES CONSERVE,5.279,COUVERCLE RECT BOITE 122 FOOD BOX BLANC,0.94,2088,0.067,0,CN,23.0,13.5,17.0,10883314846772,188.56,40883314846773,,,,,,,,,
Q3535,LID RECT FOOD BOX 38 WHITE,ARCOROC,Storage,£0.57,,,,ARCOROC,FOOD BOX,A12,PC,12,14.6,11.0,1.8,12,120.0,80.0,110.5,PLASTIQUE,KITCHENWARE,STORAGE,ACCESSOIRES CONSERVE,2.592,COUVERCLE RECT BOITE 38 FOOD BOX BLANC,0.49,3840,0.026,0,CN,16.0,13.5,12.0,10883314846758,181.8,40883314846759,,,,,,,,,
G3368,LIMA H/B TUMBLER 38,C&S,Drinkware – Hiballs,£1.71,,https://static.wixstatic.com/media/042ed7_5b0e89aca42143ca8b183238b14ec87e~mv2.webp,,C&S,LIMA,FA6,PC,24,8.6,8.6,11.0,24,120.0,80.0,96.1,KRYSTA,DRINKWARE,DRINKWARE,GOBELET,31.454,GOBELET FH 38 LIMA,6.519,576,0.22,6,FR,39.2,29.5,27.2,10026102187101,181.914,40026102187102,B4,26102131770,26102131770,27.5,18.6,12.8,1.506,6.547,26102857045
L8110,LIMA H/B TUMBLER 40,C&S,Drinkware – Hiballs,£1.71,https://latabledarc.com/en/products/verre-haut-40-cl-lima,https://cdn.shopify.com/s/files/1/0943/3553/3393/files/82b29af61512ee57bf0d2fa3501cebc4.jpg?v=1762448131,"Opt for the 40cl Lima glass, by Chef&Sommelier
   This glass is a 100% recyclable glass product, odorless.",C&S,LIMA,FA6,PC,24,7.7,7.7,13.3,24,120.0,80.0,110.0,KRYSTA,DRINKWARE,DRINKWARE,GOBELET,30.198,GOBELET FH 40 LIMA,6.884,648,0.24,6,FR,35.7,26.6,31.8,10883314571766,211.347,40883314571767,B4,883314571769,883314571769,25.1,17.0,15.1,1.605,6.443,883314571776
L2356,LIMA H/B TUMBLER 45,C&S,Drinkware – Hiballs,£1.85,https://latabledarc.com/en/products/verre-haut-45-cl-lima,https://cdn.shopify.com/s/files/1/0943/3553/3393/files/fe8cec8a4c201cd3bd8f5a33f51151bf.jpg?v=1762448184,"Opt for the 45cl Lima glass, by Chef&Sommelier
 This glass is a 100% recyclable glass product, odorless.",C&S,LIMA,FA6,PC,24,7.7,7.7,16.0,24,120.0,80.0,94.2,KRYSTA,DRINKWARE,DRINKWARE,GOBELET,34.035,GOBELET FH 45 LIMA,7.439,480,0.26,6,FR,33.8,25.3,39.8,10883314503408,174.234,40883314503409,B4,883314503401,883314503401,7.7,7.7,16.0,1.56,0.949,883314503418
G3367,LIMA O/F TUMBLER 35,C&S,Drinkware – Rocks,£1.71,,https://static.wixstatic.com/media/042ed7_11d72e2484e84f9bb3044656a652f8a5~mv2.webp,,C&S,LIMA,FA6,PC,24,9.3,9.3,8.3,24,120.0,80.0,118.5,KRYSTA,DRINKWARE,DRINKWARE,GOBELET,28.488,GOBELET FB 35 LIMA,6.589,720,0.225,6,FR,42.8,32.0,20.8,10026102244767,223.062,40026102244768,B4,26102131817,26102131817,30.5,20.6,9.6,1.521,6.032,26102857069
C3570,LINEAL WINE 11oz 31cl (T),ARCOROC,Drinkware – Wine,£2.11,,,,ARCOROC,LINEAL,FA6,PC,24,8.2,8.2,19.7,24,120.0,80.0,101.8,SODO,DRINKWARE,DRINKWARE,VERRE A PIED,41.403,VERRE A PIED 31 LINEAL T,5.094,432,0.171,6,FR,35.7,26.6,43.6,10026102801960,117.157,40026102801961,B4,,,25.1,17.0,21.0,1.166,8.961,26102801963
J8559,LINZ H/B TUMBLER 39,LUMINARC,Drinkware – Hiballs,£1.82,,,,LUMINARC,LINZ,1/2 FA6,PC,24,6.9,6.9,20.6,24,120.0,80.0,109.4,SODO,DRINKWARE,DRINKWARE,GOBELET,40.534,GOBELET FH 39 LINZ,8.068,480,0.288,6,FR,33.8,25.3,47.4,10883314458692,186.839,40883314458693,B4,883314458695,883314458695,23.7,16.0,22.9,1.912,8.684,883314826388
25263,LINZ H/B TUMBLER 39,ARCOROC,Drinkware – Hiballs,£1.82,,,,ARCOROC,LINZ,FA6,PC,24,6.9,6.9,20.6,24,120.0,80.0,109.3,SODO,DRINKWARE,DRINKWARE,GOBELET,40.534,GOBELET FH 39 LINZ,7.892,480,0.288,6,FR,33.8,25.3,47.4,10026102252632,183.319,40026102252633,B4,,,6.9,6.9,20.6,1.728,0.981,26102253007
V4705,LONGCHAMP FLUTE 12                    F4,CRISTAL D'ARQUES,Drinkware – Champagne,£10.97,https://latabledarc.com/en/products/flute-12-cl-longchamp-f4,https://cdn.shopify.com/s/files/1/0943/3553/3393/files/b15e932eed6b3a9de9d61573e52a5ae9_13dc0e7a-aff8-4b2c-b7a9-0fc9f2ff5481.jpg?v=1762437020,,CRISTAL D'ARQUES,LONGCHAMP,FF4,F4,2,14.0,14.0,21.4,2,120.0,80.0,105.4,CRYSTAL GLASS,DRINKWARE,DRINKWARE,VERRE A PIED,10.075,FLUTE 12 LONGCHAMP                   F4,2.584,160,1.169,0,FR,29.2,15.2,22.7,10883314961888,232.192,40883314961889,B2,883314961881,883314961881,,,,,,
L7553,LONGCHAMP FLUTE 12                   F6,CRISTAL D'ARQUES,Drinkware – Champagne,£16.45,,,,CRISTAL D'ARQUES,LONGCHAMP,F6,F6,2,21.2,14.4,23.2,2,120.0,80.0,112.1,CRYSTAL GLASS,DRINKWARE,DRINKWARE,VERRE A PIED,16.415,FLUTE 12 LONGCHAMP                   F6,3.814,104,1.769,0,FR,29.9,22.5,24.4,10883314564270,223.712,40883314564271,B2,883314564273,883314564273,,,,,,
L7554,LONGCHAMP H/B TUMBLER 28              F6,CRISTAL D'ARQUES,Drinkware – Hiballs,£12.75,,,,CRISTAL D'ARQUES,LONGCHAMP,FA6,F6,2,20.3,13.8,13.5,2,120.0,80.0,117.4,KWARX,DRINKWARE,DRINKWARE,GOBELET,9.145,GOBELET FH 28 LONGCHAMP              F6,3.982,196,1.878,0,FR,28.8,21.6,14.7,10883314564294,415.63,40883314564295,B2,883314564297,883314564297,,,,,,
V7384,LONGCHAMP H/B TUMBLER 28             F4,CRISTAL D'ARQUES,Drinkware – Hiballs,£8.50,https://latabledarc.com/en/products/verre-haut-28-cl-longchamp-f4,https://cdn.shopify.com/s/files/1/0943/3553/3393/files/09ae4a2a9ac54b26a8babc165f8ef3a7_95d77978-a876-45b8-8f54-c7dd4fe9e3ff.jpg?v=1762443253,,CRISTAL D'ARQUES,LONGCHAMP,FF4,F4,2,13.8,13.8,13.8,2,120.0,80.0,104.7,CRYSTAL GLASS,DRINKWARE,DRINKWARE,GOBELET,6.48,GOBELET FH 28 LONGCHAMP              F4,2.633,240,1.255,0,FR,28.8,15.0,15.0,10883314988267,341.531,40883314988268,B2,883314988260,883314988260,,,,,,
L9757,LONGCHAMP H/B TUMBLER 36              F6,CRISTAL D'ARQUES,Drinkware – Hiballs,£14.15,,,,CRISTAL D'ARQUES,LONGCHAMP,FA6,F6,2,7.5,7.5,13.5,2,120.0,80.0,103.0,CRYSTAL GLASS,DRINKWARE,DRINKWARE,GOBELET,15.136,GOBELET FH 36 LONGCHAMP              F6,5.48,100,2.406,0,FR,33.8,25.3,17.7,10883314591825,299.579,40883314591826,B2,883314591828,883314591828,,,,,,
V7383,LONGCHAMP H/B TUMBLER 36         F4,CRISTAL D'ARQUES,Drinkware – Hiballs,£9.43,https://latabledarc.com/en/products/verre-haut-36-cl-longchamp-f4,https://cdn.shopify.com/s/files/1/0943/3553/3393/files/121771ee4830cb5bb0db3effc833b17c.jpg?v=1762443261,,CRISTAL D'ARQUES,LONGCHAMP,FF4,F4,2,16.4,16.4,14.0,2,120.0,80.0,105.9,CRYSTAL GLASS,DRINKWARE,DRINKWARE,GOBELET,9.22,GOBELET FH 36 LONGCHAMP              F4,3.584,168,1.71,0,FR,33.7,18.0,15.2,10883314988250,326.629,40883314988251,B2,883314988253,883314988253,,,,,,
L9758,LONGCHAMP O/F TUMBLER 23              F6,CRISTAL D'ARQUES,Drinkware – Rocks,£11.80,,,,CRISTAL D'ARQUES,LONGCHAMP,FA6,F6,2,25.2,17.0,11.3,2,120.0,80.0,117.7,CRYSTAL GLASS,DRINKWARE,DRINKWARE,GOBELET,12.25,GOBELET FB 23 LONGCHAMP              F6,3.054,144,1.409,0,FR,35.7,26.6,12.9,10883314591849,245.582,40883314591840,B2,883314591842,883314591842,,,,,,
L7555,LONGCHAMP O/F TUMBLER 32              F6,CRISTAL D'ARQUES,Drinkware – Rocks,£12.75,,,,CRISTAL D'ARQUES,LONGCHAMP,FA6,F6,2,27.9,18.8,10.5,2,120.0,80.0,111.3,CRYSTAL GLASS,DRINKWARE,DRINKWARE,GOBELET,13.992,GOBELET FB 32 LONGCHAMP              F6,4.103,128,1.857,0,FR,39.2,29.5,12.1,10883314564317,288.276,40883314564318,B2,883314564310,883314564310,,,,,,
L9756,"LONGCHAMP O/F TUMBLER 4,5             F6",CRISTAL D'ARQUES,Drinkware – Rocks,£10.64,https://latabledarc.com/en/products/verre-a-shooter-4-5-cl-longchamp,https://cdn.shopify.com/s/files/1/0943/3553/3393/files/73a2bd0f49b9bee67afc24893bd59376.jpg?v=1762449319,"Choose the Longchamp 4.5 cl shot glass by Cristal d'Arques
   This glass is a 100% recyclable glass product, odorless.",CRISTAL D'ARQUES,LONGCHAMP,FA6,F6,2,16.5,11.2,6.8,2,120.0,80.0,118.1,CRYSTAL GLASS,DRINKWARE,DRINKWARE,GOBELET,3.23,"GOBELET FB 4,5 LONGCHAMP             F6",1.003,588,0.47,0,FR,17.6,12.4,14.8,10883314591801,320.476,40883314591802,B2,883314591804,883314591804,,,,,,
V4700,LONGCHAMP OF TUMBLER 32               F4,CRISTAL D'ARQUES,Drinkware – Tumblers,£8.50,https://latabledarc.com/en/products/verre-bas-32-cl-longchamp-f4,https://cdn.shopify.com/s/files/1/0943/3553/3393/files/d49db0fe142641cd5b3a9a238e603a92.jpg?v=1762443240,,CRISTAL D'ARQUES,LONGCHAMP,FF4,F4,2,8.3,0.0,9.5,2,120.0,80.0,106.2,CRYSTAL GLASS,DRINKWARE,DRINKWARE,GOBELET,8.267,GOBELET FB 32 LONGCHAMP              F4,2.685,192,1.132,0,FR,19.0,19.0,22.9,10883314961833,283.233,40883314961834,B2,883314961836,883314961836,,,,,,
V7385,LONGCHAMP OF UMBLER 23             F4,CRISTAL D'ARQUES,Drinkware – Tumblers,£7.87,https://latabledarc.com/en/products/verre-bas-23-cl-longchamp-f4,https://cdn.shopify.com/s/files/1/0943/3553/3393/files/4240bada5320226281a0a32502206564_479c1163-88cf-4631-a4e3-535667bcc1ba.jpg?v=1762443225,,CRISTAL D'ARQUES,LONGCHAMP,FF4,F4,2,16.4,16.4,10.2,2,120.0,80.0,117.5,CRYSTAL GLASS,DRINKWARE,DRINKWARE,GOBELET,6.802,GOBELET FB 23 LONGCHAMP              F4,2.278,252,1.021,0,FR,33.9,17.6,11.4,10883314988281,312.818,40883314988282,B2,883314988284,883314988284,,,,,,
V4702,LONGCHAMP STEMGLASS 17                F4,CRISTAL D'ARQUES,Drinkware – Wine,£10.47,https://latabledarc.com/en/products/verre-a-pied-17-cl-longchamp-f4,https://cdn.shopify.com/s/files/1/0943/3553/3393/files/e3b80d4526d7baa1b18cef155095011d.jpg?v=1762443277,,CRISTAL D'ARQUES,LONGCHAMP,FF4,F4,2,15.4,15.4,17.5,2,120.0,80.6,107.7,CRYSTAL GLASS,DRINKWARE,DRINKWARE,VERRE A PIED,9.88,VERRE A PIED 17 LONGCHAMP            F4,2.354,170,1.05,0,FR,32.0,16.6,18.6,10883314961857,225.666,40883314961858,B2,883314961850,883314961850,,,,,,
V4704,LONGCHAMP STEMGLASS 25                F4,CRISTAL D'ARQUES,Drinkware – Wine,£10.97,https://latabledarc.com/en/products/verre-a-pied-25-cl-longchamp-f4,https://cdn.shopify.com/s/files/1/0943/3553/3393/files/09fec4657995b0f4d7e9c73eb80559fc_dffc08fb-3944-4674-8872-f2c756a34ac9.jpg?v=1765294462,,CRISTAL D'ARQUES,LONGCHAMP,FF4,F4,2,16.4,16.4,19.2,2,120.0,80.0,116.0,CRYSTAL GLASS,DRINKWARE,DRINKWARE,VERRE A PIED,12.424,VERRE A PIED 25 LONGCHAMP            F4,2.882,140,1.299,0,FR,34.0,18.0,20.3,10883314961871,227.128,40883314961872,B2,883314961874,883314961874,,,,,,
L7550,LONGCHAMP STEMGLASS 25                F6,CRISTAL D'ARQUES,Drinkware – Wine,£16.45,,,,CRISTAL D'ARQUES,LONGCHAMP,FA6,F6,2,23.6,16.0,19.0,2,120.0,80.0,118.2,CRYSTAL GLASS,DRINKWARE,DRINKWARE,VERRE A PIED,17.701,VERRE A PIED 25 LONGCHAMP            F6,4.339,100,1.986,0,FR,33.8,25.3,20.7,10883314564225,217.544,40883314564226,B2,883314564228,883314564228,,,,,,
L9754,LONGCHAMP STEMGLASS 6                 F6,CRISTAL D'ARQUES,Drinkware – Wine,£12.46,,,,CRISTAL D'ARQUES,LONGCHAMP,FA6,F6,2,17.0,11.6,13.5,2,120.0,80.0,102.7,CRYSTAL GLASS,DRINKWARE,DRINKWARE,VERRE A PIED,6.564,VERRE A PIED 6 LONGCHAMP             F6,1.521,240,0.668,0,FR,24.4,18.3,14.7,10883314591764,207.892,40883314591765,B2,883314591767,883314591767,,,,,,
R0741,LUDICO APPETIZER SMALL BOWL 95,ARCOROC,Dinnerware,£2.18,,,,ARCOROC,APPETIZER,R6,PC,24,9.4,9.4,4.4,24,120.0,80.0,107.7,PORCELAINE,DINNERWARE,DINNERWARE,SALADIER,19.251,COUPELLE LUDICO 95 APPETIZER,3.68,1056,0.105,6,CN,31.0,27.0,23.0,10026102936143,186.0,40026102936144,B4,26102936146,26102936146,29.5,19.5,6.0,0.762,3.452,26102936153
V6503,MACARON DECANTER  2L,C&S,"Drinkware Accessories – Jugs, Pitchers & Carafes",£39.05,https://latabledarc.com/en/products/carafe-2-l-macaron,https://cdn.shopify.com/s/files/1/0943/3553/3393/files/741ab8433deb498d941d1d08984b911f.jpg?v=1762444832,"Craquez pour la Carafe 2 L Macaron , développée par Chef&Sommelier
  Cette carafe est aussi pratique qu’esthétique ! Sa composition en verre garantie un entretien facilité couplé à une absence de transfert d’odeur et de goût ; tandis que ses formes travaillées en font un atout maître de la décoration de votre table. Hygiénique, solide et esthétique, cette carafe n’en oublie pas pour autant d’être pratique, notamment en limitant son poids, afin de faciliter le service.",C&S,MACARON,FA1,F1,2,19.2,19.2,32.3,2,120.0,81.2,111.5,KRYSTA,DRINKWARE,DRINKWARE ACCESSORIE,BROC CARAFE,31.12,CARAFE 2L MACARON,2.23,60,0.7,0,CN,40.6,21.9,35.0,10883314978732,92.0,40883314978733,B2,883314606751,883314606751,,,,,,
N6386,MACARON FASCINATION STEMGLASS FLUTE 30,C&S,Drinkware – Champagne,£3.96,,,,C&S,MACARON FASCINATION,FA6,PC,24,9.5,9.5,19.1,24,120.0,80.0,97.4,KRYSTA,DRINKWARE,DRINKWARE,VERRE A PIED,51.932,VAP FLUTE 30 MACARON FASCINATION,4.87,288,0.131,6,SK,40.4,31.2,41.2,10883314665533,81.0,40883314665534,B4,883314665536,883314665536,29.5,19.5,19.6,1.07,11.275,883314665543
L9348,MACARON FLUTE STEMGLASS 30,C&S,Drinkware – Champagne,£3.96,https://latabledarc.com/en/products/flute-30-cl-macaron,https://cdn.shopify.com/s/files/1/0943/3553/3393/files/bde4987fc3f3aae7bd8a61c5b1d6b719_f2854473-b277-4e09-9904-3718012917f5.jpg?v=1762446168,"Fall in love with the 30cl Macaron Flute, developed by Chef&Sommelier
   This flute is specifically designed for tasting sparkling wines, while also being able to enhance any carbonated beverage. Indeed, in addition to its shape and elegance, the glass from which it is made has been specially crafted to optimize the release of bubbles, while its enhanced transparency allows for a better view and appreciation of them.",C&S,MACARON,FA6,PC,24,8.3,8.3,19.7,24,120.0,80.0,124.6,KRYSTA,DRINKWARE,DRINKWARE,VERRE A PIED,41.535,FLUTE 30 MACARON,3.72,480,0.125,6,SK,52.0,35.5,22.5,10883314586821,99.84,40883314586822,B4,883314586824,883314586824,25.0,17.0,20.0,0.75,8.5,883314586831
N0834,MACARON H/B TUMBLER 40,C&S,Drinkware – Hiballs,£2.77,https://latabledarc.com/en/products/verre-haut-40-cl-macaron,https://cdn.shopify.com/s/files/1/0943/3553/3393/files/81c63213d004fc65566b7b82b0a65b5d_4098e6b3-2d91-4025-9218-22030fffd9b2.jpg?v=1762448135,"Opt for the 40cl Macaron Glass, by Chef&Sommelier
 This glass is a 100% recyclable glass product, odorless.",C&S,MACARON,FA6,PC,24,8.7,8.7,10.3,24,120.0,80.0,118.0,KRYSTA,DRINKWARE,DRINKWARE,GOBELET,25.715,GOBELET FH 40 MACARON,5.27,768,0.138,6,SK,55.2,38.5,12.1,10883314605140,195.0,40883314605141,B4,883314605143,883314605143,27.0,18.0,10.8,1.19,5.249,883314605150
L9267,MACARON STEMGLASS 40,C&S,Drinkware – Wine,£4.12,https://latabledarc.com/en/products/verre-a-pied-40-cl-macaron,https://cdn.shopify.com/s/files/1/0943/3553/3393/files/87bf3f800b614892b615ce2cc00879dd.jpg?v=1762448613,"Fall in love with the 40cl Macaron Stemware Glass, developed by Chef&Sommelier
   This stemmed glass, like all stemmed glasses, is an essential element of French tableware! Its shape has been carefully designed to offer the perfect balance between appearance, durability, and ease of use. Furthermore, the Arc Group's expertise in glassmaking ensures the robust construction of these stemmed glasses, guaranteeing their longevity.",C&S,MACARON,FA6,PC,24,9.4,9.4,20.0,24,120.8,81.8,132.0,KRYSTA,DRINKWARE,DRINKWARE,VERRE A PIED,54.46,VERRE A PIED 40 MACARON,5.65,480,0.147,6,SK,59.5,40.5,22.6,10883314586760,137.0,40883314586761,B4,883314586763,883314586763,29.3,19.2,21.0,1.22,11.814,883314586770
L9412,MACARON STEMGLASS 50,C&S,Drinkware – Wine,£4.17,https://latabledarc.com/en/products/verre-a-pied-50-cl-macaron,https://cdn.shopify.com/s/files/1/0943/3553/3393/files/09b183d10318f5b1b87fb72bb2f8db51_d50b9f19-3262-4a8f-984f-81102e169370.jpg?v=1762449115,"Fall in love with the 50cl Macaron Stemware Glass, developed by Chef&Sommelier
   This stemmed glass, like all stemmed glasses, is an essential element of French tableware! Its shape has been carefully designed to offer the perfect balance between appearance, durability, and ease of use. Furthermore, the Arc Group's expertise in glassmaking ensures the robust construction of these stemmed glasses, guaranteeing their longevity.",C&S,MACARON,FA6,PC,24,10.0,10.0,21.5,24,121.2,80.0,107.3,KRYSTA,DRINKWARE,DRINKWARE,VERRE A PIED,68.034,VERRE A PIED 50 MACARON,4.33,288,0.156,6,SK,43.9,33.4,46.4,10883314586784,91.0,40883314586785,B4,883314586787,883314586787,31.0,20.8,22.3,1.225,14.379,883314586794
L9414,MACARON STEMGLASS 60,C&S,Drinkware – Wine,£4.17,https://latabledarc.com/en/products/verre-a-pied-60-cl-macaron,https://cdn.shopify.com/s/files/1/0943/3553/3393/files/cff5376b6b758b4152a9f736fc37dc07.jpg?v=1762449217,"Fall in love with the 60cl Macaron Stemware Glass, developed by Chef&Sommelier
 This stemmed glass, like all stemmed glasses, is an essential element of French tableware! Its shape has been carefully designed to offer the perfect balance between appearance, durability, and ease of use. Furthermore, the Arc Group's expertise in glassmaking ensures the robust construction of these stemmed glasses, guaranteeing their longevity.",C&S,MACARON,FA6,PC,12,10.5,10.5,23.5,12,120.0,80.0,120.1,KRYSTA,DRINKWARE,DRINKWARE,VERRE A PIED,41.23,VERRE A PIED 60 MACARON,3.29,240,0.167,6,SK,45.4,34.4,26.4,10883314586807,88.0,40883314586808,B2,883314586800,883314586800,32.6,21.8,24.5,1.38,17.412,883314586817
V7373,MACASSAR FLUTE 17                     F4,CRISTAL D'ARQUES,Drinkware – Champagne,£13.85,,https://static.wixstatic.com/media/042ed7_f767a98da6dc4a17b954c77db6f03407~mv2.webp,,CRISTAL D'ARQUES,MACASSAR,FF4,F4,2,14.8,14.8,24.4,2,120.0,80.0,117.2,CRYSTAL GLASS,DRINKWARE,DRINKWARE,VERRE A PIED,12.496,FLUTE 17 MACASSAR                    F4,2.077,136,0.947,0,FR,30.7,15.9,25.6,10883314988144,166.826,40883314988145,B2,883314988147,883314988147,,,,,,
Q4335,MACASSAR FLUTE 17                    F6,CRISTAL D'ARQUES,Drinkware – Champagne,£20.77,,,,CRISTAL D'ARQUES,MACASSAR,FA6,F6,2,6.1,6.1,23.3,2,120.0,80.0,118.6,CRYSTAL GLASS,DRINKWARE,DRINKWARE,VERRE A PIED,21.064,FLUTE 17 MACASSAR                    F6,3.158,80,1.224,0,FR,32.8,24.7,26.0,10883314152675,151.814,40883314152676,B2,883314552683,883314552683,,,,,,
V7376,MACASSAR HB TUMBLER 36                F4,CRISTAL D'ARQUES,Drinkware – Hiballs,£11.71,,https://static.wixstatic.com/media/042ed7_0885661f17bc4d4484a57e044d788281~mv2.webp,,CRISTAL D'ARQUES,MACASSAR,FF4,F4,2,18.1,18.1,13.9,2,120.0,80.0,105.3,CRYSTAL GLASS,DRINKWARE,DRINKWARE,GOBELET,10.87,GOBELET FH 36 MACASSAR               F4,4.021,144,1.92,0,FR,37.3,19.3,15.1,10883314988175,315.084,40883314988176,B2,883314988178,883314988178,,,,,,
Q4340,MACASSAR HB TUMBLER 36               F6,CRISTAL D'ARQUES,Drinkware – Hiballs,£17.57,,,,CRISTAL D'ARQUES,MACASSAR,FA6,F6,2,27.5,17.2,14.0,2,120.0,80.0,107.5,CRYSTAL GLASS,DRINKWARE,DRINKWARE,GOBELET,11.319,GOBELET FH 36 MACASSAR               F6,6.112,96,2.915,0,FR,37.5,19.6,15.4,10883314552772,318.955,40883314552773,B2,883314552782,883314552782,,,,,,
Q4342,MACASSAR HB TUMBLER 6               F6,CRISTAL D'ARQUES,Drinkware – Hiballs,£8.97,,,,CRISTAL D'ARQUES,MACASSAR,FA6,F6,2,16.4,11.2,7.8,2,120.0,80.0,116.9,CRYSTAL GLASS,DRINKWARE,DRINKWARE,GOBELET,4.452,GOBELET FH 6 MACASSAR                F6,1.73,420,0.794,0,FR,17.6,12.4,20.4,10883314552758,389.094,40883314552759,B2,883314552768,883314552768,,,,,,
V7377,MACASSAR OF TUMBLER 32                F4,CRISTAL D'ARQUES,Drinkware – Tumblers,£10.70,,https://static.wixstatic.com/media/042ed7_1c1837e291a249e3b8aabc4272aae46b~mv2.webp,,CRISTAL D'ARQUES,MACASSAR,FF4,F4,2,19.4,19.4,10.7,2,120.0,80.0,110.0,CRYSTAL GLASS,DRINKWARE,DRINKWARE,GOBELET,9.52,GOBELET FB 32 MACASSAR               F4,3.842,192,1.832,0,FR,40.0,20.0,11.9,10883314988182,394.511,40883314988183,B2,883314988185,883314988185,,,,,,
Q4337,MACASSAR OF TUMBLER 32                F6,CRISTAL D'ARQUES,Drinkware – Tumblers,£16.05,,,,CRISTAL D'ARQUES,MACASSAR,FA6,F6,2,30.6,20.6,11.1,2,120.0,80.0,116.1,CRYSTAL GLASS,DRINKWARE,DRINKWARE,GOBELET,17.503,GOBELET FB 32 MACASSAR                F6,5.954,96,2.757,0,FR,42.8,32.2,12.7,10883314552949,311.186,40883314552940,B2,883314552959,883314552959,,,,,,
V7375,MACASSAR STEMGLASS 25                 F4,CRISTAL D'ARQUES,Drinkware – Wine,£13.85,,https://static.wixstatic.com/media/042ed7_4b30521123d44872bc3ed610bde6d3c8~mv2.webp,,CRISTAL D'ARQUES,MACASSAR,FF4,F4,2,17.6,17.6,21.8,2,120.0,80.0,106.8,CRYSTAL GLASS,DRINKWARE,DRINKWARE,VERRE A PIED,15.907,VERRE A PIED 25 MACASSAR             F4,2.561,96,1.171,0,FR,36.4,19.0,23.0,10883314988168,148.602,40883314988169,B2,883314988161,883314988161,,,,,,
V7374,MACASSAR STEMGLASS 35                 F4,CRISTAL D'ARQUES,Drinkware – Wine,£15.17,,https://static.wixstatic.com/media/042ed7_12a68a8f48e34310946925013f68adb2~mv2.webp,,CRISTAL D'ARQUES,MACASSAR,FF4,F4,2,19.2,19.2,21.8,2,120.0,80.0,106.8,CRYSTAL GLASS,DRINKWARE,DRINKWARE,VERRE A PIED,18.262,VERRE A PIED 35 MACASSAR             F4,2.994,96,1.376,0,FR,39.7,20.0,23.0,10883314988151,169.386,40883314988152,B2,883314988154,883314988154,,,,,,
Q4346,MACASSAR STEMMED GLASS 25            F6,CRISTAL D'ARQUES,Drinkware – Wine,£20.77,,,,CRISTAL D'ARQUES,MACASSAR,FA6,F6,2,27.9,18.8,22.7,2,120.0,80.0,112.0,CRYSTAL GLASS,DRINKWARE,DRINKWARE,VERRE A PIED,28.101,VERRE A PIED 25 MACASSAR             F6,3.831,64,1.732,0,FR,39.2,29.5,24.3,10883314552703,148.615,40883314552704,B2,883314552690,883314552690,,,,,,
Q4331,MACASSAR STEMMED GLASS 35            F6,CRISTAL D'ARQUES,Drinkware – Wine,£22.75,,,,CRISTAL D'ARQUES,MACASSAR,FA6,F6,2,28.1,19.0,24.2,2,120.0,80.0,117.7,CRYSTAL GLASS,DRINKWARE,DRINKWARE,VERRE A PIED,30.703,VERRE A PIED 35 MACASSAR             F6,4.649,64,2.082,0,FR,39.8,29.9,25.8,10883314552727,174.262,40883314552728,B2,883314552737,883314552737,,,,,,
L6689,MAEVA DIAMANT CUP DESSERT 20CL,ARCOROC,Dinnerware,£1.92,,,,ARCOROC,MAEVA DIAMANT,FA6,PC,24,10.0,10.0,6.2,24,120.0,80.0,104.8,SODO,DINNERWARE,DINNERWARE,COUPE DESSERT,10.44,COUPE DESSERT 20 MAEVA DIAMANT,5.328,1920,0.205,6,FR,23.2,20.0,22.5,10883314554325,451.707,40883314554326,B4,,,10.0,10.0,6.2,1.23,0.62,883314554328
L6690,MAEVA DIAMANT DESSERT BOWL 35,ARCOROC,Dinnerware,£2.15,,,,ARCOROC,MAEVA DIAMANT,FA6,PC,24,11.9,11.9,7.4,24,120.0,80.0,119.2,SODO,DINNERWARE,DINNERWARE,COUPE DESSERT,16.107,COUPE DESSERT 35 MAEVA DIAMANT,8.243,1440,0.32,6,FR,26.6,23.2,26.1,10883314554332,520.074,40883314554333,B4,,,22.0,12.5,12.5,2.014,3.438,883314554335
L6691,MAEVA VINTAGE DESSERT BOWL 20,ARCOROC,Dinnerware,£1.92,,,,ARCOROC,MAEVA VINTAGE,FA6,PC,24,10.0,10.0,6.2,24,120.0,80.0,104.8,SODO,DINNERWARE,DINNERWARE,COUPE DESSERT,10.44,COUPE DESSERT 20 MAEVA VINTAGE,5.328,1920,0.205,6,FR,23.2,20.0,22.5,10883314554349,451.707,40883314554340,B4,,,10.0,10.0,6.2,1.23,0.62,883314554342
L6692,MAEVA VINTAGE DESSERT BOWL 35,ARCOROC,Dinnerware,£2.15,,,,ARCOROC,MAEVA VINTAGE,FA6,PC,24,11.9,11.9,7.4,24,120.0,80.0,119.2,SODO,DINNERWARE,DINNERWARE,COUPE DESSERT,16.107,COUPE DESSERT 35 MAEVA VINTAGE,8.239,1440,0.32,6,FR,26.6,23.2,26.1,10883314554356,519.834,40883314554357,B4,,,22.0,12.5,12.5,2.013,3.438,883314554359
L9396,MAGNIFIQUE STEMMED GLASS 35,ARCOROC,Drinkware – Wine,£1.97,,,,ARCOROC,MAGNIFIQUE,FA6,PC,24,0.0,0.0,21.0,24,120.0,80.0,111.8,CRYSTAL GLASS,DRINKWARE,DRINKWARE,VERRE A PIED,54.677,VERRE A PIED 35 MAGNIFIQUE,5.07,384,0.158,6,FR,57.4,39.2,24.3,10883314586470,106.813,40883314586471,B4,,,9.0,9.0,21.0,0.948,1.701,883314586473
L9398,MAGNIFIQUE STEMMED GLASS 47,ARCOROC,Drinkware – Wine,£2.14,,,,ARCOROC,MAGNIFIQUE,FA6,PC,12,0.0,0.0,22.7,12,120.0,80.0,116.5,CRYSTAL GLASS,DRINKWARE,DRINKWARE,VERRE A PIED,35.143,VERRE A PIED 47 MAGNIFIQUE,3.083,288,0.179,6,FR,42.8,32.2,25.5,10883314586487,99.485,40883314586488,B2,,,30.5,20.6,23.8,1.269,14.954,883314586480
H4531,MALEA H/B TUMBLER 35,ARCOROC,Drinkware – Hiballs,£1.29,,,,ARCOROC,MALEA,FA6,PC,24,0.0,0.0,12.6,24,120.0,80.0,116.1,CRYSTAL GLASS,DRINKWARE,DRINKWARE,GOBELET,28.904,GOBELET FH 35 MALEA,6.354,720,0.232,6,FR,33.8,25.3,33.8,10883314343325,216.104,40883314343326,B4,,,7.6,7.6,12.6,1.392,0.728,883314343328
H4623,MALEA O/F TUMBLER 30,ARCOROC,Drinkware – Rocks,£1.29,,,,ARCOROC,MALEA,FA6,PC,24,7.7,7.7,10.5,24,120.0,80.0,111.4,CRYSTAL GLASS,DRINKWARE,DRINKWARE,GOBELET,22.981,GOBELET FB 30 MALEA,6.596,864,0.242,6,FR,35.7,26.6,24.2,10883314343332,262.938,40883314343333,B4,,,25.1,17.0,11.3,1.547,4.822,883314343335
79923,MARGARITA  STEMGLASS 27,ARCOROC,Drinkware – Cocktails,£3.79,,,,ARCOROC,MARGARITA TRANSP NT,FA6,PC,24,10.9,10.9,16.0,24,120.0,80.0,90.1,SODO,DRINKWARE,DRINKWARE,VERRE A PIED,70.497,VERRE A PIED 27 MARGARITA,6.782,192,0.208,6,FR,50.0,37.3,37.8,10026102799236,79.61,40026102799237,B4,,,35.6,24.0,18.1,1.536,15.465,26102799246
26002,MARTIGUES H/B TUMBLER 33,ARCOROC,Drinkware – Hiballs,£1.55,,,,ARCOROC,MARTIGUES,FA6,PC,630,7.9,7.9,18.0,0,120.0,80.0,110.6,SODO,DRINKWARE,DRINKWARE,GOBELET,0.0,GOBELET FH 33 MARTIGUES,0.0,630,0.271,0,FR,,,,,211.29,40026102260027,,,,,,,,,
J9532,MARTIGUES HB TUMBLER 32,LUMINARC,Drinkware – Hiballs,£1.55,https://latabledarc.com/en/products/verre-a-biere-32-cl-world-beer,https://cdn.shopify.com/s/files/1/0943/3553/3393/files/bc664019527fed63575116146ed7fd2a_5f413c1b-43bb-430c-bff1-4ca75d56bb3b.jpg?v=1762448250,"Discover the 32cl World Beer Glass from Luminarc
   This beer glass has received meticulous attention from the engineers at the Arc Group. Just like their wine glasses, each beer glass has been specially designed to enhance and bring out the best in a specific type of beer. Beyond their shape and carefully crafted rim, designed to perfectly complement the beer being enjoyed, Arc Group beer glasses are distinguished by their durability, transparency, and ease of handling—the result of nearly two centuries of experience in glassmaking.",LUMINARC,MARTIGUES,1/2 FA6,PC,24,7.9,7.9,18.0,24,120.0,80.0,94.1,SODO,DRINKWARE,DRINKWARE,GOBELET,37.795,GOBELET FH 32 MARTIGUES,7.595,432,0.271,6,FR,35.7,26.6,39.8,10883314472001,162.169,40883314472002,B4,883314472004,883314472004,25.1,17.0,19.3,1.797,8.235,883314472011
V5963,MENADES HB TUMBLER 36                 F4,LUMINARC,Drinkware – Hiballs,£5.14,,,,LUMINARC,MENADES,FF4,F4,6,17.6,17.6,10.9,6,120.0,80.0,117.9,CRYSTAL GLASS,DRINKWARE,DRINKWARE,GOBELET,24.24,GOBELET FH 36 MENADES                F4,4.964,216,0.761,0,FR,36.7,19.2,34.4,10883314973164,204.295,40883314973165,B6,883314973167,883314973167,,,,,,
V5964,MENADES HB TUMBLER 40                 F4,LUMINARC,Drinkware – Hiballs,£5.14,,,,LUMINARC,MENADES,FF4,F4,6,16.4,16.4,14.0,6,120.0,80.0,103.7,CRYSTAL GLASS,DRINKWARE,DRINKWARE,GOBELET,27.421,GOBELET H/BALL 40 MENADES            F4,4.686,162,0.705,0,FR,50.9,18.2,29.6,10883314971375,152.482,40883314971376,B6,883314973174,883314973174,,,,,,
V5961,MENADES STEMMED GLASS 36              F4,LUMINARC,Drinkware – Wine,£8.82,,,,LUMINARC,MENADES,FF4,F4,6,17.6,17.6,21.8,6,120.0,80.0,108.4,CRYSTAL GLASS,DRINKWARE,DRINKWARE,VERRE A PIED,47.186,VERRE A PIED 36 MENADES              F4,5.294,96,0.791,0,FR,54.5,37.0,23.4,10883314973157,110.178,40883314973158,B6,883314973150,883314973150,,,,,,
H2090,MINERAL FLUTE 16,ARCOROC,Drinkware – Champagne,£1.97,,,,ARCOROC,MINERAL,FA6,PC,24,6.3,6.3,22.4,24,120.0,80.0,113.7,CRYSTAL GLASS,DRINKWARE,DRINKWARE,VERRE A PIED,33.323,FLUTE 16 MINERAL,4.021,576,0.13,6,FR,44.2,30.4,24.8,10883314295563,121.888,40883314295564,B4,,,21.3,14.4,23.2,0.903,7.116,883314295566
H2010,MINERAL STEMMED GLASS 27,ARCOROC,Drinkware – Wine,£1.97,,,,ARCOROC,MINERAL,FA6,PC,24,0.0,0.0,20.2,24,120.0,80.0,109.3,CRYSTAL GLASS,DRINKWARE,DRINKWARE,VERRE A PIED,40.534,VERRE A PIED 27 MINERAL,4.718,480,0.152,6,FR,33.8,25.3,47.4,10883314295556,119.839,40883314295557,B4,,,23.6,16.0,22.9,1.05,8.647,883314295559
H2007,MINERAL STEMMED GLASS 35,ARCOROC,Drinkware – Wine,£1.97,,,,ARCOROC,MINERAL,FA6,PC,24,7.9,7.9,21.9,24,120.0,80.0,111.0,CRYSTAL GLASS,DRINKWARE,DRINKWARE,VERRE A PIED,45.772,VERRE A PIED 35 MINERAL,5.489,432,0.18,6,FR,35.7,26.6,48.2,10883314295549,124.286,40883314295540,B4,,,25.1,17.0,23.2,1.23,9.899,883314295542
H2006,MINERAL STEMMED GLASS 45,ARCOROC,Drinkware – Wine,£2.14,,,,ARCOROC,MINERAL,FA6,PC,24,8.4,8.4,23.4,24,120.0,80.0,117.8,CRYSTAL GLASS,DRINKWARE,DRINKWARE,VERRE A PIED,59.557,VERRE A PIED 45 MINERAL,5.801,384,0.185,6,FR,58.0,39.8,25.8,10883314295532,118.308,40883314295533,B4,,,28.1,19.0,24.2,1.293,12.92,883314295535
T9226,MONOBLOC BLACK OAK STEAK KNIFE,C&S,Cutlery,£4.17,,,,C&S,BLACK OAK,C12,PC,36,24.0,1.0,1.8,36,0.0,0.0,0.0,INOX,FLATWARE,CUTLERY,COUVERTS,5.985,COUTEAU A STEAK BLACK OAK MONOBLOC,3.6,0,0.1,12,CN,30.0,19.0,10.5,10883314661337,,,B3,,,28.7,7.4,5.5,1.236,1.168,883314661330
T5208,MONOBLOC EZZO KNIFE,C&S,Cutlery,£4.47,,,,C&S,EZZO,C12,PC,36,0.0,0.0,0.0,36,0.0,0.0,0.0,INOX,FLATWARE,CUTLERY,COUVERTS,4.671,COUTEAU A DESSERT EZZO,3.881,0,0.099,12,CN,26.5,23.5,7.5,10026102228071,,,B3,,,0.1,0.1,0.1,1.255,0.0,26102801901
T3126,MONOBLOC VESCA STEAK KNIFE,ARCOROC,Cutlery,£3.09,,,,ARCOROC,VESCA,C12,PC,48,0.0,0.0,0.0,48,0.0,0.0,0.0,INOX,FLATWARE,CUTLERY,COUVERTS,5.583,COUTEAU A STEAK VESCA (MONOBLOC),5.65,0,0.11,12,CN,28.9,16.1,12.0,10026102900816,,,B4,,,26.5,6.8,5.1,1.416,0.919,26102816783
T5203,MONOCOQUE EZZO KNIFE,C&S,Cutlery,£9.36,,,,C&S,EZZO,C12,PC,36,0.0,0.0,0.0,36,0.0,0.0,0.0,INOX,FLATWARE,CUTLERY,COUVERTS,4.974,COUTEAU DE TABLE EZZO,3.492,0,0.097,12,CN,29.0,24.5,7.0,10026102227753,,,B3,,,0.1,0.1,0.1,1.164,0.0,26102801833
X2718,MYLLA  STEMGLASS 38,C&S,Drinkware – Wine,£3.64,https://latabledarc.com/en/products/vap-mylla-38cl,https://cdn.shopify.com/s/files/1/0943/3553/3393/files/N133567.jpg?v=1776072836,"Elegant and refined, the Mylla 38 cl stemmed glass by Chef & Sommelier is designed to enhance dry white wines, fruity rosés, and sparkling wines. Crafted from extra-fine crystalline, a first for the brand, it stands out with its remarkably thin walls that reveal the full color, nuances, and reflections of your wine. Its 38 cl capacity is ideal for elegant serving, leaving enough space for the aromas to fully develop in the glass. Its slender stem and sleek shape give it a sophisticated look, perfect for a romantic dinner or for entertaining guests with style. Sold in packs of 6.",C&S,MYLLA,F6,PC,12,8.5,0.0,21.5,12,120.0,80.0,0.0,KRYSTA,DRINKWARE,DRINKWARE,STEMGLASS,0.0,VAP MYLLA  38cl,,,,,,0.0,0.0,0.0,"1,08833E+13",,,B2,"8,83314E+11",,0.0,0.0,0.0,0.0,0.0,"8,83314E+11"
X2500,MYLLA STEMGLASS 47,C&S,Drinkware – Wine,£3.84,https://latabledarc.com/en/products/vap-mylla-47cl,https://cdn.shopify.com/s/files/1/0943/3553/3393/files/N133560.jpg?v=1776072867,"The Mylla 47 cl stemmed glass by Chef & Sommelier is the ideal choice for lovers of light red wines, full-bodied white wines, or natural wines with complex aromas. Made from extra-fine crystallin, its ultra-thin wall and exceptional transparency allow you to fully appreciate the color, reflections, and entire visual palette of each vintage. Its generous 47 cl capacity allows the wine to express itself freely in the glass, for an optimal tasting experience. With its slender silhouette and meticulous finish, it naturally stands out on the most refined tables, whether with family or among enlightened connoisseurs. Sold in sets of 6.",C&S,MYLLA,F6,PC,12,9.0,0.0,23.0,12,120.0,80.0,100.2,KRYSTA,DRINKWARE,DRINKWARE,STEMGLASS,33.209625,VAP MYLLA 47cl,3.276,288,,,,39.5,29.5,28.5,"1,08833E+13",104.25,,B2,"8,83314E+11",,28.1,19.0,26.9,0.0,14.36191,"8,83314E+11"
X2717,MYLLA STEMGLASS 55,C&S,Drinkware – Wine,£3.84,https://latabledarc.com/en/products/vap-mylla-55cl,https://cdn.shopify.com/s/files/1/0943/3553/3393/files/N133559.jpg?v=1776072904,"For grand red wines that deserve space to flourish, the Mylla 55 cl stemmed glass by Chef & Sommelier is an exceptional piece. Made from extra-fine crystalline, its large rounded bowl promotes wine oxygenation and gradually releases all its aromas, while its remarkably thin walls offer absolute transparency that enhances every wine's color. Its 55 cl capacity is designed for powerful grape varieties such as Syrah, Malbec, and Cabernet Sauvignon, which benefit from being served in a large glass. This glass is crafted for discerning connoisseurs who wish to elevate every bottle and transform every meal into a tasting experience. Sold in packs of 6.",C&S,MYLLA,F6,PC,12,9.5,0.0,24.5,12,120.0,80.0,0.0,KRYSTA,DRINKWARE,DRINKWARE,STEMGLASS,0.0,VAP MYLLA 55cl,,,,,,0.0,0.0,0.0,"1,08833E+13",,,B2,"8,83314E+11",,0.0,0.0,0.0,0.0,0.0,"8,83314E+11"
X2716,MYLLA STEMGLASS 65,C&S,Drinkware – Wine,£4.16,https://latabledarc.com/en/products/vap-mylla-65cl,https://cdn.shopify.com/s/files/1/0943/3553/3393/files/N133564.jpg?v=1776072933,"The Chef & Sommelier Mylla 65 cl stemmed glass is the ultimate large format for tasting enthusiasts and lovers of fine wines. Its ample and generous bowl, made from extra-fine crystal, offers an ideal oxygenation surface to reveal the full complexity and depth of aged red wines. Its ultra-thin walls demonstrate exceptional expertise, a technique Chef & Sommelier is employing here for the first time. With its sleek silhouette and assertive presence on the table, this glass combines tasting performance with refined aesthetics for exceptional moments. Sold in sets of 6, it is the perfect glass for grand occasions and fine bottles.",C&S,MYLLA,F6,PC,12,10.5,0.0,25.0,12,120.0,80.0,0.0,KRYSTA,DRINKWARE,DRINKWARE,STEMGLASS,0.0,VAP MYLLA 65cl,,,,,,0.0,0.0,0.0,"1,08833E+13",,,B2,"8,83314E+11",,0.0,0.0,0.0,0.0,0.0,"8,83314E+11"
V6243,MYRIAD HB TUMBLER 36,ARCOROC,Drinkware – Hiballs,£1.21,,,,ARCOROC,MYRIAD,FA6,PC,24,0.0,0.0,0.0,24,120.0,80.0,111.4,HIGH TRANSPARENCY,DRINKWARE,DRINKWARE,GOBELET,22.981,GOBELET FH 36 MYRIAD,4.431,864,0.155,6,FR,35.7,26.6,24.2,10883314990819,184.997,40883314990810,B4,,,25.1,17.0,10.7,1.031,4.566,883314990812
V3244,NEW AMERICA H/B TUMB 40,LUMINARC,Drinkware – Hiballs,£1.00,,,,LUMINARC,NEW AMERICA,1/2 FA6,PC,24,8.5,8.5,12.1,24,120.0,80.0,119.8,SODO,DRINKWARE,DRINKWARE,GOBELET,28.483,GOBELET H/BALL 40 NEW AMERICA,7.714,768,0.288,6,FR,38.0,28.5,26.3,10883314948414,272.342,40883314948415,B4,883314289947,883314289947,26.6,17.8,12.4,1.843,5.871,
V3245,NEW AMERICA OF TUMBLER 30,LUMINARC,Drinkware – Tumblers,£0.88,,,,LUMINARC,NEW AMERICA,1/2 FA6,PC,24,8.5,8.5,9.9,24,120.0,80.0,102.6,SODO,DRINKWARE,DRINKWARE,GOBELET,23.826,GOBELET FB 30 NEW AMERICA,5.818,768,0.215,6,FR,38.0,28.5,22.0,10883314948421,211.64,40883314948422,B4,883314289961,883314289961,26.6,18.0,10.4,1.376,4.98,
X1363,"NEW YORK HB TUMBLER 3,4",ARCOROC,Drinkware – Hiballs,£0.74,,,,ARCOROC,NEW  YORK,FA6,PC,24,4.4,4.4,5.5,24,120.0,80.0,116.9,SODO,DRINKWARE,DRINKWARE,GOBELET,4.483,"GOBELET FH 3,4 NEW YORK",1.838,4704,0.055,0,CN,20.2,15.2,14.6,10883314071839,386.248,40883314071830,B4,,,,,,,,
N6666,"NEW YORK JUG 0,55L",ARCOROC,"Drinkware Accessories – Jugs, Pitchers & Carafes",£3.54,,,,ARCOROC,NEW  YORK,FA6,PC,6,10.5,10.5,13.7,6,120.0,80.1,108.0,SODO,DRINKWARE,DRINKWARE ACCESSORIE,BROC CARAFE,9.998,"BROC 0,55L NEW YORK",3.816,468,0.63,0,CN,30.0,21.5,15.5,883314668773,324.324,40883314668764,,883314668766,883314668766,,,,,,
X0607,"NOVA JAR 0,5L +BAMBOO LID",LUMINARC,Storage,£3.02,https://latabledarc.com/en/products/pot-0-5l-nova-jar-avec-couvercle-en-bambou,https://cdn.shopify.com/s/files/1/0943/3553/3393/files/226c6c0067011b258efc413a420b3b07.jpg?v=1769692908,"Pratique et décoratif à la fois, le pot Nova Jar 0.5L de Luminarc est la petite pièce qui fait toute la différence dans un intérieur soigné. Fabriqué en verre transparent aux cannelures verticales élégantes, il marie la pureté du verre à la chaleur naturelle de son couvercle en bambou pour un résultat aussi beau que fonctionnel. Sa contenance de 0.5L en fait le format idéal pour les petites conservations : épices, café, cotons, sels de bain ou douceurs à portée de main. Dans la cuisine, la salle de bain ou sur une étagère du salon, il s'expose avec fierté et s'intègre naturellement dans tous les intérieurs modernes, scandinaves ou bohèmes.",LUMINARC,NOVA.,FA6,PC,6,10.5,10.5,8.6,6,120.0,80.0,119.0,SODO,KITCHENWARE,STORAGE,CONSERVATION,6.803,"POT 0,5L NOVA JAR + CV BAMBOU",1.632,792,0.243,0,AE,32.7,21.9,9.5,10883314052098,240.802,40883314052099,,883314052091,883314052091,,,,,,
X0606,NOVA JAR 0L75 + BAMBOO LID,LUMINARC,Storage,£3.28,https://latabledarc.com/en/products/pot-0-75l-nova-jar-avec-couvercle-en-bambou,https://cdn.shopify.com/s/files/1/0943/3553/3393/files/8b46a44276d5d35354cf4ce1aa36e2c8.jpg?v=1769692977,"Entre le format compact et le grand pot, le Nova Jar 0.75L de Luminarc est la contenance parfaite pour toutes les occasions. Fabriqué en verre transparent orné de cannelures verticales structurées, il associe la transparence du verre à la douceur d'un couvercle en bambou naturel pour une élégance organique et intemporelle. Polyvalent, il accueille aussi bien vos pâtes et légumineuses dans la cuisine que vos accessoires de beauté dans la salle de bain, ou encore vos petits trésors décoratifs dans le salon. Un bocal que l'on ne cache plus dans les placards mais que l'on expose avec plaisir. Vendu à l'unité.",LUMINARC,NOVA.,FA6,PC,6,10.5,10.5,11.7,6,120.0,80.0,115.7,SODO,KITCHENWARE,STORAGE,CONSERVATION,9.023,"POT 0,75L NOVA JAR + CV BAMBOU",2.311,576,0.353,0,AE,32.7,21.9,12.6,10883314052074,249.716,40883314052075,,883314052077,883314052077,,,,,,
X0531,NOVA JAR 1L +  BAMBOO LID,LUMINARC,Storage,£3.52,https://latabledarc.com/en/products/pot-1l-nova-jar-avec-couvercle-en-bambou,https://cdn.shopify.com/s/files/1/0943/3553/3393/files/56e1b9acc46360db4a44fa5a2e498a39.jpg?v=1770315814,"Grand et généreux, le pot Nova Jar 1L de Luminarc est la pièce maîtresse de la collection. Fabriqué en verre transparent aux cannelures verticales élégantes, il marie avec harmonie la transparence du verre et la chaleur naturelle d'un couvercle en bambou, pour un bocal aussi décoratif qu'utile. Sa grande contenance d'un litre en fait le compagnon idéal pour organiser votre garde-manger avec style : céréales, biscuits, café, légumineuses , tout en créant un effet digne des plus beaux intérieurs de magazine. Posé sur un buffet ou une étagère, il devient un véritable objet de décoration à part entière. Vendu à l'unité.",LUMINARC,NOVA.,FA6,PC,6,10.5,10.5,15.0,6,120.0,80.0,112.8,SODO,KITCHENWARE,STORAGE,CONSERVATION,11.673,POT 1L NOVA JAR+ CV BAMBOU,2.756,432,0.423,0,AE,32.7,21.9,16.3,10883314047308,226.069,40883314047309,,883314047301,883314047301,,,,,,
X3398,OMINIS STEMMED GLASS 31,LUMINARC,Drinkware – Wine,£1.92,,,,LUMINARC,OMINIS,#N/A,PC,24,8.2,8.2,17.9,24,120.0,80.0,14.5,SODO,DRINKWARE,DRINKWARE,VERRE A PIED,0.0,VERRE A PIED 31 OMINIS,3.912,24,0.163,6,FR,0.0,0.0,0.0,10883314123552,3.912,40883314123553,#N/A,883314973662,883314973662,8.2,8.2,17.9,0.978,1.204,883314973617
X3404,OMINIS STEMMED GLASS 47,LUMINARC,Drinkware – Wine,£2.02,,,,LUMINARC,OMINIS,#N/A,PC,24,9.2,9.2,19.4,24,120.0,80.0,14.5,SODO,DRINKWARE,DRINKWARE,VERRE A PIED,0.0,VERRE A PIED 47 OMINIS,4.368,24,0.182,6,FR,0.0,0.0,0.0,10883314123972,4.368,40883314123973,#N/A,883314973655,883314973655,9.2,9.2,19.4,1.092,1.642,883314973600
X3409,OMINIS STEMMED GLASS FLUTE 18,LUMINARC,Drinkware – Champagne,£1.82,,,,LUMINARC,OMINIS,#N/A,PC,24,6.2,6.2,18.0,24,120.0,80.0,14.5,SODO,DRINKWARE,DRINKWARE,VERRE A PIED,0.0,VERRE A PIED FLUTE 18 OMINIS,2.88,24,0.12,6,FR,0.0,0.0,0.0,10883314124061,2.88,40883314124062,#N/A,883314973686,883314973686,6.2,6.2,18.0,0.72,0.692,883314973631
Q5217,ONCTUOSE TRANSPARENT LID,ARCOROC,Storage,£0.52,,https://static.wixstatic.com/media/042ed7_8eb4091879ee4e43b1cd84ee4443c7b3~mv2.webp,,ARCOROC,ONCTUOSE,A24,PC,24,8.5,8.5,1.2,24,120.0,80.0,118.5,PLASTIQUE,KITCHENWARE,STORAGE,ACCESSOIRES CONSERVE,4.077,COUVERCLE ONCTUOSE TRANSPARENT,0.33,5760,0.009,0,FR,19.8,19.8,10.4,10883314864813,105.585,40883314864814,,,,,,,,,
D6653,"OPEN UP DECANTER 1,4L",C&S,"Drinkware Accessories – Jugs, Pitchers & Carafes",£38.65,,,,C&S,OPEN UP,CC1,F1,2,15.2,15.2,32.3,2,120.0,80.0,119.8,KRYSTA,DRINKWARE,DRINKWARE ACCESSORIE,BROC CARAFE,20.426,"CARAFE A DECANTER 1,4L OPEN UP",1.77,84,0.61,0,RO,32.6,17.8,35.2,10026102256135,97.0,40026102256136,B2,26102256138,26102256138,,,,,,
U1051,OPEN UP FLUTE 20 STEMMED GLASS,C&S,Drinkware – Champagne,£4.12,,,,C&S,OPEN UP,FA6,PC,24,7.4,7.4,23.4,24,120.0,80.0,116.9,KRYSTA,DRINKWARE,DRINKWARE,VERRE A PIED,39.315,FLUTE 20 OPEN UP,5.257,480,0.161,6,FR,47.4,32.4,25.6,10026102878511,130.504,40026102878512,B4,26102880623,26102880623,23.1,15.6,24.4,1.174,8.793,26102878514
U1041,OPEN UP H/B TUMBLER 35,C&S,Drinkware – Hiballs,£2.13,,https://static.wixstatic.com/media/042ed7_bdc32ba047894f0b9b218fbe375f1517~mv2.webp,,C&S,OPEN UP,FA6,PC,24,7.8,7.8,11.8,24,120.0,80.0,96.1,KRYSTA,DRINKWARE,DRINKWARE,GOBELET,25.83,GOBELET FH 35 OPEN UP,4.532,648,0.15,6,FR,35.7,26.6,27.2,10883314256014,147.828,40883314256015,B4,883314258899,883314258899,25.2,17.0,12.8,1.05,5.484,883314256017
U1033,OPEN UP O/F TUMBLER 38,C&S,Drinkware – Rocks,£2.13,,https://static.wixstatic.com/media/042ed7_8f971c7bb4d34457807276586c2e429c~mv2.webp,,C&S,OPEN UP,FA6,PC,24,9.3,9.3,9.4,24,120.0,80.0,109.7,KRYSTA,DRINKWARE,DRINKWARE,GOBELET,32.8,GOBELET FB 38 OPEN UP,5.108,576,0.16,6,FR,42.8,32.2,23.8,10883314028291,147.962,40883314028292,B4,883314028461,883314028461,30.6,20.6,11.1,1.144,6.997,883314028294
U1008,OPEN UP PRO TASTING STEMMEDGLASS 32,C&S,Drinkware – Wine,£3.54,,https://static.wixstatic.com/media/042ed7_2bd1eec912c04eeebfc227015db5bfc0~mv2.webp,,C&S,OPEN UP,FA6,PC,24,8.7,8.7,18.0,24,120.0,80.0,117.6,KRYSTA,DRINKWARE,DRINKWARE,VERRE A PIED,46.352,VERRE A PIED 32 OPEN UP PRO TASTING,4.983,480,0.142,6,FR,57.4,39.2,20.6,10026102293352,125.154,40026102293353,B4,26102274576,26102274576,27.9,18.8,19.0,1.07,9.966,26102293355
U1012,OPEN UP SOFT STEMMED GLASS 47,C&S,Drinkware – Wine,£4.12,https://latabledarc.com/en/products/verre-a-pied-47-cl-open-up-1,https://cdn.shopify.com/s/files/1/0943/3553/3393/files/29b41df5677617c2bb84b08ba4611441.jpg?v=1762449058,"Chef&Sommelier Open Up Wine Glass: Discovering Wines from Around the World
     "" It doesn't matter what the container is ,"" goes the popular saying. And yet, when it comes to wine, nothing could be further from the truth! While it's certainly possible to drink wine from any glass, a suitable wine glass will allow you to truly appreciate it and reveal its full potential.
 And when it comes to red wines , and particularly wines from the so-called “new world” (Australia, Chile, California…), the Open Up glasses from Chef&Sommelier prove to be particularly suitable.
     Their shape has been specially designed to create a ""decanter"" effect, allowing the wine to oxygenate and aerate, thus accelerating the release of its aromas. Indeed, red wines are richer in tannins, which can make them slightly astringent; while New World wines are generally more full-bodied than their counterparts from so-called traditional vineyards. Aerating these wines is therefore essential to soften them and allow their aromas to develop and become perceptible.
 In addition, the rim of the glass is wide enough to allow you to smell the wine by bringing it to your mouth and drinking it, but nevertheless slightly narrowed to allow for a better concentration of aromas.
       The pleasure of sight is not forgotten either: thanks to its composition in Krysta (the exclusive lead-free crystal of the Arc Group), the Open Up wine glasses have a very high transparency allowing you to fully appreciate their contents, without tint or distortion of colors; while the typical sound of crystal will accompany your tasting sessions.
 Available in different capacities, ranging from 32 to 55 cl, Open Up wine glasses will be suitable for both an aperitif and a formal meal.",C&S,OPEN UP,FA6,PC,24,10.3,10.3,22.6,24,120.0,80.0,114.3,KRYSTA,DRINKWARE,DRINKWARE,VERRE A PIED,78.219,VERRE A PIED 47 OPEN UP SOFT,7.025,240,0.207,6,FR,45.7,34.3,49.9,10026102878559,95.644,40026102878550,B4,26102900840,26102900840,10.3,10.3,22.6,1.242,2.398,26102878552
U1062,OPEN UP SPIRITS AMBIENT STEMMED GLASS 16,C&S,Drinkware – Wine,£4.59,https://latabledarc.com/en/products/verre-a-pied-16-cl-open-up,https://cdn.shopify.com/s/files/1/0943/3553/3393/files/a58d72955c2acc3ad804fa71c840f5d6.webp?v=1784624977,"Fall in love with the Open Up 16cl stemmed glass, developed by Chef&Sommelier
   This stemmed glass, like all stemmed glasses, is an essential element of French tableware! Its shape has been carefully designed to offer the perfect balance between appearance, durability, and ease of use. Furthermore, the Arc Group's expertise in glassmaking ensures the robust construction of these stemmed glasses, guaranteeing their longevity.",C&S,OPEN UP SPIRITS,FA6,PC,24,7.0,7.0,17.0,24,124.0,80.0,94.5,KRYSTA,DRINKWARE,DRINKWARE,VERRE A PIED,29.44,VERRE A PIED 16 OPEN UP SPIRITS AMBIENT,3.38,576,0.103,6,SK,46.0,32.0,20.0,10883314084235,104.0,40883314084236,B4,883314083255,883314083255,22.7,15.4,17.5,0.804,6.118,883314084238
U1059,OPEN UP SPIRITS ARDENT BRANDY 39,C&S,Drinkware – Brandy & Fortified Wine,£4.59,https://latabledarc.com/en/products/verre-a-pied-39-cl-open-up,https://cdn.shopify.com/s/files/1/0943/3553/3393/files/0db544afbb59059e58f3f9b0a0dfd2e9.webp?v=1784625156,"Fall in love with the Open Up 39cl stemmed glass, developed by Chef&Sommelier
 This stemmed glass, like all stemmed glasses, is an essential element of French tableware! Its shape has been carefully designed to offer the perfect balance between appearance, durability, and ease of use. Furthermore, the Arc Group's expertise in glassmaking ensures the robust construction of these stemmed glasses, guaranteeing their longevity.",C&S,OPEN UP SPIRITS,FA6,PC,24,10.4,10.4,13.2,24,120.0,80.0,107.0,KRYSTA,DRINKWARE,DRINKWARE,VERRE A PIED,45.799,VAP COGNAC 39 OPEN UP SPIRITS ARDENT,5.18,360,0.168,6,SK,45.0,34.5,29.5,10883314119746,101.0,40883314119747,B4,883314105308,883314105308,10.4,10.4,13.2,1.008,1.428,883314119749
U1032,OPEN UP SPIRITS WARM TUMBLER OF 30,C&S,Drinkware – Tumblers,£3.91,,https://static.wixstatic.com/media/042ed7_a77cc1f42cf549eabc5b3a5f0b5def26~mv2.jpg,,C&S,OPEN UP SPIRITS,FA6,PC,24,9.9,9.9,8.6,24,120.0,80.0,118.6,KRYSTA,DRINKWARE,DRINKWARE,GOBELET,28.488,GOBELET FB 30 OPEN UP SPIRITS WARM,4.893,720,0.155,6,FR,42.8,32.0,20.8,10883314084242,172.284,40883314084243,B4,883314083361,883314083361,30.5,20.6,9.6,1.097,6.032,883314084245
U1011,OPEN UP UNIVERSAL TASTING STEMGLASS 40,C&S,Drinkware – Wine,£4.12,,https://static.wixstatic.com/media/042ed7_494a2c4f6bc14e2e885a25238f180cdb~mv2.webp,,C&S,OPEN UP,FA6,PC,24,9.1,9.1,23.1,24,120.0,80.0,117.8,KRYSTA,DRINKWARE,DRINKWARE,VERRE A PIED,59.557,VAP 40 OPEN UP UNIVERSAL TASTING,6.539,384,0.196,6,FR,58.0,39.8,25.8,10026102879235,130.118,40026102879236,B4,26102900635,26102900635,28.1,19.0,24.2,1.441,12.92,26102879238
U1010,OPEN UP WINE ROUND 37cl 12.5oz,C&S,Drinkware – Wine,£4.12,,https://static.wixstatic.com/media/042ed7_ccaa26696a58408dacf01c205a40f9f7~mv2.webp,,C&S,OPEN UP,FA6,PC,24,9.6,9.6,21.1,24,120.0,80.0,113.3,KRYSTA,DRINKWARE,DRINKWARE,VERRE A PIED,68.081,VERRE A PIED 37 OPEN UP ROUND,6.024,288,0.174,6,FR,42.8,32.2,49.4,10026102878528,97.782,40026102878529,B4,26102900246,26102900246,30.5,20.6,23.9,1.328,1.945,26102878521
R0020,OPENING DECANTER 0L9,C&S,"Drinkware Accessories – Jugs, Pitchers & Carafes",£36.34,,,,C&S,OPENING,FA1,F1,2,21.5,21.5,24.5,2,120.0,80.0,122.1,KRYSTA,DRINKWARE,DRINKWARE ACCESSORIE,BROC CARAFE,30.455,"CARAFE 0,9L OPENING",2.18,56,0.681,0,SK,46.4,24.4,26.9,10026102295912,84.0,40026102295913,B2,26102892084,26102892084,,,,,,
V9977,OUTLINE HB TUMBLER 37,ARCOROC,Drinkware – Hiballs,£1.46,https://latabledarc.com/en/products/verre-forme-haute-37-cl-outline,https://cdn.shopify.com/s/files/1/0943/3553/3393/files/70f5511e6ae9f163660ca4c157b48085.jpg?v=1762448091,"The Outline tall glass, 37 cl, is ideal for your long drinks or cocktails, adding a touch of elegance to your convivial moments.",ARCOROC,OUTLINE,FA6,PC,24,8.2,8.2,0.0,24,120.0,80.0,98.6,SODO,DRINKWARE,DRINKWARE,GOBELET,28.538,GOBELET FH 37 OUTLINE,5.641,576,0.19,0,CN,36.4,28.0,28.0,10883314032205,160.846,40883314032206,B4,,,,,,,,
V9942,OUTLINE OF TUMBLER 32,ARCOROC,Drinkware – Tumblers,£1.46,https://latabledarc.com/en/products/verre-forme-basse-32-cl-outline,https://cdn.shopify.com/s/files/1/0943/3553/3393/files/dd86835b9d23074672b505b2dca8e2b7_40dbffca-7db6-4ab4-a96f-29bf2902caae.jpg?v=1762447942,"The Outline low-profile 32cl glass is an elegant and practical piece, perfect for your chilled drinks.",ARCOROC,OUTLINE,FA6,PC,24,0.0,0.0,0.0,24,120.0,80.0,104.2,SODO,DRINKWARE,DRINKWARE,GOBELET,24.855,GOBELET FB 32 OUTLINE,5.223,768,0.19,6,CN,38.0,29.2,22.4,10883314031819,192.606,40883314031810,B4,,,26.9,18.2,9.6,1.23,4.7,883314031812
58010,PALMIER DESSERT 21,ARCOROC,Dinnerware,£3.10,,https://static.wixstatic.com/media/042ed7_26e26b35fbbb453fb6f810996e23f9e7~mv2.webp,,ARCOROC,PALMIER,FA6,PC,24,12.7,12.7,10.1,24,120.0,80.0,109.7,SODO,DINNERWARE,DINNERWARE,COUPE DESSERT,50.932,COUPE A GLACE 21 PALMIER,9.113,384,0.31,6,FR,53.5,40.0,23.8,10026102580100,171.282,40026102580101,B4,,,38.3,25.8,11.1,2.134,10.968,26102580110
X0898,PALMIER ICE CREAM BOWL 37,ARCOROC,Dinnerware,£5.36,,,,ARCOROC,PALMIER,FA6,PC,12,12.0,12.0,20.1,12,120.0,80.0,105.4,SODO,DINNERWARE,DINNERWARE,COUPE DESSERT,46.272,COUPE A GLACE 37 PALMIER,7.554,192,0.515,6,FR,52.0,39.2,22.7,10883314300823,146.336,40883314300824,B2,,,37.4,25.3,21.0,3.498,2.894,26102580141
V6046,PAMPILLE COLOR  MAZZARINE HB TB 31 F6,LUMINARC,Drinkware – Hiballs,£6.36,,,,LUMINARC,PAMPILLE COLOR,FA6,F6,4,27.8,18.8,10.5,4,120.0,80.0,105.0,SODO,DRINKWARE,DRINKWARE,GOBELET,26.135,GOB FH 31 PAMPILLE COLOR MAZZARINE   F6,5.507,128,1.288,0,FR,39.2,29.5,22.6,10883314974178,201.888,40883314974179,B4,883314974171,883314974171,,,,,,
V5997,PAMPILLE COLOR MAUVE .CC HB TUMBLER 31,ARCOROC,Drinkware – Hiballs,£1.06,,,,ARCOROC,PAMPILLE COLOR,FA6,PC,24,8.6,8.6,9.8,24,120.0,80.0,105.0,SODO,DRINKWARE,DRINKWARE,GOBELET,26.135,GOBELET FH 31 PAMPILLE COLOR MAUVE CC,5.483,768,0.195,6,FR,39.2,29.5,22.6,10883314973553,201.12,40883314973554,B4,,,8.6,8.6,9.8,1.17,0.713,883314973556
V6047,PAMPILLE COLOR MAUVE CC HB TB 31   F6,LUMINARC,Drinkware – Hiballs,£6.36,,,,LUMINARC,PAMPILLE COLOR,FA6,F6,4,27.8,18.8,10.5,4,120.0,80.0,105.0,SODO,DRINKWARE,DRINKWARE,GOBELET,26.135,GOB FH 31 PAMPILLE COLOR MAUVE CC    F6,5.507,128,1.288,0,FR,39.2,29.5,22.6,10883314974192,201.888,40883314974193,B4,883314974195,883314974195,,,,,,
V5999,PAMPILLE COLOR MAZZARINE HB TUMBLER 31,ARCOROC,Drinkware – Hiballs,£1.06,,,,ARCOROC,PAMPILLE COLOR,FA6,PC,24,8.6,8.6,9.8,24,120.0,80.0,105.0,SODO,DRINKWARE,DRINKWARE,GOBELET,26.135,GOBELET FH 31 PAMPILLE COLOR MAZZARINE,5.483,768,0.195,6,FR,39.2,29.5,22.6,10883314973577,201.12,40883314973578,B4,,,27.8,18.8,10.5,1.282,5.488,883314973570
V7219,PEPITE DESSERT 20,ARCOROC,Dinnerware,£1.87,https://latabledarc.com/en/products/coupe-a-glace-en-verre-20-cl-pepite,https://cdn.shopify.com/s/files/1/0943/3553/3393/files/2faff0e335bc5089be472a409d7ba57c.jpg?v=1760538838,"Réalisez d’originales présentations avec la coupe à glace et à dessert 20 cl 53496 Pépite d’Arcoroc.
 Le décor rappelant un glaçon qui fond est une invitation à la dégustation d’une bonne glace. Sa petite contenance de 20cl est parfaite pour une traditionnelle coupe 2 boules mais aussi pour bien d’autres desserts. Empilable, facile à remplir, la coupe Pépite est aussi fonctionnelle qu’élégante. Le matériau verre, recyclable et hygiénique avec lequel est fabriquée la coupe est de très grande qualité avec une transparence et une brillance remarquables. Après plus de 2000 cycles de lavages en lave-vaisselle professionnel, elle restera intacte. Ainsi le réassort sera moins fréquent et votre budget préservé.   Le plus Arcoroc : un fond lourd qui assure une bonne stabilité durant le service et pour le stockage.",ARCOROC,PEPITE,FA6,PC,24,10.9,10.9,6.1,24,120.0,80.0,111.4,SODO,DINNERWARE,DINNERWARE,COUPE DESSERT,19.312,COUPE A GLACE 20 PEPITE,5.23,1152,0.19,6,FR,30.0,26.6,24.2,10026102298487,276.521,40026102298488,B4,,,29.3,12.9,11.5,1.24,4.347,26102534977
N6545,"PLAIN CAN TUMBLER HB 47,5",ARCOROC,Drinkware – Hiballs,£1.35,,,,ARCOROC,PLAIN CAN,FA6,PC,24,7.6,7.6,13.4,24,120.0,80.0,109.9,SODO,DRINKWARE,DRINKWARE,GOBELET,30.198,"GOBELET FH 47,5 PLAIN CAN",6.818,648,0.24,6,FR,35.7,26.6,31.8,10883314667216,209.55,40883314667217,B4,,,25.1,17.0,15.1,1.614,6.443,883314667219
Q9220,POULE RENE EGG CUP,LUMINARC,Dinnerware,£1.53,https://latabledarc.com/en/products/coquetier-poule-le-verre-francais,https://cdn.shopify.com/s/files/1/0943/3553/3393/files/01870c6152a211b91078097fc6f288e4.jpg?v=1762444859,,LUMINARC,POULE,IR12,PC,24,6.9,4.9,6.8,24,120.0,80.0,121.1,SODO,DINNERWARE,DINNERWARE,COMPLEMENT DE TABLE,9.53,COQUETIER POULE RENE,2.531,2352,0.095,12,FR,28.5,22.0,15.2,10883314912019,273.734,40883314912010,B2,883314912012,883314912012,6.9,4.9,6.8,1.14,0.228,
L9406,PRIMARY COLOR BLACK MAT TUMBLER H/B 36,C&S,Drinkware – Hiballs,£3.02,,,,C&S,PRIMARY COLOR,FA6,PC,24,8.1,8.1,10.1,24,120.0,80.0,111.4,KRYSTA,DRINKWARE,DRINKWARE,GOBELET,22.981,GOBELET FH 36 PRIMARY COLOR BLACK MAT,4.936,864,0.165,6,FR,35.7,26.6,24.2,10883314586630,203.065,40883314586631,B4,883314586633,883314586633,25.2,17.0,11.3,1.132,4.841,883314586640
V3051,PRIMARY COLOR EMERALD  HB TUMBL  36,C&S,Drinkware – Hiballs,£3.02,,,,C&S,PRIMARY COLOR,FA6,PC,24,8.1,8.1,10.1,24,120.0,80.0,111.4,KRYSTA,DRINKWARE,DRINKWARE,GOBELET,22.981,GOBELET FH 36 PRIMARY COLOR EMERALD,4.936,864,0.165,6,FR,35.7,26.6,24.2,10883314946410,203.182,40883314946411,B4,883314946413,883314946413,25.2,17.0,11.3,1.132,4.841,883314946420
V3052,PRIMARY COLOR JADE H/B TUMB 36,C&S,Drinkware – Hiballs,£3.02,,,,C&S,PRIMARY COLOR,FA6,PC,24,8.1,8.1,10.1,24,120.0,80.0,111.4,KRYSTA,DRINKWARE,DRINKWARE,GOBELET,22.981,GOBELET FH 36 PRIMARY COLOR JADE,4.936,864,0.165,6,FR,35.7,26.6,24.2,10883314946441,203.182,40883314946442,B4,883314946444,883314946444,25.2,17.0,11.3,1.132,4.841,883314946482
L9407,PRIMARY COLOR WHITE MAT TUMBLER H/B 36,C&S,Drinkware – Hiballs,£3.02,,,,C&S,PRIMARY COLOR,FA6,PC,24,8.1,8.1,10.1,24,120.0,80.0,111.4,KRYSTA,DRINKWARE,DRINKWARE,GOBELET,22.981,GOBELET FH 36 PRIMARY COLOR WHITE MAT,4.936,864,0.165,6,FR,35.7,26.6,24.2,10883314586654,203.182,40883314586655,B4,883314586657,883314586657,25.2,17.0,11.3,1.132,4.841,883314586664
G0036,PRIMARY H/B TUMBLER 27,C&S,Drinkware – Hiballs,£1.71,https://latabledarc.com/en/products/verre-haut-27-cl-primary,https://cdn.shopify.com/s/files/1/0943/3553/3393/files/efe5e13c3adda0f09d99341a706362a0_1ee5f0a1-93b4-4084-af02-fb4e9bd634fb.jpg?v=1762448003,"Opt for the 27cl Primary Glass, by Chef&Sommelier
 This glass is a 100% recyclable glass product, odorless.",C&S,PRIMARY,FA6,PC,24,7.4,7.4,9.3,24,120.0,80.0,111.3,KRYSTA,DRINKWARE,DRINKWARE,GOBELET,22.981,GOBELET FH 27 PRIMARY,3.896,864,0.122,6,FR,35.7,26.6,24.2,10026102187064,165.74,40026102187065,B4,26102259511,26102259511,25.1,17.0,11.3,0.872,4.822,26102116524
G3322,PRIMARY H/B TUMBLER 36,C&S,Drinkware – Hiballs,£1.71,,https://static.wixstatic.com/media/042ed7_f545014a44d948199551fef305d2ff8b~mv2.webp,,C&S,PRIMARY,FA6,PC,24,8.1,8.1,10.1,24,120.0,80.0,111.4,KRYSTA,DRINKWARE,DRINKWARE,GOBELET,22.981,GOBELET FH 36 PRIMARY,4.928,864,0.165,6,FR,35.7,26.6,24.2,10026102187057,202.892,40026102187058,B4,26102259610,26102259610,25.1,17.0,11.3,1.13,4.822,26102116203
G3323,PRIMARY H/B TUMBLER 44,C&S,Drinkware – Hiballs,£1.85,https://latabledarc.com/en/products/verre-haut-44-cl-primary,https://cdn.shopify.com/s/files/1/0943/3553/3393/files/e7606fb0716a0c1644e733b49ae8b1cd.jpg?v=1762448175,"Opt for the 44cl Primary Glass, by Chef&Sommelier
 This glass is a 100% recyclable glass product, odorless.",C&S,PRIMARY,FA6,PC,24,8.7,8.7,11.0,24,120.0,80.0,102.2,KRYSTA,DRINKWARE,DRINKWARE,GOBELET,33.767,GOBELET FH 44 PRIMARY,4.941,576,0.155,6,FR,39.2,29.5,29.2,10026102187088,144.063,40026102187089,B4,26102259306,26102259306,27.9,18.8,13.8,1.109,7.238,26102116142
L8677,PRIMARY TUMBLER H/B 40,C&S,Drinkware – Hiballs,£1.71,,https://static.wixstatic.com/media/042ed7_88556974950945ef8cd544a08bbb023a~mv2.webp,,C&S,PRIMARY,FA6,PC,24,7.6,7.6,12.7,24,120.0,80.0,116.1,KRYSTA,DRINKWARE,DRINKWARE,GOBELET,28.904,GOBELET FH 40 PRIMARY,4.586,720,0.15,6,FR,33.8,25.3,33.8,10883314578215,163.174,40883314578216,B4,883314578218,883314578218,23.4,15.8,16.1,1.059,5.952,883314578225
X2368,PRINCESA HB TMBLER 34,ARCOROC,Drinkware – Hiballs,£0.99,,,,ARCOROC,PRINCESA,FA6,PC,24,6.6,6.6,14.8,24,120.0,80.0,115.9,SODO,DRINKWARE,DRINKWARE,GOBELET,28.904,GOBELET FH 34 PRINCESA T,6.905,720,0.255,6,FR,33.8,25.3,33.8,10883314095668,232.637,40883314095669,B4,,,23.6,16.0,16.1,1.639,6.079,883314420012
V8260,PURE CLUB JAR 1L,LUMINARC,Storage,£3.52,https://latabledarc.com/en/products/pot-100-cl-pure-jar-club,https://cdn.shopify.com/s/files/1/0943/3553/3393/files/16eb268da17082981764c375f5a4e2ed_cda65c88-b826-4bcc-93ef-4ae1333dd248.jpg?v=1762444288,"Opt for the 100cl Pure Jar Club, by Luminarc
 This jar has been specially designed and optimized for storing and preserving your dry goods. Its ultra-transparent glass composition allows you to immediately see the nature and quantity of its contents, while guaranteeing no transfer of taste or odor.",LUMINARC,PURE JAR CLUB,A6,PC,6,10.5,10.5,21.0,6,120.0,80.0,107.0,SODO,KITCHENWARE,STORAGE,CONSERVATION,13.167,POT 1L PURE JAR CLUB,3.025,360,0.468,0,FR,32.5,21.9,18.5,10883314996743,206.876,40883314996744,,26102569153,26102569153,,,,,,
V8249,"PURE CLUB JAR O,5L",LUMINARC,Storage,£3.02,https://latabledarc.com/en/products/pot-50-cl-pure-jar-club,https://cdn.shopify.com/s/files/1/0943/3553/3393/files/124d2ce46479f7045f0bd7a50b00c581_f9cd9dcd-a3fc-4e58-822a-18be18d30413.jpg?v=1762444369,"Opt for the 50cl Pure Jar Club, by Luminarc
 This jar has been specially designed and optimized for storing and preserving your dry goods. Its ultra-transparent glass composition allows you to immediately see the nature and quantity of its contents, while guaranteeing no transfer of taste or odor.",LUMINARC,PURE JAR CLUB,A6,PC,6,10.5,10.5,14.5,6,120.0,80.0,111.3,SODO,KITCHENWARE,STORAGE,CONSERVATION,8.52,"POT 0,5L PURE JAR CLUB",2.037,576,0.308,0,FR,32.3,21.8,12.1,10883314996637,221.106,40883314996638,,26102582701,26102582701,,,,,,
Q3336,PURE GLASS JAR 1L5 +LID,LUMINARC,Storage,£3.89,https://latabledarc.com/en/products/pot-150-cl-pure-jar-glass,https://cdn.shopify.com/s/files/1/0943/3553/3393/files/87cc6c914473182d0083e90c79a9248c.jpg?v=1762444328,"Choose the 150cl jar from the Pure Jar Glass collection by Luminarc.
 This jar has been specially designed and optimized for storing and preserving your dry goods. Its ultra-transparent glass composition allows you to immediately see the nature and quantity of its contents, while guaranteeing no transfer of taste or odor.",LUMINARC,PURE JAR GLASS,FA6,PC,6,10.5,10.5,21.6,6,120.0,80.0,110.5,SODO,KITCHENWARE,STORAGE,CONSERVATION,16.952,"POT 1,5L PURE JAR GLASS +CV",4.646,288,0.736,0,FR,32.4,21.8,24.0,10883314844594,248.688,40883314844595,,883314844597,883314844597,,,,,,
78045,"PURE JAR CLUB 0,28L",LUMINARC,Storage,£2.56,https://latabledarc.com/en/products/pot-28-cl-pure-jar-club,https://cdn.shopify.com/s/files/1/0943/3553/3393/files/efab8f1d35c75045d780ee65a3eac08a.jpg?v=1762444354,"Opt for the 28cl Pure Jar Club, by Luminarc
 This jar has been specially designed and optimized for storing and preserving your dry goods. Its ultra-transparent glass composition allows you to immediately see the nature and quantity of its contents, while guaranteeing no transfer of taste or odor.",LUMINARC,PURE JAR CLUB,A6,PC,6,7.3,7.3,14.0,6,120.0,80.0,107.5,SODO,KITCHENWARE,STORAGE,CONSERVATION,4.808,"POT 0,28L PURE JAR CLUB",1.497,1050,0.23,0,FR,23.2,15.7,13.2,10026102780456,287.847,40026102780457,,26102780459,26102780459,,,,,,
34818,"PURE JAR CLUB 1,5L+LEAFLET",LUMINARC,Storage,£4.00,https://latabledarc.com/en/products/pot-150-cl-pure-jar-club-1,https://cdn.shopify.com/s/files/1/0943/3553/3393/files/d02531f80a5f4a4647646bdceb946d42.jpg?v=1762444319,"Opt for the 150cl Pure Jar Club, by Luminarc
 This jar has been specially designed and optimized for storing and preserving your dry goods. Its ultra-transparent glass composition allows you to immediately see the nature and quantity of its contents, while guaranteeing no transfer of taste or odor.",LUMINARC,PURE JAR CLUB,A6,PC,6,13.6,13.6,21.1,6,120.0,80.0,106.5,SODO,KITCHENWARE,STORAGE,CONSERVATION,22.104,"POT FB 1,5L PURE JAR CLUB",4.484,180,0.691,0,FR,42.3,28.4,18.4,10026102348182,159.998,40026102348183,,26102348185,26102348185,,,,,,
V8008,PURE JAR CLUB 2L,LUMINARC,Storage,£4.84,https://latabledarc.com/en/products/pot-200-cl-pure-jar-club,https://cdn.shopify.com/s/files/1/0943/3553/3393/files/16eb268da17082981764c375f5a4e2ed.jpg?v=1762444345,"Opt for the 200cl Pure Jar Club, by Luminarc
       This jar has been specially designed and optimized for storing and preserving your dry goods. Its ultra-transparent glass composition allows you to immediately see the nature and quantity of its contents, while guaranteeing no transfer of taste or odor.",LUMINARC,PURE JAR CLUB,A6,PC,6,13.6,13.6,24.8,6,120.0,80.0,102.9,SODO,KITCHENWARE,STORAGE,CONSERVATION,26.549,POT 2L PURE JAR CLUB,4.998,144,0.771,0,FR,42.3,28.4,22.1,10883314994213,145.417,40883314994214,,26102348192,26102348192,,,,,,
11972,"PURE JAR CLUB JAR 0,75L",LUMINARC,Storage,£3.28,https://latabledarc.com/en/products/pot-75-cl-pure-jar-club,https://cdn.shopify.com/s/files/1/0943/3553/3393/files/acf60be6749a4b7cb09284d65569b451_ffd378f7-c871-442d-a15c-c29d09b73260.jpg?v=1762444401,"Opt for the 75cl Pure Jar Club, by Luminarc
 This jar has been specially designed and optimized for storing and preserving your dry goods. Its ultra-transparent glass composition allows you to immediately see the nature and quantity of its contents, while guaranteeing no transfer of taste or odor.",LUMINARC,PURE JAR CLUB,A6,PC,6,10.5,10.5,17.6,6,120.0,80.0,105.5,SODO,KITCHENWARE,STORAGE,CONSERVATION,10.819,"POT 0,75L PURE JAR CLUB",2.605,432,0.393,0,FR,32.5,21.9,15.2,10026102119720,212.929,40026102119721,,26102635858,26102635858,,,,,,
V5919,"PURE JAR CLUB JAR 1,5L",LUMINARC,Storage,£3.89,https://latabledarc.com/en/products/pot-150-cl-pure-jar-club,https://cdn.shopify.com/s/files/1/0943/3553/3393/files/aac78e058dee5161fd143db59b7ed177.webp?v=1773937785,,LUMINARC,PURE JAR CLUB,A6,PC,6,10.5,10.5,26.7,6,120.0,80.0,111.7,SODO,KITCHENWARE,STORAGE,CONSERVATION,17.349,"POT 1,5L PURE JAR CLUB",4.301,288,0.673,0,FR,32.6,21.9,24.3,10026102122522,231.827,40026102122523,,26102582718,26102582718,,,,,,
V6216,PURE JAR COLOR 0L5 +OLIVE GREEN LID,LUMINARC,Storage,£1.82,,,,LUMINARC,PURE JAR COLOR,A6,PC,6,10.5,10.5,8.4,6,120.0,80.0,122.5,SODO,KITCHENWARE,STORAGE,CONSERVATION,8.476,"POT 0,5L PURE JAR COLOR +CV VERT OLIVE",1.416,648,0.21,0,FR,32.4,21.8,12.0,10883314976103,179.559,40883314976104,,883314976106,883314976106,,,,,,
V6217,PURE JAR COLOR 0L75 +OLIVE GREEN LID,LUMINARC,Storage,£2.02,,,,LUMINARC,PURE JAR COLOR,A6,PC,6,10.5,10.5,17.6,6,120.0,80.0,120.1,SODO,KITCHENWARE,STORAGE,CONSERVATION,10.595,"POT 0,75L PURE JAR COLOR +CV VERT OLIVE",1.944,504,0.295,0,FR,32.4,21.8,15.0,10883314976110,189.614,40883314976111,,883314976113,883314976113,,,,,,
V6219,PURE JAR COLOR 1L +OLIVE GREEN LID,LUMINARC,Storage,£2.22,,,,LUMINARC,PURE JAR COLOR,FA6,PC,6,10.5,10.5,14.8,6,120.0,80.0,122.5,SODO,KITCHENWARE,STORAGE,CONSERVATION,12.714,POT 1L PURE JAR COLOR +CV VERT OLIVE,2.413,432,0.37,0,FR,32.4,21.8,18.0,10883314976134,200.059,40883314976135,,883314976137,883314976137,,,,,,
V6221,PURE JAR COLOR 1L5 +OLIVE GREEN LID,LUMINARC,Storage,£2.75,,,,LUMINARC,PURE JAR COLOR,A6,PC,6,10.5,10.5,20.6,6,120.0,80.0,110.5,SODO,KITCHENWARE,STORAGE,CONSERVATION,16.952,"POT 1,5L PURE JAR COLOR +CV VERT OLIVE",3.68,288,0.575,0,FR,32.4,21.8,24.0,10883314976158,202.014,40883314976159,,883314976151,883314976151,,,,,,
P9619,"PURE JAR CORK 0,5L+LID",LUMINARC,Storage,£4.59,https://latabledarc.com/en/products/pot-50-cl-pure-jar-cork,https://cdn.shopify.com/s/files/1/0943/3553/3393/files/456477b57672677caf56a65751dd3c9b_803f6cf1-e941-46d2-bf82-96e114e1a01a.jpg?v=1762444375,"Opt for the 50cl Pure Jar Cork, by Luminarc
 This jar has been specially designed and optimized for storing and preserving your dry goods. Its ultra-transparent glass composition allows you to immediately see the nature and quantity of its contents, while guaranteeing no transfer of taste or odor.",LUMINARC,PURE JAR CORK,FA6,PC,6,10.5,10.5,9.7,6,120.0,80.0,122.5,SODO,KITCHENWARE,STORAGE,CONSERVATION,8.476,"POT 0,5L PURE JAR CORK +CV",1.476,648,0.22,0,FR,32.4,21.8,12.0,10883314806516,186.039,40883314806517,,883314806519,883314806519,,,,,,
P9618,"PURE JAR CORK 0,75L +LID",LUMINARC,Storage,£4.89,https://latabledarc.com/en/products/pot-75-cl-pure-jar-cork,https://cdn.shopify.com/s/files/1/0943/3553/3393/files/2f3ede9abcd6458b179dd15b0074e768_a647122e-b47a-4fff-b751-61b7b0aaa95c.jpg?v=1762444408,"Opt for the 75cl Pure Jar Cork, by Luminarc
     This jar has been specially designed and optimized for storing and preserving your dry goods. Its ultra-transparent glass composition allows you to immediately see the nature and quantity of its contents, while guaranteeing no transfer of taste or odor.",LUMINARC,PURE JAR CORK,FA6,PC,6,10.5,10.5,12.8,6,120.0,80.0,116.0,SODO,KITCHENWARE,STORAGE,CONSERVATION,10.368,"POT 0,75L PURE JAR CORK +CV",2.024,504,0.305,0,FR,32.5,22.0,14.5,10883314806554,195.41,40883314806555,,883314806557,883314806557,,,,,,
P9616,"PURE JAR CORK 1,5L + LID",LUMINARC,Storage,£5.74,https://latabledarc.com/en/products/pot-150-cl-pure-jar-cork,https://cdn.shopify.com/s/files/1/0943/3553/3393/files/7a1246a3d6e181cb375bc210cac902f8_a871545c-6006-421a-b9b2-bb006063623e.jpg?v=1762444321,"Opt for the 150cl Pure Jar Cork, by Luminarc
       This jar has been specially designed and optimized for storing and preserving your dry goods. Its ultra-transparent glass composition allows you to immediately see the nature and quantity of its contents, while guaranteeing no transfer of taste or odor.",LUMINARC,PURE JAR CORK,FA6,PC,6,10.5,10.5,22.0,6,120.0,80.0,108.5,SODO,KITCHENWARE,STORAGE,CONSERVATION,16.803,"POT 1,5L PURE JAR CORK +CV",3.767,288,0.585,0,FR,32.5,22.0,23.5,10883314806530,206.19,40883314806531,,883314806533,883314806533,,,,,,
P9617,PURE JAR CORK 1L+LID,LUMINARC,Storage,£5.15,https://latabledarc.com/en/products/pot-100-cl-pure-jar-cork,https://cdn.shopify.com/s/files/1/0943/3553/3393/files/5db8baf0c4665fd92a92cdd1b2718c27_7899da07-1871-48bc-adb9-08923e593903.jpg?v=1762444296,"Opt for the 100cl Pure Jar Cork, by Luminarc
       This jar has been specially designed and optimized for storing and preserving your dry goods. Its ultra-transparent glass composition allows you to immediately see the nature and quantity of its contents, while guaranteeing no transfer of taste or odor.",LUMINARC,PURE JAR CORK,FA6,PC,6,10.5,10.5,16.1,6,120.0,80.0,123.1,SODO,KITCHENWARE,STORAGE,CONSERVATION,12.714,POT 1L PURE JAR CORK +CV,2.473,432,0.38,0,FR,32.4,21.8,18.0,10883314806547,204.379,40883314806548,,883314806540,883314806540,,,,,,
P9615,PURE JAR CORK 2L+LID,LUMINARC,Storage,£6.88,https://latabledarc.com/en/products/pot-200-cl-pure-jar-cork,https://cdn.shopify.com/s/files/1/0943/3553/3393/files/5db8baf0c4665fd92a92cdd1b2718c27.jpg?v=1762444358,"Opt for the 2L Pure Jar Cork, by Luminarc
 This jar has been specially designed and optimized for storing and preserving your dry goods. Its ultra-transparent glass composition allows you to immediately see the nature and quantity of its contents, while guaranteeing no transfer of taste or odor.",LUMINARC,PURE JAR CORK,A6,PC,6,13.6,13.6,19.0,6,120.0,80.0,100.5,SODO,KITCHENWARE,STORAGE,CONSERVATION,26.811,POT 2L PURE JAR CORK +CV,4.142,144,0.615,0,FR,43.0,29.0,21.5,10883314806523,124.774,40883314806524,,883314806526,883314806526,,,,,,
Q8593,PURE JAR CORK SPAGHETTI JAR 2L+LID,LUMINARC,Storage,£8.02,https://latabledarc.com/en/products/pot-a-spaghetti-200cl-avec-bouchon-en-liege-pure-jar,https://cdn.shopify.com/s/files/1/0943/3553/3393/files/00500b01d097488f0277657db5df4e71_ac915117-819f-4fa0-a7a3-bf31c84801a5.jpg?v=1762444431,"Opt for the 200cl Spaghetti Jar with cork stopper, Pure Jar, by Luminarc
 This jar has been specially designed and optimized for storing and preserving spaghetti. Its ultra-transparent glass composition allows you to immediately see the contents and their quantity, while guaranteeing no transfer of taste or odor.",LUMINARC,PURE JAR CORK,FA6,PC,6,10.5,10.5,31.9,6,120.0,80.0,115.0,SODO,KITCHENWARE,STORAGE,CONSERVATION,23.953,POT A SPAGHETTI 2L PURE JAR CORK +CV,5.364,216,0.83,0,FR,32.5,22.0,33.5,10883314901051,218.498,40883314901052,,883314901054,883314901054,,,,,,
Q3345,"PURE JAR GLASS 0,75L+LID",LUMINARC,Storage,£3.28,https://latabledarc.com/en/products/pot-70-cl-pure-jar-glass,https://cdn.shopify.com/s/files/1/0943/3553/3393/files/57536850ca850f55a3224057df5596e9_f6f866c7-68e5-4733-9d3b-cbfe91b6aec7.jpg?v=1762444393,"Choose the 70cl jar from the Pure Jar Glass collection by Luminarc.
   This jar has been specially designed and optimized for storing and preserving your dry goods. Its ultra-transparent glass composition allows you to immediately see the nature and quantity of its contents, while guaranteeing no transfer of taste or odor.",LUMINARC,PURE JAR GLASS,FA6,PC,6,10.5,10.5,12.5,6,120.0,80.0,120.4,SODO,KITCHENWARE,STORAGE,CONSERVATION,10.595,"POT 0,74L PURE JAR GLASS +CV",2.91,504,0.456,0,FR,32.4,21.8,15.0,10883314844709,270.758,40883314844700,,883314844702,883314844702,,,,,,
Q3346,PURE JAR GLASS 0L5+LID,LUMINARC,Storage,£3.02,https://latabledarc.com/en/products/pot-50-cl-pure-jar-glass,https://cdn.shopify.com/s/files/1/0943/3553/3393/files/068d7ad37aee93a5bc7e06436f76c981.jpg?v=1762444381,"Choose the 50cl jar from the Pure Jar Glass collection by Luminarc
 This jar has been specially designed and optimized for storing and preserving your dry goods. Its ultra-transparent glass composition allows you to immediately see the nature and quantity of its contents, while guaranteeing no transfer of taste or odor.",LUMINARC,PURE JAR GLASS,FA6,PC,6,10.5,10.5,9.4,6,120.0,80.0,122.5,SODO,KITCHENWARE,STORAGE,CONSERVATION,8.476,"POT 0,5L PURE JAR GLASS +CV",2.382,648,0.371,0,FR,32.4,21.8,12.0,10883314844716,283.887,40883314844717,,883314844719,883314844719,,,,,,
Q3339,PURE JAR GLASS 1L+LID,LUMINARC,Storage,£3.52,https://latabledarc.com/en/products/pot-100-cl-pure-jar-glass,https://cdn.shopify.com/s/files/1/0943/3553/3393/files/30271c7096166d09fe84797aaaf03a9e.jpg?v=1762444305,"Choose the 100cl jar from the Pure Jar Glass collection by Luminarc.
 This jar has been specially designed and optimized for storing and preserving your dry goods. Its ultra-transparent glass composition allows you to immediately see the nature and quantity of its contents, while guaranteeing no transfer of taste or odor.",LUMINARC,PURE JAR GLASS,FA6,PC,6,10.5,10.5,15.8,6,120.0,80.0,122.5,SODO,KITCHENWARE,STORAGE,CONSERVATION,12.714,POT 1L PURE JAR GLASS +CV,3.379,432,0.531,0,FR,32.4,21.8,18.0,10883314844624,269.611,40883314844625,,883314844627,883314844627,,,,,,
Q6414,PURE JAR GLASS SPAGHETTI JAR 2L+LID,LUMINARC,Storage,£6.47,https://latabledarc.com/en/products/pot-a-spaghetti-200cl-avec-bouchon-en-verre-pure-jar,https://cdn.shopify.com/s/files/1/0943/3553/3393/files/c362685fc006a37c44ce113faf398259.jpg?v=1762444422,"Choose the 200cl Spaghetti Jar with a Pure Jar glass lid, by Luminarc
      This jar has been specially designed and optimized for storing and preserving spaghetti. Its ultra-transparent glass composition allows you to immediately see the contents and their quantity, while guaranteeing no transfer of taste or odor.",LUMINARC,PURE JAR GLASS,FA6,PC,6,10.5,10.5,31.3,6,120.0,80.0,115.0,SODO,KITCHENWARE,STORAGE,CONSERVATION,23.953,POT A SPAGHETTI 2L PURE JAR GLASS +CV,6.288,216,0.981,0,FR,32.5,22.0,33.5,10883314877059,251.762,40883314877050,,883314877052,883314877052,,,,,,
P9610,PURE JAR WOOD 0L5+LID,LUMINARC,Storage,£4.59,https://latabledarc.com/en/products/pot-50-cl-pure-jar-wood,https://cdn.shopify.com/s/files/1/0943/3553/3393/files/8944a01bd2542d123ecc8bad584d8e47_45a81db7-bca3-489d-a7c2-9ad7c11925a5.jpg?v=1762444389,"Pur Jar Wood glass jars: designed to preserve your dry foods! 
 Whether you're buying in bulk or storing and organizing your ingredients and dry goods, suitable containers are essential. Luckily, Pur Jar Wood glass jars and containers have been developed specifically for this purpose!
 Designed and optimized for storing and preserving your dry goods, Pur Jar containers have a lid with a sealing gasket . This gasket prevents oxidation of their contents and therefore extends shelf life . 
 Another advantage of a Pur Jar Wood jar is its ultra-transparent glass composition, which allows you to see the contents at a glance (handy when cooking!), while also guaranteeing that the stored ingredients and food will not spoil. Indeed, glass is a high-quality, inert, and non-porous material. This means that no particle transfer is possible between the container and its contents, unlike with plastics!
 Last but not least, the natural wood lid of the Pur Jar Wood containers is specially designed to allow for safe stacking of multiple Pur Jar Wood containers . A practical way to optimize space in your kitchen!
 Available in different capacities, from 50 to 200 cl",LUMINARC,PURE JAR WOOD,FA6,PC,6,10.5,10.5,9.3,6,120.0,80.0,109.6,SODO,KITCHENWARE,STORAGE,CONSERVATION,7.416,POT 0L5 PURE JAR WOOD +CV,1.912,648,0.296,0,FR,32.4,21.8,10.5,10883314806455,233.498,40883314806456,,883314806458,883314806458,,,,,,
P9611,PURE JAR WOOD 0L75+LID,LUMINARC,Storage,£4.89,https://latabledarc.com/en/products/pot-75-cl-pure-jar-wood,https://cdn.shopify.com/s/files/1/0943/3553/3393/files/e5b06b526cb746535ca84c0828f85f55.jpg?v=1762444413,"Pur Jar Wood glass jars: designed to preserve your dry foods! 
 Whether you're buying in bulk or storing and organizing your dry ingredients and food, suitable containers are essential. Luckily, Pur Jar Wood glass jars and containers have been developed specifically for this purpose!
 Designed and optimized for storing and preserving your dry goods, Pur Jar containers have a lid with a sealing gasket . This gasket prevents oxidation of their contents and therefore extends shelf life . 
 Another advantage of a Pur Jar Wood jar is its ultra-transparent glass composition, which allows you to see the contents at a glance (handy when cooking!), while also guaranteeing that the stored ingredients and food will not spoil. Indeed, glass is a high-quality, inert, and non-porous material. This means that no particle transfer is possible between the container and its contents, unlike with plastics!
 Last but not least, the natural wood lid of the Pur Jar Wood containers is specially designed to allow for safe stacking of multiple Pur Jar Wood containers . A practical way to optimize space in your kitchen!
 Available in different capacities, from 50 to 200 cl",LUMINARC,PURE JAR WOOD,FA6,PC,6,10.5,10.5,12.4,6,120.0,80.0,116.0,SODO,KITCHENWARE,STORAGE,CONSERVATION,10.368,POT 0L75 PURE JAR WOOD +CV,2.48,504,0.381,0,FR,32.5,22.0,14.5,10883314806479,233.714,40883314806470,,883314806472,883314806472,,,,,,
P9612,PURE JAR WOOD 1L+LID,LUMINARC,Storage,£5.15,https://latabledarc.com/en/products/pot-100-cl-pure-jar-wood,https://cdn.shopify.com/s/files/1/0943/3553/3393/files/dd61fd0736d4d798444b9cde8ad87e92.jpg?v=1762444313,"Pur Jar Wood glass jars: designed to preserve your dry foods! 
 Whether you're buying in bulk or storing and organizing your ingredients and dry goods, suitable containers are essential. Luckily, Pur Jar Wood glass jars and containers have been developed specifically for this purpose!
   Designed and optimized for storing and preserving your dry goods, Pur Jar containers have a lid with a sealing gasket . This gasket prevents oxidation of their contents and therefore extends shelf life . 
 Another advantage of a Pur Jar Wood jar is its ultra-transparent glass composition, which allows you to see the contents at a glance (handy when cooking!), while also guaranteeing that the stored ingredients and food will not spoil. Indeed, glass is a high-quality, inert, and non-porous material. This means that no particle transfer is possible between the container and its contents, unlike with plastics!
     Last but not least, the natural wood lid of the Pur Jar Wood containers is specially designed to allow for safe stacking of multiple Pur Jar Wood containers . A practical way to optimize space in your kitchen!
 Available in different capacities, from 50 to 200 cl",LUMINARC,PURE JAR WOOD,FA6,PC,6,10.5,10.5,15.7,6,120.0,80.0,122.5,SODO,KITCHENWARE,STORAGE,CONSERVATION,12.714,POT 1L PURE JAR WOOD +CV,2.929,432,0.456,0,FR,32.4,21.8,18.0,10883314806486,237.211,40883314806487,,883314806489,883314806489,,,,,,
P9613,PURE JAR WOOD 1L5+LID,LUMINARC,Storage,£5.74,https://latabledarc.com/en/products/pot-150-cl-pure-jar-wood,https://cdn.shopify.com/s/files/1/0943/3553/3393/files/7aaccbb5fab75e5484504731a161df12.jpg?v=1762444333,"Pur Jar Wood glass jars: designed to preserve your dry foods! 
 Whether you're buying in bulk or storing and organizing your ingredients and dry goods, suitable containers are essential. Luckily, Pur Jar Wood glass jars and containers have been developed specifically for this purpose!
   Designed and optimized for storing and preserving your dry goods, Pur Jar containers have a lid with a sealing gasket . This gasket prevents oxidation of their contents and therefore extends shelf life . 
 Another advantage of a Pur Jar Wood jar is its ultra-transparent glass composition, which allows you to see the contents at a glance (handy when cooking!), while also guaranteeing that the stored ingredients and food will not spoil. Indeed, glass is a high-quality, inert, and non-porous material. This means that no particle transfer is possible between the container and its contents, unlike with plastics!
     Last but not least, the natural wood lid of the Pur Jar Wood containers is specially designed to allow for safe stacking of multiple Pur Jar Wood containers . A practical way to optimize space in your kitchen!
 Available in different capacities, from 50 to 200 cl",LUMINARC,PURE JAR WOOD,FA6,PC,6,10.5,10.5,21.5,6,120.0,80.0,110.5,SODO,KITCHENWARE,STORAGE,CONSERVATION,16.952,POT 1L5 PURE JAR WOOD +CV,4.196,288,0.661,0,FR,32.4,21.8,24.0,10883314806493,226.782,40883314806494,,883314806496,883314806496,,,,,,
P9614,PURE JAR WOOD 2L+LID,LUMINARC,Storage,£6.88,https://latabledarc.com/en/products/pot-200-cl-pure-jar-wood,https://cdn.shopify.com/s/files/1/0943/3553/3393/files/276f809d3c4c73592aa1147275441e0d.png?v=1762444366,"Pur Jar Wood glass jars: designed to preserve your dry foods! 
 Whether you're buying in bulk or storing and organizing your dry ingredients and food, suitable containers are essential. Luckily, Pur Jar Wood glass jars and containers have been developed specifically for this purpose!
   Designed and optimized for storing and preserving your dry goods, Pur Jar containers have a lid with a sealing gasket . This gasket prevents oxidation of their contents and therefore extends shelf life . 
 Another advantage of a Pur Jar Wood jar is its ultra-transparent glass composition, which allows you to see the contents at a glance (handy when cooking!), while also guaranteeing that the stored ingredients and food will not spoil. Indeed, glass is a high-quality, inert, and non-porous material. This means that no particle transfer is possible between the container and its contents, unlike with plastics!
     Last but not least, the natural wood lid of the Pur Jar Wood containers is specially designed to allow for safe stacking of multiple Pur Jar Wood containers . A practical way to optimize space in your kitchen!
 Available in different capacities, from 50 to 200 cl",LUMINARC,PURE JAR WOOD,A6,PC,6,13.6,13.6,18.8,6,120.0,80.0,100.5,SODO,KITCHENWARE,STORAGE,CONSERVATION,26.811,POT 2L PURE JAR WOOD+CV,4.742,144,0.715,0,FR,43.0,29.0,21.5,10883314806509,139.174,40883314806500,,883314806502,883314806502,,,,,,
Q8588,PURE JAR WOOD SPAGHETTI JAR 2L + LID,LUMINARC,Storage,£8.02,https://latabledarc.com/en/products/pot-a-spaghetti-200cl-avec-bouchon-en-bois-pure-jar,https://cdn.shopify.com/s/files/1/0943/3553/3393/files/d3114ac87cd83ac05d974c15985a0ee3.jpg?v=1762444426,"Opt for the 200cl Pure Jar spaghetti jar with wooden lid, by Luminarc
        This jar has been specially designed and optimized for storing and preserving spaghetti. Its ultra-transparent glass composition allows you to immediately see the contents and their quantity, while guaranteeing no transfer of taste or odor.",LUMINARC,PURE JAR WOOD,FA6,PC,6,10.5,10.5,31.4,6,120.0,80.0,115.0,SODO,KITCHENWARE,STORAGE,CONSERVATION,23.953,POT A SPAGHETTI 2L PURE JAR WOOD +CV,5.82,216,0.906,0,FR,32.5,22.0,33.5,10883314901006,234.914,40883314901007,,883314901009,883314901009,,,,,,
Q9060,PURE JUG 0L5 +LID,LUMINARC,Drinkware Accessories – Beverage Service,£3.43,,,,LUMINARC,PURE,A6,PC,6,9.0,9.0,15.6,6,120.0,80.0,117.7,SODO,DRINKWARE,DRINKWARE ACCESSORIE,BROC CARAFE,10.67,"BROC 0,5L PURE +CV VERRE",3.622,504,0.564,0,FR,32.5,19.2,17.1,10883314905929,329.838,40883314905920,,883314905922,883314905922,,,,,,
Q3321,PURE JUG 1L +GLASS STOPPER,LUMINARC,"Drinkware Accessories – Jugs, Pitchers & Carafes",£4.27,https://latabledarc.com/en/products/broc-1-l-avec-couvercle-pure,https://cdn.shopify.com/s/files/1/0943/3553/3393/files/056613713e3ce6095a4c8e21c83f1c04.jpg?v=1762444750,,LUMINARC,PURE,A6,PC,6,9.4,9.4,22.9,6,120.0,80.0,112.6,SODO,DRINKWARE,DRINKWARE ACCESSORIE,BROC CARAFE,15.479,BROC 1L PURE +CV VERRE,5.188,336,0.814,0,FR,32.5,19.6,24.3,10883314844464,316.209,40883314844465,,883314844467,883314844467,,,,,,
12615,QUADRO DESSERT BOWL 36,ARCOROC,Dinnerware,£3.82,,,,ARCOROC,QUADRO,FA6,PC,24,8.2,0.0,19.0,24,120.0,80.0,101.8,SODO,DINNERWARE,DINNERWARE,COUPE DESSERT,41.403,COUPE DESSERT 36 QUADRO,11.438,432,0.425,6,AE,35.7,26.6,43.6,10026102126155,231.363,40026102126156,B4,,,0.0,0.0,0.0,2.752,0.0,26102127629
46538,QUADRO REFRIDGERATOR JUG + WHITE LID 2L,LUMINARC,Drinkware Accessories – Beverage Service,£5.71,https://latabledarc.com/en/products/broc-avec-bouchon-2-l-quadro,https://cdn.shopify.com/s/files/1/0943/3553/3393/files/5bfacca94774af36d2af6ff284ecbc15_8790fd95-196d-4cea-b84f-c4a18fa7e6bf.jpg?v=1762436334,"Opt for the Broc 2 L Quadro, by Luminarc
 This jug combines simplicity and practicality, thanks to its reduced weight, which facilitates serving.",LUMINARC,QUADRO,A6,PC,6,14.5,8.4,25.7,6,120.0,80.0,108.1,SODO CLEAR,DRINKWARE,DRINKWARE ACCESSORIE,BROC CARAFE,23.819,VERSEUR 2L QUADRO +BOUCHON BLANC,5.15,216,0.787,0,AE,28.7,26.6,31.2,10026102465384,210.869,40026102465385,,26102465387,26102465387,,,,,,
30629,"QUADRO REFRIDGERATOR JUG+ WHITE LID 1,7L",LUMINARC,Drinkware Accessories – Beverage Service,£5.33,https://latabledarc.com/en/products/broc-avec-bouchon-1-7-l-quadro,https://cdn.shopify.com/s/files/1/0943/3553/3393/files/9379f27f43846b9981dd40cf94ef1a1d_4947acae-3dcc-43d7-889e-4f00a2c9bef3.jpg?v=1762444771,"Opt for the 1.7L Quadro Pitcher, by Luminarc
 This jug combines simplicity and practicality, thanks to its reduced weight, which facilitates serving.",LUMINARC,QUADRO,A6,PC,6,16.1,8.8,25.7,6,120.0,80.0,97.4,SODO,DRINKWARE,DRINKWARE ACCESSORIE,BROC CARAFE,27.384,"BROC REFRIG 1,7L QUADRO +BOUCH BLANC",5.688,162,0.867,0,FR,37.3,26.6,27.6,10026102306298,179.04,40026102306299,,26102306291,26102306291,,,,,,
75201,"QUADRO REFRIGERATION JUG-WHITE LID 0,5L",LUMINARC,Drinkware Accessories – Beverage Service,£3.26,https://latabledarc.com/en/products/broc-avec-bouchon-0-5-l-quadro,https://cdn.shopify.com/s/files/1/0943/3553/3393/files/aa56c4f69071e4fb7536f954df951a89.jpg?v=1762444777,"Choose the Quadro 0.5L pitcher with lid, by Luminarc
 This jug combines simplicity and practicality, thanks to its reduced weight, which facilitates serving.",LUMINARC,QUADRO,A6,PC,6,8.7,8.7,15.6,6,120.0,80.0,101.5,SODO,DRINKWARE,DRINKWARE ACCESSORIE,BROC CARAFE,12.141,"BROC REFRIG 0,5L QUADRO +BOUCH BLANC",3.235,360,0.502,0,FR,34.3,20.7,17.1,10026102752019,219.554,40026102752010,,26102752012,26102752012,,,,,,
70361,"QUADRO REFRIGERATOR JUG 1,1L+WHITE LID",LUMINARC,Drinkware Accessories – Beverage Service,£4.04,https://latabledarc.com/en/products/broc-1-1-l-quadro,https://cdn.shopify.com/s/files/1/0943/3553/3393/files/63f499a24399e9600ea429bb52d6be75.jpg?v=1762444757,"Opt for the 1.1L Quadro Jug, by Luminarc
 This jug combines simplicity and practicality, thanks to its reduced weight, which facilitates serving.",LUMINARC,QUADRO,A6,PC,6,8.6,8.6,24.2,6,120.0,80.0,91.9,SODO,DRINKWARE,DRINKWARE ACCESSORIE,BROC CARAFE,18.23,"BROC REFRIG 1,1L QUADRO +BOUCH BLANC",4.988,216,0.777,0,FR,34.3,20.6,25.8,10026102703615,204.932,40026102703616,,26102703618,26102703618,,,,,,
39082,"REIMS FLUTE 14,5",ARCOROC,Drinkware – Champagne,£0.81,,,,ARCOROC,REIMS TRANSP UNI,FA12,PC,1296,6.0,6.0,15.7,0,120.0,80.0,115.9,SODO,DRINKWARE,DRINKWARE,VERRE A PIED,0.0,"FLUTE 14,5 REIMS (+CB ART)",0.0,1296,0.115,0,FR,,,,,195.737,40026102390823,,26102504369,26102504369,,,,,,
V9811,RENDEZ VOUS BRUME MARRON FLUTE 17 F4,CRISTAL D'ARQUES,Drinkware – Champagne,£14.53,https://latabledarc.com/en/products/flute-17-cl-rendez-vous-brume-marron,https://cdn.shopify.com/s/files/1/0943/3553/3393/files/0249d167417f637b3850864c0ca5d15b.jpg?v=1762446027,The 17cl Rendez-Vous Brown Mist Flute combines finesse and originality to enrich your festive moments.,CRISTAL D'ARQUES,RENDEZ-VOUS BRUME,FF4,F4,2,15.0,15.0,23.1,2,120.0,80.0,87.4,CRYSTAL GLASS,DRINKWARE,DRINKWARE,VERRE A PIED,12.243,FLUTE 17 RENDEZ-VOUS BRUME MARRON    F4,2.401,96,1.064,0,FR,31.1,16.2,24.3,10883314029618,140.593,40883314029619,B2,883314029611,883314029611,,,,,,
V9810,RENDEZ-VOUS BRUME VERT STEMMD GLASS25 F4,CRISTAL D'ARQUES,Drinkware – Wine,£14.53,https://latabledarc.com/en/products/verre-a-pied-25-cl-rendez-vous-brume-vert,https://cdn.shopify.com/s/files/1/0943/3553/3393/files/cb9909e9c35b458f8edc9a94fc25409b.jpg?v=1762448362,The Rendez-Vous Brume Vert 25cl stemmed glass is perfect for adding a touch of sophistication to your table.,CRISTAL D'ARQUES,RENDEZ-VOUS BRUME,FF4,F4,2,17.6,17.6,21.8,2,120.0,80.0,106.8,CRYSTAL GLASS,DRINKWARE,DRINKWARE,VERRE A PIED,15.907,VAP 25 RENDEZ-VOUS BRUME VERT        F4,2.741,96,1.21,0,FR,36.4,19.0,23.0,10883314029595,157.242,40883314029596,B2,883314029598,883314029598,,,,,,
V7378,RENDEZ-VOUS FLUTE 17                  F4,CRISTAL D'ARQUES,Drinkware – Champagne,£13.85,,,,CRISTAL D'ARQUES,RENDEZ-VOUS,FF4,F4,2,15.0,15.0,23.1,2,120.0,80.0,112.0,CRYSTAL GLASS,DRINKWARE,DRINKWARE,VERRE A PIED,12.243,FLUTE 17 RENDEZ-VOUS -               F4,2.403,136,1.065,0,FR,31.1,16.2,24.3,10883314988199,189.086,40883314988190,B2,883314988192,883314988192,,,,,,
V7381,RENDEZ-VOUS HB TUMBLER 36             F4,CRISTAL D'ARQUES,Drinkware – Hiballs,£11.71,,,,CRISTAL D'ARQUES,RENDEZ-VOUS,FF4,F4,2,18.1,18.1,13.9,2,120.0,80.0,105.3,CRYSTAL GLASS,DRINKWARE,DRINKWARE,GOBELET,10.87,GOBELET FH 36 RENDEZ-VOUS -          F4,3.901,144,1.86,0,FR,37.3,19.3,15.1,10883314988236,306.444,40883314988237,B2,883314988239,883314988239,,,,,,
V7382,RENDEZ-VOUS OF TUMBLER 32             F4,CRISTAL D'ARQUES,Drinkware – Tumblers,£10.70,,,,CRISTAL D'ARQUES,RENDEZ-VOUS,FF4,F4,2,19.4,19.4,10.7,2,120.0,80.0,110.0,CRYSTAL GLASS,DRINKWARE,DRINKWARE,GOBELET,9.52,GOBELET FB 32 RENDEZ-VOUS -          F4,3.618,192,1.72,0,FR,40.0,20.0,11.9,10883314988243,373.007,40883314988244,B2,883314988246,883314988246,,,,,,
V7380,RENDEZ-VOUS STEMGLASS 25              F4,CRISTAL D'ARQUES,Drinkware – Wine,£13.85,,,,CRISTAL D'ARQUES,RENDEZ-VOUS,FF4,F4,2,17.6,17.6,21.8,2,120.0,80.0,106.8,CRYSTAL GLASS,DRINKWARE,DRINKWARE,VERRE A PIED,15.907,VERRE A PIED 25 RENDEZ-VOUS -        F4,2.743,96,1.211,0,FR,36.4,19.0,23.0,10883314988212,157.338,40883314988213,B2,883314988215,883314988215,,,,,,
V7379,RENDEZ-VOUS STEMGLASS 35              F4,CRISTAL D'ARQUES,Drinkware – Wine,£15.17,,,,CRISTAL D'ARQUES,RENDEZ-VOUS,FF4,F4,2,19.7,19.7,23.4,2,120.0,80.4,113.2,CRYSTAL GLASS,DRINKWARE,DRINKWARE,VERRE A PIED,20.668,VERRE A PIED 35 RENDEZ-VOUS -        F4,3.49,80,1.559,0,FR,40.2,20.9,24.6,10883314988205,165.284,40883314988206,B2,883314988208,883314988208,,,,,,
C1514,RESTAURANT WHITE BOWL 50,ARCOROC,Hot Drinks / Breakfast – Crockery,£1.12,,,,ARCOROC,RESTAURANT BL UNI,RS6,PC,36,13.2,13.2,6.8,36,120.0,80.3,117.6,FLUO,HOT DRINKS / BREAKFA,HOT DRINKS / BREAKFA,BOL / MUG (PTT DEJEUNER),16.272,BOL 50 RESTAURANT T,8.783,1764,0.235,6,FR,41.9,26.6,14.6,10026102963002,456.059,40026102963003,B6,,,13.2,13.2,14.3,1.415,2.492,26102963005
N1738,REVEAL'UP SOFT STEMGLASS 50,C&S,Drinkware – Wine,£4.12,https://latabledarc.com/en/products/verre-a-pied-50-cl-reveal-up,https://cdn.shopify.com/s/files/1/0943/3553/3393/files/d4434b859e539579e9bf6b18a09af072_9ee0fa28-0ae8-4431-8fb9-ff504dbca7df.jpg?v=1762449124,"Fall in love with the Reveal Up 50cl stemmed glass, developed by Chef&Sommelier
 This stemmed glass, like all stemmed glasses, is an essential element of French tableware! Its shape has been carefully designed to offer the perfect balance between appearance, durability, and ease of use. Furthermore, the Arc Group's expertise in glassmaking ensures the robust construction of these stemmed glasses, guaranteeing their longevity.",C&S,REVEAL'UP,FA6,PC,12,9.6,9.6,24.6,12,120.0,80.0,100.2,KRYSTA,DRINKWARE,DRINKWARE,VERRE A PIED,43.799,VERRE A PIED 50 REVEAL'UP SOFT,3.663,180,0.199,6,FR,45.2,34.0,28.5,10883314616412,80.514,40883314616413,B2,883314465624,883314465624,9.6,9.6,24.6,1.194,2.267,883314465631
J8742,REVEALUP INTENSE STEMMED GLASS 45,C&S,Drinkware – Wine,£4.12,https://latabledarc.com/en/products/verre-a-pied-45-cl-reveal-up,https://cdn.shopify.com/s/files/1/0943/3553/3393/files/31997f7ac3c861c2f566494bfb8e4a5a_ece1d24c-44ff-4bb6-b66c-6cf0e5dfc7fd.jpg?v=1762448659,"Fall in love with the Reveal Up 45cl stemmed glass, developed by Chef&Sommelier
 This stemmed glass, like all stemmed glasses, is an essential element of French tableware! Its shape has been carefully designed to offer the perfect balance between appearance, durability, and ease of use. Furthermore, the Arc Group's expertise in glassmaking ensures the robust construction of these stemmed glasses, guaranteeing their longevity.",C&S,REVEAL'UP,FA6,PC,24,10.4,10.4,22.1,24,120.0,80.0,113.7,KRYSTA,DRINKWARE,DRINKWARE,VERRE A PIED,92.504,VERRE A PIED 45 REVEALUP INTENSE,6.793,192,0.189,6,FR,50.0,37.3,49.6,10883314465669,79.828,40883314465660,B4,883314465655,883314465655,35.6,24.0,24.0,1.481,20.506,883314465662
J9014,REVEALUP INTENSE STEMMED GLASS 55,C&S,Drinkware – Wine,£4.35,https://latabledarc.com/en/products/verre-a-pied-55-cl-reveal-up,https://cdn.shopify.com/s/files/1/0943/3553/3393/files/017543d36bebf12f1d9463656997e1a3.webp?v=1763727792,"Fall in love with the Reveal Up 55cl stemmed glass, developed by Chef&Sommelier
   This stemmed glass, like all stemmed glasses, is an essential element of French tableware! Its shape has been carefully designed to offer the perfect balance between appearance, durability, and ease of use. Furthermore, the Arc Group's expertise in glassmaking ensures the robust construction of these stemmed glasses, guaranteeing their longevity.",C&S,REVEAL'UP,FA6,PC,24,10.9,10.9,23.4,24,120.0,80.0,113.7,KRYSTA,DRINKWARE,DRINKWARE,VERRE A PIED,92.504,VERRE A PIED 55 REVEAL'UP INTENSE,7.009,192,0.198,6,FR,50.0,37.3,49.6,10883314465683,81.556,40883314465684,B4,883314465679,883314465679,10.9,10.9,23.4,1.188,2.78,883314465686
J8908,REVEALUP SOFT STEMMED GLASS 30,C&S,Drinkware – Wine,£3.54,https://latabledarc.com/en/products/verre-a-pied-30-cl-reveal-up,https://cdn.shopify.com/s/files/1/0943/3553/3393/files/51487bb91aac7300783d0459319bea10_61718b65-36da-46cb-ba51-573b75c0a8e8.jpg?v=1762448425,"Fall in love with the Reveal Up 30cl stemmed glass, developed by Chef&Sommelier
 This stemmed glass, like all stemmed glasses, is an essential element of French tableware! Its shape has been carefully designed to offer the perfect balance between appearance, durability, and ease of use. Furthermore, the Arc Group's expertise in glassmaking ensures the robust construction of these stemmed glasses, guaranteeing their longevity.",C&S,REVEAL'UP,FA6,PC,24,8.2,8.2,21.7,24,120.0,80.0,111.7,KRYSTA,DRINKWARE,DRINKWARE,VERRE A PIED,54.677,VERRE A PIED 30 REVEAL'UP SOFT,5.45,384,0.155,6,FR,57.4,39.2,24.3,10883314465591,112.694,40883314465592,B4,883314465587,883314465587,27.8,18.8,22.6,1.174,11.812,883314465594
J8907,REVEALUP STEMMED GLASS 21,C&S,Drinkware – Wine,£4.12,https://latabledarc.com/en/products/flute-21-cl-reveal-up,https://cdn.shopify.com/s/files/1/0943/3553/3393/files/82c584b69df178bc2d60239ee77dd001.webp?v=1763714905,"Fall in love with the 21cl Reveal Up Flute, developed by Chef&Sommelier
 This flute is specifically designed for tasting sparkling wines, while also being able to enhance any carbonated beverage. Indeed, in addition to its shape and elegance, the glass from which it is made has been specially crafted to optimize the release of bubbles, while its enhanced transparency allows for a better view and appreciation of them.",C&S,REVEAL'UP,FA6,PC,24,7.0,7.0,23.3,24,120.0,80.0,116.9,KRYSTA,DRINKWARE,DRINKWARE,VERRE A PIED,39.315,FLUTE 21 REVEALUP,5.061,480,0.153,6,FR,47.4,32.4,25.6,10883314465577,126.613,40883314465578,B4,883314465563,883314465563,23.0,15.6,24.4,1.125,1.142,883314465570
V3305,ROMAN STEMMED GLASS 14,LUMINARC,Drinkware – Wine,£1.37,https://latabledarc.com/en/products/verre-a-pied-14-cl-roman,https://cdn.shopify.com/s/files/1/0943/3553/3393/files/c48dbb9bada4276d9a42214554ad485b.jpg?v=1762448281,"Fall in love with the Roman 14cl stemmed glass, developed by Luminarc
 This stemmed glass, like all stemmed glasses, is an essential element of French tableware! Its shape has been carefully designed to offer the perfect balance between appearance, durability, and ease of use. Furthermore, the Arc Group's expertise in glassmaking ensures the robust construction of these stemmed glasses, guaranteeing their longevity.",LUMINARC,ROMAN,1/2 FA6,PC,24,7.1,7.1,10.4,24,120.0,80.0,96.3,SODO,DRINKWARE,DRINKWARE,VERRE A PIED,23.26,VERRE A PIED 14 ROMAN,4.128,720,0.14,6,FR,33.8,25.3,27.2,10883314948919,149.397,40883314948910,B4,883314948912,883314948912,23.7,16.0,12.8,0.955,4.854,
V3304,ROMAN STEMMED GLASS 21,LUMINARC,Drinkware – Wine,£1.51,https://latabledarc.com/en/products/verre-a-pied-21-cl-roman,https://cdn.shopify.com/s/files/1/0943/3553/3393/files/150c4e1c2f3629211b9f65a00307c661.webp?v=1777298299,"Fall in love with the Roman 21cl stemmed glass, developed by Luminarc
   This stemmed glass, like all stemmed glasses, is an essential element of French tableware! Its shape has been carefully designed to offer the perfect balance between appearance, durability, and ease of use. Furthermore, the Arc Group's expertise in glassmaking ensures the robust construction of these stemmed glasses, guaranteeing their longevity.",LUMINARC,ROMAN,1/2 FA6,PC,24,0.0,0.0,0.0,24,120.0,80.0,96.2,SODO,DRINKWARE,DRINKWARE,VERRE A PIED,25.83,VERRE A PIED 21 ROMAN,5.74,648,0.205,6,FR,35.7,26.6,27.2,10883314948902,180.336,40883314948903,B4,883314948905,883314948905,25.2,17.0,12.8,1.352,5.484,
V6044,SALBURG COLOR MAZZARINE OF TBLER 30 F4,LUMINARC,Drinkware – Tumblers,£8.19,https://latabledarc.com/en/products/verre-bleu-30-cl-salzburg-color,https://cdn.shopify.com/s/files/1/0943/3553/3393/files/cd28458ce05a2caa259297c3fdf53636.jpg?v=1762447970,"Bring a touch of freshness to your table with the 30cl Salzburg Colour blue glass from Luminarc.
 This glass combines elegance and modernity with its vibrant blue hue and sleek design. Ideal for serving water, juice, or cocktails, it will add a colorful and refreshing touch to your meals and gatherings.",LUMINARC,SALZBURG COLOR,FA4,F4,4,17.6,17.6,10.9,4,120.0,80.0,108.3,SODO,DRINKWARE,DRINKWARE,GOBELET,16.489,GOB FB 30 SALZBURG COLOR MAZZARINE   F4,5.61,192,1.345,0,FR,36.7,19.2,23.4,10883314974154,294.859,40883314974155,B4,883314974157,883314974157,,,,,,
X3411,SALBURG COLOR MAZZARINE OF TUMBLER 30,LUMINARC,Drinkware – Tumblers,£2.05,,https://static.wixstatic.com/media/042ed7_7042438a0c9542d291bc48e9ff455edf~mv2.webp,,LUMINARC,SALZBURG COLOR,#N/A,PC,24,8.5,8.5,9.1,24,120.0,80.0,114.7,SODO,DRINKWARE,DRINKWARE,GOBELET,24.0,GOBELET FB 30 SALZBURG COLOR MAZZARINE,8.046,960,0.31,12,FR,40.0,30.0,20.0,10883314124146,347.426,40883314124147,#N/A,883314124132,883314124132,37.7,28.2,9.4,3.82,9.994,883314124149
J8491,SALTO COLOR STUDIO GREY H/B TBLER 35,ARCOROC,Drinkware – Hiballs,£2.67,,,,ARCOROC,COLOR STUDIO GREY,FF6,PC,24,7.6,7.6,12.1,24,120.0,80.0,95.8,SODO,DRINKWARE,DRINKWARE,GOBELET,21.533,GOBELET FH 35 SALTO COLOR STUDIO GREY,6.118,720,0.227,6,FR,32.3,24.6,27.1,10883314457299,209.134,40883314457290,B4,,,23.3,15.7,12.9,1.46,4.719,883314457292
J8484,SALTO COLOR STUDIO GREY O/F TUMBLER 32,ARCOROC,Drinkware – Rocks,£2.67,,,,ARCOROC,COLOR STUDIO GREY,FF6,PC,24,9.0,9.0,8.4,24,120.0,80.0,112.6,SODO,DRINKWARE,DRINKWARE,GOBELET,21.025,GOBELET FB 32 COLOR STUDIO GREY,6.881,960,0.26,6,FR,37.7,28.6,19.5,10883314457213,301.272,40883314457214,B4,,,27.3,18.4,9.1,1.66,4.571,883314457216
J8493,SALTO COLOR STUDIO RED H/B TUMBLER 35,ARCOROC,Drinkware – Hiballs,£2.67,,,,ARCOROC,COLOR STUDIO RED,FF6,PC,24,7.6,7.6,12.1,24,120.0,80.0,95.8,SODO,DRINKWARE,DRINKWARE,GOBELET,21.533,GOBELET FH 35 COLOR STUDIO RED,6.213,720,0.227,6,FR,32.3,24.6,27.1,10883314457312,211.948,40883314457313,B4,,,23.1,15.7,13.0,1.46,4.715,883314457315
J8486,SALTO COLOR STUDIO RED O/F TUMBLER 32,ARCOROC,Drinkware – Rocks,£2.67,,,,ARCOROC,COLOR STUDIO RED,FF6,PC,24,9.0,9.0,8.4,24,120.0,80.0,112.0,SODO,DRINKWARE,DRINKWARE,GOBELET,21.025,GOBELET FB 32 SALTO COLOR STUDIO RED,6.882,960,0.26,6,FR,37.7,28.6,19.5,10883314457244,300.864,40883314457245,B4,,,27.3,18.4,9.1,1.66,4.571,883314457247
N5812,SALTO H/B TUMBLER 35,ARCOROC,Drinkware – Hiballs,£1.17,,https://static.wixstatic.com/media/042ed7_3e020be4594749248833af166e9f46d2~mv2.webp,,ARCOROC,SALTO,FA6,PC,24,7.6,7.6,12.1,24,120.0,80.0,96.1,SODO,DRINKWARE,DRINKWARE,GOBELET,23.26,GOBELET FH 35 SALTO,6.012,720,0.222,6,FR,33.8,25.3,27.2,10026102289799,205.724,40026102289790,B4,,,23.6,16.0,12.8,1.426,4.833,26102966952
V3306,SALTO HB TUMBLER 35,LUMINARC,Drinkware – Hiballs,£1.17,,,,LUMINARC,SALTO,1/2 FA6,PC,24,7.6,7.6,12.1,24,120.0,80.0,96.3,SODO,DRINKWARE,DRINKWARE,GOBELET,23.26,GOBELET FH 35 SALTO,6.326,720,0.227,6,FR,33.8,25.3,27.2,10883314948926,215.342,40883314948927,B4,883314948929,883314948929,23.7,16.0,12.8,1.48,4.854,
N5828,SALTO HB TUMBLER 50,ARCOROC,Drinkware – Hiballs,£1.46,,,,ARCOROC,SALTO,FA6,PC,24,8.2,8.2,14.6,24,120.0,80.0,109.9,SODO,DRINKWARE,DRINKWARE,GOBELET,30.198,GOBELET H/BALL 50 SALTO,7.766,648,0.29,6,FR,35.7,26.6,31.8,10026102658540,235.161,40026102658541,B4,,,25.1,17.0,15.0,1.851,6.401,26102966990
C9687,SALTO ICE BLUE H/B TUMBLER 35,ARCOROC,Drinkware – Hiballs,£1.32,,https://static.wixstatic.com/media/042ed7_1f6f3bb50bf642dbbe8b7930acf1db50~mv2.webp,,ARCOROC,SALTO ICE BLUE,FA6,PC,24,0.0,0.0,0.0,24,120.0,80.0,96.1,SODO,DRINKWARE,DRINKWARE,GOBELET,23.26,GOBELET FH 35 SALTO ICE BLUE ICE BLUE,5.604,720,0.205,6,FR,33.8,25.3,27.2,10026102863517,193.484,40026102863518,B4,,,7.6,7.6,12.1,1.23,0.699,26102863510
C9688,SALTO ICE BLUE O/F TUMBLER 32,ARCOROC,Drinkware – Rocks,£1.32,,,,ARCOROC,SALTO ICE BLUE,FA6,PC,24,9.0,9.0,8.4,24,120.0,80.0,107.5,SODO,DRINKWARE,DRINKWARE,GOBELET,23.359,GOBELET FB 32 SALTO ICE BLUE,6.972,960,0.26,6,FR,39.2,29.5,20.2,10026102863531,304.374,40026102863532,B4,,,9.0,9.0,8.4,1.56,0.669,26102863534
N5831,SALTO O/F TUMBLER 32,ARCOROC,Drinkware – Rocks,£1.17,,,,ARCOROC,SALTO,FA6,PC,24,0.0,0.0,8.3,24,120.0,80.0,115.5,SODO,DRINKWARE,DRINKWARE,GOBELET,23.359,GOBELET FB 32 SALTO,6.972,960,0.26,6,FR,39.2,29.5,20.2,10026102658564,304.548,40026102658565,B4,,,27.8,18.8,9.3,1.659,4.861,26102966945
V3307,SALTO OF TUMBLER 32,LUMINARC,Drinkware – Tumblers,£1.17,,,,LUMINARC,SALTO,1/2 FA6,PC,24,0.0,0.0,8.3,24,120.0,80.0,115.7,SODO CLEAR,DRINKWARE,DRINKWARE,GOBELET,23.359,GOBELET FB 32 SALTO,7.036,960,0.26,6,FR,39.2,29.5,20.2,10883314948933,307.034,40883314948934,B4,883314948936,883314948936,27.8,18.8,9.7,1.675,5.07,
N5834,SALTO TUMBLER OF 6,ARCOROC,Drinkware – Tumblers,£0.93,,,,ARCOROC,SALTO,FA12,PC,48,4.8,4.8,6.6,48,120.0,80.0,106.3,SODO,DRINKWARE,DRINKWARE,GOBELET,11.169,GOBELET FB 6 SALTO,4.057,3456,0.076,12,FR,32.3,22.6,15.3,10026102658588,317.473,40026102658589,B4,,,15.4,10.5,14.3,0.975,2.312,26102966891
X3362,SALZBURG COLOR MAUVE CC OF TB 30,LUMINARC,Drinkware – Tumblers,£2.05,,,,LUMINARC,SALZBURG COLOR,#N/A,PC,24,8.5,8.5,9.1,24,120.0,80.0,114.7,SODO,DRINKWARE,DRINKWARE,GOBELET,24.0,GOBELET FB 30 SALZBURG COLOR MAUVE CC,8.046,960,0.31,12,FR,40.0,30.0,20.0,10883314122234,347.426,40883314122242,#N/A,883314122237,883314122237,37.7,28.2,9.4,3.82,9.994,883314122244
V6045,SALZBURG COLOR MAUVE CC OF TB 30 F4,LUMINARC,Drinkware – Tumblers,£8.19,https://latabledarc.com/en/products/verre-mauve-30-cl-salzburg-color,https://cdn.shopify.com/s/files/1/0943/3553/3393/files/62b5d945f095c43f95be8de0b8a03b06.jpg?v=1762448242,"Add a touch of originality to your drinks with the 30cl Salzburg Colour mauve glass from Luminarc.
 Its soft mauve color and elegant design make it a perfect choice for all your favorite drinks. This versatile glass is ideal for brightening up your table with a touch of sophistication and color.",LUMINARC,SALZBURG COLOR,FA4,F4,4,17.6,17.6,10.9,4,120.0,80.0,108.3,SODO,DRINKWARE,DRINKWARE,GOBELET,16.489,GOB FB 30 SALZBURG COLOR MAUVE CC    F4,5.61,192,1.345,0,FR,36.7,19.2,23.4,10883314974161,294.859,40883314974162,B4,883314974164,883314974164,,,,,,
27810,SAVOIE FLUTE 17,ARCOROC,Drinkware – Champagne,£1.34,,https://static.wixstatic.com/media/042ed7_716c4591e4ca4ed8a32712d0ba907961~mv2.webp,,ARCOROC,SAVOIE,FA12,PC,48,5.2,5.2,17.0,48,120.0,80.0,108.0,SODO,DRINKWARE,DRINKWARE,VERRE A PIED,40.32,FLUTE 17 SAVOIE,6.788,960,0.117,12,FR,52.5,40.0,19.2,10026102278106,161.214,40026102278107,B4,,,5.2,5.2,17.0,1.404,0.464,26102761410
50463,SAVOIE GREAT WINE STEMGLASS 35        F6,ARCOROC,Drinkware – Wine,£12.12,,,,ARCOROC,SAVOIE,FA6,F6,8,26.6,18.0,19.4,8,120.0,80.0,95.6,SODO,DRINKWARE,DRINKWARE,VERRE A PIED,84.645,VERRE A PIED 35 SAVOIE GRAND VIN     F6,10.139,64,1.179,0,FR,55.0,38.0,40.5,10026102504632,106.576,40026102504633,B8,26102504635,26102504635,,,,,,
27794,SAVOIE STEMMED GLASS 15,ARCOROC,Drinkware – Wine,£1.15,,,,ARCOROC,SAVOIE,FA12,PC,48,0.0,0.0,0.0,48,120.0,80.0,105.1,SODO,DRINKWARE,DRINKWARE,VERRE A PIED,34.247,VERRE A PIED 15 SAVOIE,5.769,1008,0.1,12,FR,54.0,21.0,30.2,10026102277949,146.523,40026102277940,B4,,,6.4,6.4,14.2,1.2,0.573,26102762219
27786,SAVOIE STEMMED GLASS 19,ARCOROC,Drinkware – Wine,£1.27,,https://static.wixstatic.com/media/042ed7_e95682a2c2c94ccdbd421642074e0a0a~mv2.webp,,ARCOROC,SAVOIE,FA12,PC,48,6.9,6.9,14.0,48,120.0,80.0,117.7,SODO,DRINKWARE,DRINKWARE,VERRE A PIED,46.592,VERRE A PIED 19 SAVOIE,6.264,864,0.104,12,FR,44.7,30.3,34.4,10026102277864,163.206,40026102277865,B4,,,28.6,21.5,16.4,1.448,10.084,26102760314
27778,SAVOIE STEMMED GLASS 24,ARCOROC,Drinkware – Wine,£1.34,,https://static.wixstatic.com/media/042ed7_34342381ba924cc2bd2e4e18ea1d376c~mv2.webp,,ARCOROC,SAVOIE,FA12,PC,48,7.4,7.4,15.2,48,120.0,80.0,115.9,SODO,DRINKWARE,DRINKWARE,VERRE A PIED,51.917,VERRE A PIED 24 SAVOIE,7.745,720,0.132,12,FR,48.0,32.0,33.8,10026102277789,141.629,40026102277780,B4,,,30.8,23.4,16.3,1.81,11.748,26102761403
E7700,SENSATION EXALT FULTE 19,C&S,Drinkware – Champagne,£2.38,,,,C&S,SENSATION EXALT,FA6,PC,24,7.0,7.0,21.0,24,120.0,80.0,117.1,KRYSTA,DRINKWARE,DRINKWARE,VERRE A PIED,39.315,FLUTE 19 SENSATION EXALT,5.445,480,0.169,6,FR,47.4,32.4,25.6,10883314118565,134.264,40883314118566,B4,883314339970,883314339970,23.1,15.6,24.4,1.221,8.793,883314118568
X2048,SENSATION EXALT STEMMED GLASS 19,C&S,Drinkware – Wine,£2.38,https://latabledarc.com/en/products/flute-19-cl-sensation-exalt,https://cdn.shopify.com/s/files/1/0943/3553/3393/files/c0267dc1dd309c4c568863cd0dcb8d43.jpg?v=1762446041,"Fall in love with the 19cl Sensation Exalt Flute, developed by Chef&Sommelier
 This flute is specifically designed for tasting sparkling wines, while also being able to enhance any carbonated beverage. Indeed, in addition to its shape and elegance, the glass from which it is made has been specially crafted to optimize the release of bubbles, while its enhanced transparency allows for a better view and appreciation of them.",C&S,SENSATION EXALT,FA6,PC,24,7.0,7.0,21.0,24,120.0,80.0,117.1,KRYSTA,DRINKWARE,DRINKWARE,VERRE A PIED,39.315,FLUTE 19 SENSATION EXALT,5.181,480,0.169,6,FR,47.4,32.4,25.6,10883314118565,128.984,40883314118566,B4,883314339970,883314339970,23.1,15.6,24.4,1.155,8.793,883314118568
E7698,SENSATION EXALT STEMMED GLASS 20,C&S,Drinkware – Wine,£2.38,,,,C&S,SENSATION EXALT,FA6,PC,24,0.0,0.0,18.0,24,120.0,80.0,114.0,KRYSTA,DRINKWARE,DRINKWARE,VERRE A PIED,30.78,VERRE A PIED 20 SENSATION EXALT,4.948,600,0.159,6,FR,47.3,32.7,19.9,10883314118558,149.144,40883314118559,B4,883314339963,883314339963,23.0,15.7,18.7,1.127,6.753,883314118551
X2040,SENSATION EXALT STEMMED GLASS 20,C&S,Drinkware – Wine,£2.38,https://latabledarc.com/en/products/verre-a-pied-20-cl-sensation-exalt,https://cdn.shopify.com/s/files/1/0943/3553/3393/files/4d1e72519fe979a893234218a53ef8f0.jpg?v=1762448320,"Fall in love with the 20cl Sensation Exalt stemmed glass, developed by Chef&Sommelier
   This stemmed glass, like all stemmed glasses, is an essential element of French tableware! Its shape has been carefully designed to offer the perfect balance between appearance, durability, and ease of use. Furthermore, the Arc Group's expertise in glassmaking ensures the robust construction of these stemmed glasses, guaranteeing their longevity.",C&S,SENSATION EXALT,FA6,PC,24,7.0,7.0,18.0,24,120.0,80.0,114.0,CRYSTAL GLASS,DRINKWARE,DRINKWARE,VERRE A PIED,30.78,VERRE A PIED 20 SENSATION EXALT,4.724,600,0.159,6,FR,47.3,32.7,19.9,10883314118558,143.544,40883314118559,B4,883314339963,883314339963,23.0,15.7,18.7,1.071,6.753,883314118551
E7697,SENSATION EXALT STEMMED GLASS 25,C&S,Drinkware – Wine,£2.38,,,,C&S,SENSATION EXALT,FA6,PC,24,7.4,7.4,18.7,24,120.0,80.0,117.0,KRYSTA,DRINKWARE,DRINKWARE,VERRE A PIED,31.647,VERRE A PIED 25 SENSATION EXALT,5.169,600,0.164,6,FR,47.5,32.5,20.5,10883314118541,154.999,40883314118542,B4,883314340082,883314340082,7.4,7.4,18.7,0.984,1.024,883314118544
X2046,SENSATION EXALT STEMMED GLASS 25,C&S,Drinkware – Wine,£2.38,https://latabledarc.com/en/products/verre-a-pied-25-cl-sensation-exalt,https://cdn.shopify.com/s/files/1/0943/3553/3393/files/78387caf8319970538bcac71503c3cd0_1072a92a-1e8f-430a-a491-38654fe95e40.jpg?v=1762448368,"Fall in love with the 25cl Sensation Exalt stemmed glass, developed by Chef&Sommelier
   This stemmed glass, like all stemmed glasses, is an essential element of French tableware! Its shape has been carefully designed to offer the perfect balance between appearance, durability, and ease of use. Furthermore, the Arc Group's expertise in glassmaking ensures the robust construction of these stemmed glasses, guaranteeing their longevity.",C&S,SENSATION EXALT,FA6,PC,24,7.4,7.4,18.7,24,120.0,80.0,117.0,KRYSTA,DRINKWARE,DRINKWARE,VERRE A PIED,31.647,VERRE A PIED 25 SENSATION EXALT,4.941,600,0.164,6,FR,47.5,32.5,20.5,10883314118541,149.299,40883314118542,B4,883314340082,883314340082,23.0,15.6,19.3,1.103,6.925,883314118544
E7696,SENSATION EXALT STEMMED GLASS 31,C&S,Drinkware – Wine,£2.51,,,,C&S,SENSATION EXALT,FA6,PC,24,8.0,8.0,19.7,24,120.0,80.0,101.8,KRYSTA,DRINKWARE,DRINKWARE,VERRE A PIED,41.403,VERRE A PIED 31 SENSATION EXALT,6.644,432,0.218,6,FR,35.7,26.6,43.6,10883314118534,145.076,40883314118535,B4,883314340099,883314340099,8.0,8.0,19.7,1.308,1.261,883314118537
X1722,SENSATION EXALT STEMMED GLASS 31,C&S,Drinkware – Wine,£2.51,https://latabledarc.com/en/products/verre-a-pied-31-cl-sensation-exalt,https://cdn.shopify.com/s/files/1/0943/3553/3393/files/f09140d1487fb616c17c93a8db6be6eb_5df37928-47cc-4940-8504-4901535b034e.jpg?v=1762448437,,C&S,SENSATION EXALT,FA6,PC,24,8.0,8.0,19.7,24,120.0,80.0,101.8,CRYSTAL GLASS,DRINKWARE,DRINKWARE,VERRE A PIED,41.403,VERRE A PIED 31 SENSATION EXALT,6.324,432,0.218,6,FR,35.7,26.6,43.6,10883314118534,139.316,40883314118535,B4,883314340099,883314340099,25.1,17.0,21.0,1.448,8.961,883314118537
E7695,SENSATION EXALT STEMMED GLASS 41,C&S,Drinkware – Wine,£2.51,,,,C&S,SENSATION EXALT,FA6,PC,24,8.7,8.7,20.6,24,120.0,80.0,106.6,KRYSTA,DRINKWARE,DRINKWARE,VERRE A PIED,53.36,VERRE A PIED 41 SENSATION EXALT,7.866,384,0.262,6,FR,58.0,40.0,23.0,10883314118527,151.32,40883314118528,B4,883314340075,883314340075,28.1,19.0,21.8,1.814,11.639,883314118520
X2047,SENSATION EXALT STEMMED GLASS 41,C&S,Drinkware – Wine,£2.51,,,,C&S,SENSATION EXALT,FA6,PC,24,8.7,8.7,20.6,24,120.0,80.0,111.8,KWARX,DRINKWARE,DRINKWARE,VERRE A PIED,54.677,VERRE A PIED 41 SENSATION EXALT,7.706,384,0.262,6,FR,57.4,39.2,24.3,10883314118527,148.775,40883314118528,B4,883314340075,883314340075,27.8,18.8,22.6,1.738,11.812,883314118520
P0089,SEQUENCE BEER STEMGLASS 37,C&S,Drinkware – Beer,£3.39,https://latabledarc.com/en/products/verre-a-biere-37-cl-sequence,https://cdn.shopify.com/s/files/1/0943/3553/3393/files/574eae58892616cd92c11f0133a14e14.jpg?v=1762448257,"Discover the 37cl Sequence beer glass from the Chef&Sommelier brand
   This beer glass has received meticulous attention from the engineers at the Arc Group. Just like their wine glasses, each beer glass has been specially designed to enhance and bring out the best in a specific type of beer. Beyond their shape and carefully crafted rim, designed to perfectly complement the beer being enjoyed, Arc Group beer glasses are distinguished by their durability, transparency, and ease of handling—the result of nearly two centuries of experience in glassmaking.",C&S,SEQUENCE,FA6,PC,24,8.0,8.0,15.0,24,120.0,80.0,120.1,KRYSTA,DRINKWARE,DRINKWARE,VERRE A PIED,32.336,VERRE A PIED 37 SEQUENCE,5.16,576,0.13,6,SK,51.9,35.4,17.6,10883314704959,145.0,40883314704950,B4,883314704952,883314704952,25.1,16.8,15.8,1.155,6.663,883314704969
L9947,SEQUENCE FLUTE STEMGLASS 17,C&S,Drinkware – Champagne,£2.63,https://latabledarc.com/en/products/flute-17-cl-sequence,https://cdn.shopify.com/s/files/1/0943/3553/3393/files/335e4a1723fa1b6daf0b26d76da5a2b3.jpg?v=1762446035,"Fall in love with the 17cl Flute Sequence, developed by Chef&Sommelier
 This flute is specifically designed for tasting sparkling wines, while also being able to enhance any carbonated beverage. Indeed, in addition to its shape and elegance, the glass from which it is made has been specially crafted to optimize the release of bubbles, while its enhanced transparency allows for a better view and appreciation of them.",C&S,SEQUENCE,FA6,PC,24,7.0,7.0,20.8,24,120.0,80.0,109.3,KRYSTA,DRINKWARE,DRINKWARE,VERRE A PIED,40.534,FLUTE 17 SEQUENCE,4.45,480,0.13,6,FR,33.8,25.3,47.4,10883314594383,114.479,40883314594384,B4,883314594379,883314594379,23.6,16.0,22.9,0.983,8.647,883314594386
P3787,SEQUENCE IMPERIALE FLUTE 24,C&S,Drinkware – Champagne,£2.63,https://latabledarc.com/en/products/flute-24-cl-sequence,https://cdn.shopify.com/s/files/1/0943/3553/3393/files/380416aa43451e5b6c8f49ed7fa3c183.jpg?v=1762446155,"Fall in love with the 24cl Flute Sequence, developed by Chef&Sommelier
 This flute is specifically designed for tasting sparkling wines, while also being able to enhance any carbonated beverage. Indeed, in addition to its shape and elegance, the glass from which it is made has been specially crafted to optimize the release of bubbles, while its enhanced transparency allows for a better view and appreciation of them.",C&S,SEQUENCE,FA6,PC,24,6.9,6.9,23.5,24,120.0,80.0,116.9,KRYSTA,DRINKWARE,DRINKWARE,VERRE A PIED,39.315,FLUTE 24 SEQUENCE IMPERIALE,4.869,480,0.145,6,FR,47.4,32.4,25.6,10883314744856,122.754,40883314744857,B4,883314744842,883314744842,23.0,15.6,24.4,1.077,8.755,883314744859
N9711,SEQUENCE MULTI PURPOSE STEMGLASS 47,C&S,Drinkware – Wine,£3.39,https://latabledarc.com/en/products/verre-a-pied-47-cl-sequence,https://cdn.shopify.com/s/files/1/0943/3553/3393/files/f6567f154afca0aa87cc45a8fe50f173_82b285f7-09c4-40e6-a7ff-8a8b78d0b4a6.jpg?v=1762449083,"Fall in love with the 47cl Sequence Stemware, developed by Chef&Sommelier
   This stemmed glass, like all stemmed glasses, is an essential element of French tableware! Its shape has been carefully designed to offer the perfect balance between appearance, durability, and ease of use. Furthermore, the Arc Group's expertise in glassmaking ensures the robust construction of these stemmed glasses, guaranteeing their longevity.",C&S,SEQUENCE,FA6,PC,24,8.6,8.6,18.0,24,120.0,80.0,118.6,KRYSTA,DRINKWARE,DRINKWARE,VERRE A PIED,43.097,VERRE A PIED 47 SEQUENCE,5.59,480,0.213,6,SK,55.4,37.4,20.8,10883314701651,136.0,40883314701652,B4,883314701654,883314701654,26.9,18.0,18.9,1.278,9.151,883314701661
N9696,SEQUENCE SHERRY STEMGLASS 21,C&S,Drinkware – Brandy & Fortified Wine,£3.32,https://latabledarc.com/en/products/verre-a-pied-21-cl-sequence,https://cdn.shopify.com/s/files/1/0943/3553/3393/files/60e6f5a977c039a53cfaeec258d3b6cd.jpg?v=1762448333,"Fall in love with the 21cl Sequence Stemware, developed by Chef&Sommelier
 This stemmed glass, like all stemmed glasses, is an essential element of French tableware! Its shape has been carefully designed to offer the perfect balance between appearance, durability, and ease of use. Furthermore, the Arc Group's expertise in glassmaking ensures the robust construction of these stemmed glasses, guaranteeing their longevity.",C&S,SEQUENCE,FA6,PC,24,4.9,4.9,19.0,24,120.0,80.0,102.5,KRYSTA,DRINKWARE,DRINKWARE,VERRE A PIED,27.942,VERRE A PIED 21 SEQUENCE,4.17,576,0.115,6,SK,43.2,29.4,22.0,10883314701453,130.0,40883314701454,B4,883314701456,883314701456,20.9,14.0,19.8,0.94,5.793,883314701463
L9948,SEQUENCE STEMGLASS 35,C&S,Drinkware – Wine,£2.77,https://latabledarc.com/en/products/verre-a-pied-35-cl-sequence,https://cdn.shopify.com/s/files/1/0943/3553/3393/files/d78c7e227d4246298e2fa6f1b6c4f45d.jpg?v=1762448531,"Fall in love with the 35cl Sequence Stemware, developed by Chef&Sommelier
   This stemmed glass, like all stemmed glasses, is an essential element of French tableware! Its shape has been carefully designed to offer the perfect balance between appearance, durability, and ease of use. Furthermore, the Arc Group's expertise in glassmaking ensures the robust construction of these stemmed glasses, guaranteeing their longevity.",C&S,SEQUENCE,FA6,PC,24,7.9,7.9,21.0,24,120.0,80.0,111.0,KRYSTA,DRINKWARE,DRINKWARE,VERRE A PIED,45.772,VERRE A PIED 35 SEQUENCE,5.289,432,0.16,6,FR,35.7,26.6,48.2,10883314594406,120.681,40883314594407,B4,883314594393,883314594393,25.1,17.0,23.3,1.18,9.942,883314594409
L9949,SEQUENCE STEMGLASS 44,C&S,Drinkware – Wine,£2.77,https://latabledarc.com/en/products/verre-a-pied-44-cl-sequence,https://cdn.shopify.com/s/files/1/0943/3553/3393/files/7b75ffee58ced8bea928f99872942b2a.jpg?v=1762448655,"Fall in love with the 44cl Sequence Stemware, developed by Chef&Sommelier
   This stemmed glass, like all stemmed glasses, is an essential element of French tableware! Its shape has been carefully designed to offer the perfect balance between appearance, durability, and ease of use. Furthermore, the Arc Group's expertise in glassmaking ensures the robust construction of these stemmed glasses, guaranteeing their longevity.",C&S,SEQUENCE,FA6,PC,12,8.7,8.7,22.5,12,120.0,80.0,116.5,KRYSTA,DRINKWARE,DRINKWARE,VERRE A PIED,35.143,VERRE A PIED 44 SEQUENCE,3.237,288,0.177,6,FR,42.8,32.2,25.5,10883314594420,103.082,40883314594421,B2,883314594416,883314594416,30.5,20.6,23.8,1.346,14.954,883314594423
L9950,SEQUENCE STEMGLASS 55,C&S,Drinkware – Wine,£3.02,https://latabledarc.com/en/products/verre-a-pied-55-cl-sequence,https://cdn.shopify.com/s/files/1/0943/3553/3393/files/853ce91d91c231f3a4df0f9989cde207.jpg?v=1762449186,"Fall in love with the 55cl Sequence Stemware, developed by Chef&Sommelier
 This stemmed glass, like all stemmed glasses, is an essential element of French tableware! Its shape has been carefully designed to offer the perfect balance between appearance, durability, and ease of use. Furthermore, the Arc Group's expertise in glassmaking ensures the robust construction of these stemmed glasses, guaranteeing their longevity.",C&S,SEQUENCE,FA6,PC,12,9.0,9.0,23.5,12,120.0,80.0,100.2,KRYSTA,DRINKWARE,DRINKWARE,VERRE A PIED,33.21,VERRE A PIED 53 SEQUENCE,3.387,288,0.2,6,FR,39.5,29.5,28.5,10883314594444,106.852,40883314594445,B2,883314594430,883314594430,28.1,19.0,26.9,1.487,14.362,883314594447
N9710,SEQUENCE STEMGLASS 62,C&S,Drinkware – Wine,£3.74,https://latabledarc.com/en/products/verre-a-pied-62-cl-sequence,https://cdn.shopify.com/s/files/1/0943/3553/3393/files/336266db63019c09683ff2e1d61e2daf_ef57ea41-d1a6-4266-a35f-dc95b17e9d40.jpg?v=1762449228,"Fall in love with the 62cl Sequence Stemware, developed by Chef&Sommelier
 This stemmed glass, like all stemmed glasses, is an essential element of French tableware! Its shape has been carefully designed to offer the perfect balance between appearance, durability, and ease of use. Furthermore, the Arc Group's expertise in glassmaking ensures the robust construction of these stemmed glasses, guaranteeing their longevity.",C&S,SEQUENCE,FA6,PC,24,9.5,9.5,23.5,24,120.0,80.0,115.3,KRYSTA,DRINKWARE,DRINKWARE,VERRE A PIED,64.885,VERRE A PIED 62 SEQUENCE,6.55,288,0.205,6,SK,41.0,31.4,50.4,10883314701637,105.0,40883314701638,B4,883314701630,883314701630,17.7,17.2,11.9,1.506,3.623,883314701647
L9951,SEQUENCE STEMGLASS 74,C&S,Drinkware – Wine,£3.74,https://latabledarc.com/en/products/verre-a-pied-74-cl-sequence,https://cdn.shopify.com/s/files/1/0943/3553/3393/files/247b403c4d7e110ebc475f0d1fc84893.jpg?v=1762449264,"Fall in love with the 74cl Sequence Stemware, developed by Chef&Sommelier
 This stemmed glass, like all stemmed glasses, is an essential element of French tableware! Its shape has been carefully designed to offer the perfect balance between appearance, durability, and ease of use. Furthermore, the Arc Group's expertise in glassmaking ensures the robust construction of these stemmed glasses, guaranteeing their longevity.",C&S,SEQUENCE,FA6,PC,12,10.0,10.0,23.5,12,121.2,80.0,122.1,KRYSTA,DRINKWARE,DRINKWARE,VERRE A PIED,43.799,VERRE A PIED 74 SEQUENCE,2.879,288,0.2,6,SK,45.2,34.0,28.5,10883314594468,83.364,40883314594469,B2,883314594454,883314594454,32.4,21.8,26.9,1.207,19.0,883314594461
V9909,SERENA LINES STEMMED GLASS 35         F4,LUMINARC,Drinkware – Wine,£8.82,https://latabledarc.com/en/products/verre-a-pied-35-cl-serena-lines,https://cdn.shopify.com/s/files/1/0943/3553/3393/files/53cc04a6057828b2849b4e76541f5dc9.jpg?v=1762448493,"Compact and refined, the Serena Lines 35cl stemmed glass is perfect for enhancing your elegant or festive meals.",LUMINARC,SERENA LINES,FA4,F4,4,16.6,16.6,21.9,4,120.0,80.0,93.8,SODO,DRINKWARE,DRINKWARE,VERRE A PIED,32.34,VERRE A PIED 35 SERENA LINES         F4,3.66,72,0.825,0,CN,35.0,35.0,26.4,10883314031086,91.335,40883314031087,B4,883314031089,883314031089,,,,,,
V9907,SERENA LINES STEMMED GLASS 55         F4,LUMINARC,Drinkware – Wine,£9.00,https://latabledarc.com/en/products/verre-a-pied-55-cl-serena-lines,https://cdn.shopify.com/s/files/1/0943/3553/3393/files/1a5121914728698a9d384e2fdbd6ed2c.jpg?v=1762449171,The Serena Lines 55cl stemmed glass enhances your moments of sharing with a sleek design and quality materials.,LUMINARC,SERENA LINES,F4,F4,4,18.8,18.8,26.0,4,120.0,80.0,102.2,SODO,DRINKWARE,DRINKWARE,VERRE A PIED,45.329,VERRE A PIED 55 SERENA LINES         F4,4.65,72,1.035,0,CN,39.4,39.4,29.2,10883314031055,109.167,40883314031056,B4,883314031058,883314031058,,,,,,
V9910,SERENA LINES STEMMED GLASS FLUTE 20 F4,LUMINARC,Drinkware – Champagne,£8.37,https://latabledarc.com/en/products/flute-20-cl-serena-lines,https://cdn.shopify.com/s/files/1/0943/3553/3393/files/ba375a46fa6de27dc0cca177ccc84e05_65390976-2be8-4b4a-bb79-e0d0bd1a82cd.jpg?v=1762446057,"The Serena Lines 20cl Flute is designed for your celebrations, combining simplicity and elegant design.",LUMINARC,SERENA LINES,FA4,F4,4,16.0,16.0,24.2,4,120.0,80.0,96.9,SODO,DRINKWARE,DRINKWARE,VERRE A PIED,28.267,FLUTE 20 SERENA LINES                F4,3.261,72,0.723,0,CN,33.1,33.1,25.8,10883314031109,84.546,40883314031100,B4,883314031102,883314031102,,,,,,
V9908,SERENA LINES STEMWARE 47              F4,LUMINARC,Drinkware – Wine,£9.00,https://latabledarc.com/en/products/verre-a-pied-47-cl-serena-lines,https://cdn.shopify.com/s/files/1/0943/3553/3393/files/1a5121914728698a9d384e2fdbd6ed2c_d6da819c-503e-40d2-b5d9-82242f6e8225.jpg?v=1762449069,"The Serena Lines 47cl stemmed glass is ideal for accompanying your fine wines and drinks, offering timeless elegance.",LUMINARC,SERENA LINES,FA4,F4,4,18.2,18.2,24.1,4,120.0,80.0,96.5,SODO,DRINKWARE,DRINKWARE,VERRE A PIED,39.837,VERRE A PIED 47 SERENA LINES         F4,4.162,72,0.893,0,CN,38.2,38.2,27.3,10883314031079,100.375,40883314031070,B4,883314031072,883314031072,,,,,,
V9911,SERENA LINES TUMBLER OF 32            F4,LUMINARC,Drinkware – Tumblers,£5.82,https://latabledarc.com/en/products/verre-forme-basse-32-cl-serena-lines,https://cdn.shopify.com/s/files/1/0943/3553/3393/files/94547520e623a2f0ee57ab34afb1ebba_3f6bdc95-c441-4f8d-9a5d-bf1424a96bb3.jpg?v=1762447949,"Compact and versatile, the Serena Lines 32cl low-profile glass combines aesthetics and robustness, ideal for your convivial moments.",LUMINARC,SERENA LINES,FA4,F4,4,18.0,18.0,9.6,4,120.0,80.0,104.2,SODO,DRINKWARE,DRINKWARE,GOBELET,16.596,GOBELET FB 32 SERENA LINES           F4,3.38,192,0.72,0,CN,37.8,19.6,22.4,10883314031147,187.71,40883314031148,B4,883314031140,883314031140,,,,,,
34741,SEYCHELLES ICE CREAM BOWL 20,ARCOROC,Dinnerware,£1.55,,,,ARCOROC,SEYCHELLES,FA6,PC,24,10.5,10.5,8.0,24,120.0,80.0,112.0,SODO,DINNERWARE,DINNERWARE,COUPE DESSERT,30.411,COUPE A GLACE 20 SEYCHELLES,5.809,600,0.2,6,FR,45.6,34.2,19.5,10026102347413,170.604,40026102347414,B4,,,32.6,22.0,9.2,1.352,6.598,26102831830
V7429,SHERBET DESSERT 21,ARCOROC,Dinnerware,£2.81,,https://static.wixstatic.com/media/042ed7_7d1950bd340341b5af3998e94d5ba713~mv2.webp,,ARCOROC,SORBET,FA6,PC,24,10.0,10.0,7.8,24,120.0,80.0,106.0,SODO,DINNERWARE,DINNERWARE,COUPE DESSERT,25.044,COUPE A GLACE 21 SORBET,5.45,720,0.194,6,FR,42.5,32.2,18.3,10026102509989,188.873,40026102509980,B4,,,30.8,20.8,8.6,1.274,5.51,26102439210
V7031,SHERBET DESSERT 38,LUMINARC,Dinnerware,£3.50,,,,LUMINARC,SORBET,FA6,PC,24,11.7,11.7,9.4,24,120.0,80.0,102.2,SODO,DINNERWARE,DINNERWARE,COUPE DESSERT,40.625,COUPE A GLACE 38 SORBET,8.497,384,0.303,6,FR,50.0,37.1,21.9,10883314984603,161.419,40883314984604,B4,883314984606,883314984606,36.0,24.3,10.4,2.004,9.098,883314984613
V7431,SHERBET DESSERT 38,ARCOROC,Dinnerware,£3.50,https://latabledarc.com/en/products/coupe-a-glace-en-verre-38-cl-sorbet,https://cdn.shopify.com/s/files/1/0943/3553/3393/files/86c998825299cc1768ddef3a46e2b6e5.jpg?v=1760538711,"Découvrez le design à la fois moderne et vintage de la coupe à glace et à dessert 38 cl 43121 Sorbet d’Arcoroc qui vous apportera son côté fonctionnel au quotidien.
 Une coupe large qui permet un remplissage facile tout en laissant le visuel de votre préparation se découvrir généreusement par vos clients. Parfaite pour de multiples desserts, dont les incontournables glaces, elle pourra aussi mettre en valeur vos recettes d’entrées gourmandes. En verre de haute qualité bénéficiant d’une transparence et d’une brillance exceptionnelles, elle gardera ses qualités après les nombreux passages au lave-vaisselle dus à l’usage intensif des restaurants. Grâce à sa longévité, vous pourrez réduire la fréquence de réassort et ainsi réaliser des économies significatives. Le plus Arcoroc : La grande stabilité conférée par une jambe courte et une base large.",ARCOROC,SORBET,FA6,PC,24,11.7,11.7,9.4,24,120.0,80.0,102.2,SODO,DINNERWARE,DINNERWARE,COUPE DESSERT,40.625,COUPE A GLACE 38 SORBET,8.473,384,0.303,6,FR,50.0,37.1,21.9,10026102431211,161.035,40026102431212,B4,,,36.0,24.3,10.4,1.998,9.098,26102432938
C8312,SHETLAND H/B TUMBLER 15,ARCOROC,Drinkware – Hiballs,£1.04,,,,ARCOROC,SHETLAND,FA12,PC,48,7.0,7.0,9.1,48,120.0,80.0,118.0,SODO,DRINKWARE,DRINKWARE,GOBELET,28.435,GOBELET FH 15 SHETLAND,7.981,1440,0.15,12,FR,44.6,30.8,20.7,10026102841683,264.824,40026102841684,B4,,,21.8,14.8,19.5,1.922,6.291,26102841686
79736,SHETLAND H/B TUMBLER 22,ARCOROC,Drinkware – Hiballs,£1.04,,,,ARCOROC,SHETLAND,FA12,PC,48,7.3,7.3,12.3,48,120.0,80.0,99.4,SODO,DRINKWARE,DRINKWARE,GOBELET,41.676,GOBELET FH 22 SHETLAND .,11.217,720,0.208,12,FR,46.9,31.4,28.3,10026102797362,193.619,40026102797363,B4,,,30.4,23.0,13.5,2.694,9.439,26102797372
X0966,SHETLAND H/B TUMBLER 42,ARCOROC,Drinkware – Hiballs,£1.43,,,,ARCOROC,SHETLAND,FA12,PC,24,8.9,8.9,14.6,24,120.0,80.0,112.1,SODO,DRINKWARE,DRINKWARE,GOBELET,36.787,GOBELET FH 42 SHETLAND,8.411,576,0.31,12,FR,38.5,29.4,32.5,10026102058746,227.346,40026102058747,B2,,,36.5,27.4,15.5,3.997,15.502,26102797167
C8222,SHETLAND H/B TUMBLER 9,ARCOROC,Drinkware – Hiballs,£0.91,,https://static.wixstatic.com/media/042ed7_75b966e5192f4a3ca8b185ccb1055312~mv2.webp,,ARCOROC,SHETLAND,FA12,PC,48,6.0,6.0,7.8,48,120.0,80.1,106.3,SODO,DRINKWARE,DRINKWARE,GOBELET,18.958,GOBELET FH 9 SHETLAND,5.426,2160,0.1,12,FR,38.8,26.7,18.3,10026102849825,269.654,40026102849826,B4,,,18.9,12.9,17.1,1.301,4.169,26102849828
X0968,SHETLAND HB TUMBLER 35,ARCOROC,Drinkware – Hiballs,£1.17,,,,ARCOROC,SHETLAND,FA12,PC,24,8.3,8.3,13.8,24,120.0,80.0,107.0,SODO,DRINKWARE,DRINKWARE,GOBELET,29.822,GOBELET FH 35 SHETLAND,7.317,648,0.27,12,FR,36.4,26.6,30.8,10026102300869,223.044,40026102300860,B2,,,34.4,26.0,14.8,3.488,13.237,26102797297
X0976,SHETLAND O/F TUMBLER 25,ARCOROC,Drinkware – Rocks,£1.04,,,,ARCOROC,SHETLAND,FA12,PC,24,9.0,9.0,8.8,24,120.0,80.0,115.7,SODO,DRINKWARE,DRINKWARE,GOBELET,23.319,GOBELET FB 25 SHETLAND,6.69,960,0.25,12,FR,39.0,29.6,20.2,10026102300906,293.187,40026102300907,B2,,,28.0,18.7,19.1,3.185,10.001,26102797488
X0975,SHETLAND O/F TUMBLER 32,ARCOROC,Drinkware – Rocks,£1.17,,,,ARCOROC,SHETLAND,FA12,PC,24,9.7,9.7,9.7,24,120.0,80.0,101.0,SODO,DRINKWARE,DRINKWARE,GOBELET,27.043,GOBELET FB 32 SHETLAND,7.813,576,0.293,12,FR,40.0,31.3,21.6,10026102300876,212.978,40026102300877,B2,,,29.7,19.7,20.5,3.73,11.994,26102797426
V3228,SILHOUETTE  STEMGLASS 47,ARCOROC,Drinkware – Wine,£1.92,,,,ARCOROC,SILHOUETTE,FA6,PC,24,9.2,9.2,19.4,24,120.0,80.0,103.3,SODO,DRINKWARE,DRINKWARE,VERRE A PIED,49.952,VERRE A PIED 47 SILHOUETTE,5.59,384,0.182,0,FR,57.4,39.2,22.2,10883314948186,114.809,40883314948187,B4,,,,,,,,
V3226,SILHOUETTE STEMGLASS 18,ARCOROC,Drinkware – Wine,£1.80,,,,ARCOROC,SILHOUETTE,FA6,PC,24,6.2,6.2,18.0,24,120.0,80.0,117.5,SODO,DRINKWARE,DRINKWARE,VERRE A PIED,25.8,FLUTE 18 SILHOUETTE,3.627,720,0.12,0,FR,42.6,29.4,20.6,10883314948162,134.4,40883314948163,B4,,,,,,,,
V3215,SILHOUETTE STEMGLASS 19,ARCOROC,Drinkware – Wine,£1.66,,,,ARCOROC,SILHOUETTE,FA6,PC,24,7.0,7.0,15.4,24,120.0,80.0,115.9,SODO,DRINKWARE,DRINKWARE,VERRE A PIED,28.904,VERRE A PIED 19 SILHOUETTE,3.713,720,0.122,0,FR,33.8,25.3,33.8,10883314948117,136.978,40883314948118,B4,,,,,,,,
V3216,SILHOUETTE STEMGLASS 25,ARCOROC,Drinkware – Wine,£1.80,,,,ARCOROC,SILHOUETTE,FA6,PC,24,7.7,7.7,16.5,24,120.0,80.0,87.3,SODO,DRINKWARE,DRINKWARE,VERRE A PIED,34.566,VERRE A PIED 25 SILHOUETTE,4.368,432,0.145,0,FR,35.7,26.6,36.4,10883314948124,103.969,40883314948125,B4,,,,,,,,
V3217,SILHOUETTE STEMMED GLASS 31,ARCOROC,Drinkware – Wine,£1.92,,,,ARCOROC,SILHOUETTE,FA6,PC,24,8.2,8.2,17.9,24,120.0,80.0,116.6,SODO,DRINKWARE,DRINKWARE,VERRE A PIED,41.081,VERRE A PIED 31 SILHOUETTE,4.85,480,0.163,6,FR,54.4,37.2,20.3,10883314948131,122.588,40883314948132,B4,,,26.3,17.8,19.1,1.116,8.941,883314948134
N3567,SMART CUISINE CARINE BL OVAL DISH 29X17,LUMINARC,Cookware – Crockery,£5.77,https://latabledarc.com/en/products/plat-de-cuisson-blanc-oval-29-x-18-cm-smart-cuisine-carine,https://cdn.shopify.com/s/files/1/0943/3553/3393/files/94b6def975ee0ee5a8007df11b5e5eac.jpg?v=1762446710,"Fall in love with the 29 x 18 cm Smart Cuisine Carine white baking tray developed by Luminarc
 This baking dish is the ideal companion for preparing and cooking all your dishes: spacious, practical, and sturdy; it's also easy to clean. The glass it's made of is a non-porous material, preventing food residue from sticking!",LUMINARC,SMART CUISINE BLANC,A6,PC,6,29.0,18.0,6.9,6,120.8,80.4,110.8,OPALE CULINAIRE,KITCHENWARE,COOKWARE,CUISSON,11.403,PLAT OVALE 29X17 SMART CUISINE CARINE T,4.443,480,0.67,0,FR,30.0,19.9,19.1,10883314639732,382.48,40883314639733,,883314639728,883314639728,,,,,,
X1630,SMART CUISINE WAVY GRANIT DISH 30X22 T,LUMINARC,Cookware – Crockery,£6.83,https://latabledarc.com/en/products/pl-rect-30x22-smart-cuisine-wavy-grani-t,https://cdn.shopify.com/s/files/1/0943/3553/3393/files/fcd2c88426f70d21c6a02cf70d242271.webp?v=1769432063,"Polyvalent et élégant, le plat rectangulaire Smart Cuisine Wavy 30x22 cm Granit de Luminarc est la valeur sûre de votre cuisine au quotidien. Fabriqué en verre opale gris granit avec son relief en losanges texturé signature de la gamme Wavy, il apporte une touche contemporaine et soignée à chaque service. Idéal pour les gratins, les tartes salées ou les plats de légumes rôtis, il passe directement du four à la table avec style. Compatible four, lave-vaisselle et micro-ondes.",LUMINARC,SMART CUISINE WAVY,A6,PC,6,29.9,22.0,5.8,6,120.0,80.0,108.1,OPALE CULINAIRE,KITCHENWARE,COOKWARE,CUISSON,13.666,PL RECT 30X22 SMART CUISINE WAVY GRANI T,5.309,336,0.8,0,FR,31.5,18.7,23.2,10883314074243,323.788,40883314074244,,883314074246,883314074246,,,,,,
V4602,SO URBAN LID 110,ARCOROC,Storage,£0.57,,https://static.wixstatic.com/media/042ed7_acfce9b600374626b8489a884b67b502~mv2.webp,,ARCOROC,SO URBAN,A24,PC,24,0.0,0.0,0.0,24,120.0,80.0,108.0,PLASTIQUE,KITCHENWARE,STORAGE,ACCESSOIRES CONSERVE,4.583,COUVERCLE 110 SO URBAN,0.48,4320,0.016,0,CN,23.5,13.0,15.0,883314961003,112.0,40883314961001,,,,,,,,,
V4604,SO URBAN LID 140,ARCOROC,Storage,£0.65,,https://static.wixstatic.com/media/042ed7_c89686b8522949288090d3a25f7bdb4c~mv2.webp,,ARCOROC,SO URBAN,A24,PC,24,0.0,0.0,0.0,24,120.0,80.0,106.0,PLASTIQUE,KITCHENWARE,STORAGE,ACCESSOIRES CONSERVE,7.208,COUVERCLE 140 SO URBAN,0.69,2880,0.023,0,CN,30.0,15.5,15.5,883314961027,108.0,40883314961025,,,,,,,,,
Q8898,SO URBAN LID 170,ARCOROC,Storage,£0.95,,,,ARCOROC,SO URBAN,A12,PC,12,17.6,17.6,1.2,12,120.0,80.0,110.7,PLASTIQUE,KITCHENWARE,STORAGE,ACCESSOIRES CONSERVE,4.332,COUVERCLE 170 SO URBAN,0.63,2304,0.043,0,CN,19.0,19.0,12.0,883314904215,126.072,40883314904213,,,,,,,,,
Q8887,SO URBAN LID 188,ARCOROC,Storage,£1.08,https://latabledarc.com/en/products/couvercle-rond-19-cm-so-urban,https://cdn.shopify.com/s/files/1/0943/3553/3393/files/22d99a8f9235a3fa01cdacb2fd7f602c.jpg?v=1773925232,,ARCOROC,SO URBAN,A12,PC,12,0.0,0.0,0.0,12,120.0,80.0,115.0,PLASTIQUE,KITCHENWARE,STORAGE,ACCESSOIRES CONSERVE,6.3,COUVERCLE 188 SO URBAN,0.612,1740,0.051,0,CN,21.0,20.0,15.0,883314904093,115.74,40883314904091,,,,,,,,,
V3603,SO URBAN LID 85,ARCOROC,Storage,£0.54,,,,ARCOROC,SO URBAN,A24,PC,24,0.0,0.0,0.0,24,120.0,80.0,110.5,PLASTIQUE,KITCHENWARE,STORAGE,ACCESSOIRES CONSERVE,2.829,COUVERCLE 85 SO URBAN,0.38,6912,0.013,0,CN,20.5,11.5,12.0,883314959895,133.0,40883314959893,,,,,,,,,
J8743,SOFT REVEAL UP STEMMED GLASS 40,C&S,Drinkware – Wine,£4.12,https://latabledarc.com/en/products/verre-a-pied-40-cl-reveal-up,https://cdn.shopify.com/s/files/1/0943/3553/3393/files/133cfd07ca8f594b96be9ef81817499e.webp?v=1763713312,"Fall in love with the Reveal Up 40cl stemmed glass, developed by Chef&Sommelier
   This stemmed glass, like all stemmed glasses, is an essential element of French tableware! Its shape has been carefully designed to offer the perfect balance between appearance, durability, and ease of use. Furthermore, the Arc Group's expertise in glassmaking ensures the robust construction of these stemmed glasses, guaranteeing their longevity.",C&S,REVEAL'UP,FA6,PC,24,9.1,9.1,23.1,24,120.0,80.0,117.8,KRYSTA,DRINKWARE,DRINKWARE,VERRE A PIED,59.557,VERRE A PIED 40 REVEAL'UP SOFT,6.035,384,0.175,6,FR,58.0,39.8,25.8,10883314465614,122.05,40883314465615,B4,883314465600,883314465600,28.1,19.0,24.2,1.315,12.92,883314465617
R0742,SPIRIT APPETIZER SMALL BOWL 100,ARCOROC,Dinnerware,£2.18,,,,ARCOROC,APPETIZER,R6,PC,24,9.1,9.1,4.0,24,120.0,80.0,110.0,PORCELAINE,DINNERWARE,DINNERWARE,SALADIER,14.4,COUPELLE SPIRIT 100 APPETIZER,2.594,1344,0.092,6,CN,30.0,20.0,24.0,10026102936167,172.264,40026102936168,B4,26102936160,26102936160,28.0,19.0,4.0,0.648,2.128,26102936177
L3931,SPIRIT BAR DEGUSTATION STEMMED GLASS 25,LUMINARC,Drinkware – Wine,£2.20,https://latabledarc.com/en/products/verre-a-pied-25-cl-spirit-bar,https://cdn.shopify.com/s/files/1/0943/3553/3393/files/914b5490114bdb9c37819689b6503e49.jpg?v=1762448375,"Fall in love with the 25cl Spirit Bar stemmed glass, developed by Luminarc
 This stemmed glass, like all stemmed glasses, is an essential element of French tableware! Its shape has been carefully designed to offer the perfect balance between appearance, durability, and ease of use. Furthermore, the Arc Group's expertise in glassmaking ensures the robust construction of these stemmed glasses, guaranteeing their longevity.",LUMINARC,SPIRIT BAR,1/2 FA6,PC,24,8.2,8.2,11.2,24,120.0,80.0,111.3,SODO,DRINKWARE,DRINKWARE,VERRE A PIED,22.981,VERRE A PIED 25 DEGUSTATION SPIRIT BAR,3.638,864,0.12,6,FR,35.7,26.6,24.2,10883314521457,156.449,40883314521458,B4,883314521443,883314521443,8.2,8.2,11.2,0.72,0.75,883314521450
L3933,SPIRIT BAR HB TUMBLER 16,LUMINARC,Drinkware – Hiballs,£1.24,https://latabledarc.com/en/products/verre-haut-16-cl-spirit-bar,https://cdn.shopify.com/s/files/1/0943/3553/3393/files/dda7554a7603252a5d6313cd2c835d2a.jpg?v=1762447581,"Opt for the 16cl Spirit Bar Glass, by Luminarc
 This glass is a 100% recyclable glass product, odorless.",LUMINARC,SPIRIT BAR,1/2 FA6,PC,24,6.9,6.9,15.1,24,120.0,80.0,116.0,SODO,DRINKWARE,DRINKWARE,GOBELET,28.904,GOBELET FH 16 SPIRIT BAR,6.665,720,0.24,6,FR,33.8,25.3,33.8,10883314521495,225.439,40883314521496,B4,883314521481,883314521481,23.6,16.0,16.0,1.579,6.042,883314521498
L5250,"SPIRIT BAR HB TUMBLER 3,4",LUMINARC,Drinkware – Hiballs,£0.82,https://latabledarc.com/en/products/verre-a-shooter-3-4-cl-spirit-bar,https://cdn.shopify.com/s/files/1/0943/3553/3393/files/d49dd64ea12b28f8af39a5b8e2ce470f.jpg?v=1762449316,"Opt for the 3.4 cl Spirit Bar shot glass by Luminarc
 This glass is a 100% recyclable glass product, odorless.",LUMINARC,SPIRIT BAR,FA6,PC,24,4.5,4.5,7.0,24,120.0,80.0,113.1,SODO,DRINKWARE,DRINKWARE,GOBELET,5.296,"GOBELET FH 3,4 SPIRIT BAR",2.777,4032,0.102,6,FR,20.7,15.6,16.4,10883314537663,492.122,40883314537664,B4,883314537659,883314537659,14.3,9.8,7.6,0.667,1.065,883314537666
N8172,SPIRITS COGNAC 72 STEMGLASS,C&S,Drinkware – Brandy & Fortified Wine,£3.53,,,,C&S,SPIRITS,FA6,PC,24,94.0,0.0,146.0,24,120.0,80.0,88.3,KRYSTA,DRINKWARE,DRINKWARE,VERRE A PIED,65.7,VERRE A PIED A COGNAC 72 SPIRITS,6.8,192,0.2,6,SK,48.0,37.5,36.5,10883314684091,75.0,40883314684092,B4,883314684094,883314684094,34.7,23.0,17.3,1.512,13.807,883314684100
N8212,SPIRITS CORDIAL STEMGLASS 10,C&S,Drinkware – Shot Glasses,£2.84,,,,C&S,SPIRITS,FA6,PC,24,5.2,0.0,20.0,24,120.0,80.0,106.6,KRYSTA,DRINKWARE,DRINKWARE,VERRE A PIED,25.3,VERRE A PIED CORDIAL 10 SPIRITS,3.6,768,0.108,6,SK,40.0,27.5,23.0,10883314684404,136.0,40883314684405,B4,883314684407,883314684407,19.1,12.8,21.0,0.8,5.134,883314684414
N8213,SPIRITS CORDIAL STEMGLASS 7,C&S,Drinkware – Shot Glasses,£2.59,,,,C&S,SPIRITS,FA6,PC,24,4.8,0.0,15.8,24,120.0,80.0,108.0,KRYSTA,DRINKWARE,DRINKWARE,VERRE A PIED,17.784,VERRE A PIED CORDIAL 7 SPIRITS,3.06,1080,0.075,6,SK,38.0,26.0,18.0,10883314684428,160.0,40883314684429,B4,883314684421,883314684421,18.0,12.5,17.0,0.69,3.825,883314684438
N8211,SPIRITS GRAPPA STEMGLASS 10,C&S,Drinkware – Brandy & Fortified Wine,£2.52,,,,C&S,SPIRITS,FA6,PC,24,5.5,0.0,18.2,24,120.0,80.0,100.1,KRYSTA,DRINKWARE,DRINKWARE,VERRE A PIED,26.991,VERRE A PIED A GRAPPA 10 SPIRITS,3.57,576,0.087,6,SK,42.9,29.4,21.4,10883314684381,107.0,40883314684382,B4,883314684384,883314684384,20.3,13.6,19.1,0.79,5.273,883314684391
N6374,SPIRITS RHUM STEMGLASS 17,C&S,Drinkware – Wine,£2.65,,,,C&S,SPIRITS,FA6,PC,24,7.5,7.5,12.7,24,120.0,80.0,107.5,KRYSTA,DRINKWARE,DRINKWARE,VERRE A PIED,26.509,VERRE A PIED 17 SPIRITS RHUM,3.564,720,0.105,6,FR,33.8,25.3,31.0,10883314689584,132.399,40883314689585,B4,883314689570,883314689570,7.5,7.5,12.7,0.63,0.714,883314689587
N8209,SPIRITS SHERRY STEMGLASS 12,C&S,Drinkware – Brandy & Fortified Wine,£2.84,,,,C&S,SPIRITS,FA6,PC,24,5.1,0.0,19.0,24,120.0,81.8,104.2,KRYSTA,DRINKWARE,DRINKWARE,VERRE A PIED,26.019,VERRE A PIED 12 SPIRITS CHERRY,3.336,768,0.089,6,SK,40.9,28.4,22.4,10883314683452,95.352,40883314683453,B4,883314684353,883314684353,19.2,12.8,19.7,0.534,4.841,883314684360
Q3909,"SPRING JUG 0,5L",ARCOROC,"Drinkware Accessories – Jugs, Pitchers & Carafes",£1.97,,,,ARCOROC,SPRING,A12,PC,12,0.0,0.0,0.0,12,120.0,80.0,119.8,SODO,DRINKWARE,DRINKWARE ACCESSORIE,BROC CARAFE,25.126,"BROC 0,5L SPRING",5.916,432,0.45,0,FR,38.0,38.0,17.4,883314907902,239.237,40883314907627,,883314907629,883314907629,,,,,,
Q8263,SPRING JUG 0L5+STOPPER,ARCOROC,"Drinkware Accessories – Jugs, Pitchers & Carafes",£3.43,,,,ARCOROC,SPRING,A12,PC,12,9.0,9.0,15.6,12,120.0,80.0,119.8,SODO,DRINKWARE,DRINKWARE ACCESSORIE,BROC CARAFE,24.73,"BROC 0,5L SPRING +CV",7.284,432,0.564,0,FR,37.9,37.5,17.4,883314907759,288.485,40883314907634,,883314907636,883314907636,,,,,,
Q3606,SPRING JUG 0L75,ARCOROC,"Drinkware Accessories – Jugs, Pitchers & Carafes",£2.28,,,,ARCOROC,SPRING,A6,PC,6,0.0,0.0,0.0,6,120.0,80.0,101.3,SODO,DRINKWARE,DRINKWARE ACCESSORIE,BROC CARAFE,13.436,"BROC 0,75L SPRING",4.43,336,0.695,0,FR,32.7,19.2,21.4,883314907780,274.875,40883314847596,,883314847598,883314847598,,,,,,
Q8264,SPRING JUG 0L75+STOPPER,ARCOROC,"Drinkware Accessories – Jugs, Pitchers & Carafes",£3.85,,,,ARCOROC,SPRING,A6,PC,6,9.0,9.0,19.6,6,120.0,80.0,101.3,SODO,DRINKWARE,DRINKWARE ACCESSORIE,BROC CARAFE,13.436,"BROC 0,75L SPRING +CV",5.114,336,0.809,0,FR,32.7,19.2,21.4,883314907773,313.179,40883314907641,,883314907643,883314907643,,,,,,
Q3907,SPRING JUG 1L,ARCOROC,"Drinkware Accessories – Jugs, Pitchers & Carafes",£2.60,,,,ARCOROC,SPRING,A6,PC,6,0.0,0.0,0.0,6,120.0,80.0,112.0,SODO,DRINKWARE,DRINKWARE ACCESSORIE,BROC CARAFE,16.801,BROC 1L SPRING,4.52,288,0.7,0,FR,34.2,20.3,24.2,883314907919,243.645,40883314862483,,883314862485,883314862485,,,,,,
Q4272,SPRING JUG 1L +STOPPER,ARCOROC,"Drinkware Accessories – Jugs, Pitchers & Carafes",£4.27,,,,ARCOROC,SPRING,A6,PC,6,9.4,9.4,22.9,6,120.0,80.0,112.0,SODO,DRINKWARE,DRINKWARE ACCESSORIE,BROC CARAFE,16.801,BROC 1L SPRING +CV,5.204,288,0.814,0,FR,34.2,20.3,24.2,883314907766,276.374,40883314902110,,883314902112,883314902112,,,,,,
Q8265,SPRING STOPPER JUG,ARCOROC,"Drinkware Accessories – Jugs, Pitchers & Carafes",£1.42,,,,ARCOROC,SPRING,FA12,PC,12,8.2,8.2,2.2,12,120.0,80.0,114.2,SODO,DRINKWARE,DRINKWARE ACCESSORIE,ACCESSOIRE BOISSON,2.142,BOUCHON BROC SPRING,1.421,4752,0.114,0,FR,17.0,14.0,9.0,883314904727,591.008,40883314904725,,,,,,,,,
53673,SQUARE CARAFE 0L5 S/STOPPER,ARCOROC,"Drinkware Accessories – Jugs, Pitchers & Carafes",£1.90,,https://static.wixstatic.com/media/042ed7_5bed451e6db6430f8e97adb017351c56~mv2.webp,,ARCOROC,CARAFE CARREE TRANS UNI,A12,PC,12,9.6,8.3,19.9,12,120.0,80.0,96.5,SODO,DRINKWARE,DRINKWARE ACCESSORIE,BROC CARAFE,15.624,"CARAFON CARRE 0,5L SANS BOUCHON",3.816,576,0.318,0,SI,31.0,24.0,21.0,26102992982,207.936,40026102536733,,26102295014,26102295014,,,,,,
53675,SQUARE CARAFE 1L,ARCOROC,"Drinkware Accessories – Jugs, Pitchers & Carafes",£3.28,,https://static.wixstatic.com/media/042ed7_41338de08c374b889a6c91ff976e75d3~mv2.webp,,ARCOROC,CARAFE CARREE TRANS UNI,A6,PC,6,0.0,0.0,0.0,6,120.0,80.0,95.8,SODO,DRINKWARE,DRINKWARE ACCESSORIE,BROC CARAFE,19.377,CARAFE 1L CARRE SANS BOUCHON 1L,4.872,216,0.75,0,SI,32.5,22.0,27.1,10026102536756,200.392,40026102536757,,26102295199,26102295199,,,,,,
53674,"SQUARE DECANTER 0,25L S/STOPPER",ARCOROC,"Drinkware Accessories – Jugs, Pitchers & Carafes",£1.51,,https://static.wixstatic.com/media/042ed7_de04fdf3070a4caf991ba4f80e89dcb7~mv2.webp,,ARCOROC,CARAFE CARREE TRANS UNI,A12,PC,12,0.0,0.0,0.0,12,120.0,80.0,102.0,SODO,DRINKWARE,DRINKWARE ACCESSORIE,BROC CARAFE,10.462,"CARAFON CARRE 0,25L SANS BOUCHON",2.89,900,0.2,0,SI,28.2,21.2,17.5,26102993002,240.0,40026102536740,,26102294932,26102294932,,,,,,
C1320,"STACKABLE ASHTRAY 10,7",ARCOROC,Decoware – Bins & Ashtrays,£1.40,,,,ARCOROC,EMPILABLE TRANSP UNI CEND,RS6,PC,24,10.7,10.7,3.5,24,120.0,80.0,109.2,SODO,DECOWARE,DECOWARE,CENDRIER,10.089,"CENDRIER 10,7 EMPILABLE TRANSPARENT",5.988,1920,0.24,6,FR,38.0,22.5,11.8,10026102866433,504.719,40026102866434,B4,,,10.7,10.7,3.5,1.44,0.401,26102866436
51257,STACKABLE ASHTRAY 85,ARCOROC,Decoware – Bins & Ashtrays,£1.25,,,,ARCOROC,EMPILABLE TRANSP UNI CEND,RS6,PC,24,8.5,8.5,3.6,24,120.0,80.0,116.0,SODO,DECOWARE,DECOWARE,CENDRIER,6.873,CENDRIER 85 EMPILABLE,3.029,2880,0.12,6,FR,18.4,18.4,20.3,10026102512576,389.049,40026102512577,B4,,,8.5,8.5,18.9,0.724,1.366,26102460313
X0131,"STACKABLE BLACK ASHTRAY 10,7",LUMINARC,Decoware – Bins & Ashtrays,£1.59,,,,LUMINARC,EMPILABLE NOIR,RS6,PC,24,10.7,10.7,3.5,24,120.0,80.0,109.2,SODO,DECOWARE,DECOWARE,CENDRIER,10.089,"CENDRIER 10,7 EMPILABLE NOIR",6.368,1920,0.255,6,FR,38.0,22.5,11.8,10883314034933,535.119,40883314034934,B4,26102126431,26102126431,10.7,10.7,19.2,1.54,2.198,
187,STACKABLE BLACK ASHTRAY 107,ARCOROC,Decoware – Bins & Ashtrays,£1.62,,,,ARCOROC,EMPILABLE NOIR,RS6,PC,24,10.7,10.7,3.5,24,120.0,80.0,116.0,SODO,DECOWARE,DECOWARE,CENDRIER,10.005,CENDRIER 107 EMPILABLE NOIR,6.306,1800,0.255,6,FR,22.2,22.2,20.3,10026102001872,498.797,40026102001873,B4,,,10.7,10.7,19.3,1.535,2.21,26102460276
X2556,STACKABLE BLACK ASHTRAY 107,ARCOROC,Decoware – Bins & Ashtrays,£1.62,,,,ARCOROC,EMPILABLE NOIR,RS6,PC,24,10.7,10.7,3.5,24,120.0,80.0,109.2,SODO,DECOWARE,DECOWARE,CENDRIER,10.089,CENDRIER 107 EMPILABLE NOIR,6.348,1920,0.255,0,FR,38.0,22.5,11.8,10883314301431,533.519,40883314301432,B4,,,,,,,,
55878,STACKABLE BLACK ASHTRAY 85,ARCOROC,Decoware – Bins & Ashtrays,£1.49,,,,ARCOROC,EMPILABLE NOIR,RS6,PC,24,8.5,8.5,3.6,24,120.0,80.0,116.0,SODO,DECOWARE,DECOWARE,CENDRIER,6.873,CENDRIER 85 EMPILABLE NOIR,2.933,2880,0.116,6,FR,18.4,18.4,20.3,10026102558789,377.429,40026102558780,B4,,,8.5,8.5,3.6,0.696,0.256,26102460252
Q6213,STACKABLE BOWL LID 170,ARCOROC,Storage,£0.75,,,,ARCOROC,EMPILABLE TRANSP (SALA),A24,PC,24,17.6,17.6,1.2,24,120.0,80.0,112.9,PLASTIQUE,KITCHENWARE,STORAGE,ACCESSOIRES CONSERVE,13.292,COUVERCLE 170 EMPILABLE,0.882,1440,0.03,0,FR,34.6,19.6,19.6,10883314875574,78.504,40883314875575,,883314875577,883314875577,,,,,,
X0123,"STACKABLE CLEAR ASHTRAY 10,7",LUMINARC,Decoware – Bins & Ashtrays,£1.37,,,,LUMINARC,EMPILABLE TRANSP UNI CEND,RS6,PC,24,10.7,10.7,3.5,24,120.0,80.0,109.2,SODO,DECOWARE,DECOWARE,CENDRIER,10.089,"CENDRIER 10,7 EMPILABLE TRANSPARENT",6.008,1920,0.24,6,FR,38.0,22.5,11.8,10883314034902,506.319,40883314034903,B4,26102185537,26102185537,10.7,10.7,19.2,1.45,0.401,
Q6211,STACKABLE LID BOWL 120,ARCOROC,Storage,£0.54,,https://static.wixstatic.com/media/042ed7_472cd9bce41c496f858fa5071afe24ac~mv2.webp,,ARCOROC,EMPILABLE TRANSP (SALA),A24,PC,24,12.6,12.6,1.1,24,120.0,80.0,102.2,PLASTIQUE,KITCHENWARE,STORAGE,ACCESSOIRES CONSERVE,7.7,COUVERCLE 120 EMPILABLE,0.432,2400,0.014,0,FR,22.0,20.0,17.5,10883314875550,69.6,40883314875551,,883314875553,883314875553,,,,,,
Q6214,STACKABLE LID BOWL 200,ARCOROC,Storage,£0.87,,https://static.wixstatic.com/media/042ed7_a8b6b37a35ff4fd78f80158ea6d3c472~mv2.webp,,ARCOROC,EMPILABLE TRANSP (SALA),A24,PC,24,0.0,0.0,0.0,24,120.0,80.0,104.9,PLASTIQUE,KITCHENWARE,STORAGE,ACCESSOIRES CONSERVE,12.938,COUVERCLE 200 EMPILABLE,1.24,1440,0.045,0,FR,25.0,23.0,22.5,10883314875581,99.766,40883314875582,,883314875584,883314875584,,,,,,
V8247,STOCKHOLM OF TUMBLER 27,ARCOROC,Drinkware – Tumblers,£0.77,,,,ARCOROC,STOCKHOLM,FA6,PC,1134,7.6,7.6,9.2,0,120.0,80.0,116.6,SODO,DRINKWARE,DRINKWARE,GOBELET,0.0,GOBELET FB 27 STOCKHOLM,0.0,1134,0.265,0,FR,,,,,345.514,40883314998199,,,,,,,,,
G2645,STOCKHOLM SHOT GLASS 4,ARCOROC,Drinkware – Shot Glasses,£0.57,,,,ARCOROC,STOCKHOLM,FA12,PC,48,4.4,4.4,5.3,48,120.0,80.0,113.7,SODO,DRINKWARE,DRINKWARE,GOBELET,7.192,GOBELET FB 4 STOCKHOLM,3.176,6144,0.06,12,FR,29.0,20.0,12.4,10883314177197,432.142,40883314177198,B4,,,14.0,9.6,11.1,0.764,0.103,883314177190
L4257,STOPPER DECANTER FLUID,ARCOROC,"Drinkware Accessories – Jugs, Pitchers & Carafes",£0.75,,,,ARCOROC,FLUID,FA6,PC,24,7.0,7.0,3.9,24,120.0,80.0,113.7,PLASTIQUE,DRINKWARE,DRINKWARE ACCESSORIE,ACCESSOIRE BOISSON,7.234,BOUCHON CARAFE FLUID,0.77,2880,0.014,6,CN,27.4,16.0,16.5,10883314526483,117.4,40883314526484,B4,,,0.0,0.0,0.0,0.132,0.0,883314526486
N4742,SUBLYM BALLON STEMMED GLASS 60,C&S,Drinkware – Wine,£3.19,https://latabledarc.com/en/products/verre-a-pied-60-cl-sublym,https://cdn.shopify.com/s/files/1/0943/3553/3393/files/47be074a608168a454e419c0c61c7448.jpg?v=1762449226,"Fall in love with the Sublym 60cl stemmed glass, developed by Chef&Sommelier
 This stemmed glass, like all stemmed glasses, is an essential element of French tableware! Its shape has been carefully designed to offer the perfect balance between appearance, durability, and ease of use. Furthermore, the Arc Group's expertise in glassmaking ensures the robust construction of these stemmed glasses, guaranteeing their longevity.",C&S,SUBLYM,FA6,PC,12,11.1,11.1,22.9,12,120.0,80.0,116.9,KRYSTA,DRINKWARE,DRINKWARE,VERRE A PIED,47.744,VERRE A PIED BALLON 60 SUBLYM,3.78,192,0.202,6,FR,50.0,37.3,25.6,10883314654650,85.974,40883314654651,B2,883314654646,883314654646,35.7,24.0,24.0,1.559,20.563,883314654653
L2762,SUBLYM FLUTE 21,C&S,Drinkware – Champagne,£2.90,https://latabledarc.com/en/products/flute-21-cl-sublym,https://cdn.shopify.com/s/files/1/0943/3553/3393/files/c0b76653d44e35c58268110a55932553.webp?v=1775201805,"Fall in love with the 21cl Sublym Flute, developed by Chef&Sommelier
 This flute is specifically designed for tasting sparkling wines, while also being able to enhance any carbonated beverage. Indeed, in addition to its shape and elegance, the glass from which it is made has been specially crafted to optimize the release of bubbles, while its enhanced transparency allows for a better view and appreciation of them.",C&S,SUBLYM,FA6,PC,24,6.5,6.5,24.0,24,120.0,80.0,118.9,KRYSTA,DRINKWARE,DRINKWARE,VERRE A PIED,40.083,FLUTE 21 SUBLYM,5.12,480,0.155,6,FR,47.4,32.4,26.1,10883314508267,127.794,40883314508268,B4,883314508277,883314508277,23.0,15.6,24.8,1.139,8.898,883314508260
N1739,SUBLYM STEMGLASS 45,C&S,Drinkware – Wine,£2.77,https://latabledarc.com/en/products/verre-a-pied-45-cl-sublym,https://cdn.shopify.com/s/files/1/0943/3553/3393/files/307a5e2da4694380b69578729aeac8bc_3f4a3eea-59db-4a69-adee-e3b95516d2d5.jpg?v=1762448664,"Fall in love with the Sublym 45cl stemmed glass, developed by Chef&Sommelier
   This stemmed glass, like all stemmed glasses, is an essential element of French tableware! Its shape has been carefully designed to offer the perfect balance between appearance, durability, and ease of use. Furthermore, the Arc Group's expertise in glassmaking ensures the robust construction of these stemmed glasses, guaranteeing their longevity.",C&S,SUBLYM,FA6,PC,12,8.7,8.7,25.0,12,120.0,80.0,100.2,KRYSTA,DRINKWARE,DRINKWARE,VERRE A PIED,33.21,VERRE A PIED 45 SUBLYM,3.339,288,0.205,6,FR,39.5,29.5,28.5,10883314616450,105.702,40883314616451,B2,883314508215,883314508215,28.1,19.0,26.9,1.517,14.362,883314508208
V3604,SUBLYM STEMGLASS 55,C&S,Drinkware – Wine,£3.02,,,,C&S,SUBLYM,FA6,PC,12,9.2,9.2,26.0,12,120.0,80.0,100.2,KRYSTA,DRINKWARE,DRINKWARE,VERRE A PIED,33.21,VERRE A PIED 55 SUBLYM,3.831,288,0.237,6,FR,39.5,29.5,28.5,10883314508175,117.51,40883314508176,B2,883314508185,883314508185,28.1,19.0,26.9,1.709,14.362,883314508178
L2609,SUBLYM STEMMED GLASS 25,C&S,Drinkware – Wine,£2.63,https://latabledarc.com/en/products/verre-a-pied-25-cl-sublym,https://cdn.shopify.com/s/files/1/0943/3553/3393/files/2cc3fdffc0b696509b4a2ba13d9cba33.jpg?v=1762448382,"Fall in love with the Sublym 25cl stemmed glass, developed by Chef&Sommelier
   This stemmed glass, like all stemmed glasses, is an essential element of French tableware! Its shape has been carefully designed to offer the perfect balance between appearance, durability, and ease of use. Furthermore, the Arc Group's expertise in glassmaking ensures the robust construction of these stemmed glasses, guaranteeing their longevity.",C&S,SUBLYM,FA6,PC,24,7.2,7.2,20.7,24,120.0,80.0,109.4,KRYSTA,DRINKWARE,DRINKWARE,VERRE A PIED,40.534,VERRE A PIED 25 SUBLYM,5.626,480,0.179,6,FR,33.8,25.3,47.4,10883314508243,137.999,40883314508244,B4,883314508253,883314508253,23.6,16.0,22.9,1.277,8.647,883314508246
L2761,SUBLYM STEMMED GLASS 35,C&S,Drinkware – Wine,£2.77,https://latabledarc.com/en/products/verre-a-pied-35-cl-sublym-1,https://cdn.shopify.com/s/files/1/0943/3553/3393/files/674712163c513cd565cfdf7db876df0a.jpg?v=1762448503,"Fall in love with the Sublym 35cl stemmed glass, developed by Chef&Sommelier
 This stemmed glass, like all stemmed glasses, is an essential element of French tableware! Its shape has been carefully designed to offer the perfect balance between appearance, durability, and ease of use. Furthermore, the Arc Group's expertise in glassmaking ensures the robust construction of these stemmed glasses, guaranteeing their longevity.",C&S,SUBLYM,FA6,PC,24,8.1,8.1,23.0,24,120.0,80.0,117.7,KRYSTA,DRINKWARE,DRINKWARE,VERRE A PIED,59.557,VERRE A PIED 35 SUBLYM,6.155,384,0.18,6,FR,58.0,39.8,25.8,10883314508229,123.972,40883314508220,B4,883314508239,883314508239,28.1,19.0,24.2,1.345,12.92,883314508222
N5368,SUBLYM STEMMED GLASS ALL PURPOSE 35,C&S,Drinkware – Wine,£2.77,https://latabledarc.com/en/products/verre-a-pied-35-cl-sublym,https://cdn.shopify.com/s/files/1/0943/3553/3393/files/545d9ff7e58d5404c0329772cebc19d9.jpg?v=1762448510,"Fall in love with the Sublym 35cl stemmed glass, developed by Chef&Sommelier
 This stemmed glass, like all stemmed glasses, is an essential element of French tableware! Its shape has been carefully designed to offer the perfect balance between appearance, durability, and ease of use. Furthermore, the Arc Group's expertise in glassmaking ensures the robust construction of these stemmed glasses, guaranteeing their longevity.",C&S,SUBLYM,FA6,PC,24,8.1,8.1,17.7,24,120.0,80.0,94.2,KRYSTA,DRINKWARE,DRINKWARE,VERRE A PIED,37.795,VERRE A PIED MULTI-USAGES 35 SUBLYM,5.597,432,0.18,6,FR,35.7,26.6,39.8,10883314661498,126.21,40883314661499,B4,883314661484,883314661484,25.1,17.0,19.1,1.272,8.15,883314661491
X2135,SUMER POP LAVANDER STEMGLASS 70,LUMINARC,Drinkware – Wine,£3.24,https://latabledarc.com/en/products/vap-summer-pop-70cl-lavender-parma,https://cdn.shopify.com/s/files/1/0943/3553/3393/files/49ad630679a5893393a75bf23e27a528.webp?v=1770651121,"Le verre ballon XXL idéal pour vos cocktails et mocktails
Pensé pour magnifier toutes vos recettes de boissons festives, le verre à pied Summer Pop Lavender Parma 70 cl offre une contenance très généreuse. Il est idéal pour dresser des Spritz, Gin Tonics, Sangrias blanches, cocktails fruités ou mocktails garnis de glaçons, de fleurs comestibles et d'herbes aromatiques.
Sa forme ballon contemporaine alliée à un pied violet/parme délicat apporte une touche tendance et raffinée à votre table ou votre salon de jardin. C'est l'accessoire parfait pour métamorphoser vos apéritifs en terrasse en de véritables instants de détente et de style.
Savoir-faire verrier, stabilité et simplicité
Fabriqué en France par le groupe Arc, ce verre garantit une clarté remarquable ainsi qu'une excellente résistance aux chocs mécaniques légers et aux utilisations répétées. Sa jambe robuste et sa base large assurent une stabilité optimale. Sain, neutre et non poreux, il préserve la fraîcheur de vos recettes et se nettoie en toute simplicité.
Points Forts & Arguments Vente
• Contenance XXL de 70 cl : Idéale pour les cocktails tendance (Gin Tonic, Spritz, Piscine de rosé), boissons rafraîchissantes et eaux infusées chargées en glaçons.
• Pied violet ""Lavender Parma"" teinté : Une teinte douce et originale qui distingue subtilement vos verres lors de vos réceptions et événements.
• 100 % Verre sain & hygiénique : Matériau non poreux, sans plomb, respectueux de la santé et préservant les arômes de vos consommations.
• Résistance renforcée : Matériau de qualité supérieure conçu pour résister aux manipulations quotidiennes et aux chocs légers.
• Entretien ultra-facile : Compatible avec le lave-vaisselle (domestique et professionnel).
• Fabrication française & Écoresponsable : Issu du savoir-faire verrier français d'Arc et composé d'une matière 100 % recyclable.
Caractéristiques Principales
• Marque / Collection : Luminarc / Arc (La Table d'Arc) – Collection Summer Pop
• Modèle & Style : Verre à pied ballon / Grand verre à cocktail (Gin / Spritz / Cocktail tumbler)
• Couleur du pied / détails : Lavender Parma (Violet / Parme / Lavande)
• Contenance : 70 cl (700 ml)
• Matière : Verre et pulvérisation de la couleur (sain et 100% recyclable)
• Entretien : Compatible lave-vaisselle et réfrigérateur
• Origine : Fabriqué en France
Idées de Dressage & Conseils d'Association
• Ambiance Champêtre & Romanesque : Associez ce grand verre à pied parme à des serviettes en lin, du grès pastel ou de la vaisselle blanche pour composer un apéritif doux et élégant.
• Esprit Table Estivale (Mix & Match) : Combinez-le avec les verres à pied 70 cl des autres teintes de la gamme Summer Pop (Coastal Sea Blue, Sunshine Yellow, Sunset Orange) pour créer une table d'apéritif dynamique et facile à repérer par chaque invité.",LUMINARC,SUMMER POP,FA6,PC,12,11.3,11.3,19.5,12,120.0,80.0,104.2,SODO CLEAR,DRINKWARE,DRINKWARE,VERRE A PIED,42.779,VERRE A PIED 70 SUMMER POP LAVANDER,3.88,216,0.245,6,FR,37.3,25.6,44.8,10883314089490,95.433,40883314089491,B2,883314089493,883314089493,35.6,24.0,21.6,1.722,2.49,883314094237
X1436,SUMMER POP COASTAL SEA H/BALL TUMBLER 40,LUMINARC,Drinkware – Tumblers,£1.78,https://latabledarc.com/en/products/gob-summer-pop-40cl-coastal-sea-blue,https://cdn.shopify.com/s/files/1/0943/3553/3393/files/61db007bbd8964ec88d551196c63bc16.webp?v=1770650378,"Un souffle marin et acidulé sur votre table au quotidien
Que ce soit pour servir une limonade artisanale avec de nombreux glaçons, un thé glacé maison, une eau infusée aux fruits ou vos cocktails préférés, le gobelet Summer Pop Coastal Sea Blue 40 cl apporte une note estivale et dynamique à votre vaisselle.
Sa teinte bleu intense aux reflets aquatiques évoque l'évasion marine et met immédiatement en valeur vos boissons. Conçu par le fabricant verrier français Arc (Luminarc), ce verre bénéficie d'un savoir-faire reconnu : il associe la transparence cristalline du verre à une excellente résistance mécanique aux chocs légers.
Ergonomique, pratique et durable
Grâce à sa forme généreuse et équilibrée, ce verre offre une prise en main très agréable. Sa matière en verre non poreuse garantit une hygiène irréprochable (sans rétention d'odeurs ni de bactéries) et conserve l'éclat de sa couleur lavage après lavage au lave-vaisselle.
Points Forts & Arguments Vente
• Contenance généreuse de 40 cl : Format idéal pour les grands rafraîchissements, cocktails, mocktails, jus de fruits et eaux aromatisées.
• Teinte ""Coastal Sea Blue"" durable : Un bleu profond pulvérisé et éclatant conçu pour résister aux lavages fréquents sans ternir.
• 100 % Verre sain & hygiénique : Matériau non poreux, sans plomb, respectueux de la santé et neutre en goût.
• Résistance renforcée : Matériau de qualité supérieure résistant aux chocs thermiques et mécaniques légers du quotidien.
• Entretien ultra-facile : Compatible avec le lave-vaisselle (domestique et professionnel).
• Fabrication française & Écoresponsable : Issu du savoir-faire des verriers français et composé d'une matière 100 % recyclable.
Caractéristiques Principales
• Marque / Collection : Luminarc / Arc (La Table d'Arc) – Collection Summer Pop
• Modèle & Style : Gobelet forme haute (Long drink / Water tumbler)
• Couleur : Coastal Sea Blue (Bleu Océan)
• Contenance : 40 cl (400 ml)
• Matière : Cristallin et pulvérisation de la couleur (100% recyclablement et sain)
• Entretien : Compatible lave-vaisselle et réfrigérateur
• Origine : Fabriqué en France
Idées de Dressage & Conseils d'Association
• Style Océan & Minimaliste : Associez ce verre bleu à une vaisselle en céramique ou porcelaine blanche plate pour faire ressortir l'intensité de sa couleur.
• Esprit Table Estivale (Mix & Match) : Mélangez-le avec les autres déclinaisons de la collection Summer Pop (ambre, corail, émeraude) pour composer une table estivale bariolée et festive lors de vos repas en terrasse ou barbecues.",LUMINARC,SUMMER POP,IR12,PC,24,8.5,8.5,12.1,24,120.0,80.0,119.0,CRYSTAL GLASS,DRINKWARE,DRINKWARE,GOBELET,30.682,GOBELET H/BALL 40 SUMMER POP COASTAL SEA,7.615,768,0.293,12,FR,39.6,29.8,26.0,10883314071532,270.89,40883314071533,B2,883314071535,883314071535,37.8,28.3,12.4,3.626,0.874,883314094091
X2136,SUMMER POP COASTAL SEA STEMGLASS 70,LUMINARC,Drinkware – Wine,£3.24,https://latabledarc.com/en/products/vap-summer-pop-70cl-coastal-sea-blue,https://cdn.shopify.com/s/files/1/0943/3553/3393/files/4b2f17640c9ca2aa004029c81b1c3e46.webp?v=1770651407,"Le verre ballon XXL idéal pour vos cocktails et mocktails
Spécialement conçu pour mettre en valeur vos créations d'apéritif, le verre à pied Summer Pop Coastal Sea Blue 70 cl offre une contenance très généreuse. Il est parfait pour accueillir Spritz, Gin Tonic, Sangria, cocktails fruités ou mocktails généreusement garnis de glaçons, de tranches d'agrumes et de brins d'aromates.
Sa silhouette ballon moderne et son pied bleu teinté aux nuances aquatiques rappellent la fraîcheur des vacances au bord de l'eau. Il apporte instantanément une touche de sophistication décontractée à vos tables en terrasse, salons de jardin et soirées entre amis.
Qualité verrière, stabilité et praticité
Élaboré en France par le groupe Arc, ce verre bénéficie d'un verre d'une grande clarté et d'une excellente résistance thermique et mécanique. Sa jambe solide et son pied large garantissent une prise en main agréable et une parfaite stabilité. Hygiénique et non poreux, il s'entretient très facilement et conserve son éclat lavage après lavage.
Points Forts & Arguments Vente
• Contenance XXL de 70 cl : Idéale pour les cocktails à la mode (Gin Tonic, Spritz, Piscine de rosé), boissons rafraîchissantes et eaux aromatisées chargées en glaçons.
• Pied bleu ""Coastal Sea Blue"" pulvérisé: Une touche de couleur élégante et lumineuse qui distingue vos verres lors de vos événements et apéritifs.
• 100 % Verre sain & hygiénique : Matériau non poreux, sans plomb, respectueux de la santé et préservant pureté et arômes de vos boissons.
• Verre haute résistance : Conception solide pensée pour résister aux chocs légers et à une utilisation régulière.
• Entretien ultra-facile : Pleinement compatible avec le lave-vaisselle.
• Fabrication française & Écoresponsable : Issu du savoir-faire des verriers français d'Arc et composé d'un matériau 100 % recyclable.
Caractéristiques Principales
• Marque / Collection : Luminarc / Arc (La Table d'Arc) – Collection Summer Pop
• Modèle & Style : Verre à pied ballon / Grand verre à cocktail (Gin / Spritz / Cocktail tumbler)
• Couleur du pied / détails : Coastal Sea Blue (Bleu Océan / Bleu d'eau)
• Contenance : 70 cl (700 ml)
• Matière : Verre de haute qualité et pulvérisation de la couleur (sain et 100% recyclable)
• Entretien : Compatible lave-vaisselle
• Origine : Fabriqué en France
Idées de Dressage & Conseils d'Association
• Ambiance Lounge & Chic : Associez ce grand verre à pied bleu à une table épurée aux teintes blanches ou bois flotté pour créer un effet cocktail bar haut de gamme chez vous.
• Esprit Table Estivale (Mix & Match) : Associez-le avec les verres à pied 70 cl des autres coloris de la gamme Summer Pop (Sunshine Yellow, Sunset Orange, Lavender Parma) pour que chaque invité repère facilement son verre autour d'un apéritif très coloré.",LUMINARC,SUMMER POP,FA6,PC,12,11.3,11.3,19.5,12,120.0,80.0,104.2,SODO CLEAR,DRINKWARE,DRINKWARE,VERRE A PIED,42.779,VERRE A PIED 70 SUMMER POP COASTAL SEA,3.88,216,0.245,6,FR,37.3,25.6,44.8,10883314089537,95.314,40883314089538,B2,883314089530,883314089530,35.7,24.0,21.6,1.722,2.49,883314094244
X1435,SUMMER POP LAVANDER H/BALL TUMBLER 40,LUMINARC,Drinkware – Tumblers,£1.78,https://latabledarc.com/en/products/gob-summer-pop-40cl-lavender-parma,https://cdn.shopify.com/s/files/1/0943/3553/3393/files/36a5ab55bc38858a867f3cadfb9d6296.webp?v=1776417708,"Que ce soit pour savourer une limonade bien fraîche, un thé glacé, un jus de fruits frais ou un cocktail estival, le gobelet Summer Pop Lavender Parma 40 cl insuffle charme et originalité à votre vaisselle.
Sa teinte lavande/parme aux reflets lumineux rappelle les paysages estivaux et apporte une touche chaleureuse et tendance à votre dressage de table. Conçu par le fabricant verrier français Arc (Luminarc), ce verre associe l'éclat du verre à une résistance mécanique optimale aux chocs légers du quotidien.
Ergonomique, pratique et durable
Grâce à sa ligne épurée et son fond bien équilibré, ce verre haut offre un confort d'utilisation idéal. Fabriqué en verre sain et non poreux, il garantit une hygiène irréprochable sans retenir les odeurs ni les bactéries, et conserve l'éclat de sa couleur au fil des lavages au lave-vaisselle.
Points Forts & Arguments Vente
• Contenance généreuse de 40 cl : Format idéal pour les grands rafraîchissements, cocktails, mocktails, sodas et eaux aromatisées.
• Teinte ""Lavender Parma"" raffinée : Un violet doux et lumineux conçu pour résister aux lavages fréquents sans perdre son éclat.
• 100 % Verre sain & hygiénique : Matériau non poreux, sans plomb, respectueux de la santé et neutre en goût.
• Résistance renforcée : Matériau de qualité supérieure résistant aux chocs mécaniques et à la manipulation quotidienne.
• Entretien ultra-facile : Pleinement compatible avec le lave-vaisselle (domestique et professionnel).
• Fabrication française & Écoresponsable : Issu du savoir-faire des verriers français et composé d'un matériau 100 % recyclable.
Caractéristiques Principales
• Marque / Collection : Luminarc / Arc (La Table d'Arc) – Collection Summer Pop
• Modèle & Style : Gobelet forme haute (Long drink / Water tumbler)
• Couleur : Lavender Parma (Violet / Parme / Lavande)
• Contenance : 40 cl (400 ml)
• Matière : Cristallin et pulvérisation de la couleur (sain et 100% recyclable)
• Entretien : Compatible lave-vaisselle et réfrigérateur
• Origine : Fabriqué en France
Idées de Dressage & Conseils d'Association
• Style Champêtre & Chic : Associez ce verre parme à des assiettes en grès pastel ou de la vaisselle blanche pour créer une table douce et poétique.
• Esprit Table Estivale (Mix & Match) : Combinez-le avec les autres teintes de la collection Summer Pop (Coastal Sea Blue, Sunshine, Sunset) pour composer un dressage vif, coloré et plein de bonne humeur.",LUMINARC,SUMMER POP,IR12,PC,24,8.5,8.5,12.1,24,120.0,80.0,119.0,CRYSTAL GLASS,DRINKWARE,DRINKWARE,GOBELET,30.682,GOBELET H/BALL 40 SUMMER POP LAVANDER,7.615,768,0.293,12,FR,39.6,29.8,26.0,10883314071525,270.89,40883314071526,B2,883314071528,883314071528,37.8,28.3,12.4,3.626,0.874,883314094077
X1438,SUMMER POP SUNSET H/BALL TUMBLER 40,LUMINARC,Drinkware – Tumblers,£1.78,https://latabledarc.com/en/products/gob-summer-pop-40cl-sunset-orange,https://cdn.shopify.com/s/files/1/0943/3553/3393/files/792228a756d0798c3c21a570326546e5.webp?v=1770650407,"Une nuance solaire et chaleureuse pour vos tables d'été
Que ce soit pour servir un jus d'orange pressé au petit-déjeuner, une limonade artisanale bien fraîche, un smoothie fruité ou un cocktail en terrasse, le gobelet Summer Pop Sunset Orange 40 cl donne instantanément du peps à votre vaisselle.
Sa couleur orange éclatante rappelle la lumière des couchers de soleil estivaux et illumine vos repas en famille ou entre amis. Élaboré par le fabricant verrier français Arc (Luminarc), ce verre associe la clarté du matériau à une très bonne résistance aux chocs légers du quotidien.
Ergonomique, pratique et durable
Sa forme haute généreuse offre une prise en main naturelle et un fond bien stable. Fabriqué en verre sain et totalement non poreux, il garantit une hygiène parfaite sans retenir les odeurs ni les taches, tout en conservant l'intensité de sa couleur lavage après lavage au lave-vaisselle.
Points Forts & Arguments Vente
• Contenance généreuse de 40 cl : Format idéal pour les grands rafraîchissements, cocktails, mocktails, jus de fruits et sodas.
• Teinte ""Sunset Orange"" vibrante : Un orange lumineux et chaleureux conçu pour résister aux lavages fréquents sans s'altérer.
• 100 % Verre sain & hygiénique : Matériau non poreux, sans plomb, respectueux de la santé et neutre en goût.
• Résistance renforcée : Matériau de qualité supérieure résistant aux chocs mécaniques et aux manipulations quotidiennes.
• Entretien ultra-facile : Pleinement compatible avec le lave-vaisselle (domestique et professionnel).
• Fabrication française & Écoresponsable : Issu du savoir-faire verrier français et composé d'une matière 100 % recyclable.
Caractéristiques Principales
• Marque / Collection : Luminarc / Arc (La Table d'Arc) – Collection Summer Pop
• Modèle & Style : Gobelet forme haute (Long drink / Water tumbler)
• Couleur : Sunset Orange (Orange solaire)
• Contenance : 40 cl (400 ml)
• Matière : Cristallin et pulvérisation de la couleur (sain et 100% recyclable)
• Entretien : Compatible lave-vaisselle et réfrigérateur
• Origine : Fabriqué en France
Idées de Dressage & Conseils d'Association
• Style Pop & Chaleureux : Associez ce verre orange à de la vaisselle aux tons neutres (blanc, sable, terracotta) pour créer un point focal dynamique sur votre table.
• Esprit Table Estivale (Mix & Match) : Combinez-le avec les teintes Coastal Sea Blue et Lavender Parma de la gamme Summer Pop pour un cocktail de couleurs acidulées et festives.",LUMINARC,SUMMER POP,IR12,PC,24,8.5,8.5,12.1,24,120.0,80.0,119.0,CRYSTAL GLASS,DRINKWARE,DRINKWARE,GOBELET,30.682,GOBELET H/BALL 40 SUMMER POP SUNSET,7.615,768,0.293,12,FR,39.6,29.8,26.0,10883314071556,270.89,40883314071557,B2,883314071559,883314071559,37.8,28.3,12.4,3.626,13.265,883314094190
X2138,SUMMER POP SUNSET STEMGLASS 70,LUMINARC,Drinkware – Wine,£3.24,https://latabledarc.com/en/products/vap-summer-pop-70cl-sunset-orange,https://cdn.shopify.com/s/files/1/0943/3553/3393/files/0f81d63bd85f489c27fce890bb9ca719.webp?v=1770650974,"Le verre ballon XXL idéal pour vos cocktails et mocktails
Conçu pour sublimer vos boissons les plus créatives, le verre à pied Summer Pop Sunset Orange 70 cl propose un volume très généreux. Il s'impose comme le contenant parfait pour dresser des Spritz, Gin Tonics, Sangrias, cocktails aux fruits tropicaux ou mocktails rafraîchissants abondamment garnis de glaçons, d'agrumes et d'herbes aromatiques.
Sa forme ballon moderne associée à un pied orange aux reflets chaleureux évoque la lumière dorée des couchers de soleil estivaux. Il apporte une note vibrante, dynamique et résolument tendance à vos tables de fête, salons de jardin et apéritifs en terrasse.
Savoir-faire verrier, stabilité et praticité
Fabriqué en France par le groupe Arc, ce verre bénéficie d'une clarté optimale et d'une excellente résistance aux chocs mécaniques légers du quotidien. Sa jambe solide et sa base large assurent un équilibre parfait. Non poreux et 100 % hygiénique, il préserve intacts les arômes de vos cocktails et se nettoie en toute simplicité au lave-vaisselle.
Points Forts & Arguments Vente
• Contenance XXL de 70 cl : Idéale pour les cocktails tendance (Spritz, Gin Tonic, Piscine de rosé), boissons pétillantes et thés glacés chargés en glaçons.
• Pied orange ""Sunset Orange"" teinté : Une couleur vive et solaire qui apporte du peps à votre table et permet à vos invités d'identifier facilement leur verre.
• 100 % Verre sain & hygiénique : Matériau non poreux, sans plomb, respectueux de la santé et neutre en goût.
• Résistance renforcée : Conception solide pensée pour résister aux manipulations quotidiennes et aux chocs légers.
• Entretien ultra-facile : Compatible avec le lave-vaisselle (domestique et professionnel).
• Fabrication française & Écoresponsable : Issu du savoir-faire verrier français d'Arc et composé d'un matériau 100 % recyclable.
Caractéristiques Principales
• Marque / Collection : Luminarc / Arc (La Table d'Arc) – Collection Summer Pop
• Modèle & Style : Verre à pied ballon / Grand verre à cocktail (Gin / Spritz / Cocktail tumbler)
• Couleur du pied / détails : Sunset Orange (Orange solaire)
• Contenance : 70 cl (700 ml)
• Matière : Verre et pulvérisation de la couleur (sain et 100% recyclable)
• Entretien : Compatible lave-vaisselle et réfrigérateur
• Origine : Fabriqué en France
Idées de Dressage & Conseils d'Association
• Ambiance Chaleureuse & Terracotta : Associez ce grand verre à pied orange à une décoration en fibres naturelles (rattan, lin) et de la vaisselle aux tons terre cuite ou sable pour une ambiance estivale et bohème.
• Esprit Table Estivale (Mix & Match) : Combinez-le avec les verres à pied 70 cl des autres déclinaisons de la collection Summer Pop (Coastal Sea Blue, Lavender Parma, Sunshine Yellow) pour un bar à cocktails détonnant et haut en couleur.",LUMINARC,SUMMER POP,FA6,PC,12,11.3,11.3,19.5,12,120.0,80.0,104.2,SODO CLEAR,DRINKWARE,DRINKWARE,VERRE A PIED,42.779,VERRE A PIED 70 SUMMER POP SUNSET,3.88,216,0.245,6,FR,37.3,25.6,44.8,10883314089568,95.314,40883314089569,B2,883314089561,883314089561,35.7,24.0,21.6,1.722,2.49,883314094268
X1437,SUMMER POP SUNSHINE H/BALL TUMBLER 40,LUMINARC,Drinkware – Tumblers,£1.78,https://latabledarc.com/en/products/gob-summer-pop-40cl-sunshine-yellow,https://cdn.shopify.com/s/files/1/0943/3553/3393/files/2f1978725d18f5045edd36bda4bedc17.jpg?v=1776417518,"Une nuance solaire et acidulée pour vos tables d'été
Que ce soit pour servir une citronnade maison bien fraîche, un jus de fruits pressé au petit-déjeuner, un thé glacé ou vos cocktails préférés, le gobelet Summer Pop Sunshine Yellow 40 cl apporte une touche de peps et de bonne humeur à votre vaisselle.
Sa couleur jaune éclatante évoque les beaux jours et donne instantanément de la vitalité à vos repas en famille ou entre amis. Élaboré par le fabricant verrier français Arc (Luminarc), ce verre associe la transparence du matériau à une très bonne résistance aux chocs légers du quotidien.
Ergonomique, pratique et durable
Sa forme haute généreuse offre une prise en main agréable et un fond bien stable. Fabriqué en verre sain et totalement non poreux, il garantit une hygiène parfaite sans retenir les odeurs ni les taches, tout en conservant l'éclat de sa couleur lavage après lavage au lave-vaisselle.
Points Forts & Arguments Vente
• Contenance généreuse de 40 cl : Format idéal pour les grands rafraîchissements, cocktails, mocktails, jus de fruits et sodas.
• Teinte ""Sunshine Yellow"" vibrante : Un jaune lumineux et chaleureux conçu pour résister aux lavages fréquents sans s'altérer.
• 100 % Verre sain & hygiénique : Matériau non poreux, sans plomb, respectueux de la santé et neutre en goût.
• Résistance renforcée : Matériau de qualité supérieure résistant aux chocs mécaniques et aux manipulations quotidiennes.
• Entretien ultra-facile : Pleinement compatible avec le lave-vaisselle (domestique et professionnel).
• Fabrication française & Écoresponsable : Issu du savoir-faire verrier français et composé d'une matière 100 % recyclable.
Caractéristiques Principales
• Marque / Collection : Luminarc / Arc (La Table d'Arc) – Collection Summer Pop
• Modèle & Style : Gobelet forme haute (Long drink / Water tumbler)
• Couleur : Sunshine Yellow (Jaune solaire)
• Contenance : 40 cl (400 ml)
• Matière : Cristallin et pulvérisation de la couleur (sain et 100% recyclable)
• Entretien : Compatible lave-vaisselle et réfrigérateur
• Origine : Fabriqué en France
Idées de Dressage & Conseils d'Association
• Style Estival & Lumineux : Associez ce verre jaune à de la vaisselle blanche ou en bois brut pour créer une ambiance douce, naturelle et ensoleillée.
• Esprit Table Estivale (Mix & Match) : Combinez-le avec les teintes Coastal Sea Blue, Lavender Parma et Sunset Orange de la gamme Summer Pop pour un dressage ultra-coloré et festif en terrasse.",LUMINARC,SUMMER POP,IR12,PC,24,8.5,8.5,12.1,24,120.0,80.0,119.0,CRYSTAL GLASS,DRINKWARE,DRINKWARE,GOBELET,30.682,GOBELET H/BALL 40 SUMMER POP SUNSHINE,7.615,768,0.293,12,FR,39.6,29.8,26.0,10883314071549,270.89,40883314071540,B2,883314071542,883314071542,37.8,28.3,12.4,3.626,0.874,883314094121
X2137,SUMMER POP SUNSHINE STEMGLASS 70,LUMINARC,Drinkware – Wine,£3.24,https://latabledarc.com/en/products/vap-summer-pop-70cl-sunshine-yellow,https://cdn.shopify.com/s/files/1/0943/3553/3393/files/8dc3429c97bec18bb8ab6a095656940d.webp?v=1776417800,"Le verre ballon XXL idéal pour vos cocktails et mocktails
Conçu pour mettre en valeur toutes vos recettes de boissons rafraîchissantes, le verre à pied Summer Pop Sunshine Yellow 70 cl propose un volume très généreux. Il s'impose comme le contenant parfait pour servir des Spritz, Gin Tonics, sangrias blanches, cocktails fruités ou mocktails généreusement garnis de glaçons, de rondelles de citron et de feuilles de menthe.
Sa silhouette ballon contemporaine associée à un pied jaune lumineux évoque les beaux jours et la chaleur du soleil. Il apporte une note vibrante, joyeuse et résolument estivale à vos dressages de table en terrasse, salons de jardin et réceptions entre amis.
Savoir-faire verrier, stabilité et simplicité
Fabriqué en France par le groupe Arc, ce verre bénéficie d'une clarté optimale et d'une excellente résistance aux chocs mécaniques légers du quotidien. Sa jambe solide et sa base large assurent une parfaite stabilité. Hygiénique, neutre et non poreux, il préserve les arômes de vos consommations et se nettoie très simplement au lave-vaisselle.
Points Forts & Arguments Vente
• Contenance XXL de 70 cl : Idéale pour les cocktails à la mode (Spritz, Gin Tonic, Piscine de rosé), limonades et boissons gazeuses chargées en glaçons.
• Pied jaune ""Sunshine Yellow"" teinté : Une couleur solaire et pétillante qui égaie instantanément votre table et permet à chaque invité de repérer facilement son verre.
• 100 % Verre sain & hygiénique : Matériau non poreux, sans plomb, respectueux de la santé et neutre en goût.
• Résistance renforcée : Matériau de qualité supérieure conçu pour résister aux manipulations quotidiennes et aux chocs légers.
• Entretien ultra-facile : Compatible avec le lave-vaisselle (domestique et professionnel).
• Fabrication française & Écoresponsable : Issu du savoir-faire verrier français d'Arc et composé d'un matériau 100 % recyclable.
Caractéristiques Principales
• Marque / Collection : Luminarc / Arc (La Table d'Arc) – Collection Summer Pop
• Modèle & Style : Verre à pied ballon / Grand verre à cocktail (Gin / Spritz / Cocktail tumbler)
• Couleur du pied / détails : Sunshine Yellow (Jaune solaire)
• Contenance : 70 cl (700 ml)
• Matière : Verre et pulvérisation de la couleur (sain et 100% recyclable)
• Entretien : Compatible lave-vaisselle et réfrigérateur
• Origine : Fabriqué en France
Idées de Dressage & Conseils d'Association
• Ambiance Lumineuse & Champêtre : Associez ce grand verre à pied jaune à de la vaisselle blanche ou en bois brut pour créer une table douce, naturelle et ensoleillée.
• Esprit Table Estivale (Mix & Match) : Combinez-le avec les verres à pied 70 cl des autres déclinaisons de la collection Summer Pop (Coastal Sea Blue, Lavender Parma, Sunset Orange) pour créer un bar à cocktails bariolé, festif et plein de bonne humeur.",LUMINARC,SUMMER POP,FA6,PC,12,11.3,11.3,19.5,12,120.0,80.0,104.2,SODO CLEAR,DRINKWARE,DRINKWARE,VERRE A PIED,42.779,VERRE A PIED 70 SUMMER POP SUNSHINE,3.88,216,0.245,6,FR,37.3,25.6,44.8,10883314089544,95.314,40883314089545,B2,883314089547,883314089547,35.7,24.0,21.6,1.722,18.507,883314094251
V2831,SWIRLY H/B TUMBLER 36                 F4,CRISTAL D'ARQUES,Drinkware – Hiballs,£6.75,https://latabledarc.com/en/products/gobelet-forme-haute-swirly,https://cdn.shopify.com/s/files/1/0943/3553/3393/files/82131d7f42d1ee1a3d847ae68012a216_5cc0d253-b9f5-4837-bba6-d96ebddb6588.jpg?v=1762448074,"Opt for the design of the 36 cl Swirly tumbler by Cristal d'Arques Paris. Versatile and stylish, our 36cl Swirly tumbler is ideal for a variety of drinks. Its modern swirling design adds a touch of freshness to your table, making it a chic choice for serving your favorite refreshments. Opt for elegance and functionality with this premium tumbler.",CRISTAL D'ARQUES,SWIRLY,FF4,F4,2,17.6,17.6,10.9,2,120.0,80.0,107.8,SODO,DRINKWARE,DRINKWARE,GOBELET,9.32,GOBELET FH 36 SWIRLY                 F4,1.598,192,0.713,0,FR,20.0,20.0,23.3,10883314943570,178.887,40883314943571,B2,883314943573,883314943573,,,,,,
V9137,SWIRLY SPRING FLUTE 21                F4,CRISTAL D'ARQUES,Drinkware – Champagne,£11.32,https://latabledarc.com/en/products/flute-21-swirly-spring,https://cdn.shopify.com/s/files/1/0943/3553/3393/files/99ac6c6ef4d94582564285f76b736eaf.jpg?v=1762446071,"The 21cl Swirly Spring flute is designed for your festive moments. With its delicate, nature-inspired patterns, it enhances your champagnes and sparkling cocktails.",CRISTAL D'ARQUES,SWIRLY SPRING,FF4,F4,2,14.8,14.8,24.4,2,120.0,80.0,117.2,CRYSTAL GLASS,DRINKWARE,DRINKWARE,VERRE A PIED,12.939,FLUTE 21 SWIRLY SPRING               F4,1.673,136,0.695,0,FR,31.2,16.2,25.6,10883314029564,139.454,40883314029565,B2,883314029567,883314029567,,,,,,
V9138,SWIRLY SPRING HB TUMBLER 36           F4,CRISTAL D'ARQUES,Drinkware – Hiballs,£8.41,https://latabledarc.com/en/products/verre-36-cl-swirly-spring,https://cdn.shopify.com/s/files/1/0943/3553/3393/files/5eaf130774feef024e73cfa0329c7b0b.jpg?v=1762447754,"The 36cl Swirly Spring glass is ideal for all your drinks, whether cocktails, juices or sparkling waters.",CRISTAL D'ARQUES,SWIRLY SPRING,FF4,F4,2,8.1,8.1,10.2,2,120.0,80.0,107.8,CRYSTAL GLASS,DRINKWARE,DRINKWARE,GOBELET,9.32,GOBELET FH 36 SWIRLY SPRING          F4,1.675,192,0.612,0,FR,20.0,20.0,23.3,10883314029588,186.279,40883314029589,B2,883314029581,883314029581,,,,,,
V9136,SWIRLY SPRING STEMGLASS 47            F4,CRISTAL D'ARQUES,Drinkware – Wine,£12.29,https://latabledarc.com/en/products/verre-a-pied-47-swirly-spring,https://cdn.shopify.com/s/files/1/0943/3553/3393/files/4015e7cdd93c1fcad72d727f6e4d96a0_7c479a57-4616-4c58-88f0-14d976d61765.jpg?v=1762448679,"The Swirly Spring 47cl stemmed glass combines elegance and originality. Inspired by delicate floral motifs, it is perfect for showcasing your wines or fine beverages.",CRISTAL D'ARQUES,SWIRLY SPRING,FF4,F4,2,9.5,9.5,22.7,2,120.0,82.0,115.4,CRYSTAL GLASS,DRINKWARE,DRINKWARE,VERRE A PIED,22.11,VERRE A PIED 47 SWIRLY SPRING        F4,2.367,80,0.796,0,FR,41.0,21.4,25.2,10883314029557,119.954,40883314029558,B2,883314029550,883314029550,,,,,,
V2830,SWIRLY STEMGLASS 24                   F4,CRISTAL D'ARQUES,Drinkware – Wine,£9.05,https://latabledarc.com/en/products/flute-24-cl-swirly,https://cdn.shopify.com/s/files/1/0943/3553/3393/files/c4d935c9f989d3afaea9d91a58c81372_7aec2898-736b-47fd-8c23-c9c65b33549e.jpg?v=1762446148,Discover the elegant design of the 24cl flute from the Swirly collection by Cristal d'Arques Paris     Elevate your celebrations with the 24cl Swirly flute. Its sophisticated design and ability to enhance sparkling wines make it the perfect accessory for special moments. Choose the unparalleled quality and style of this flute to make your occasions shine.,CRISTAL D'ARQUES,SWIRLY,FF4,F4,2,6.9,6.9,23.5,2,120.0,80.0,117.2,CRYSTAL GLASS,DRINKWARE,DRINKWARE,VERRE A PIED,12.939,FLUTE 24 SWIRLY                      F4,1.665,136,0.56,0,FR,31.2,16.2,25.6,10883314943556,138.91,40883314943557,B2,883314943559,883314943559,,,,,,
V2829,SWIRLY STEMGLASS 35  F4,CRISTAL D'ARQUES,Drinkware – Wine,£9.05,https://latabledarc.com/en/products/verre-a-pied-35-cl-swirly,https://cdn.shopify.com/s/files/1/0943/3553/3393/files/f2652cf3a99da8da9f9c19d921d0d344.jpg?v=1762448514,"Discover the elegant design of the 35cl stemmed glass from the Swirly collection by Cristal d'Arques Paris Opt for modern elegance with the 35cl Swirly stemmed glass. Its refined design and distinctive swirling pattern make it the perfect companion for your favorite drinks: white wines, red wines, rosé wines, or even cocktails. Designed to offer perfect balance, this glass combines quality and style in an exceptional way.",CRISTAL D'ARQUES,SWIRLY,FF4,F4,2,17.6,17.6,21.8,2,120.0,80.0,106.6,CRYSTAL GLASS,DRINKWARE,DRINKWARE,VERRE A PIED,15.907,VERRE A PIED 35 SWIRLY               F4,1.673,96,0.751,0,FR,36.4,19.0,23.0,10883314943525,105.778,40883314943533,B2,883314943535,883314943535,,,,,,
V2820,SWIRLY STEMGLASS 47                   F4,CRISTAL D'ARQUES,Drinkware – Wine,£9.86,https://latabledarc.com/en/products/verre-a-pied-47-cl-swirly,https://cdn.shopify.com/s/files/1/0943/3553/3393/files/2f5aa3346ae94291d95ea014277e4383.jpg?v=1762449077,"Opt for the elegant design of the 45cl stemmed glass from the Swirly collection by Cristal d'Arques Paris. Discover the exquisite elegance of the 47cl Swirly stemmed glass. Its sophisticated shape and unique swirling pattern make it the perfect choice to enhance your tastings. Crafted with meticulous attention to detail, this stemmed glass will add a touch of class to your tasting moments.",CRISTAL D'ARQUES,SWIRLY,FF4,F4,2,9.5,9.5,22.7,2,120.0,82.0,115.4,CRYSTAL GLASS,DRINKWARE,DRINKWARE,VERRE A PIED,22.11,VERRE A PIED 47 SWIRLY               F4,2.248,80,0.796,0,FR,41.0,21.4,25.2,10883314943389,115.194,40883314943380,B2,883314943382,883314943382,,,,,,
V2697,SYMETRIE FLUTE 21,C&S,Drinkware – Champagne,£3.20,https://latabledarc.com/en/products/flute-21-cl-symetrie,https://cdn.shopify.com/s/files/1/0943/3553/3393/files/d8b2f8e2b45d7fbd7304db945908a6a1_db19a401-d43e-4bbe-bd1b-5fe7e4d05ec9.jpg?v=1762446096,"Discover the 21cl champagne flute from the Symetrie collection by Chef&Sommelier The Symetrie Champagne flute by Chef&Sommelier embodies elegance and the art of wine tasting in the world of glassware. Designed to enhance your celebratory moments, this flute is the perfect choice to showcase the finest sparkling wines and champagnes.   
With a 21 cl capacity, this flute is ideally sized for serving Champagne and sparkling wines with elegance, allowing their aromas to fully develop. The Symetrie collection is renowned for its clean, contemporary design. The Champagne flute features balanced, symmetrical lines that make it not only aesthetically pleasing but also comfortable to hold. Crafted from high-quality glass, this Champagne flute boasts exceptional clarity, showcasing the golden hue and effervescent bubbles of your beverage. Designed for frequent use, the flute is shock-resistant and dishwasher-safe, making it a practical choice for special occasions and celebrations. The flute's specially designed stem provides optimal stability, adding a touch of elegance to every Champagne service. Whether as a gift or to enhance your own glassware collection, this Champagne flute is the perfect choice for wine lovers and connoisseurs. The 21cl Champagne flute from the Symetrie collection by Chef&Sommelier combines sophistication, quality, and practicality to create an unforgettable tasting experience. Whether you're celebrating a special occasion or enjoying a relaxing moment, this flute will add a touch of luxury to every sip of Champagne. Make every toast a memorable experience with this exquisite flute.",C&S,SYMETRIE,FA6,PC,24,0.0,0.0,0.0,24,120.0,80.0,116.9,KRYSTA,DRINKWARE,DRINKWARE,VERRE A PIED,39.315,FLUTE 21 SYMETRIE,4.869,480,0.145,6,FR,47.4,32.4,25.6,10883314942009,122.774,40883314942000,B4,883314942002,883314942002,6.5,6.5,24.0,0.87,1.014,883314942019
V1171,SYMETRIE STEMGL BOWL 21,C&S,Drinkware – Crockery,£3.63,https://latabledarc.com/en/products/coupe-21-cl-symetrie,https://cdn.shopify.com/s/files/1/0943/3553/3393/files/2aa422ad9f4675db2dfcc188b3a5b932_94fc49d2-7bbc-4ee2-8834-78bbebe8b422.jpg?v=1762444866,"Discover the 37cl stemmed glass from the Symetrie collection by Chef&Sommelier Elevate your celebrations to the next level with the 21cl Symétrie Champagne Coupe. Designed to capture the effervescence and magic of every bubble, this coupe embodies timeless elegance. 
With a 21 cl capacity, this champagne coupe is ideal for showcasing the finesse and freshness of your favorite vintages. Every sip becomes a unique sensory experience. The balanced aesthetic of the Symétrie Champagne Coupe adds a touch of sophistication to every toast. Its harmonious shape reflects light captivatingly, creating a visual spectacle that complements the delight of each sip. This champagne coupe is the result of exceptional craftsmanship. It is designed to withstand shocks and temperatures, guaranteeing lasting durability and elegance. The delicate grip of this coupe allows for easy tasting. Its stable base ensures perfect balance on the table, allowing you to toast with confidence. Whether you are celebrating a wedding, an anniversary, or simply life itself, the 21 cl Symétrie Champagne Coupe is the perfect accessory for all festive occasions. Make every moment a celebration and choose the 21 cl Symétrie Champagne Coupe. Order now and discover how it adds a touch of magic to every toast. Let the symmetry of elegance enchant you and acquire the 21cl Symmetry Champagne Coupe for unforgettable celebrations!",C&S,SYMETRIE,FA6,PC,24,0.0,0.0,0.0,24,120.0,80.0,96.3,KRYSTA,DRINKWARE,DRINKWARE,VERRE A PIED,79.109,VERRE A PIED COUPE 21 SYMETRIE,6.394,192,0.18,6,FR,50.9,38.0,40.9,10883314931737,76.509,40883314931738,B4,883314931730,883314931730,36.2,24.5,19.5,1.395,17.295,883314931747
V1375,SYMETRIE STEMGL FLUTE 16,C&S,Drinkware – Champagne,£2.77,https://latabledarc.com/en/products/flute-16-cl-symetrie,https://cdn.shopify.com/s/files/1/0943/3553/3393/files/3a058da24db77a3784dde1b2e99d65fb.jpg?v=1762446007,"Discover the elegant design of the 16cl flute from the Symetrie collection by Chef&Sommelier The Symetrie Champagne flute by Chef&Sommelier embodies elegance and refinement in the world of glassware. Designed to enhance your celebratory moments, this flute is the perfect choice to showcase the most exquisite sparkling wines and champagnes.   
With its 16 cl capacity, this flute is perfectly sized to serve your guests with style and elegance on your special occasions. The Symetrie collection is distinguished by its clean, contemporary design. The flute features balanced, symmetrical lines that make it not only aesthetically pleasing but also comfortable to hold. Made of high-quality glass, this flute is exceptionally clear, showcasing the color and effervescence of your favorite champagne. The flute is designed to withstand repeated use. It is shock-resistant and dishwasher-safe, making it a practical choice for everyday use or for entertaining. The glass has a sturdy stem that ensures maximum stability, minimizing the risk of tipping. Whether as a gift or to add a touch of elegance to your own glassware collection, this champagne flute is the ideal choice for wine lovers and connoisseurs.   
The 16cl Champagne flute from the Symetrie collection by Chef&Sommelier combines sophistication, quality, and practicality to create an unparalleled tasting experience. Whether you're toasting a special occasion or enjoying a relaxing moment, this flute will add a touch of luxury to every sip of champagne. Make every toast a memorable one with this exquisite flute.",C&S,SYMETRIE,FA6,PC,24,6.5,6.5,19.8,24,120.0,80.0,102.1,KRYSTA,DRINKWARE,DRINKWARE,VERRE A PIED,27.078,FLUTE 16 SYMETRIE,4.191,576,0.132,6,FR,42.2,29.3,21.9,10883314931577,125.953,40883314931578,B4,883314931570,883314931570,20.3,13.8,20.6,0.95,5.771,883314931587
V1483,SYMETRIE STEMGLASS 35,C&S,Drinkware – Wine,£3.06,https://latabledarc.com/en/products/verre-a-pied-35-cl-symetrie,https://cdn.shopify.com/s/files/1/0943/3553/3393/files/13972481ae4b6592e7e3aab284972cf3.jpg?v=1762448525,"Discover the elegant design of the 35cl stemmed glass from the Symetrie collection by Chef&Sommelier The Symetrie collection stemmed glass by Chef&Sommelier embodies the essence of elegance and refinement in the world of glassware. Designed to enhance your tasting moments, this stemmed glass is the perfect choice to showcase the most exquisite wines and beverages.   
With a 35 cl capacity, this stemmed glass is perfectly sized for enjoying a variety of beverages, from wines to cocktails, with style and elegance. The Symetrie collection is distinguished by its clean, contemporary design. This stemmed glass features balanced, symmetrical lines that make it not only aesthetically pleasing but also comfortable to hold. Made of high-quality glass, this stemmed glass is exceptionally clear, showcasing the color and aromas of your favorite drink. The glass is designed to withstand everyday use. It is shock-resistant and dishwasher-safe, making it a practical choice for family meals or entertaining. The glass's base has a sturdy stem that ensures maximum stability, minimizing the risk of spills. Whether as a gift or to add a touch of elegance to your own glassware collection, this stemmed glass is the ideal choice for beverage enthusiasts and connoisseurs.   
The 35cl stemmed glass from the Symetrie collection by Chef&Sommelier combines sophistication, quality, and practicality to create an unparalleled tasting experience. Whether you're enjoying a fine wine or an exquisite cocktail, this glass will add a touch of luxury to every sip. Make every tasting a memorable moment with this exquisite glass.",C&S,SYMETRIE,FA6,PC,24,0.0,0.0,0.0,24,120.0,80.0,117.7,KRYSTA,DRINKWARE,DRINKWARE,VERRE A PIED,59.557,VERRE A PIED 35 SYMETRIE,6.155,384,0.18,6,FR,58.0,39.8,25.8,10883314931553,123.972,40883314931554,B4,883314931549,883314931549,8.1,8.1,23.0,1.08,1.49,883314931556
V0391,SYMETRIE STEMGLASS 45,C&S,Drinkware – Wine,£3.06,https://latabledarc.com/en/products/verre-a-pied-45-cl-symetrie,https://cdn.shopify.com/s/files/1/0943/3553/3393/files/4d64a06ad70f4433318d22bf2cec8936_dccbb769-119a-484c-9fe8-6b70de62573f.jpg?v=1762448669,"Opt for the elegant design of the 45cl stemmed glass from the Symetrie collection by Chef&Sommelier Discover the art of wine tasting in all its splendor with the Chef & Sommelier Symétrie 45cl Stemware. Designed to awaken your senses and enhance every sip of wine, this glass embodies elegance and perfection.  
With a 45 cl capacity, this stemmed glass is the perfect accessory for enjoying your favorite wines. Its generous volume allows your wine to fully express itself, releasing its aromas and flavors. The clean, symmetrical aesthetic of this stemmed glass makes it a work of art in its own right. Its balanced shape is not only pleasing to the eye but also enhances the tasting experience by directing aromas towards the nose. Made by Chef & Sommelier, a trusted name in the art of glassmaking, this glass combines lightness and strength. It is designed to withstand thermal shock, meaning it can be used for a variety of wines, from crisp whites to full-bodied reds. The elegant stem of this glass provides perfect stability on any surface, preventing accidental spills. The slender stem and elegant curve of the glass ensure a comfortable grip and ideal balance. Whether you're a wine enthusiast or a professional sommelier, this stemmed glass is perfect for any occasion, from romantic dinners to parties with friends. Awaken your senses and celebrate every sip with the 45cl Symmetry Chef & Sommelier Stemmed Glass. Order yours today and discover the pleasure of tasting in all its splendor. Be captivated by the symmetry of excellence and add the 45cl Stemmed Glass to your collection now!",C&S,SYMETRIE,FA6,PC,24,8.7,8.7,25.0,24,120.0,80.0,100.6,KRYSTA,DRINKWARE,DRINKWARE,VERRE A PIED,65.469,VERRE A PIED 45 SYMETRIE,6.545,288,0.192,0,FR,58.1,39.4,28.6,10883314920328,104.006,40883314920329,B4,883314920321,883314920321,,,,,,
V2696,SYMETRIE STEMGLASS 55,C&S,Drinkware – Wine,£3.35,https://latabledarc.com/en/products/verre-a-pied-55-cl-symetrie,https://cdn.shopify.com/s/files/1/0943/3553/3393/files/285b588fc0ddadf527b252ee4fb10fb0.jpg?v=1762449182,"Discover the elegant design of the 55cl stemmed glass from the Symetrie collection by Chef&Sommelier The Symetrie collection stemmed glass by Chef&Sommelier embodies supreme elegance in the world of glassware. Designed to enhance your tasting moments, this stemmed glass is the ultimate choice for showcasing the most prestigious wines and beverages.   
With a 55 cl capacity, this stemmed glass offers ample space to savor and appreciate your favorite wines, whether full-bodied reds, delicate whites, or dessert wines. The Symetrie collection is renowned for its exquisite and refined design. This stemmed glass features perfectly balanced lines and harmonious symmetry, adding a touch of sophistication to every tasting. Crafted from high-quality glass, this stemmed glass boasts crystal-clear clarity that enhances the color and nuances of your wines, elevating your tasting experience. Designed to withstand regular use, this stemmed glass is robust and shock-resistant. You can confidently wash it in the dishwasher, making it a practical choice for family meals or special occasions. The stem of this glass is designed for maximum stability, reducing the risk of spills and allowing you to enjoy every sip with complete peace of mind. Whether as a gift for a passionate wine lover or to enhance your own glassware collection, this 55cl stemmed glass is the very symbol of luxury and elegance.   
The 55cl stemmed glass from the Symetrie collection by Chef&Sommelier represents the pinnacle of sophistication. Whether you're enjoying a grand cru, a rare wine, or an exceptional beverage, this glass will allow you to savor every nuance and aroma with unparalleled elegance. Make every tasting a connoisseur's experience with this exceptional stemmed glass.",C&S,SYMETRIE,FA6,PC,12,0.0,0.0,0.0,12,120.0,80.0,100.0,KRYSTA,DRINKWARE,DRINKWARE,VERRE A PIED,33.21,VERRE A PIED 55 SYMETRIE,3.411,288,0.202,0,FR,39.5,29.5,28.5,10883314941989,107.43,40883314941980,B2,883314941982,883314941982,,,,,,
Q8707,SYMETRIE STEMGLASS 58,C&S,Drinkware – Wine,£3.35,https://latabledarc.com/en/products/verre-a-pied-ballon-58-cl-symetrie,https://cdn.shopify.com/s/files/1/0943/3553/3393/files/4879a0c7dad17185e8f212fc3ef3c993.jpg?v=1762449297,"Discover the elegant design of the 58cl stemmed glass from the Symetrie collection by Chef&Sommelier Add a touch of elegance and refinement to your tasting moments with the Symétrie 58cl Balloon Stem Glass. Designed for wine lovers and discerning connoisseurs, this glass harmoniously combines form, function, and aesthetics. 
With a 58 cl capacity, this balloon-shaped stemmed glass offers ample space to aerate and fully appreciate your favorite wines. It's ideal for red, white, rosé, and even sparkling wines. The symmetrical design of this stemmed glass evokes a timeless aesthetic. Its balanced silhouette complements any table setting, whether for a special occasion or a casual evening with friends. Made from high-quality glass, the 58 cl Symmetry Balloon Stem Glass is designed to resist thermal shock, meaning it can be used for wines at varying temperatures. Its thinness and transparency enhance the color and texture of your wine. The glass's base is specially designed for optimal stability on the table, preventing accidental spills. The comfortable grip is ensured by the slender stem, allowing for a pleasant tasting experience. Whether you're a wine enthusiast or an experienced sommelier, this balloon-shaped stemmed glass is suitable for all occasions, from formal tastings to relaxed moments at home.   
Elevate your wine tasting experience to the next level with the Symmetry 58cl Balloon Stem Glass. Order now and discover the pleasure of savoring your favorite wine in a glass designed to enhance every sip. Treat yourself to the luxury of Symmetry and order the 58cl Balloon Stem Glass today!",C&S,SYMETRIE,FA6,PC,24,10.6,10.6,20.9,24,120.0,80.0,105.3,KRYSTA,DRINKWARE,DRINKWARE,VERRE A PIED,78.219,VERRE A PIED 58 SYMETRIE,7.721,240,0.236,6,FR,45.7,34.3,49.9,10883314902171,102.579,40883314902172,B4,883314902174,883314902174,32.7,22.1,24.1,1.736,17.416,883314902181
X1633,T  WAVY GRANIT ROUND DISH 26,LUMINARC,Cookware – Crockery,£5.69,https://latabledarc.com/en/products/plat-rond-26-smart-cuisine-wavy-granit-t,https://cdn.shopify.com/s/files/1/0943/3553/3393/files/523c1a42efe32c05dde0ccf1c48b9726.webp?v=1769432119,"Le plat rond Smart Cuisine Wavy 26 cm Granit de Luminarc est la pièce polyvalente par excellence. Fabriqué en verre opale gris granit, son relief en losanges texturé lui donne un look contemporain et soigné qui s'adapte aussi bien aux tartes qu'aux gratins ou aux plats de pâtes. Sa forme ronde généreuse permet une présentation élégante directement du four à la table. Compatible four, lave-vaisselle et micro-ondes. Vendu à l'unité.",LUMINARC,SMART CUISINE WAVY,A5,PC,5,26.4,26.4,6.8,5,120.0,80.0,96.2,OPALE CULINAIRE,KITCHENWARE,COOKWARE,CUISSON,20.135,PLAT ROND 26 SMART CUISINE WAVY GRANIT T,5.244,180,0.94,0,FR,28.0,25.5,28.2,10883314074274,214.935,40883314074275,,883314074277,883314074277,,,,,,
V8391,T CAMPUS O/F TUMB 18 FILI,ARCOROC,Drinkware – Rocks,£0.87,,,,ARCOROC,CAMPUS TREMPE UNI,FA6,PC,48,6.5,6.5,8.8,48,120.0,80.0,114.5,SODO,DRINKWARE,DRINKWARE,GOBELET,24.922,GOBELET FB 18 CAMPUS T,7.718,1680,0.145,6,FR,56.9,21.9,20.0,10883314998167,295.516,40883314998168,B8,,,6.5,6.5,8.8,0.87,0.37,26102089446
V8554,T CAMPUS O/F TUMB 29 FILI,ARCOROC,Drinkware – Rocks,£0.93,,,,ARCOROC,CAMPUS TREMPE UNI,FA6,PC,48,6.5,6.5,12.6,48,120.0,80.0,100.3,SODO,DRINKWARE,DRINKWARE,GOBELET,36.645,GOBELET FH 29 CAMPUS T,10.402,1008,0.195,6,FR,57.2,22.4,28.6,10883314299646,243.806,40026102138494,B8,,,20.3,13.8,13.5,1.25,3.782,26102089538
P2963,T DIWALI LIGHT TURQUOISE TABLE SET 18P,LUMINARC,Dinnerware,£22.36,,,,LUMINARC,DIWALI LIGHT TURQUOISE,SS1,SET,1,26.6,13.2,26.2,1,120.0,80.0,120.1,FLUO,DINNERWARE,DINNERWARE,SERVICE VAISSELLE,9.199,SCE 18P TABLE DIWALI L TURQUOISE T,6.288,96,6.288,0,FR,26.6,13.2,26.2,883314737066,630.662,40883314737064,,883314737066,883314737066,,,,,,
P2947,T DIWALI LIGHT TURQUOISE TABLE SET 19P,LUMINARC,Dinnerware,£25.66,,,,LUMINARC,DIWALI LIGHT TURQUOISE,SS1,SET,1,28.0,22.0,26.3,1,120.0,80.0,120.0,FLUO,DINNERWARE,DINNERWARE,SERVICE VAISSELLE,16.201,SCE 19P TABLE DIWALI L TURQUOISE T,7.224,56,7.224,0,FR,28.0,22.0,26.3,883314736908,431.614,40883314736906,,883314736908,883314736908,,,,,,
V1786,T EVOLUTIONS SOLUT RISOTTO PLATE 290 R6,ARCOROC,Dinnerware,£16.35,,,,ARCOROC,EVOLUTIONS SOLUTIONS,RS6,R6,2,29.0,29.0,11.7,2,120.0,80.0,108.1,FLUO,DINNERWARE,DINNERWARE,ASSIETTE,17.503,ASS A RISOTTO 290 EVOLUTIONS SOLUT T R6,10.084,96,4.874,0,FR,30.0,18.7,31.2,10883314933571,510.029,40883314933589,B2,883314933574,883314933574,,,,,,
X0503,T EVOLUTIONS SOLUTIONS PLATE 280X230 R6,ARCOROC,Dinnerware,£10.21,,,,ARCOROC,EVOLUTIONS SOLUTIONS,RS6,R6,2,28.1,23.3,4.6,2,120.0,80.0,89.0,FLUO,DINNERWARE,DINNERWARE,ASSIETTE,6.852,ASS 280X230 EVOLUTIONS SOLUTIONS T   R6,6.904,168,3.371,0,FR,29.2,9.5,24.7,10883314046776,605.882,40883314046777,B2,883314510041,883314510041,,,,,,
X2284,T FLASHY COLORS CASHMERE BLUSH CUP 24,LUMINARC,Hot Drinks / Breakfast – Beverage Service,,https://latabledarc.com/en/products/tasse-24-flashy-colors-cashmere-blush,https://cdn.shopify.com/s/files/1/0943/3553/3393/files/85daa4ed5c9c74e6c2391eb36056a4d7_8769bcbd-6e18-4597-8f64-58280b011bb2.webp?v=1770654197,"A soft, comforting shade for your hot beverages
Specially designed to hold your long coffees, cappuccinos, teas, infusions, or hot chocolates, the Flashy Colors Cashmere Blush 24 cl mug offers a generous volume suitable for all your gourmet desires throughout the day.
Its powdery pink hue with soft reflections brings a romantic and contemporary charm to your breakfast table or your moments of relaxation. Developed by the Arc glass group, this mug combines the elegance of glass with a durable colored coating designed to last.
Ergonomic, practical, and durable
Its wide and comfortable handle ensures a secure and pleasant grip. Made of high-quality glass, it is designed to withstand thermal shocks (boiling drinks) and minor daily mechanical impacts. Its healthy, non-porous material does not retain odors or stains, and is easily cleaned in the dishwasher.
Highlights & Selling Points
• Generous 24 cl capacity: Versatile size ideal for tea, long coffee, cappuccino, hot chocolate, and large infusions.
• Delicate ""Cashmere Blush"" shade: A soft and luminous powdery pink designed to withstand frequent washes without losing its shine.
• 100% Healthy & hygienic glass: Non-porous, lead-free material, healthy and taste-neutral to preserve all the flavors of your beverages.
• Thermal and mechanical resistance: Solid design made to withstand the heat of hot beverages and daily handling.
• Ultra-easy care: Dishwasher and microwave safe.
• Quality manufacturing & Eco-responsible material: Developed according to the standards of the Arc glass group and made of 100% recyclable glass.
Main Characteristics
• Brand / Collection: Luminarc / Arc (La Table d'Arc) – Flashy Colors Collection
• Model & Style: Tea cup / Breakfast cup / Mug with handle
• Color: Cashmere Blush (Powdery pink / Cashmere pink)
• Capacity: 24 cl (240 ml)
• Material: Glass (healthy and 100% recyclable)
• Care: Dishwasher and microwave safe
• Origin: Made in the United Arab Emirates
Serving Ideas & Pairing Tips
• Romantic & Cozy Atmosphere: Pair this large powdery pink mug with white porcelain or cream-toned tableware for a poetic and refined tea or coffee break.
• Mix & Match Pastel Spirit: Mix it with the Mint Ice or Terracotta shades from the Flashy Colors range to create a warm, modern, and harmonious dinner service.",LUMINARC,FLASHY COLORS,IR12,PC,24,8.5,8.5,8.6,24,120.0,80.0,110.4,SODO,HOT DRINKS / BREAKFA,HOT DRINKS / BREAKFA,TASSE / SOUS-TASSE,21.766,TASSE 24 FLASHY COLORS CASHMERE BLUSH T,5.29,960,0.195,12,AE,38.5,29.6,19.1,883314093292,237.171,40883314093290,B2,883314093292,883314093292,36.8,27.6,8.9,2.442,9.04,
X2285,T FLASHY COLORS TERRACOTTA EMBER CUP 24,LUMINARC,Hot Drinks / Breakfast – Beverage Service,,https://latabledarc.com/en/products/tasse-24-flashy-colors-terracotta-ember,https://cdn.shopify.com/s/files/1/0943/3553/3393/files/9f6c696f0c7cf74e4724a5d0c9534baf.webp?v=1770712705,"A warm and trendy shade for your hot drinks
Specifically designed to hold your long coffees, cappuccinos, teas, infusions or hot chocolates, the Flashy Colors Terracotta 24 cl mug offers a generous volume suitable for all gourmet desires throughout the day.
Its Terracotta shade with copper and earthy accents brings a natural and contemporary charm to your breakfast table or your relaxation moments. Developed by the Arc glass group, this mug combines the elegance of glass with a high-resistance colored coating designed to last.
Ergonomic, practical and durable
Its wide and comfortable handle ensures a safe and pleasant grip. Made of high-quality glass, it is designed to withstand thermal shocks (boiling drinks) and light daily mechanical impacts. Its healthy and non-porous material retains neither odors nor stains, and is easily cleaned in the dishwasher.
Highlights & Selling Points
• Generous capacity of 24 cl: Versatile format ideal for tea, long coffee, cappuccino, hot chocolate and large infusions.
• Warm ""Terracotta"" shade: An intense and bright terracotta color designed to resist frequent washing without losing its shine.
• 100% healthy & hygienic glass: Non-porous, lead-free material, healthy and taste-neutral to preserve all the flavors of your drinks.
• Thermal and mechanical resistance: Solid design intended to resist the heat of hot drinks and daily handling.
• Ultra-easy care: Dishwasher and microwave safe.
• Quality manufacturing & Eco-responsible material: Developed according to the standards of the Arc glass group and made of 100% recyclable glass.
Key Features
• Brand / Collection: Luminarc / Arc (La Table d'Arc) – Flashy Colors Collection
• Model & Style: Tea cup / Breakfast cup / Mug with handle
• Color: Terracotta Ember (Terracotta / Copper)
• Capacity: 24 cl (240 ml)
• Material: Glass (healthy and 100% recyclable)
• Care: Dishwasher and microwave safe
• Origin: Made in the United Arab Emirates
Serving Ideas & Pairing Tips
• Natural & Warm Ambiance: Pair this large terracotta mug with a light wood saucer or sand and beige tableware for a cozy and rustic chic breakfast.
• Zesty Mix & Match Spirit: Mix it with other colors from the Flashy Colors range (in 24 cl or 9 cl format) to create a dynamic, complete and colorful table service.",LUMINARC,FLASHY COLORS,IR12,PC,24,8.5,8.5,8.6,24,120.0,80.0,110.4,SODO,HOT DRINKS / BREAKFA,HOT DRINKS / BREAKFA,TASSE / SOUS-TASSE,21.766,T. 24 FLASHY COLORS TERRACOTTA EMBER T,5.29,960,0.195,12,AE,38.5,29.6,19.1,10883314093336,237.171,40883314093337,B2,883314093339,883314093339,36.8,27.6,8.9,2.442,9.04,
V2893,"T FRIENDS TIME BISTRO PASTA PLATE 28,5",LUMINARC,Dinnerware,£3.97,,,,LUMINARC,FRIENDS' TIME BISTROT,A12,PC,12,28.6,28.6,4.5,12,120.0,96.0,74.1,FLUO,DINNERWARE,DINNERWARE,ASSIETTE,10.549,"ASS A PATES 28,5 FRIENDS TIME BISTRO T",7.673,624,0.62,0,FR,29.5,12.0,29.8,10883314944232,424.421,40883314944233,,883314944235,883314944235,,,,,,
N3186,T FRIENDS TIME MULTI PURPOSE PLATE 26,LUMINARC,Dinnerware,£2.73,https://latabledarc.com/en/products/assiette-creuse-blanche-26-cm-friends-time,https://cdn.shopify.com/s/files/1/0943/3553/3393/files/d15797cf476009357da235ba3fde2caf_06751414-e772-441f-bce7-8a20226e8f9d.jpg?v=1762443533,"Choose the 26cm white Friend's Time soup plate by Luminarc
   This soup plate is durable and lightweight, making it ideal for everyday use. From saucy dishes and soups to solid and liquid foods, its versatility allows it to be used for all kinds of servings; your imagination is the only limit!",LUMINARC,FRIENDS' TIME,A12,PC,12,26.0,26.0,4.5,12,120.0,80.0,96.9,FLUO,DINNERWARE,DINNERWARE,ASSIETTE,7.916,ASS MU 26 FRIENDS TIME T,5.17,1080,0.415,0,FR,27.0,10.7,27.4,10883314641186,491.278,40883314641187,,883314641189,883314641189,,,,,,
L7612,T HARENA BLACK MULTI PURPOSE BOWL 16,LUMINARC,Dinnerware,£0.97,,,,LUMINARC,HARENA BLACK,RS6,PC,24,16.0,16.0,4.4,24,120.1,80.0,83.7,SODO,DINNERWARE,DINNERWARE,SALADIER,6.764,COUPELLE MULTI-USAGES 16 HARENA NOIR T,6.574,2304,0.265,6,FR,23.0,17.0,17.3,10883314568698,656.469,40883314568699,B4,883314568691,883314568691,16.0,16.0,4.4,1.59,1.126,
X1625,T SMART CUISINE DIWALI GRANIT DISH 30,LUMINARC,Dinnerware,£5.94,https://latabledarc.com/en/products/plat-rd-30-smart-cuisine-diwali-granit-t,https://cdn.shopify.com/s/files/1/0943/3553/3393/files/0c97860d656fc38fcfa8f55b976e7d4a.webp?v=1769432137,"Élégant et généreux, le plat rond Smart Cuisine Diwali 30 cm Granit de Luminarc est le grand format idéal pour les repas en famille ou entre amis. Fabriqué en verre opale gris granit aux parois lisses et épurées caractéristiques de la gamme Diwali, il allie sobriété contemporaine et robustesse pour un plat aussi beau sur la table qu'efficace au four. Parfait pour les tartes, gratins et plats de pâtes généreux, il passe directement du four à la table avec beaucoup de style. Compatible four, lave-vaisselle et micro-ondes.",LUMINARC,SMART CUISINE DIWALI,A5,PC,5,0.0,0.0,0.0,5,120.0,80.0,108.2,OPALE CULINAIRE,DINNERWARE,DINNERWARE,PLAT,24.511,PLAT RD 30 SMART CUISINE DIWALI GRANIT T,6.212,165,1.1,0,FR,31.4,25.1,31.1,10883314074144,231.299,40883314074145,,883314074147,883314074147,,,,,,
Q3200,T SMART CUISINE TRIANON RECT DISH 29X23,LUMINARC,Cookware – Crockery,£4.59,https://latabledarc.com/en/products/plat-de-cuisson-blanc-29-x-23-cm-smart-cuisine-trianon,https://cdn.shopify.com/s/files/1/0943/3553/3393/files/a0e5039f8f339f18cd9e2c5dfdcee6f1.jpg?v=1762446718,,LUMINARC,SMART CUISINE TRIANON,A6,PC,6,29.7,23.5,6.2,6,120.0,80.0,114.3,OPALE CULINAIRE,KITCHENWARE,COOKWARE,CUISSON,15.822,PLAT RECT 29X23 SMART CUISINE TRIANON T,5.68,288,0.85,0,FR,31.9,20.0,24.8,10883314843528,299.168,40883314843529,,883314843521,883314843521,,,,,,
Q6303,T SO URBAN M-PURPOSE BOWL 110,ARCOROC,Storage,£2.46,,,,ARCOROC,SO URBAN,A12,PC,12,0.0,0.0,0.0,12,120.0,80.0,107.5,SODO,KITCHENWARE,STORAGE,CONSERVATION,14.156,COUPELLE 110 SO URBAN PRESSE T,5.989,660,0.468,0,FR,35.4,21.5,18.6,883314901825,354.774,40883314901823,,,,,,,,,
Q8897,T SO URBAN M-PURPOSE BOWL 135 +LID,ARCOROC,Storage,£4.72,,,,ARCOROC,SO URBAN,A12,PC,12,19.3,19.3,7.3,12,120.0,80.0,94.5,SODO,KITCHENWARE,STORAGE,CONSERVATION,35.112,CPL 135 SO URBAN PRESSE + CV MONTE T,7.651,240,0.601,0,FR,39.9,22.0,40.0,10883314904199,178.376,40883314904190,,883314904192,883314904192,,,,,,
X0601,T STACKABLE MUG 29,LUMINARC,Hot Drinks / Breakfast – Beverage Service,£4.16,,,,LUMINARC,BOCK 29 OPALE,FA6,PC,6,11.0,11.0,9.0,6,120.0,80.0,111.9,FLUO,HOT DRINKS / BREAKFA,HOT DRINKS / BREAKFA,BOL / MUG (PTT DEJEUNER),4.455,MUG 29 EMPILABLE T,1.694,1080,0.265,0,FR,26.7,17.2,9.7,26102300770,332.037,40026102300778,,26102096369,26102096369,,,,,,
U1013,TANNIC OPEN UP STEMMED GLASS 55,C&S,Drinkware – Wine,£4.35,,,,C&S,OPEN UP,FA6,PC,24,10.7,10.7,23.3,24,120.0,80.0,114.3,KRYSTA,DRINKWARE,DRINKWARE,VERRE A PIED,78.219,VERRE A PIED 55 OPEN UP TANNIC,6.905,240,0.202,6,FR,45.7,34.3,49.9,10026102878542,94.444,40026102878543,B4,26102900451,26102900451,32.7,22.1,24.1,1.532,17.416,26102878545
P0886,TEM. SMART CUISINE CARINE OV DISH 25X15,LUMINARC,Cookware – Crockery,£4.97,https://latabledarc.com/en/products/plat-de-cuisson-blanc-oval-25-x-15-8-cm-smart-cuisine-carine,https://cdn.shopify.com/s/files/1/0943/3553/3393/files/1ddbd7326938672832715ca6c5d69bec.jpg?v=1762446694,"Fall in love with the 25 x 15.8 cm Smart Cuisine Carine white baking tray developed by Luminarc
   This baking dish is the ideal companion for preparing and cooking all your dishes: spacious, practical, and sturdy; it's also easy to clean. The glass it's made of is a non-porous material, preventing food residue from sticking!",LUMINARC,SMART CUISINE BLANC,A6,PC,6,25.0,15.8,5.8,6,120.0,80.0,117.3,OPALE CULINAIRE,KITCHENWARE,COOKWARE,CUISSON,7.689,PLAT OVALE 25X15 SMART CUISINE CARINE T,3.199,684,0.48,0,FR,26.3,17.3,16.9,10883314714910,392.315,40883314714911,,883314714913,883314714913,,,,,,
P2613,TEM.DIWALI LIGHT TURQUOISE DESSERT PL 19,LUMINARC,Dinnerware,£1.18,,,,LUMINARC,DIWALI LIGHT TURQUOISE,RS6,PC,24,19.0,19.0,1.7,24,120.0,80.0,77.4,FLUO,DINNERWARE,DINNERWARE,ASSIETTE,5.826,ASS DT 19 DIWALI LIGHT TURQUOISE T,6.169,2160,0.25,6,FR,20.2,13.8,20.9,10883314744139,580.774,40883314744130,B4,883314734133,883314734133,19.0,19.0,4.0,1.508,1.444,
V2816,TEMP  ALBA TERRACOTTA BOWL 50,LUMINARC,Hot Drinks / Breakfast – Crockery,£2.05,https://latabledarc.com/en/products/bol-50-cl-alba-terracotta,https://cdn.shopify.com/s/files/1/0943/3553/3393/files/b2e57cbe31f13b973785490459f46ebf.jpg?v=1762444486,"With its 50 cl capacity, the Alba Terracotta Bowl is ideal for your favorite dishes, from soups to desserts.",LUMINARC,ALBA,A6,PC,6,13.2,13.2,6.8,6,120.0,80.0,118.8,SODO,HOT DRINKS / BREAKFA,HOT DRINKS / BREAKFA,BOL / MUG (PTT DEJEUNER),4.44,BOL 50 ALBA TERRACOTTA T,1.617,1344,0.001,0,FR,20.0,14.9,14.9,10883314943341,387.802,40883314943342,,883314943344,883314943344,,,,,,
V3243,TEMP  ARCADE O/F TUMBLER 24,LUMINARC,Drinkware – Rocks,£0.91,https://latabledarc.com/en/products/verre-bas-24-cl-roman,https://cdn.shopify.com/s/files/1/0943/3553/3393/files/a8e19cc0dacd05089166ddacf42857dc_dd63c77d-fd1f-456f-a878-aa08351b0fa4.jpg?v=1762447870,"Opt for the 24cl Roman Glass, by Luminarc
 This glass is a 100% recyclable glass product, odorless.",LUMINARC,ARCADE,1/2 FA6,PC,24,8.5,8.5,8.6,24,120.0,80.0,113.7,SODO,DRINKWARE,DRINKWARE,GOBELET,21.708,GOBELET FB 24 ARCADE T,4.843,960,0.175,6,FR,38.2,28.7,19.8,10883314948407,219.304,40883314948408,B4,883314948400,883314948400,26.6,18.0,9.3,1.129,4.453,
V2810,TEMP  STACKABLE  LAVA STONE MUG 25,LUMINARC,Hot Drinks / Breakfast – Beverage Service,£1.70,https://latabledarc.com/en/products/mug-25-cl-alba-gris,https://cdn.shopify.com/s/files/1/0943/3553/3393/files/e6e0fba99d24c5d18fd381130eb52974.jpg?v=1762446432,"The Alba Grey Mug 25cl embodies understated elegance and practicality. Made with durable materials, it blends harmoniously into any type of interior.",LUMINARC,ALBA,A6,PC,6,7.3,7.3,9.0,6,120.0,80.0,117.4,SODO,HOT DRINKS / BREAKFA,HOT DRINKS / BREAKFA,BOL / MUG (PTT DEJEUNER),4.308,MUG 25 ALBA LAVA STONE T,1.548,1260,0.24,0,FR,25.6,16.5,10.2,10883314943280,350.774,40883314943281,,883314943283,883314943283,,,,,,
L3566,TEMP A LA BONNE HEURE MUG 25,LUMINARC,Hot Drinks / Breakfast – Beverage Service,£1.03,,,,LUMINARC,A LA BONNE HEURE,RA6,PC,24,9.8,9.8,9.0,24,120.0,80.0,111.5,SODO,HOT DRINKS / BREAKFA,HOT DRINKS / BREAKFA,BOL / MUG (PTT DEJEUNER),16.312,MUG 25 A LA BONNE HEURE T,6.682,1200,0.265,6,FR,33.5,25.1,19.4,10883314559207,359.744,40883314559208,B4,883314559200,883314559200,2.4,16.1,9.1,1.623,0.352,
L5727,TEMP A LA BONNE HEURE MUG 32,LUMINARC,Hot Drinks / Breakfast – Beverage Service,£1.16,,,,LUMINARC,A LA BONNE HEURE,RA6,PC,24,10.1,10.1,11.2,24,120.0,80.0,109.7,SODO,HOT DRINKS / BREAKFA,HOT DRINKS / BREAKFA,BOL / MUG (PTT DEJEUNER),20.012,MUG 32 A LA BONNE HEURE T,8.266,960,0.33,6,FR,33.5,25.1,23.8,10883314556091,356.119,40883314556092,B4,883314556094,883314556094,23.6,15.6,11.3,2.014,4.16,
V2815,TEMP ALBA LAVA STONE BOWL 50,LUMINARC,Hot Drinks / Breakfast – Crockery,£2.05,https://latabledarc.com/en/products/bol-50-cl-alba-gris,https://cdn.shopify.com/s/files/1/0943/3553/3393/files/b776161e905af2b0b27fa2d793bf19af.jpg?v=1762444475,"With its elegant grey color and ideal capacity, the Alba Grey 50cl Bowl will accompany you in your daily meals.",LUMINARC,ALBA,A6,PC,6,13.2,13.2,6.8,6,120.0,80.0,118.8,SODO,HOT DRINKS / BREAKFA,HOT DRINKS / BREAKFA,BOL / MUG (PTT DEJEUNER),4.44,BOL 50 ALBA LAVA STONE T,1.617,1344,0.245,0,FR,20.0,14.9,14.9,10883314943334,387.802,40883314943335,,883314943337,883314943337,,,,,,
V2814,TEMP ALBA SOFT GREEN BOWL 50,LUMINARC,Hot Drinks / Breakfast – Crockery,£2.05,https://latabledarc.com/en/products/bol-50-cl-alba-soft-vert,https://cdn.shopify.com/s/files/1/0943/3553/3393/files/7dd2a33e966d7b6925366401069213a3_4f5bed91-340c-440c-a90b-09719c140fe8.jpg?v=1762444477,"The Alba Soft Green 50cl bowl embodies serenity and practicality. With its soft color and clean design, it's perfect for your soups, desserts, or culinary preparations.",LUMINARC,ALBA,A6,PC,6,13.2,13.2,6.8,6,120.0,80.0,118.8,SODO,HOT DRINKS / BREAKFA,HOT DRINKS / BREAKFA,BOL / MUG (PTT DEJEUNER),4.44,BOL 50 ALBA SOFT GREEN T,1.617,1344,0.245,0,FR,20.0,14.9,14.9,10883314943327,387.802,40883314943328,,883314943320,883314943320,,,,,,
V2817,TEMP ALBA SOFT GREEN MUG 25,LUMINARC,Hot Drinks / Breakfast – Beverage Service,£1.70,https://latabledarc.com/en/products/mug-25-cl-alba-vert,https://cdn.shopify.com/s/files/1/0943/3553/3393/files/4af5e52af7f805c4a965b7c8147b82dc_8fbbff5e-1990-477a-9cf6-8501119c29a3.jpg?v=1762446446,The Luminarc Alba Green 25cl Mug is a subtle blend of aesthetics and practicality. Its soft green hue adds a touch of freshness to your table.,LUMINARC,ALBA,A6,PC,6,7.3,7.3,9.0,6,120.0,80.0,117.4,SODO,HOT DRINKS / BREAKFA,HOT DRINKS / BREAKFA,BOL / MUG (PTT DEJEUNER),4.308,MUG 25 ALBA SOFT GREEN T,1.548,1260,0.24,0,FR,25.6,16.5,10.2,10883314943358,350.774,40883314943359,,883314943351,883314943351,,,,,,
V2818,TEMP ALBA TERRACOTTA MUG 25,LUMINARC,Hot Drinks / Breakfast – Beverage Service,£1.70,https://latabledarc.com/en/products/mug-25-cl-alba-terracotta,https://cdn.shopify.com/s/files/1/0943/3553/3393/files/fee46f95d100b26eca4e573fcac56231.jpg?v=1762446442,"The Alba Terracotta 25cl mug by Luminarc stands out with its warm and inviting color, perfect for adding a touch of elegance to your routine.",LUMINARC,ALBA,A6,PC,6,7.3,7.3,9.0,6,120.0,80.0,117.4,SODO,HOT DRINKS / BREAKFA,HOT DRINKS / BREAKFA,BOL / MUG (PTT DEJEUNER),4.308,MUG 25 ALBA TERRACOTTA T,1.548,1260,0.24,0,FR,25.6,16.5,10.2,10883314943365,350.774,40883314943366,,883314943368,883314943368,,,,,,
V3295,TEMP AMELIA STEMGL 19,LUMINARC,Drinkware – Wine,£1.97,,,,LUMINARC,AMELIA,1/2 FA6,PC,24,7.2,7.2,10.7,24,120.0,80.0,96.4,SODO,DRINKWARE,DRINKWARE,VERRE A PIED,23.26,VERRE A PIED 19 AMELIA T,3.94,720,0.132,6,FR,33.8,25.3,27.2,10883314948827,143.657,40883314948828,B4,883314948820,883314948820,7.2,7.2,10.7,0.792,0.556,
V3294,TEMP AMELIA STEMGLASS 25,LUMINARC,Drinkware – Wine,£2.11,,,,LUMINARC,AMELIA,1/2 FA6,PC,24,7.9,7.9,11.7,24,120.0,80.0,96.2,SODO,DRINKWARE,DRINKWARE,VERRE A PIED,25.83,VERRE A PIED 25 AMELIA T,4.832,648,0.167,6,FR,35.7,26.6,27.2,10883314948810,155.921,40883314948811,B4,883314948813,883314948813,25.1,17.0,12.7,1.125,5.419,
P9103,TEMP AMMONITE BLANC 19 PCES TABLE SET,LUMINARC,Dinnerware,£21.36,,,,LUMINARC,AMMONITE BLANC,SS1,SET,1,28.2,25.8,28.2,1,120.0,80.0,99.3,FLUO,DINNERWARE,DINNERWARE,SERVICE VAISSELLE,20.517,SCE 19P TABLE AMMONITE BLANC T,7.345,36,7.345,0,FR,28.2,25.8,28.2,883314800708,291.033,40883314800706,,883314800708,883314800708,,,,,,
X1942,TEMP APY BLACK DINNER PLATE 25,LUMINARC,Dinnerware,£0.97,https://latabledarc.com/en/products/assiette-plate-25-apy-noir-t,https://cdn.shopify.com/s/files/1/0943/3553/3393/files/6c0af612e2a6b4605636003398a7169d.webp?v=1769431675,"The elegance of glossy black and the intensity of reflections on your table.
Bring a touch of sophistication and modernity to your meals with the 25 cm dinner plate from the APY Black collection. Designed with a sleek aesthetic and a superb glossy black finish, this plate catches the light and offers a striking contrast that instantly enhances your culinary creations.
Whether for an everyday meal or a chic dinner, its lacquered appearance adds an elegant, dynamic, and contemporary touch to your table setting.
Key features:
• Diameter: 25 cm (ideal size for main courses).
• Material: Durable and resistant glass.
• Finish: Beautifully glossy black, smooth and easy to clean.
• Care: Dishwasher safe.
• Use: Microwave safe.
Why you'll love it:
• Culinary enhancement: The brilliance of the black creates magnificent plays of light and particularly highlights the vibrant colors of your food (vegetables, sauces, garnishes).
• Refined touch & look: Its glossy glass gives a clean, neat, and decidedly modern appearance.
• Easy care: Its smooth surface does not retain stains and cleans in an instant.
Styling tip:
Play on contrasts by pairing it with clear or colored glasses, and combine it with other pieces from the APY collection for a harmonious and luminous table!",LUMINARC,APY NOIR,RS6,PC,24,0.0,0.0,0.0,24,120.0,80.0,94.2,SODO,DINNERWARE,DINNERWARE,ASSIETTE,9.891,ASSIETTE PLATE 25 APY NOIR T,8.939,1512,0.36,0,FR,26.1,14.3,26.5,10883314083238,588.712,40883314083239,B4,883314083231,883314083231,,,,,,
X1944,TEMP APY BLACK SOUP PLATE 20,LUMINARC,Dinnerware,£0.97,https://latabledarc.com/en/products/assiette-creuse-20-apy-noir-t,https://cdn.shopify.com/s/files/1/0943/3553/3393/files/193431289a9c12450a8f8b59fbdd4cf4.webp?v=1769431610,"The brilliance of glass and the elegance of intense black for your generous dishes.
Enhance your starters, soups, and dishes with sauce with the 20 cm deep plate from the APY Noir collection. Made of glass, it stands out with a superb glossy black finish that catches the light and highlights the presentation of your culinary creations.
Combining exceptional everyday resistance with a resolutely contemporary aesthetic, this deep plate is as practical as it is elegant.
Key features:
• Diameter: 20 cm (ideal depth for soups, veloutés, pasta, risottos, or mixed salads).
• Material: Glass (healthy, 100% hygienic, non-porous, and ultra-resistant to shocks).
• Finish: Glossy black with a beautiful luster, smooth and bright.
• Thermal resistance: Perfectly withstands temperature changes.
• Care: Dishwasher safe (retains its shine wash after wash).
• Use: Microwave safe.
Why you'll love it:
• Dish enhancement: The brilliant shine of black glass offers a striking contrast with the colors of your ingredients and sauces.
• Everyday durability: Glass effectively resists thermal and mechanical shocks.
• Perfect hygiene: Its smooth, non-porous surface absorbs no odors, stains, or bacteria.
Styling tip:
Layer this deep plate on top of the 25 cm flat plate from the same APY Noir collection to create an elegant and harmonious table, or combine it with light-colored table linen for a trendy graphic contrast!",LUMINARC,APY NOIR,RS6,PC,24,0.0,0.0,0.0,24,120.0,80.0,106.8,SODO,DINNERWARE,DINNERWARE,ASSIETTE,10.931,ASSIETTE CREUSE 20 APY NOIR T,7.64,1440,0.305,0,FR,21.8,21.8,23.0,10883314083344,484.074,40883314083345,B4,883314083347,883314083347,,,,,,
V8742,TEMP APY BOWL 16,LUMINARC,Dinnerware,£0.91,https://latabledarc.com/en/products/coupelle-16-cl-apy,https://cdn.shopify.com/s/files/1/0943/3553/3393/files/19db3f9174828eff99e062f304f69954.webp?v=1770198032,"Compact and practical, the Apy 16 cl cup is ideal for your small portions or refined presentations.",LUMINARC,APY,A12,PC,12,0.0,0.0,0.0,12,120.0,80.0,117.3,FLUO,DINNERWARE,DINNERWARE,SALADIER,4.338,COUPELLE MULTI-USAGES 16 APY T,2.868,2520,0.23,0,FR,17.0,15.1,16.9,10883314006053,629.205,40883314006054,,883314006056,883314006056,,,,,,
V8740,TEMP APY DESSERT PLATE 18,LUMINARC,Dinnerware,£0.84,https://latabledarc.com/en/products/assiette-a-dessert-18-cm-apy,https://cdn.shopify.com/s/files/1/0943/3553/3393/files/d513933b25d7f7942cf7371577f41ef2.jpg?v=1762444087,Add a touch of pep to your table with the Luminarc Apy 18cm dessert plate.,LUMINARC,APY,A12,PC,12,0.0,0.0,0.0,12,120.0,80.0,93.1,FLUO,DINNERWARE,DINNERWARE,ASSIETTE,2.903,ASSIETTE DESSERT 18 APY T,2.618,2784,0.21,0,FR,18.8,7.8,19.8,10883314005971,633.525,40883314005972,,883314005974,883314005974,,,,,,
V8739,TEMP APY DINNER PLATE 25,LUMINARC,Dinnerware,£0.91,https://latabledarc.com/en/products/assiette-plate-25-cm-apy,https://cdn.shopify.com/s/files/1/0943/3553/3393/files/03da2231e2bba4d165fe04dc813ea6f2.webp?v=1770196744,The Luminarc Apy 25cm flat plate combines vibrant colour and contemporary design to bring a touch of energy to your table.,LUMINARC,APY,A12,PC,12,0.0,0.0,0.0,12,120.0,80.0,94.2,FLUO,DINNERWARE,DINNERWARE,ASSIETTE,5.677,ASSIETTE PLATE 25 APY T,4.473,1512,0.36,0,FR,25.6,8.4,26.4,10883314005933,591.68,40883314005934,,883314005936,883314005936,,,,,,
X1945,TEMP APY NOIR DESSERT PLATE 18,LUMINARC,Dinnerware,£0.91,https://latabledarc.com/en/products/assiette-dessert-18-apy-noir-t,https://cdn.shopify.com/s/files/1/0943/3553/3393/files/77f0a23f6d79148682fc64f545e62bd4.webp?v=1769431728,"A touch of gourmet delight and sophistication with a sparkling black finish.
End your meals on a sophisticated note with the 18 cm dessert plate from the APY Noir collection. Crafted from glass, it features a deeply brilliant black surface that catches the light and immediately enhances your culinary sweet treats.
Ideal for presenting your pastries, entremets, tarts, or fresh fruits, it is equally suitable for serving a small appetizer or an elegant amuse-bouche.
Key features:
• Diameter: 18 cm (ideal size for desserts, mignardises, light appetizers, or bread).
• Material: Glass (extremely resistant to impacts and scratches).
• Finish: Glossy black, offering a smooth, intense, and very luminous look.
• Resistance: Designed to withstand thermal shocks.
• Care: Perfectly dishwasher safe (the glass's brilliance remains intact wash after wash).
• Use: Microwave safe.
What makes it different:
• Dessert enhancement: The shimmering black creates a superb contrast with the powdery hues of icing sugar, the vibrant red of fruits, or the golden crust of puff pastry.
• Robust and hygienic: Thanks to the non-porous glass, it does not absorb odors or stains and maintains its original quality daily.
• Highly versatile: Its compact size makes it the ideal ally for all small cravings, from breakfast to dinner.
Serving suggestion:
Complete your set by pairing it with the flat and deep plates from the APY Noir range for a complete and harmonious table, or combine it with coffee cups and colorful tableware for a very contemporary gourmet moment!",LUMINARC,APY NOIR,RS6,PC,24,0.0,0.0,0.0,24,120.0,80.0,110.7,SODO,DINNERWARE,DINNERWARE,ASSIETTE,6.451,ASSIETTE DESSERT 18 APY NOIR T,5.251,2880,0.21,0,FR,20.0,16.8,19.2,10883314083351,655.7,40883314083352,B4,883314083354,883314083354,,,,,,
X1946,TEMP APY NOIR M-PURPOSE BOWL 16,LUMINARC,Dinnerware,£0.97,https://latabledarc.com/en/products/coupelle-multi-usages-16-apy-noir-t,https://cdn.shopify.com/s/files/1/0943/3553/3393/files/6cc7668e4c6bdd29c189c299aa7d054d.webp?v=1769431893,"The versatile everyday ally, in shiny, luminous black.
Invite modernity to your table with the 16 cm multi-purpose bowl from the APY Noir range. Made from glass, it seduces with its highly brilliant black finish, designed to reveal the intensity of the colors of your savory and sweet preparations.
Practical and elegant, its deep and generous shape makes it an essential for your morning cereals, creative bowls, side dishes, or aperitif moments.
Main features:
• Diameter: 16 cm (versatile size suitable for bowls, desserts, individual soups, appetizers, or tapas).
• Material: High-resistance glass (ultra-solid against mechanical shocks and daily use).
• Finish: Deep glossy black, smooth surface offering a beautiful shine under light.
• Thermal properties: Perfectly withstands temperature variations.
• Ease of use: Dishwasher safe without loss of shine and microwave compatible.
Your daily advantages:
• Infinite versatility: A single container for breakfast, lunch on the go, dessert, or snacks with friends.
• Gourmet presentation: The contrast of shimmering black enhances the vibrant hues of fruits, crunchy vegetables, or creamy sauces.
• Impeccable hygiene: Made from non-porous glass, it retains neither odors, stains, nor bacteria, making cleaning absolutely simple.
Pairing idea:
Integrate this bowl with the rest of the APY Noir dinnerware set (dinner plates, soup plates, and dessert plates) for an impeccable monochrome setting, or mix it with raw wood or stainless steel elements for a chic and trendy smoothie bowl spirit!",LUMINARC,APY NOIR,RS6,PC,24,0.0,0.0,0.0,24,120.0,80.0,119.1,SODO,DINNERWARE,DINNERWARE,SALADIER,10.112,COUPELLE MULTI-USAGES 16 APY NOIR T,5.761,2016,0.23,0,FR,33.4,17.4,17.4,10883314083528,509.517,40883314083529,B4,883314083521,883314083521,,,,,,
V8743,TEMP APY SALAD BOWL 21,LUMINARC,Dinnerware,£2.73,https://latabledarc.com/en/products/saladier-21-cm-apy,https://cdn.shopify.com/s/files/1/0943/3553/3393/files/0c386deccfcdb331b457bb15bfc66f4c.jpg?v=1762446928,The Apy 21cm salad bowl is an essential addition to your culinary creations. Its generous size and colorful design make it a perfect choice to enhance your meals.,LUMINARC,APY,A6,PC,6,0.0,0.0,0.0,6,120.0,80.0,102.9,FLUO,DINNERWARE,DINNERWARE,SALADIER,6.937,SALADIER 21 APY T,3.011,672,0.48,0,FR,21.5,14.6,22.1,10883314006060,362.6,40883314006061,,883314006063,883314006063,,,,,,
V8741,TEMP APY SOUP PLATE 20,LUMINARC,Dinnerware,£0.91,https://latabledarc.com/en/products/assiette-creuse-20-cm-apy,https://cdn.shopify.com/s/files/1/0943/3553/3393/files/4290066cca5cf97594d69319bd840ff3.webp?v=1770197650,"Perfect for your soups, salads or saucy dishes, the Apy 20 cm deep plate shines with its contemporary and colorful design.",LUMINARC,APY,A12,PC,12,0.0,0.0,0.0,12,120.0,80.0,103.7,FLUO,DINNERWARE,DINNERWARE,ASSIETTE,6.077,ASSIETTE CREUSE 20 APY T,3.821,1728,0.305,0,FR,21.1,12.8,22.5,10883314006046,575.594,40883314006047,,883314006049,883314006049,,,,,,
V9736,TEMP APY TABLE SET 19P,LUMINARC,Dinnerware,£18.64,,,,LUMINARC,APY,SS1,SET,56,28.0,22.0,26.3,0,120.0,80.0,120.0,FLUO,DINNERWARE,DINNERWARE,SERVICE VAISSELLE,0.0,SCE 19P TABLE APY T,0.0,56,6.242,0,FR,,,,,376.638,40883314028391,,883314028393,883314028393,,,,,,
V2833,TEMP ARCADE H/B TUMB 40,LUMINARC,Drinkware – Hiballs,£1.66,,,,LUMINARC,ARCADE,1/2 FA6,PC,24,9.3,9.3,12.7,24,120.0,80.0,96.8,SODO,DRINKWARE,DRINKWARE,GOBELET,32.88,GOBELET FH 40 ARCADE T,8.862,576,0.335,6,AE,40.0,30.0,27.4,10883314943587,238.148,40883314943588,B4,883314943580,883314943580,9.3,9.3,12.7,2.01,1.094,
Q2751,TEMP ARCADIE H/B TUMBLER 40,ARCOROC,Drinkware – Hiballs,£1.66,https://latabledarc.com/en/products/verre-haut-40-cl-arcadie,https://cdn.shopify.com/s/files/1/0943/3553/3393/files/c6f1b755fc7cdd33296aea8096bc557d.jpg?v=1760540854,,ARCOROC,ARCADIE,FA6,PC,24,9.3,9.3,12.7,24,120.0,80.0,130.9,SODO,DRINKWARE,DRINKWARE,GOBELET,37.495,GOBELET FH 40 ARCADIE T,9.789,576,0.335,0,AE,41.0,31.0,29.5,10883314839392,234.936,40883314839393,B4,,,,,,,,
Q2234,TEMP ARCADIE O/F TUMBLER 16,ARCOROC,Drinkware – Rocks,£0.91,https://latabledarc.com/en/products/verre-bas-16-cl-arcadie,https://cdn.shopify.com/s/files/1/0943/3553/3393/files/b8a4f9bf1bef69a443dd8c8809cbfde6.jpg?v=1760540824,,ARCOROC,ARCADIE,FA6,PC,24,7.4,7.4,7.5,24,120.0,80.0,126.7,SODO,DRINKWARE,DRINKWARE,GOBELET,15.913,GOBELET FB 16 ARCADIE T              F6,4.252,1440,0.132,0,AE,33.5,25.0,19.0,10883314834847,255.12,40883314834848,B4,,,,,,,,
Q2967,TEMP ARCADIE O/F TUMBLER 24,ARCOROC,Drinkware – Rocks,£0.91,https://latabledarc.com/en/products/verre-bas-24-cl-arcadie,https://cdn.shopify.com/s/files/1/0943/3553/3393/files/2d3167e97762e4f231f9d2b00d06825b_4ab59184-f34b-4505-b01c-309b19e739d8.jpg?v=1772815294,,ARCOROC,ARCADIE,FA6,PC,24,8.5,8.5,8.6,24,120.0,80.0,105.0,SODO,DRINKWARE,DRINKWARE,GOBELET,26.135,GOBELET FB 24 ARCADIE T,5.159,768,0.175,6,FR,39.2,29.5,22.6,10883314841159,190.562,40883314841150,B4,,,27.9,18.8,10.5,1.201,5.507,883314841152
Q2750,TEMP ARCADIE O/F TUMBLER 35,ARCOROC,Drinkware – Rocks,£1.42,https://latabledarc.com/en/products/verre-bas-35-cl-arcadie,https://cdn.shopify.com/s/files/1/0943/3553/3393/files/e3e347abc7e34991c5e35116980366f3_05f03a6c-2807-4632-8850-281d189188fe.jpg?v=1772815347,,ARCOROC,ARCADIE,FA6,PC,24,9.6,9.6,9.9,24,120.0,80.0,129.0,SODO,DRINKWARE,DRINKWARE,GOBELET,32.76,GOBELET FB 35 ARCADIE T,7.148,720,0.28,0,AE,42.0,32.5,24.0,,214.446,,B4,,,,,,,,
Q2233,TEMP ARCADIE O/F TUMBLER 9,ARCOROC,Drinkware – Rocks,£0.81,https://latabledarc.com/en/products/verre-haut-9-cl-arcadie,https://cdn.shopify.com/s/files/1/0943/3553/3393/files/6e0ccfbb84bf392a1eff8ae97720a800.jpg?v=1760540815,"Découvrez le gobelet forme basse 9 cl Arcadie d'Arcoroc
 Au design vintage et moderne, ce gobelet en verre est un incontournable des comptoirs de bars. Il met clairement en valeur les couleurs et la composition du cocktail.",ARCOROC,ARCADIE,FA6,PC,24,6.2,6.2,6.4,24,120.0,80.0,125.8,SODO,DRINKWARE,DRINKWARE,GOBELET,10.346,GOBELET FB 9 ARCADIE T,2.997,2352,0.085,0,AE,28.5,22.0,16.5,10883314834830,293.706,40883314834831,B4,,,,,,,,
X2359,TEMP ARCADIE SAUCER 112,ARCOROC,Hot Drinks / Breakfast – Beverage Service,£1.14,,,,ARCOROC,ARCADIE,FA12,PC,12,11.2,11.2,1.6,12,120.0,80.0,75.5,SODO,HOT DRINKS / BREAKFA,HOT DRINKS / BREAKFA,TASSE / SOUS-TASSE,1.299,SOUS-TASSE 112 ARCADIE T,1.243,5040,0.1,0,FR,11.9,9.1,12.0,10883314095408,549.202,40883314095409,,,,,,,,,
X2357,TEMP ARCADIE SAUCER 140,ARCOROC,Hot Drinks / Breakfast – Beverage Service,£1.40,,,,ARCOROC,ARCADIE,FA12,PC,12,14.4,14.4,1.9,12,120.0,80.0,89.5,SODO,HOT DRINKS / BREAKFA,HOT DRINKS / BREAKFA,TASSE / SOUS-TASSE,2.348,SOUS-TASSE 140 ARCADIE T,2.163,3120,0.175,0,FR,15.4,10.3,14.8,10883314095392,591.369,40883314095393,,,,,,,,,
X2355,TEMP AROME SAUCER 120,ARCOROC,Hot Drinks / Breakfast – Beverage Service,£1.68,,,,ARCOROC,AROMA,FA12,PC,12,12.0,12.0,1.9,12,120.0,80.0,79.0,SODO,HOT DRINKS / BREAKFA,HOT DRINKS / BREAKFA,TASSE / SOUS-TASSE,1.71,SOUS-TASSE 12 AROMA T,1.312,4020,0.105,0,FR,12.7,10.6,12.7,10883314096054,468.329,40883314096055,,,,,,,,,
V2972,TEMP ASTRAL RED BOWL 50,LUMINARC,Hot Drinks / Breakfast – Crockery,£2.05,https://latabledarc.com/en/products/bol-50-cl-rouge-flashy,https://cdn.shopify.com/s/files/1/0943/3553/3393/files/8d08791a6a048c443b14c8d4f76f42ca.webp?v=1776412161,Add a touch of passion to your table with the Luminarc Flashy Red 50cl Bowl. Its vibrant red color and contemporary design make it the perfect choice to brighten up your meals. Ideal for those who love to add color and energy to their kitchen.,LUMINARC,FLASHY,A6,PC,6,13.2,13.2,6.8,6,120.0,80.0,118.8,SODO,HOT DRINKS / BREAKFA,HOT DRINKS / BREAKFA,BOL / MUG (PTT DEJEUNER),4.44,BOL 50 FLASHY ASTRAL RED T,1.617,1344,0.245,0,FR,20.0,14.9,14.9,10883314945208,387.802,40883314945209,,883314945201,883314945201,,,,,,
V6479,TEMP AUTONOMY BLUE  PLATE 190,ARCOROC,Dinnerware,£3.76,,,,ARCOROC,AUTONOMY,A12,PC,12,0.0,0.0,0.0,12,120.0,80.0,100.9,FLUO,DINNERWARE,DINNERWARE,ASSIETTE,5.057,ASSIETTE 190 AUTONOMY BLUE T,3.31,1824,0.265,0,FR,21.0,11.2,21.5,10883314978510,529.101,40883314978511,,,,,,,,,
V6481,TEMP AUTONOMY BLUE  PLATE 230,ARCOROC,Dinnerware,£4.29,,,,ARCOROC,AUTONOMY,A12,PC,12,0.0,0.0,0.0,12,120.0,80.0,118.5,FLUO,DINNERWARE,DINNERWARE,ASSIETTE,8.451,ASSIETTE 230 AUTONOMY BLUE T,4.872,1296,0.39,0,FR,25.1,13.0,25.9,10883314978534,552.18,40883314978535,,,,,,,,,
V9431,TEMP AUTONOMY BLUE SOUP PLATE 230,ARCOROC,Dinnerware,£4.29,,,,ARCOROC,AUTONOMY,A12,PC,12,23.0,23.0,4.0,12,120.0,80.0,114.5,FLUO,DINNERWARE,DINNERWARE,ASSIETTE,7.8,ASSIETTE CREUSE 230 AUTONOMY BLUE T,5.338,1200,0.43,0,FR,24.0,13.0,25.0,10883314045953,559.186,40883314045954,,,,,,,,,
V4872,TEMP AUTONOMY HB TUMBLER 27,ARCOROC,Drinkware – Hiballs,£1.50,,,,ARCOROC,AUTONOMY,A12,PC,12,0.0,0.0,0.0,12,120.0,80.0,118.0,SODO,DRINKWARE,DRINKWARE,GOBELET,14.403,GOBELET FH 27 AUTONOMY T,2.393,768,0.17,0,FR,38.5,29.0,12.9,10883314990833,178.843,40883314990834,,,,,,,,,
V6478,TEMP AUTONOMY PLATE 190,ARCOROC,Dinnerware,£2.83,,,,ARCOROC,AUTONOMY,A12,PC,12,0.0,0.0,0.0,12,120.0,80.0,100.9,FLUO,DINNERWARE,DINNERWARE,ASSIETTE,5.057,ASSIETTE 190 AUTONOMY T,3.31,1824,0.265,0,FR,21.0,11.2,21.5,10883314978503,529.101,40883314978504,,,,,,,,,
V6480,TEMP AUTONOMY RED  PLATE 190,ARCOROC,Dinnerware,£3.76,,,,ARCOROC,AUTONOMY,A12,PC,12,0.0,0.0,0.0,12,120.0,80.0,100.9,FLUO,DINNERWARE,DINNERWARE,ASSIETTE,5.057,ASSIETTE 190 AUTONOMY RED T,3.31,1824,0.265,0,FR,21.0,11.2,21.5,10883314978527,529.101,40883314978528,,,,,,,,,
V6482,TEMP AUTONOMY RED  PLATE 230,ARCOROC,Dinnerware,£4.29,,,,ARCOROC,AUTONOMY,A12,PC,12,0.0,0.0,0.0,12,120.0,80.0,118.5,FLUO,DINNERWARE,DINNERWARE,ASSIETTE,8.451,ASSIETTE 230 AUTONOMY RED T,4.872,1296,0.39,0,FR,25.1,13.0,25.9,10883314978541,552.18,40883314978542,,,,,,,,,
V9432,TEMP AUTONOMY RED SOUP PLATE 230,ARCOROC,Dinnerware,£4.29,,,,ARCOROC,AUTONOMY,A12,PC,12,23.0,23.0,4.0,12,120.0,80.0,114.5,FLUO,DINNERWARE,DINNERWARE,ASSIETTE,7.8,ASSIETTE CREUSE 230 AUTONOMY RED T,5.338,1200,0.43,0,FR,24.0,13.0,25.0,10883314045977,559.186,40883314045978,,,,,,,,,
V9430,TEMP AUTONOMY SOUP PLATE 230,ARCOROC,Dinnerware,£3.22,,,,ARCOROC,AUTONOMY,A12,PC,12,23.0,23.0,4.0,12,120.0,80.0,114.5,FLUO,DINNERWARE,DINNERWARE,ASSIETTE,7.8,ASSIETTE CREUSE 230 AUTONOMY T,5.338,1200,0.43,0,FR,24.0,13.0,25.0,10883314031802,559.186,40883314031803,,,,,,,,,
V3975,TEMP AUTONOMY WH PLATE 230,ARCOROC,Dinnerware,£3.22,,,,ARCOROC,AUTONOMY,A12,PC,12,0.0,0.0,0.0,12,120.0,80.0,118.5,FLUO,DINNERWARE,DINNERWARE,ASSIETTE,8.451,ASSIETTE 230 AUTONOMY T,4.872,1296,0.39,0,FR,25.1,13.0,25.9,10883314955238,552.18,40883314955239,,,,,,,,,
P1139,TEMP BLACK EVOLUTIONS PIZZA PLATE 320,ARCOROC,Dinnerware,£2.93,,,,ARCOROC,EVOLUTIONS BLACK,RS6,PC,12,32.1,32.1,2.4,12,121.2,80.0,83.7,SODO,DINNERWARE,DINNERWARE,ASSIETTE,10.967,ASS A PIZZA 320 EVOLUTIONS BLACK NOIR T,8.567,672,0.685,6,FR,33.6,9.6,34.0,10883314717270,507.999,40883314717271,B2,883314717273,883314717273,32.1,32.1,2.4,4.11,2.473,883314717280
X3074,TEMP BLOOM BLACK DESSERT PLATE 19,LUMINARC,Dinnerware,£1.12,https://latabledarc.com/en/products/assiette-a-dessert-noire-19-cm-bloom,https://cdn.shopify.com/s/files/1/0943/3553/3393/files/216dfd480d6ce4af5bdfc6c8daeac52f.webp?v=1770643123,"The elegance of a flower corolla with a lacquered black finish to enhance your sweet treats.
End your meals beautifully with the 19 cm dessert plate from the Bloom Noir collection. Sculpted with wavy edges reminiscent of flower petals, this plate features an intense glossy black that catches the light to showcase your tarts, pastries, and entremets with incomparable refinement.
Its practical size is also perfect for serving a small appetizer, a seasonal salad, or an original amuse-bouche.
Key Features:
• Diameter: 19 cm (ideal dimensions for desserts, mini pastries, or light appetizers).
• Color & Finish: Glossy lacquered black, smooth and very luminous surface.
• Design: Botanical motif inspired by a delicate floral corolla.
• Material: Glass (high resistance to shocks, scratches, and daily use).
• Care: Dishwasher safe (does not lose its shine or brilliance after washing).
• Usage: Microwave safe.
What makes it different:
• Gourmet setting: The shimmering black background highlights sweet details, such as golden crusts, red fruits, or powdered sugar.
• Enhanced resistance: The glass ensures excellent durability and limits the risk of chipping during storage or washing.
• 100% hygienic material: Glass is non-porous, retains no odors, and is easy to clean.
Pairing suggestion:
Complete your set by pairing it with the dinner plates and deep plates from the Bloom Noir range for a monochrome table full of texture, or mix it with the Bloom Blanche dessert plate to create a very graphic black and white duo!",LUMINARC,BLOOM,R6,PC,24,19.0,19.0,1.8,24,120.0,80.0,78.7,SODO,DINNERWARE,DINNERWARE,ASSIETTE,8.293,ASSIETTE DESSERT 19 BLOOM NOIR T,6.247,2232,0.25,6,FR,20.8,17.8,22.4,10883314112662,606.503,40883314112663,B4,883314112665,883314112665,19.2,19.2,4.0,1.524,1.475,
X3072,TEMP BLOOM BLACK DINNER PLATE 25,LUMINARC,Dinnerware,£1.22,https://latabledarc.com/en/products/assiette-plate-noire-25-cm-bloom,https://cdn.shopify.com/s/files/1/0943/3553/3393/files/ceaa1de76e9bee72f82eb629ac07dc3c.webp?v=1770643116,"Floral poetry sublimated by the brilliance of deep black.
Give your table a strong and resolutely modern style with the 25 cm dinner plate from the Bloom Black collection. Its poetic design, sculpted in the shape of a flower corolla with wavy edges, is combined with a superb glossy black finish, offering a captivating play of light that instantly highlights all your recipes.
Made of mass-tinted glass, it combines the charm of a plant motif with the legendary resistance of glass for your everyday meals as well as for your receptions.
Key Features:
• Diameter: 25 cm (perfect size for your main courses).
• Color & Finish: Glossy black with a beautiful sheen, smooth and lacquered.
• Design: Original relief inspired by the petals of a blooming flower.
• Material: Glass (healthy material, 100% hygienic, non-porous and ultra-resistant to impacts).
• Care: Dishwasher safe (retains its shine and brilliance wash after wash).
• Use: Microwave safe.
Why you'll love it:
• Striking culinary contrast: The glossy, shimmering black background highlights the vibrant colors of vegetables, sauces or meats for a presentation worthy of a chef.
• Robust and durable: Thanks to its thermal treatment, this glass is perfectly resistant to chipping, scratching and thermal shocks.
• Optimal hygiene: Its smooth surface retains no odors, stains or bacteria.
Styling tip:
Combine this dinner plate with other pieces from the Bloom Black collection for a monochrome table full of character, or dare to mix & match by pairing it with Bloom White plates for a very elegant black and white graphic contrast!",LUMINARC,BLOOM,R6,PC,24,25.0,25.0,1.7,24,120.0,80.0,69.5,SODO,DINNERWARE,DINNERWARE,ASSIETTE,8.938,ASSIETTE PLATE 25 BLOOM NOIR T,10.405,1296,0.42,6,FR,26.0,12.5,27.5,10883314112624,587.188,40883314112625,B4,883314112627,883314112627,25.2,25.2,4.0,2.549,2.54,
X3075,TEMP BLOOM BLACK M-PURPOSE BOWL 16,LUMINARC,Dinnerware,£1.22,,,,LUMINARC,BLOOM,R6,PC,24,16.0,16.0,16.0,24,120.0,80.0,106.5,SODO,DINNERWARE,DINNERWARE,SALADIER,9.791,COUPELLE MULTI-USAGES 16 BLOOM NOIR T,6.337,1800,0.25,6,FR,31.3,17.0,18.4,10883314112808,500.649,40883314112809,B4,883314112801,883314112801,16.4,16.4,10.5,1.525,2.824,
X3073,TEMP BLOOM BLACK SOUP PLATE 20,LUMINARC,Dinnerware,£1.22,https://latabledarc.com/en/products/assiette-creuse-noire-20-cm-bloom,https://cdn.shopify.com/s/files/1/0943/3553/3393/files/916da2cdbdbf2ca326840075c52ed35a.webp?v=1770643106,"The magical relief of a black flower for a spectacular table.
Give a chic and bold dimension to your appetizers and dishes with the 20 cm deep plate from the Bloom Noir collection. Sculpted from the delicate shape of the petals of a blooming flower, it stands out with its lacquered and shiny black finish that attracts light and frames your preparations with rare elegance.
Its depth is ideal for serving your veloutés, creamy pasta, risottos or mixed salads while bringing a real touch of character to your presentation.
Main features:
• Diameter: 20 cm (ideal capacity for soups, sauced dishes, risottos or bowls).
• Color & Finish: Deep glossy black, smooth surface offering superb reflections under light.
• Design: Poetic silhouette sculpted with undulating contours inspired by a corolla.
• Material: Glass (ultra-strong, healthy, ecological and non-porous).
• Thermal properties: Designed to withstand temperature shocks.
• Practical: Dishwasher safe (maintaining its intact shine) and microwave safe.
Its major advantages:
• Striking visual: The shimmering black accentuates the intensity of the colors of broths, herbs and colored ingredients for a gourmet presentation.
• High resistance: The glass offers great durability against daily mechanical shocks and chipping.
• Healthy and hygienic: Its smooth surface does not retain odors or food colors, ensuring impeccable cleanliness.
Pairing advice:
Place this deep plate on the 25 cm Bloom Black flat plate for a simple and sophisticated table, or combine it with light table linen or gold knives and forks to brighten up your table setting!",LUMINARC,BLOOM,R6,PC,24,20.0,20.0,4.2,24,120.0,80.0,82.0,SODO,DINNERWARE,DINNERWARE,ASSIETTE,8.293,ASSIETTE CREUSE 20 BLOOM NOIR T,8.27,1656,0.33,6,FR,20.8,17.8,22.4,10883314112631,596.167,40883314112632,B4,883314112634,883314112634,20.2,20.2,7.0,2.015,1.68,
X2233,TEMP BLOOM DESSERT PLATE 19,LUMINARC,Dinnerware,£1.04,https://latabledarc.com/en/products/assiette-dessert-19-bloom-t,https://cdn.shopify.com/s/files/1/0943/3553/3393/files/953ef6e55c74710261fbd17c29dc0da1.webp?v=1770820291,"The softness of a floral corolla to enhance your end-of-meal dishes.
End your lunches and dinners on a poetic note with the 19 cm dessert plate from the Bloom collection. Sculpted with delicate edges reminiscent of flower petals, this pure, brilliant white plate captures the light to offer a remarkable presentation for all your sweet treats.
Its practical format is suitable for serving pastries and fresh fruit, as well as for presenting small starters or elegant appetizers.
Main features:
• Diameter: 19 cm (ideal dimensions for desserts, entremets, tarts, or light starters).
• Color & Finish: Brilliant white, smooth and very luminous surface.
• Design: Vegetal pattern with wavy contours in the shape of a corolla.
• Material: Opal (ultra-resistant to impacts, scratches and thermal shocks).
• Care: Dishwasher safe (does not tarnish over time).
• Use: Microwave safe.
What makes it different:
• Gourmet enhancement: The purity of the white highlights the vibrant hues of coulis, red fruits or the golden color of puff pastry.
• Reinforced resistance: Opal ensures excellent daily durability, facing repeated handling and shocks.
• 100% healthy material: Glass is naturally non-porous, hygienic and completely neutral for food.
Pairing suggestion:
Complete your set with the flat and deep plates from the Bloom White range for a coordinated and refined table setting, or pair it with a coffee cup on a wooden coaster for a warm gourmet moment!",LUMINARC,BLOOM,RS6,PC,24,0.0,0.0,0.0,24,120.0,80.0,78.7,FLUO,DINNERWARE,DINNERWARE,ASSIETTE,8.293,ASSIETTE DESSERT 19 BLOOM T,6.178,2232,0.25,6,FR,20.8,17.8,22.4,10883314092056,600.086,40883314092057,B4,883314092059,883314092059,19.0,19.0,1.8,1.5,0.65,
X2231,TEMP BLOOM DINNER PLATE 25,LUMINARC,Dinnerware,£1.13,https://latabledarc.com/en/products/assiette-plate-25-bloom-t,https://cdn.shopify.com/s/files/1/0943/3553/3393/files/1cfa2c0302b7f2e1ea8e55742d305a1e.webp?v=1770818754,"Floral poetry for a bright, pure and refined table setting.
Inspired by the beauty of nature, the 25 cm dinner plate from the Bloom collection seduces with its delicate design evoking the petals of an open flower corolla. Its pure and brilliant white finish combined with its wavy edges adds texture, softness and a touch of poetic elegance to all your table settings.
Made from Opal glass, it combines the finesse of a plant motif with exceptional resistance to enhance your everyday meals as well as your special events.
Main features:
• Diameter: 25 cm (perfect size to highlight your main courses).
• Color & Finish: Brilliant white, smooth surface with a luminous sheen.
• Design: Original silhouette sculpted in the shape of a flower corolla with wavy contours.
• Material: Opal (healthy material, 100% hygienic, non-porous and ultra-resistant to shocks).
• Care: Dishwasher safe (retains its whiteness and brilliance after washing).
• Use: Microwave safe.
Why you'll love it:
• Bucolic and chic aesthetic: The petal-shaped relief gently frames your dishes, while the brilliant white brings out the full range of colors in your food.
• Everyday resistance: The thermal treatment of tempered glass gives it enhanced strength against chipping and thermal shock.
• Perfect hygiene: Its smooth, non-porous glass surface absorbs neither stains nor odors, ensuring impeccable cleanliness.
Pairing suggestion:
Highlight the purity of white by pairing this dinner plate with other pieces from the Bloom collection (deep plates, dessert plates or bowls), or combine it with linen table linen, pastel tones or natural materials such as wood for a very trendy country atmosphere!",LUMINARC,BLOOM,RS6,PC,24,0.0,0.0,1.6,24,120.0,80.0,69.5,FLUO,DINNERWARE,DINNERWARE,ASSIETTE,8.938,ASSIETTE PLATE 25 BLOOM T,10.31,1296,0.42,6,FR,26.0,12.5,27.5,10883314091899,582.158,40883314091890,B4,883314091892,883314091892,25.0,25.0,1.7,2.52,1.063,
X2251,TEMP BLOOM M-PURPOSE BOWL 16,LUMINARC,Dinnerware,£1.13,https://latabledarc.com/en/products/coupelle-multi-usages-16-bloom-t,https://cdn.shopify.com/s/files/1/0943/3553/3393/files/94874031d6806e7ae5a428b0a9e1e655.webp?v=1770821410,"The delicate floral pattern in a generous and versatile format.
Add a touch of poetry and freshness to your table with the 16 cm multi-purpose bowl from the Bloom collection. Its design, inspired by the petals of a blooming flower corolla and its pure and brilliant white glass, create a delicate setting for all your gourmet desires, from morning to night.
Ideal for your cereals, fruit bowls, individual salads, or side dishes, it combines the elegance of country style with the practicality of an everyday container.
Main features:
• Diameter: 16 cm (ideal size for breakfast, individual soups, appetizers, or gourmet desserts).
• Color & Finish: Radiant white, smooth and very luminous surface.
• Design: Sculpted silhouette with wavy edges evoking a flower.
• Material: Opal (healthy, non-porous, and ultra-resistant to shocks).
• Thermal properties: Perfectly withstands temperature variations.
• Practical: Dishwasher safe (retains all its brilliance) and microwave safe.
Your daily benefits:
• Absolute versatility: An elegant bowl for breakfast, snacks, or aperitifs with friends.
• Aesthetic appeal: The whiteness of the opal highlights the vibrant colors of ingredients (berries, cereals, fresh herbs, broths).
• Impeccable hygiene: Its non-porous glass surface does not absorb stains or odors, for easy maintenance.
Styling tip:
Integrate this bowl with the rest of the Bloom White range for a complete and poetic service, or pair it with light wood elements and raw linen textiles for a very trendy natural ambiance!",LUMINARC,BLOOM,RS6,PC,24,0.0,0.0,0.0,24,120.0,80.0,106.5,FLUO,DINNERWARE,DINNERWARE,SALADIER,9.791,COUPELLE MULTI-USAGES 16 BLOOM . T,6.277,1800,0.25,6,FR,31.3,17.0,18.4,10883314092520,496.149,40883314092521,B4,883314092523,883314092523,16.4,16.4,10.5,1.51,1.28,
X2232,TEMP BLOOM SOUP PLATE 20,LUMINARC,Dinnerware,£1.13,https://latabledarc.com/en/products/assiette-creuse-20-bloom-t,https://cdn.shopify.com/s/files/1/0943/3553/3393/files/22ff76bd25156862422e2dfcf6718a69.webp?v=1770818766,"The delicate beauty of a blooming flower to adorn your most gourmet dishes.
Bring spring freshness and true elegance to your table with the 20 cm deep plate from the Bloom collection. Its unique design, with delicately undulating edges reminiscent of flower petals, is enhanced by a radiant and luminous white hue.
Its generous and deep shape is ideal for poetically presenting your soups, risottos, pasta, or gourmet salads.
Key features:
• Diameter: 20 cm (perfect depth for soups, saucy dishes, risottos, or bowls).
• Color & Finish: Pure white with a glossy finish, offering lasting brilliance.
• Design: Sculpted silhouette evoking the softness of a floral corolla.
• Material: Opal (ecological, healthy, non-porous, and highly resistant material).
• Thermal properties: Perfectly withstands temperature shocks.
• Care: Dishwasher safe (does not yellow and retains its shine) and microwave safe.
Your daily advantages:
• Enchanting presentation: The immaculate whiteness of the glass creates a neutral and luminous screen that highlights every detail and color of your recipes.
• Unwavering strength: This plate offers great resistance to chipping and daily use.
• Impeccable hygiene: As glass is a smooth and non-porous material, it retains no bacteria, stains, or residual odors.
Styling tip:
Layer this deep plate on the 25 cm Bloom White dinner plate to create a romantic and refined table, or pair it with gold cutlery and a colorful tablecloth to highlight its floral contours!",LUMINARC,BLOOM,RS6,PC,24,0.0,0.0,0.0,24,120.0,80.0,82.0,FLUO,DINNERWARE,DINNERWARE,ASSIETTE,8.293,ASSIETTE CREUSE 20 BLOOM T,8.155,1656,0.33,6,FR,20.8,17.8,22.4,10883314092032,588.232,40883314092033,B4,883314092035,883314092035,20.0,20.0,4.2,1.98,1.68,
X2266,TEMP BRUSH BLUE JEAN CUP 19,ARCOROC,Hot Drinks / Breakfast – Utensils & Tools,£3.15,,,,ARCOROC,BRUSH BLUE JEAN,FA6,PC,6,8.1,8.1,5.8,6,120.0,80.0,116.5,FLUO,HOT DRINKS / BREAKFA,HOT DRINKS / BREAKFA,TASSE / SOUS-TASSE,3.072,TASSE 19 BRUSH BLUE JEAN T,1.196,1764,0.185,0,FR,25.1,17.0,7.2,883314092813,379.054,40883314092811,,,,,,,,,
X0620,TEMP BRUSH BLUE JEAN SOUP PLATE 225,ARCOROC,Dinnerware,£4.16,,,,ARCOROC,BRUSH BLUE JEAN,RS6,PC,12,22.6,22.6,3.5,12,120.0,80.0,88.7,FLUO,DINNERWARE,DINNERWARE,ASSIETTE,7.171,ASSIETTE 225 BRUSH BLUE JEAN T,6.414,1080,0.52,6,FR,23.7,12.3,24.6,10883314050391,603.528,40883314050392,B2,,,22.6,22.6,7.5,3.125,3.831,883314304671
X0622,TEMP BRUSH BLUE SOUP PLATE 225,ARCOROC,Dinnerware,£2.01,,,,ARCOROC,BRUSH BLUE,RS6,PC,12,22.6,22.6,3.5,12,120.0,80.0,88.7,FLUO,DINNERWARE,DINNERWARE,ASSIETTE,7.171,ASSIETTE CREUSE 225 BRUSH BLUE T,6.414,1080,0.52,6,FR,23.7,12.3,24.6,10883314050438,603.528,40883314050439,B2,,,22.6,22.6,7.5,3.125,3.831,26102847510
H2786,TEMP BRUSH CHERRY SAUCER 140,ARCOROC,Hot Drinks / Breakfast – Utensils & Tools,£2.80,,,,ARCOROC,BRUSH CHERRY,RS6,PC,48,0.0,0.0,1.7,48,120.0,80.0,92.6,FLUO,HOT DRINKS / BREAKFA,HOT DRINKS / BREAKFA,TASSE / SOUS-TASSE,8.459,SOUS-TASSE 140 BRUSH CHERRY T,7.141,3840,0.145,6,FR,29.5,18.5,15.5,10883314297598,596.834,40883314297599,B8,,,14.0,14.0,4.7,0.873,0.921,883314297591
X0624,TEMP BRUSH CHERRY SOUP PLATE 225,ARCOROC,Dinnerware,£1.04,,,,ARCOROC,BRUSH CHERRY,RS6,PC,12,22.6,22.6,3.5,12,120.0,80.0,88.7,FLUO,DINNERWARE,DINNERWARE,ASSIETTE,7.171,ASSIETTE 225 BRUSH CHERRY T,6.414,1080,0.52,6,FR,23.7,12.3,24.6,10883314050452,603.528,40883314050453,B2,,,22.6,22.6,7.5,3.125,3.831,883314296631
X0625,TEMP BRUSH GREEN SOUP PLATE 225,ARCOROC,Dinnerware,£2.80,,,,ARCOROC,BRUSH GREEN,RS6,PC,12,22.6,22.6,3.5,12,120.0,80.0,88.7,FLUO,DINNERWARE,DINNERWARE,ASSIETTE,7.171,ASSIETTE CREUSE 225 BRUSH GREEN T,6.414,1080,0.52,6,FR,23.7,12.3,24.6,10883314050476,603.528,40883314050477,B2,,,22.6,22.6,7.5,3.125,3.831,26102846766
X0626,TEMP BRUSH ORANGE SOUP PLATE 225,ARCOROC,Dinnerware,£3.47,,,,ARCOROC,BRUSH ORANGE,RS6,PC,12,22.6,22.6,3.5,12,120.0,80.0,88.7,FLUO,DINNERWARE,DINNERWARE,ASSIETTE,7.171,ASSIETTE CREUSE 225 BRUSH ORANGE T,6.414,1080,0.52,6,FR,23.7,12.3,24.6,10883314050483,603.528,40883314050484,B2,,,22.6,22.6,7.5,3.125,1.788,26102846674
49139,TEMP BRUSH YELLOW DESSERT PLATE 195,ARCOROC,Dinnerware,£3.70,,,,ARCOROC,BRUSH YELLOW,RS6,PC,24,19.3,19.3,2.2,24,120.0,80.0,76.3,FLUO,DINNERWARE,DINNERWARE,ASSIETTE,7.033,ASSIETTE 195 BRUSH YELLOW T,7.829,1728,0.32,6,FR,20.3,16.9,20.5,10026102491390,589.329,40026102491391,B4,,,19.3,19.3,5.3,1.923,1.974,26102510346
49117,TEMP BRUSH YELLOW PLATE 235,ARCOROC,Dinnerware,£4.16,,,,ARCOROC,BRUSH YELLOW,RS6,PC,24,23.6,23.6,2.6,24,120.0,80.0,90.6,FLUO,DINNERWARE,DINNERWARE,ASSIETTE,12.158,ASSIETTE 235 BRUSH YELLOW T,12.349,1152,0.505,6,FR,24.9,19.3,25.3,10026102491178,618.698,40026102491179,B4,,,23.6,23.6,5.9,3.034,3.286,26102510261
X0641,TEMP BRUSH YELLOW SOUP PLATE 225,ARCOROC,Dinnerware,£4.16,,,,ARCOROC,BRUSH YELLOW,RS6,PC,12,22.6,22.6,3.5,12,120.0,80.0,88.7,FLUO,DINNERWARE,DINNERWARE,ASSIETTE,7.171,ASSIETTE CREUSE 225 BRUSH YELLOW T,6.414,1080,0.52,6,FR,23.7,12.3,24.6,10883314051114,603.528,40883314051115,B2,,,22.6,22.6,7.5,3.125,3.831,26102846933
N3913,TEMP BUTTER DISH,LUMINARC,Dinnerware,£4.26,https://latabledarc.com/en/products/beurrier-17-x-10-5-cm-home-classic,https://cdn.shopify.com/s/files/1/0943/3553/3393/files/052168d9c4bb7d15a571f0f14f418d16_52df9ca3-f011-475d-8a68-4c8c8b5072a8.jpg?v=1762444274,"Opt for the 17 x 10.5 cm Home Classic Butter Dish by Luminarc
 This butter dish will be your everyday ally: easy to clean and perfectly hygienic thanks to its glass composition, it also contributes to the decoration of your table and kitchen thanks to its elegant shapes!",LUMINARC,DIRECTOIRE,RP1,R1,6,16.8,10.3,7.2,6,120.0,80.0,105.0,SODO,DINNERWARE,DINNERWARE,COMPLEMENT DE TABLE,7.725,BEURRIER DIRECTOIRE T,3.897,600,0.61,0,FR,22.0,19.4,18.1,10026102601188,415.272,40026102601189,B6,26102601181,26102601181,,,,,,
V9135,TEMP CANDY MIX BERLINGOT HB TUMBLER 32,LUMINARC,Drinkware – Hiballs,£1.40,https://latabledarc.com/en/products/verre-32-cl-candy-mix-berlingot,https://cdn.shopify.com/s/files/1/0943/3553/3393/files/942f9717df8afdf8ea464acd659cc98f.webp?v=1784624236,"With its bright, candy-inspired colours, the Candy Mix Berlingot 32cl glass adds a touch of sweetness to your table.",LUMINARC,CANDY MIX,IR12,PC,24,7.0,7.0,12.0,24,120.0,80.0,117.9,SODO CLEAR,DRINKWARE,DRINKWARE,GOBELET,22.303,GOBELET FH 32 CANDY MIX BERLINGOT T,4.897,960,0.185,12,FR,33.9,25.5,25.8,10883314022244,221.471,40883314022245,B2,883314022247,883314022247,32.4,24.2,12.3,2.301,9.644,883314043211
V9133,TEMP CANDY MIX BUBBLE GUM HB TUMBLER 32,LUMINARC,Drinkware – Hiballs,£1.40,https://latabledarc.com/en/products/verre-32-cl-candy-mix-bubble-gum,https://cdn.shopify.com/s/files/1/0943/3553/3393/files/39c0ecfd9ef12c2b378d59b8e9ab01e1.jpg?v=1762447710,The Candy Mix Bubble Gum 32cl glass brightens up your moments thanks to its playful and colorful design.,LUMINARC,CANDY MIX,IR12,PC,24,7.0,7.0,12.0,24,120.0,80.0,117.9,SODO CLEAR,DRINKWARE,DRINKWARE,GOBELET,22.303,GOBELET FH 32 CANDY MIX BUBBLE GUM T,4.897,960,0.185,12,FR,33.9,25.5,25.8,10883314022220,221.471,40883314022221,B2,883314022223,883314022223,32.4,24.2,12.3,2.301,9.644,883314043112
V9134,TEMP CANDY MIX MINT HB TUMBLER 32,LUMINARC,Drinkware – Hiballs,£1.40,https://latabledarc.com/en/products/verre-32-cl-candy-mix-mint,https://cdn.shopify.com/s/files/1/0943/3553/3393/files/105ac6157939bc29ea8874dc021f6788_0f649747-edc6-477a-80d4-72c292463125.jpg?v=1762447714,The Candy Mix Mint 32cl glass is designed to bring a touch of freshness to your tasting moments.,LUMINARC,CANDY MIX,IR12,PC,24,7.0,7.0,12.0,24,120.0,80.0,117.9,SODO CLEAR,DRINKWARE,DRINKWARE,GOBELET,22.303,GOBELET FH 32 CANDY MIX MINT T,4.897,960,0.185,12,FR,33.9,25.5,25.8,10883314022237,221.471,40883314022238,B2,883314022230,883314022230,32.4,24.2,12.3,2.301,9.644,883314043204
X0970,TEMP CARINE BLACK CUP AND SAUCER 22   P6,LUMINARC,Hot Drinks / Breakfast – Beverage Service,£14.64,,,,LUMINARC,CARINE NOIR,PKB6,PKG,4,39.0,15.7,8.5,4,120.0,80.0,105.7,SODO,HOT DRINKS / BREAKFA,HOT DRINKS / BREAKFA,TASSE / SOUS-TASSE,23.951,TASSE 22 +S.TASSE CARINE NOIR T      PKG,8.525,120,2.044,0,FR,40.0,32.9,18.2,10883314059059,281.323,40883314059050,B4,883314753813,883314753813,,,,,,
Q7017,TEMP CARINE BLACK M-PURPOSE BOWL14,LUMINARC,Dinnerware,£1.27,https://latabledarc.com/en/products/coupelle-14-cm-noir-carine,https://cdn.shopify.com/s/files/1/0943/3553/3393/files/1da41dd944413c88017917a448759d0f.jpg?v=1762444982,,LUMINARC,CARINE NOIR,RS6,PC,24,13.8,13.8,6.2,24,120.0,80.0,107.5,SODO,DINNERWARE,DINNERWARE,SALADIER,13.95,COUPELLE MULTI-USAGES 14 CARINE NOIR T,6.39,1440,0.25,6,FR,30.0,30.0,15.5,10883314883807,408.978,40883314883808,B4,883314883800,883314883800,14.2,14.2,15.5,1.526,3.125,
V6133,TEMP CARINE BLACK SALAD BOWL 27,LUMINARC,Dinnerware,£3.90,,,,LUMINARC,CARINE NOIR,A6,PC,6,0.0,0.0,0.0,6,120.0,80.0,99.0,SODO,DINNERWARE,DINNERWARE,SALADIER,15.931,SALADIER 27 CARINE NOIR T,5.325,252,0.83,0,FR,26.1,21.8,28.0,10883314975236,249.642,40883314975237,,883314975239,883314975239,,,,,,
N6613,TEMP CARINE GRANIT DESSERT PLATE 19,LUMINARC,Dinnerware,£1.18,https://latabledarc.com/en/products/assiette-plate-carree-grise-21-x-19-6-cm-carine,https://cdn.shopify.com/s/files/1/0943/3553/3393/files/84a6f6235362b7595b20568e031d5e9e_8d66773f-9473-45e9-8903-53d4ad0607a4.jpg?v=1762443761,"Discover the Carine grey plate (21 x 19.6 cm) from Luminarc.
 This plate combines aesthetics and durability thanks to its glass composition. Designed for everyday use, it's equally suitable for a quick meal or a large family dinner, and will easily withstand numerous washes in the dishwasher.",LUMINARC,CARINE GRANIT,RS6,PC,24,21.0,19.6,1.7,24,120.0,80.0,76.5,FLUO,DINNERWARE,DINNERWARE,ASSIETTE,5.043,ASSIETTE DESSERT 19 CARINE GRANIT T,6.26,2160,0.255,6,FR,20.4,12.0,20.6,10883314668633,589.226,40883314668634,B4,883314668636,883314668636,19.7,19.7,3.7,1.539,1.436,
N6611,TEMP CARINE GRANIT DINNER PLATE 27,LUMINARC,Dinnerware,£1.27,https://latabledarc.com/en/products/assiette-plate-carree-grise-29-1-x-27-cm-carine,https://cdn.shopify.com/s/files/1/0943/3553/3393/files/ce0f77ff8e547e9e7c53719ea7cb3f55.webp?v=1785143365,"Discover the Carine grey plate (29.1 x 27 cm) from the Luminarc brand.
 This plate combines aesthetics and durability thanks to its glass composition. Designed for everyday use, it's equally suitable for a quick meal or a large family dinner, and will easily withstand numerous washes in the dishwasher.",LUMINARC,CARINE GRANIT,RS6,PC,24,29.1,27.2,2.3,24,120.0,80.0,74.6,FLUO,DINNERWARE,DINNERWARE,ASSIETTE,11.365,ASSIETTE PLATE 27 CARINE GRANIT T,12.193,1152,0.495,6,FR,28.7,13.2,30.0,10883314668671,610.901,40883314668672,B4,883314668674,883314668674,27.2,27.2,4.2,2.979,3.107,
Q7019,TEMP CARINE GRANIT M-PURPOSE BOWL 14,LUMINARC,Dinnerware,£1.27,https://latabledarc.com/en/products/coupelle-14-cm-gris-carine,https://cdn.shopify.com/s/files/1/0943/3553/3393/files/fb0280c095722380bd767ef9f7239e04.jpg?v=1762444975,,LUMINARC,CARINE GRANIT,RS6,PC,24,14.0,14.0,6.2,24,120.0,80.0,107.5,FLUO,DINNERWARE,DINNERWARE,SALADIER,13.95,COUPELLE MULTI-USAGES 14 CARINE GRANIT T,6.09,1440,0.24,6,FR,30.0,30.0,15.5,10883314883838,390.978,40883314883839,B4,883314883831,883314883831,14.0,14.0,6.2,1.44,1.215,
N6615,TEMP CARINE GRANIT MULTI PURPOSE BOWL 12,LUMINARC,Dinnerware,£1.18,https://latabledarc.com/en/products/coupelle-grise-12-cm-carine-33-cl,https://cdn.shopify.com/s/files/1/0943/3553/3393/files/b41ed993c3d8572f122dbe1fc9dff7a8.webp?v=1776413555,"Opt for the 12cm Carine grey bowl by Luminarc
 This bowl is an essential item in your kitchen.",LUMINARC,CARINE GRANIT,RS6,PC,24,12.0,12.0,5.3,24,120.0,80.0,107.2,FLUO,DINNERWARE,DINNERWARE,SALADIER,6.626,COUPELLE MULTI-USAGES 12 CARINE GRANIT T,4.038,3024,0.16,6,FR,25.1,20.0,13.2,10883314668619,534.457,40883314668610,B4,883314668612,883314668612,12.0,12.0,5.3,0.96,0.763,
N6612,TEMP CARINE GRANIT SOUP PLATE 21,LUMINARC,Dinnerware,£1.27,https://latabledarc.com/en/products/assiette-creuse-carree-grise-22-8-x-21-2-cm-carine,https://cdn.shopify.com/s/files/1/0943/3553/3393/files/5ab3074c1d8b15f5c6306d23a9384784.webp?v=1776343443,"Choose the Carine grey soup plate (22.8 x 21.2 cm) by Luminarc
 This soup plate is durable and lightweight, making it ideal for everyday use. From saucy dishes and soups to solid and liquid foods, its versatility allows it to be used for all kinds of servings; your imagination is the only limit!",LUMINARC,CARINE GRANIT,RS6,PC,24,22.8,21.2,3.9,24,120.0,80.0,86.2,FLUO,DINNERWARE,DINNERWARE,ASSIETTE,10.415,ASSIETTE CREUSE 21 CARINE GRANIT T,8.821,1512,0.357,6,FR,22.3,19.3,24.2,10883314668640,581.173,40883314668641,B4,883314668643,883314668643,21.3,21.3,6.8,2.152,3.085,
V5280,TEMP CARINE L TURQU M-PURPOSE BOWL 14,LUMINARC,Dinnerware,£1.27,,,,LUMINARC,CARINE LIGHT TURQUOISE,RS6,PC,24,14.0,14.0,6.2,24,120.0,80.0,107.5,FLUO,DINNERWARE,DINNERWARE,SALADIER,13.95,CPL MU 14 CARINE L TURQUOISE T,6.09,1440,0.24,6,FR,30.0,30.0,15.5,10883314966692,390.978,40883314966693,B4,883314966695,883314966695,14.0,14.0,6.2,1.44,1.215,
P4246,TEMP CARINE LIGHT TURQUOISE DESSERT 19,LUMINARC,Dinnerware,£1.18,,,,LUMINARC,CARINE LIGHT TURQUOISE,RS6,PC,24,21.0,19.7,1.7,24,120.0,80.0,76.5,FLUO,DINNERWARE,DINNERWARE,ASSIETTE,5.043,ASS DT 19 CARINE LIGHT TURQUOISE T,6.26,2160,0.255,6,FR,20.4,12.0,20.6,10883314749240,589.238,40883314749241,B4,883314749243,883314749243,21.0,19.7,1.7,1.53,0.702,
P7628,TEMP CARINE LIGHT TURQUOISE DIN SCE 18P,LUMINARC,Dinnerware,£22.36,,,,LUMINARC,CARINE LIGHT TURQUOISE,SS1,SET,1,29.2,14.0,28.5,1,120.0,80.0,100.2,FLUO,DINNERWARE,DINNERWARE,SERVICE VAISSELLE,11.651,SCE 18P TABLE CARINE L TURQUOISE T,6.98,60,6.98,0,FR,29.2,14.0,28.5,883314783216,445.399,40883314783214,,883314783216,883314783216,,,,,,
P4127,TEMP CARINE LIGHT TURQUOISE DIN.PLATE 27,LUMINARC,Dinnerware,£1.27,,,,LUMINARC,CARINE LIGHT TURQUOISE,RS6,PC,24,29.1,27.2,2.3,24,120.0,80.0,74.6,FLUO,DINNERWARE,DINNERWARE,ASSIETTE,11.365,ASS PL 27 CARINE LIGHT TURQUOISE T,12.193,1152,0.495,6,FR,28.7,13.2,30.0,10883314748182,610.909,40883314748183,B4,883314748185,883314748185,29.1,27.2,2.3,2.97,1.82,
P4251,TEMP CARINE LIGHT TURQUOISE SOUP PLATE21,LUMINARC,Dinnerware,£1.27,,,,LUMINARC,CARINE LIGHT TURQUOISE,RS6,PC,24,22.8,21.2,3.9,24,120.0,80.0,86.2,FLUO,DINNERWARE,DINNERWARE,ASSIETTE,10.415,ASS CR 21 CARINE LIGHT TURQUOISE T,8.817,1512,0.357,6,FR,22.3,19.3,24.2,10883314749318,581.429,40883314749319,B4,883314749311,883314749311,22.8,21.2,3.9,2.142,1.866,
V6222,TEMP CARINE P.BLUE DINNERWARE 18PC SET,LUMINARC,Dinnerware,£22.36,,,,LUMINARC,CARINE PARADISE BLUE,SS1,SET,1,29.2,14.0,28.5,1,120.0,80.0,100.4,FLUO,DINNERWARE,DINNERWARE,SERVICE VAISSELLE,11.651,SCE 18P TABLE CARINE PARADISE BLUE T,6.98,60,6.98,0,FR,29.2,14.0,28.5,883314976168,445.399,40883314976166,,883314976168,883314976168,,,,,,
V5837,TEMP CARINE PARADISE BLUE DESSERTPL 19.5,LUMINARC,Dinnerware,£1.18,,,,LUMINARC,CARINE PARADISE BLUE,RS6,PC,24,21.0,19.7,1.7,24,120.0,80.0,76.5,FLUO,DINNERWARE,DINNERWARE,ASSIETTE,5.043,"ASS DESSERT 19,5 CARINE PARADISE BLUE T",6.256,2160,0.255,6,FR,20.4,12.0,20.6,10883314971757,588.878,40883314971758,B4,883314971750,883314971750,21.0,19.7,1.7,1.53,0.702,
V5835,TEMP CARINE PARADISE BLUE DINNER PLATE27,LUMINARC,Dinnerware,£1.27,,,,LUMINARC,CARINE PARADISE BLUE,RS6,PC,24,29.1,27.2,2.3,24,120.0,80.0,74.6,FLUO,DINNERWARE,DINNERWARE,ASSIETTE,11.365,ASSIETTE PLATE 27 CARINE PARADISE BLUE T,12.193,1152,0.495,6,FR,28.7,13.2,30.0,10883314971733,610.901,40883314971734,B4,883314971736,883314971736,29.1,27.2,2.3,2.97,1.82,
V5838,TEMP CARINE PARADISE BLUE SALAD BOWL 14,LUMINARC,Dinnerware,£1.27,,,,LUMINARC,CARINE PARADISE BLUE,RS6,PC,24,14.0,14.0,6.2,24,120.0,80.0,107.5,FLUO,DINNERWARE,DINNERWARE,SALADIER,13.95,CPL MU 14 CARINE PARADISE BLUE T,6.09,1440,0.24,6,FR,30.0,30.0,15.5,10883314971764,390.978,40883314971765,B4,883314971767,883314971767,14.0,14.0,6.2,1.44,1.215,
V5836,TEMP CARINE PARADISE BLUE SOUP PLATE 21,LUMINARC,Dinnerware,£1.27,,,,LUMINARC,CARINE PARADISE BLUE,RS6,PC,24,22.8,21.2,3.9,24,120.0,80.2,87.2,FLUO,DINNERWARE,DINNERWARE,ASSIETTE,10.415,ASS CREUSE 21 CARINE PARADISE BLUE T,8.817,1512,0.357,6,FR,22.3,19.3,24.2,10883314971740,580.92,40883314971741,B4,883314971743,883314971743,22.8,21.2,3.9,2.142,1.866,
X0974,TEMP CARINE WHITE & BLACK CUP 22+SAUCER,LUMINARC,Hot Drinks / Breakfast – Beverage Service,£14.64,,,,LUMINARC,CARINE NOIR & BLANC,PKB6,SET,4,39.0,15.7,8.5,4,120.0,80.0,105.7,SODO,HOT DRINKS / BREAKFA,HOT DRINKS / BREAKFA,SERVICE PETIT DEJEUNER,23.951,SCE 6P T. 22 +S/T CARINE WHITE & BLACK T,8.405,120,2.014,0,FR,40.0,32.9,18.2,10883314059400,277.623,40883314059401,B4,26102900987,26102900987,,,,,,
X0965,TEMP CARINE WHITE CUP 22 AND SAUCER   P6,LUMINARC,Hot Drinks / Breakfast – Beverage Service,£14.64,,,,LUMINARC,CARINE BLANC,PKB6,PKG,4,39.0,15.7,8.5,4,120.0,80.0,105.7,FLUO,HOT DRINKS / BREAKFA,HOT DRINKS / BREAKFA,TASSE / SOUS-TASSE,23.951,TASSE 22 +S.TASSE CARINE BLANC T     PKG,8.285,120,1.984,0,FR,40.0,32.9,18.2,10883314058717,274.023,40883314058718,B4,26102920855,26102920855,,,,,,
Q7016,TEMP CARINE WHITE M-PURPOSE BOWL 14,LUMINARC,Dinnerware,£1.18,https://latabledarc.com/en/products/coupelle-14-cm-blanc-carine,https://cdn.shopify.com/s/files/1/0943/3553/3393/files/d435e0babdf1f11141a7910c61539fd6.jpg?v=1762444965,,LUMINARC,CARINE BLANC,RS6,PC,24,14.0,14.0,6.2,24,120.0,80.0,107.5,FLUO,DINNERWARE,DINNERWARE,SALADIER,13.95,COUPELLE MULTI-USAGES 14 CARINE T,6.09,1440,0.24,6,FR,30.0,30.0,15.5,10883314883821,390.978,40883314883822,B4,883314883824,883314883824,14.2,14.2,15.5,1.451,3.125,
V6132,TEMP CARINE WHITE SALAD BOWL 27,LUMINARC,Dinnerware,£3.62,,,,LUMINARC,CARINE BLANC,A6,PC,6,25.1,25.1,9.9,6,120.0,80.0,99.0,FLUO,DINNERWARE,DINNERWARE,SALADIER,15.931,SALADIER 27 CARINE BLANC T,5.325,252,0.83,0,FR,26.1,21.8,28.0,10883314975229,249.642,40883314975220,,883314975222,883314975222,,,,,,
L5406,TEMP CARINE WHITE SOUP PLATE 21,LUMINARC,Dinnerware,£1.18,https://latabledarc.com/en/products/assiette-creuse-carree-blanche-22-8-x-21-2-cm-carine,https://cdn.shopify.com/s/files/1/0943/3553/3393/files/0b299e22501cbe33fe09ff9757522821_ba05309f-f567-4f81-946e-aab9556b5bd1.jpg?v=1762443550,"Choose the Carine white soup plate (22.8 x 21.2 cm) by Luminarc
   This soup plate is durable and lightweight, making it ideal for everyday use. From saucy dishes and soups to solid and liquid foods, its versatility allows it to be used for all kinds of servings; your imagination is the only limit!",LUMINARC,CARINE BLANC,RS6,PC,24,22.8,21.2,3.9,24,120.0,80.2,87.2,FLUO,DINNERWARE,DINNERWARE,ASSIETTE,10.415,ASSIETTE CREUSE 21 CARINE BLANC T,8.821,1512,0.357,6,FR,22.3,19.3,24.2,10026102285258,581.172,40026102285259,B4,26102895146,26102895146,22.8,21.2,3.9,2.142,1.866,
N1489,TEMP CARINE WHITE&BLACK TABLE SET 18P,LUMINARC,Dinnerware,£22.36,,,,LUMINARC,CARINE NOIR & BLANC,SS1,SET,1,29.2,14.0,28.5,1,120.0,80.0,100.6,SODO,DINNERWARE,DINNERWARE,SERVICE VAISSELLE,11.651,SCE 18P TABLE CARINE WHITE & BLACK N T,7.124,60,7.124,0,FR,29.2,14.0,28.5,26102895269,454.038,40026102895267,,26102895269,26102895269,,,,,,
V8305,TEMP CARINE WHITE&BLACK TABLE SET 19P,LUMINARC,Dinnerware,£26.26,,,,LUMINARC,CARINE NOIR & BLANC,SS1,SET,39,30.0,22.0,30.5,0,120.8,80.0,106.5,SODO,DINNERWARE,DINNERWARE,SERVICE VAISSELLE,0.0,SCE 19P TABLE CARINE WHITE & BLACK N T,0.0,39,8.161,0,FR,,,,,344.971,40883314997253,,883314997255,883314997255,,,,,,
P9897,TEMP COCA COLA CLASSICS PLATE 17,LUMINARC,Dinnerware,£2.36,,,,LUMINARC,COCA COLA CLASSICS,RS6,PC,12,17.0,17.0,4.0,12,120.0,80.0,107.6,FLUO,DINNERWARE,DINNERWARE,ASSIETTE,7.974,ASSIETTE 17 COCA COLA CLASSICS T,3.77,1200,0.3,6,FR,23.3,18.5,18.5,10883314809616,402.564,40883314809617,B2,883314809619,883314809619,17.2,17.2,11.8,1.81,3.491,
V3224,TEMP CONCEPTO PAMPILLE OF TUMBLER 25,LUMINARC,Drinkware – Tumblers,£0.69,https://latabledarc.com/en/products/verre-bas-25-cl-concepto-pampille,https://cdn.shopify.com/s/files/1/0943/3553/3393/files/596d6cfa58e334555ab09211cc2aacda.jpg?v=1762447601,"Opt for the 25cl Concepto tassel glass by Luminarc
 This glass is a 100% recyclable glass product, odorless.",LUMINARC,CONCEPTO PAMPILLE,1/2 FA6,PC,24,8.2,8.2,8.6,24,120.0,80.0,109.6,SODO,DRINKWARE,DRINKWARE,GOBELET,18.126,GOBELET FB 25 CONCEPTO PAMPILLE,4.811,1080,0.173,6,FR,36.0,26.5,19.0,10883314780427,241.959,40883314948316,B4,883314780420,883314780420,25.4,17.2,8.9,1.111,3.888,
X3351,TEMP CONCEPTO STRIPY CLEAR HB TUMBLER 31,LUMINARC,Drinkware – Hiballs,£0.78,,,,LUMINARC,CONCEPTO STRIPY,#N/A,PC,24,8.6,8.6,9.8,24,120.0,80.0,100.5,SODO,DRINKWARE,DRINKWARE,GOBELET,26.135,GOBELET FH 31 CONCEPTO STRIPY CLEAR,5.579,768,0.193,6,FR,39.2,29.5,22.6,10883314121701,204.001,40883314121702,#N/A,883314903065,883314903065,27.8,18.8,10.5,1.279,5.488,883314121124
P2133,TEMP CONIQUE H/B TUMBLER 25,ARCOROC,Drinkware – Hiballs,£0.99,https://latabledarc.com/en/products/verre-haut-25-cl-conique,https://cdn.shopify.com/s/files/1/0943/3553/3393/files/aa0a50767a4f8bcaf4a8af3829e1cd10.jpg?v=1760540425,"Choisissez le gobelet forme haute 25 cl 55970 Conique d'Arcoroc.
 Sa place est assurément dans tous les bars mais aussi les restaurants et brasseries au concept épuré. Son look sobre et élancé laissera libre court à votre imagination. Il deviendra un contenant sophistiqué une fois rempli d'un cocktail original ou simplement efficace pour le service d'une agréable bière blonde. Mais ne vous y trompez pas, ce n'est pas pArce qu'il propose un design simple qu'il n'est pas exceptionnel. Il sera satisfaire votre besoin de résistance quand le service se fait intensif grâce au traitement de la trempe qu'il subit lors de la fabrication. Il ne craindra donc pas les chocs mécaniques ou thermiques, pour le plus grand bonheur des professionnels et de leurs clients. Le plus Arcoroc : il passera sans la moindre dégradation au lave-vaisselle industriel.",ARCOROC,CONIQUE,FA6,PC,48,6.8,6.8,10.7,48,120.0,80.0,114.5,SODO,DRINKWARE,DRINKWARE,GOBELET,34.342,GOBELET FH 25 CONIQUE T,7.271,1152,0.13,6,FR,44.6,30.8,25.0,10026102291662,199.888,40026102291663,B8,,,21.3,14.5,11.7,0.858,3.614,26102298121
X0897,TEMP CONIQUE HB TUMBLER 20OZ,ARCOROC,Drinkware – Hiballs,£1.25,,https://static.wixstatic.com/media/042ed7_b6b2980a5c564506a5f3e2f04ce14f7c~mv2.webp,,ARCOROC,CONIQUE,FA6,PC,24,9.0,9.0,15.0,24,120.0,80.0,106.2,SODO,DRINKWARE,DRINKWARE,GOBELET,41.176,GOBELET FH 57 CONIQUE IMP. T,8.426,480,0.305,6,FR,57.4,39.2,18.3,10883314057567,194.093,40883314057568,B4,,,27.8,18.8,16.7,1.969,8.728,26102291702
V9184,TEMP CONIQUE HB TUMBLER 47,ARCOROC,Drinkware – Hiballs,£1.18,https://latabledarc.com/en/products/verre-high-ball-47cl-conique,https://cdn.shopify.com/s/files/1/0943/3553/3393/files/a2a7854242205ad5e300b8c03a54160b.jpg?v=1762447832,The 47cl High Ball Conical Glass is designed for your social gatherings. Its elegant shape and medium capacity make it a perfect choice for all your chilled drinks.,ARCOROC,CONIQUE,FA6,PC,24,8.7,8.7,13.0,24,120.0,80.0,102.2,SODO,DRINKWARE,DRINKWARE,GOBELET,33.767,GOBELET H/BALL 47 CONIQUE T,7.248,576,0.265,6,FR,39.2,29.5,29.2,10883314022114,199.416,40883314022115,B4,,,8.7,8.7,13.0,1.59,0.973,883314022117
V9182,TEMP CONIQUE HB TUMBLER 64,ARCOROC,Drinkware – Hiballs,£1.25,https://latabledarc.com/en/products/verre-high-ball-64cl-conique,https://cdn.shopify.com/s/files/1/0943/3553/3393/files/a2a7854242205ad5e300b8c03a54160b_2a1bd1a9-a4b3-4729-8a4e-6c641ffdb17d.jpg?v=1762447840,"The 64cl High Ball Conical Glass stands out with its simple and functional shape. Perfect for cocktails, sodas, or chilled water, its large capacity is ideal.",ARCOROC,CONIQUE,FA6,PC,24,0.0,0.0,0.0,24,120.0,80.0,106.2,SODO,DRINKWARE,DRINKWARE,GOBELET,41.176,GOBELET H/BALL 64 CONIQUE T,8.666,480,0.315,6,FR,57.4,39.2,18.3,10883314022749,198.889,40883314022740,B4,,,9.1,9.1,16.1,1.89,1.315,883314022742
V8010,TEMP COSMOS SALAD BOWL 20,LUMINARC,Dinnerware,£2.47,https://latabledarc.com/en/products/saladier-20-cm-cosmos-170-cl,https://cdn.shopify.com/s/files/1/0943/3553/3393/files/81d03eb29081191dc4d2005ecb1a3f05.jpg?v=1762446918,"Choose the 20cm Cosmos Salad Bowl from Luminarc
   This salad bowl proves to be both sturdy (an important characteristic for a product used often and regularly subjected to vigorous handling) and practical to use thanks to its light weight.",LUMINARC,COSMOS,RS6,PC,12,20.0,20.0,9.5,12,120.0,80.0,102.5,SODO,DINNERWARE,DINNERWARE,SALADIER,12.757,SALADIER 20 COSMOS T,7.405,720,0.585,6,FR,26.6,21.8,22.0,10026102303624,469.769,40883314994337,B2,26102006481,26102006481,20.0,20.0,16.0,3.588,6.4,
V2222,TEMP COTTAGE BLACK DESSERT PLATE 19,LUMINARC,Dinnerware,£1.42,https://latabledarc.com/en/products/assiette-a-dessert-19-cm-cottage-noir,https://cdn.shopify.com/s/files/1/0943/3553/3393/files/a9992e339a03c8512e720c3203a5549d.jpg?v=1762444110,"Discover the 19cm Cottage Noir dessert plate from Luminarc
   The Luminarc Cottage Black 19cm Dessert Plate is a perfect example of elegance and versatility in a timeless design that will enhance the charm of your tableware. This dessert plate is an essential addition to any dinnerware collection, combining classic style with high functionality. Made from high-quality glass, this dessert plate boasts a stylish black finish that adds a touch of sophistication to your desserts. With a diameter of 19 centimeters, this plate is perfectly sized to serve a wide variety of desserts, from cakes and tarts to ice cream and fruit. Its versatile design blends seamlessly into any style of tableware, from the most contemporary to the most traditional. The Luminarc Cottage Black 19cm Dessert Plate is dishwasher safe, making cleanup a breeze after each use, allowing you to enjoy your sweet moments with your guests. In summary, the Luminarc Cottage Black 19cm Dessert Plate is the ideal choice for those seeking elegant yet practical tableware for serving desserts. Its sleek black design and versatility make it a valuable addition to your table setting. Use this plate to showcase your sweet creations with style and add a touch of sophistication to your sweet moments, whether for everyday enjoyment or special occasions.",LUMINARC,COTTAGE NOIR,RS6,PC,24,19.0,19.0,1.8,24,120.0,80.0,77.6,SODO,DINNERWARE,DINNERWARE,ASSIETTE,5.826,ASSIETTE DESSERT 19 COTTAGE NOIR T,6.215,2160,0.25,6,FR,20.2,13.8,20.9,10883314937753,585.342,40883314937754,B4,883314937756,883314937756,19.0,19.0,4.0,1.518,1.444,
V2120,TEMP COTTAGE BLACK DINNER PLATE 25,LUMINARC,Dinnerware,£1.53,https://latabledarc.com/en/products/assiette-plate-25-cm-cottage-noir,https://cdn.shopify.com/s/files/1/0943/3553/3393/files/33f56dd147567103b6754f17b94c3c6e.jpg?v=1762443852,"The 25cm Cottage Black dinner plate, by Luminarc
  The 25cm Cottage Black Dinner Plate embodies elegance and simplicity in a timeless design that adds a touch of sophistication to your table. This dinner plate is an essential addition to any dinnerware collection, perfectly combining style and functionality. Made from high-quality glass, the Cottage Black Dinner Plate boasts a sleek black finish that adds a touch of mystery and refinement to your table. Glass is a material renowned for its strength, durability, and ease of care, meaning this plate will retain its beauty over time. With a generous 25cm diameter, this plate offers ample space to present a variety of dishes, from appetizers to main courses. Its versatile design suits all kitchen styles, whether your table setting is contemporary, rustic, or classic. The Luminarc 25cm Cottage Black Dinner Plate is dishwasher-safe, simplifying cleanup after meals and allowing you to enjoy your time with family and friends. In summary, the 25cm Cottage Black Dinner Plate is the ideal choice for those seeking elegant and practical tableware. Its sleek black design and versatility make it a valuable addition to your table setting. Use this plate to showcase your dishes and add a touch of sophistication to everyday meals or special occasions.",LUMINARC,COTTAGE NOIR,RS6,PC,24,25.0,25.0,1.6,24,120.0,80.0,68.7,SODO,DINNERWARE,DINNERWARE,ASSIETTE,10.012,ASSIETTE PLATE 25 COTTAGE NOIR T,11.585,1152,0.47,6,FR,26.3,14.1,27.0,10883314936855,581.707,40883314936856,B4,883314936858,883314936858,25.0,25.0,4.1,2.845,2.563,
V2124,TEMP COTTAGE BLACK RIMLESS PLATE 20,LUMINARC,Dinnerware,£1.53,https://latabledarc.com/en/products/assiette-creuse-20-cm-cottage-noir,https://cdn.shopify.com/s/files/1/0943/3553/3393/files/d659361181b8a99dee6608a87204afca_99e00972-1708-4e9e-a99e-f21fb45004cf.jpg?v=1762443425,"Discover the 20cm Cottage Black Deep Plate from Luminarc
   The Luminarc Cottage Black 20cm Deep Plate combines elegance and functionality in a classic design that will enhance the beauty of your tableware. This deep plate is an essential addition to any dinnerware collection, combining timeless style with great practicality. Made from high-quality glass, this deep plate features a stylish black finish that adds a touch of sophistication to your meals. The porcelain is chosen for its durability, chip resistance, and ease of care, ensuring that this plate retains its beauty and functionality over time. With a diameter of 20 centimeters and a shallow depth, this plate is ideal for serving soups, stews, pasta, or even salads. Its versatile design suits all cooking styles, whether your table setting is contemporary, rustic, or traditional. The Luminarc Cottage Black 20cm Deep Plate is dishwasher safe, making cleanup after each use a breeze, allowing you to spend more time enjoying meals with loved ones. In summary, the Luminarc Cottage Black 20cm Deep Plate is the perfect choice for those seeking tableware that is both elegant and practical. Its sleek black design and versatility make it a valuable addition to your table setting. Use this plate to serve your favorite dishes in style and add a touch of sophistication to everyday meals or special occasions.",LUMINARC,COTTAGE NOIR,RS6,PC,24,20.0,20.0,4.2,24,120.0,80.0,83.3,SODO,DINNERWARE,DINNERWARE,ASSIETTE,9.519,ASSIETTE CREUSE 20 COTTAGE NOIR T,8.212,1440,0.33,6,FR,21.3,19.6,22.8,10883314936886,518.646,40883314936887,B4,883314936889,883314936889,20.1,20.1,7.3,2.0,2.949,
V2522,TEMP COTTAGE GRANIT DESSERT PLATE19,LUMINARC,Dinnerware,£1.42,https://latabledarc.com/en/products/assiette-a-dessert-19-cm-cottage-granit,https://cdn.shopify.com/s/files/1/0943/3553/3393/files/d1dce4238c33d75da9f807c044d3e648.jpg?v=1762444100,"Discover the 19cm Cottage Granite dessert plate from Luminarc.
   The 19cm Cottage Granite Dessert Plate is the perfect way to showcase your favorite desserts, whether simple or elaborate. This dessert plate combines functionality and elegance, providing an ideal setting to serve your sweet creations in style. The plate's subtle raised edges add a touch of sophistication to your table. It's a wise choice in terms of durability, being scratch-resistant and easy to care for, making it a practical option for serving desserts. With a diameter of 19 centimeters, this plate is perfectly sized for dessert portions, from cakes and tarts to sorbets and fruit. Its versatile design blends seamlessly with any table setting, from classic to modern. The 19cm Cottage Granite Dessert Plate is dishwasher-safe, making cleanup after dessert a breeze and giving you more time to enjoy your treats with your guests. In short, the 19cm Cottage Granite Dessert Plate is the ideal choice for those seeking an elegant and practical way to serve their desserts. With its distinctive style and high-quality opal glass construction, it adds a touch of sophistication to your sweet moments. Use this plate to elevate your desserts and create a memorable experience for you and your guests.",LUMINARC,COTTAGE GRANIT,RS6,PC,24,19.0,19.0,1.8,24,120.0,80.0,77.6,FLUO,DINNERWARE,DINNERWARE,ASSIETTE,5.826,ASSIETTE DESSERT 19 COTTAGE GRANIT T,6.169,2160,0.25,6,FR,20.2,13.8,20.9,10883314945239,581.202,40883314945230,B4,883314945232,883314945232,19.0,19.0,4.0,1.508,1.444,
V2520,TEMP COTTAGE GRANIT DINNER PLATE 25,LUMINARC,Dinnerware,£1.53,https://latabledarc.com/en/products/assiette-plate-25-cm-cottage-granit,https://cdn.shopify.com/s/files/1/0943/3553/3393/files/28d2aab43e63aa1b258d461f59cd8d0a.jpg?v=1762443840,"The 25cm Cottage Granite dinner plate, by Luminarc
   The 25cm Cottage Granite Dinner Plate is an essential element for any stylish and modern table setting. This plate is not only functional, but it also adds a touch of sophistication to your meals and tableware. Made from high-quality opal, the plate features a unique textured finish that lends it a contemporary aesthetic. The choice of opal ensures that the plate is durable, scratch-resistant, and chip-resistant, while also being easy to care for. With a diameter of 25 centimeters, this dinner plate offers ample space for presenting a variety of dishes, from appetizers to main courses. Its versatile design complements all kitchen styles, whether modern, rustic, or traditional. The 25cm Cottage Granite Dinner Plate is also dishwasher-safe, making cleanup after meals a breeze. Whether you're hosting an elegant dinner party, a casual lunch, or a family meal, this plate will add a touch of sophistication to your table. In summary, the 25cm Cottage Granite dinner plate is a perfect combination of style and functionality. It's designed to impress and enhance your dining experience while being durable and easy to care for. Add this plate to your dinnerware collection to bring a contemporary aesthetic and a touch of class to your meals.",LUMINARC,COTTAGE GRANIT,RS6,PC,24,25.0,25.0,1.6,24,120.0,80.0,68.7,FLUO,DINNERWARE,DINNERWARE,ASSIETTE,10.012,ASSIETTE PLATE 25 COTTAGE GRANIT T,11.036,1152,0.45,6,FR,26.3,14.1,27.0,10883314945215,555.352,40883314945216,B4,883314945218,883314945218,25.0,25.0,4.1,2.71,2.563,
V2521,TEMP COTTAGE GRANIT RIMLESS PL 20,LUMINARC,Dinnerware,£1.53,https://latabledarc.com/en/products/assiette-creuse-20-cm-cottage-granit,https://cdn.shopify.com/s/files/1/0943/3553/3393/files/4290066cca5cf97594d69319bd840ff3_571e923d-36a8-4376-baa9-2be5c4e64c85.webp?v=1776244838,"Discover the 20cm Cottage Granite Deep Plate from Luminarc
  The 20cm Cottage Granite Soup Plate embodies elegance and functionality in a refined design that will enhance the charm of your table. This soup plate is the perfect addition to any dinnerware collection, harmoniously combining style and practicality. Made of high-quality opal, the Cottage Granite Soup Plate features a raised rim that gives it a distinctive look, evoking authenticity while adding a touch of sophistication to your table setting. Furthermore, its durability, scratch resistance, and easy care ensure that the plate retains its beauty over time. With a diameter of 20 centimeters and a slightly deep bowl, this plate is ideal for serving soups, stews, pasta, or even salads. Its versatile design suits a variety of occasions, from a casual family meal to a sophisticated dinner party with friends. The 20cm Cottage Granite Deep Plate is also dishwasher safe, making cleanup after each use a breeze and allowing you to spend more time enjoying your meal with loved ones. In short, the 20cm Cottage Granite Deep Plate is the perfect choice for those seeking tableware that is both elegant and practical. With its timeless design and high-quality opal construction, it adds a touch of sophistication to everyday meals or special occasions. Take advantage of this versatile deep plate to showcase your culinary creations while adding a stylish touch to your table.",LUMINARC,COTTAGE GRANIT,RS6,PC,24,20.0,20.0,4.2,24,120.0,80.0,83.3,FLUO,DINNERWARE,DINNERWARE,ASSIETTE,9.519,ASSIETTE CREUSE 20 COTTAGE GRANIT T,8.163,1440,0.33,6,FR,21.3,19.6,22.8,10883314945222,515.726,40883314945223,B4,883314945225,883314945225,20.1,20.1,7.3,1.99,2.949,
X2352,TEMP DANBURY DESSERT PLATE 19,LUMINARC,Dinnerware,£1.31,https://latabledarc.com/en/products/assiette-dessert-19-danbury-t,https://cdn.shopify.com/s/files/1/0943/3553/3393/files/acae6eb92945090d06410d04f706214f_b0b4050b-6739-48d7-a679-4c28d4b2a3fe.webp?v=1770804590,"The charm of delicate floral relief to punctuate your meals with a touch of poetry.
Finish your meals in style with the 19 cm dessert plate from the Danbury collection. Its romantic allure is characterized by a rim finely sculpted with floral relief patterns, bringing texture and elegance to the presentation of your sweet treats.
In a bright and luminous white, its compact size is ideal for serving your tarts, cakes, entremets, but also for presenting small appetizers or mignardises.
Key features:
• Diameter: 19 cm (perfect dimensions for desserts, entremets, light appetizers or pastries).
• Color & Finish: Pure white, smooth surface and preserved shine.
• Design: Rim sculpted with a delicate floral frieze in relief.
• Material: Opal glass (high resistance to shocks, scratches and daily use).
• Care: Dishwasher safe (does not tarnish and maintains its relief intact).
• Use: Microwave safe.
What makes it different:
• Gourmet setting: The immaculate whiteness of the glass highlights the color of fresh fruit, the golden crispness of puff pastry or the shine of a chocolate glaze.
• Enhanced resistance: The glass gives it great strength against frequent handling and limits the risk of chipping.
• 100% hygienic material: The smooth, non-porous glass is easy to clean and retains no odors or stains.
Pairing tip:
Complete your set by pairing it with the flat and deep plates from the Danbury White range for a classic and refined table, or combine it with porcelain cups and a linen napkin for an irresistible gourmet coffee!",LUMINARC,DANBURY,RS6,PC,24,0.0,0.0,0.0,24,120.0,80.0,76.4,FLUO,DINNERWARE,DINNERWARE,ASSIETTE,5.839,ASSIETTE DESSERT 19 DANBURY T,6.637,2160,0.27,6,FR,20.3,14.1,20.4,10883314111351,623.285,40883314111352,B4,883314111354,883314111354,19.0,19.0,4.0,1.628,1.444,
X1176,TEMP DANBURY DINNER PLATE 25,LUMINARC,Dinnerware,£1.42,https://latabledarc.com/en/products/assiette-plate-25-danbury-t,https://cdn.shopify.com/s/files/1/0943/3553/3393/files/8d8531058a43d64a945dffaac738b5b6.webp?v=1770802211,"The classic elegance of floral relief for a refined and timeless table setting.
Enhance your culinary presentations with the 25 cm dinner plate from the Danbury collection. Its charm lies in its delicately sculpted rim with a floral relief pattern, which adds a touch of texture, sophistication, and reinvented tradition to your table settings.
Dressed in a bright, glossy white, it is made of opal to combine the visual delicacy of a poetic decor with the essential robustness for daily use.
Key features:
• Diameter: 25 cm (ideal size for presenting your main courses).
• Color & Finish: Pure white, smooth surface in the center and durable shine.
• Design: Rim adorned with an elegant and romantic sculpted floral relief.
• Material: Opal (healthy, non-porous, hygienic, and ultra-resistant to shocks).
• Care: Dishwasher safe (does not yellow and maintains its relief intact).
• Use: Microwave safe.
Why you'll love it:
• Refined decor: The floral relief on the rim beautifully frames the center of the plate, naturally highlighting the heart of your dish.
• Everyday resistance: The thermomechanical treatment guarantees excellent protection against chips and scratches.
• Impeccable hygiene: Its smooth glass surface is completely non-porous, retaining neither odors nor food stains.
Styling tip:
Showcase this dinner plate with engraved or vintage stainless steel cutlery, and pair it with a jacquard tablecloth or a pastel table runner to create a charming atmosphere for festive meals or family Sundays!",LUMINARC,DANBURY,RS6,PC,24,0.0,0.0,0.0,24,120.0,80.0,96.5,FLUO,DINNERWARE,DINNERWARE,ASSIETTE,12.899,ASSIETTE PLATE 25 DANBURY T,11.569,1152,0.47,6,FR,26.2,18.1,27.2,10883314111337,581.199,40883314111338,B4,883314111330,883314111330,25.0,25.0,5.3,2.829,3.313,
X3266,TEMP DANBURY M-PURPOSE BOWL 16,LUMINARC,Dinnerware,£1.42,https://latabledarc.com/en/products/coupelle-blanche-16-cm-danbury,https://cdn.shopify.com/s/files/1/0943/3553/3393/files/a92b66eff536ee9dba767496c3379dd5.webp?v=1779873537,,LUMINARC,DANBURY,R6,PC,24,1.6,1.6,0.0,24,120.0,800.0,0.0,FLUO,DINNERWARE,DINNERWARE,MULTIPURPOSE BOWL,0.0,COUPELLE MULTI-USAGES 16 DANBURY T,,,,,,0.0,0.0,0.0,"1,08833E+13",,,B4,0883314117585,,0.0,0.0,0.0,0.0,,
X2351,TEMP DANBURY SOUP PLATE 22,LUMINARC,Dinnerware,£1.42,https://latabledarc.com/en/products/assiette-creuse-22-danbury-t,https://cdn.shopify.com/s/files/1/0943/3553/3393/files/acae6eb92945090d06410d04f706214f.webp?v=1770802399,"La poésie d'un décor sculpté pour mettre en scène vos recettes les plus réconfortantes.
Offrez à vos entrées et vos plats une présentation digne des plus belles tables avec l'assiette creuse 22 cm de la collection Danbury. Son allure intemporelle s'exprime à travers son contour bordé d'un délicat relief floral, apportant une vraie touche de texture et de romantisme à votre dressage.
D'un blanc pur et brillant, elle offre une profondeur idéale pour accueillir vos veloutés crémeux, vos pâtes gourmandes, vos risottos ou vos plats en sauce.
Caractéristiques principales :
• Diamètre : 22 cm (belle contenance pour les soupes, pâtes, risottos ou salades).
• Couleur & Finition : Blanc éclatant, surface lisse et brillance longue durée.
• Design : Marli orné de frises florales en relief pour un cadre sophistiqué.
• Matériau : Opale (matériau écologique, 100 % hygiénique et ultra-résistant aux impacts).
• Propriétés thermiques : Conçue pour résister aux chocs de température.
• Pratique : Compatible au lave-vaisselle (conserve tout son éclat) et au micro-ondes.
Ses atouts au quotidien :
• Mise en valeur poétique : La blancheur immaculée associée au décor sculpté crée un écrin élégant qui fait ressortir les teintes de vos bouillons, sauces et herbes fraîches.
• Haute durabilité : Ce verre résiste très efficacement aux ébréchures et aux manipulations répétées.
• Hygiène parfaite : Sa matière lisse et non poreuse n'absorbe aucune odeur ni tache pour un nettoyage en toute sérénité.
Conseil d'association :
Superposez cette assiette creuse sur l'assiette plate 25 cm Danbury Blanche pour composer un service de table complet et harmonieux, idéal pour un repas dominical chaleureux ou un dîner raffiné entre amis !",LUMINARC,DANBURY,RS6,PC,24,0.0,0.0,0.0,24,120.0,80.0,14.5,FLUO,DINNERWARE,DINNERWARE,ASSIETTE,0.0,6000ETTE CREUSE 22 DANBURY T,8.88,24,0.37,6,FR,0.0,0.0,0.0,10883314111368,8.88,40883314111369,B4,883314111361,883314111361,22.0,22.0,3.3,2.22,1.597,
V2342,TEMP DIWALI BLACK SERVICE PLATE 34,LUMINARC,Dinnerware,£4.16,,,,LUMINARC,DIWALI NOIR,FA6,PC,6,34.3,24.1,2.1,6,120.0,80.0,66.6,SODO,DINNERWARE,DINNERWARE,ASSIETTE,5.122,ASS PRES 34 DIWALI NOIR T,5.5,516,0.885,0,FR,35.1,5.7,25.6,10883314938743,500.5,40883314938744,,883314938746,883314938746,,,,,,
P4360,TEMP DIWALI BLACK/WHITE 19 PC TABLE SET,LUMINARC,Dinnerware,£25.66,,,,LUMINARC,DIWALI BLACK & WHITE,SS1,SET,1,28.0,22.0,26.3,1,120.0,80.0,120.6,SODO,DINNERWARE,DINNERWARE,SERVICE VAISSELLE,16.201,SCE 19P TABLE DIWALI BLACK & WHITE T,7.046,56,7.046,0,FR,28.0,22.0,26.3,883314750362,421.662,40883314750360,,883314750362,883314750362,,,,,,
N9348,"TEMP DIWALI DISH 30,26,22,18CM SET 4PCS",LUMINARC,Cookware – Crockery,£17.96,,,,LUMINARC,SMART CUISINE DIWALI,SS1,SET,2,30.6,9.3,30.0,2,120.0,80.0,108.8,OPALE CULINAIRE,KITCHENWARE,COOKWARE,CUISSON,19.933,"SCE 4P PL SMART CUISINE DIWALI 30,26,2 T",7.47,84,3.571,0,FR,31.9,19.9,31.4,10883314697053,339.214,40883314697054,B2,883314697056,883314697056,,,,,,
P0872,TEMP DIWALI GRANIT BOWL 21,LUMINARC,Dinnerware,£3.29,https://latabledarc.com/en/products/saladier-gris-21-cm-diwali-210-cl,https://cdn.shopify.com/s/files/1/0943/3553/3393/files/8fc43c502422329b8607084bc36d910c.jpg?v=1762447071,"Choose the Diwali 21cm grey salad bowl from Luminarc
 This salad bowl proves to be both sturdy (an important characteristic for a product used often and regularly subjected to vigorous handling) and practical to use thanks to its light weight.",LUMINARC,DIWALI GRANIT,RS6,PC,12,21.1,21.1,9.3,12,120.0,80.0,108.6,FLUO,DINNERWARE,DINNERWARE,SALADIER,26.367,SALADIER 21 DIWALI GRANIT T,7.909,336,0.61,6,FR,44.0,25.5,23.5,10883314714682,246.926,40883314714683,B2,883314714685,883314714685,21.0,21.0,23.7,3.74,10.452,
P0731,TEMP DIWALI GRANIT BOWL 75,LUMINARC,Dinnerware,£1.71,https://latabledarc.com/en/products/bol-gris-75-cl-diwali,https://cdn.shopify.com/s/files/1/0943/3553/3393/files/ae4834690e511b8f9b8e1de1e5898e61_bef084de-10bd-4515-9bed-e662e92e721a.jpg?v=1762444571,"Discover the Diwali 14.5cm grey bowl from Luminarc
 This bowl is the perfect companion for your favorite hot drinks.",LUMINARC,DIWALI GRANIT,RS4,PC,24,14.5,14.5,7.9,24,120.0,80.0,110.5,FLUO,DINNERWARE,DINNERWARE,COMPLEMENT DE TABLE,22.887,BOL 75 DIWALI GRANIT T,8.709,720,0.34,4,FR,46.9,30.5,16.0,10883314712572,286.849,40883314712573,B6,883314712575,883314712575,14.5,14.5,18.0,1.387,3.785,
P0704,TEMP DIWALI GRANIT DESSERT PLATE 19,LUMINARC,Dinnerware,£1.18,https://latabledarc.com/en/products/assiette-dessert-grise-19-cm-diwali,https://cdn.shopify.com/s/files/1/0943/3553/3393/files/047e6cfc6236de2d05342523de1a0001_1540e4f3-f4de-46c2-9b94-de8250939dfa.jpg?v=1776245068,"Discover the Diwali 19cm grey plate from Luminarc
 This plate combines aesthetics and durability thanks to its glass composition. Designed for everyday use, it's equally suitable for a quick meal or a large family dinner, and will easily withstand numerous washes in the dishwasher.",LUMINARC,DIWALI GRANIT,RS6,PC,24,19.0,19.0,1.7,24,120.0,80.0,77.4,FLUO,DINNERWARE,DINNERWARE,ASSIETTE,5.826,ASS DESSERT 19 DIWALI GRANIT T,6.169,2160,0.25,6,FR,20.2,13.8,20.9,10883314712176,580.774,40883314712177,B4,883314712179,883314712179,19.0,19.0,4.0,1.508,1.444,
P0870,TEMP DIWALI GRANIT DINNER PLATE 25,LUMINARC,Dinnerware,£1.27,https://latabledarc.com/en/products/assiette-plate-grise-25-cm-diwali,https://cdn.shopify.com/s/files/1/0943/3553/3393/files/bdeb397291db2eef3296a546216181a0.jpg?v=1762443766,"Discover the Diwali 25cm grey plate from Luminarc.
 This plate combines aesthetics and durability thanks to its glass composition. Designed for everyday use, it's equally suitable for a quick meal or a large family dinner, and will easily withstand numerous washes in the dishwasher.",LUMINARC,DIWALI GRANIT,RS6,PC,24,25.0,25.0,1.7,24,120.0,80.0,68.5,FLUO,DINNERWARE,DINNERWARE,ASSIETTE,10.012,ASSIETTE PLATE 25 DIWALI GRANIT T,10.316,1152,0.42,6,FR,26.3,14.1,27.0,10883314714668,520.632,40883314714669,B4,883314714661,883314714661,25.0,25.0,4.1,2.53,2.563,
P0705,TEMP DIWALI GRANIT DINNER PLATE 27,LUMINARC,Dinnerware,£1.37,,,,LUMINARC,DIWALI GRANIT,RS6,PC,24,27.3,27.3,1.8,24,120.0,80.0,72.9,FLUO,DINNERWARE,DINNERWARE,ASSIETTE,11.734,ASSIETTE PLATE 27 DIWALI GRANIT T,12.24,960,0.5,6,FR,28.5,14.1,29.2,10883314712183,515.034,40883314712184,B4,883314712186,883314712186,27.3,27.3,4.2,3.01,3.13,
P2921,TEMP DIWALI GRANIT DINNERWARE SCE 18P,LUMINARC,Dinnerware,£22.36,,,,LUMINARC,DIWALI GRANIT,SS1,SET,1,26.6,13.2,26.2,1,120.0,80.0,119.6,FLUO,DINNERWARE,DINNERWARE,SERVICE VAISSELLE,9.199,SCE 18P TABLE DIWALI GRANIT T,6.288,96,6.288,0,FR,26.6,13.2,26.2,883314736649,630.662,40883314736647,,883314736649,883314736649,,,,,,
P2920,TEMP DIWALI GRANIT DINNERWARE SCE 19P,LUMINARC,Dinnerware,£25.66,,,,LUMINARC,DIWALI GRANIT,SS1,SET,1,28.0,22.0,26.3,1,120.0,80.0,120.0,FLUO,DINNERWARE,DINNERWARE,SERVICE VAISSELLE,16.201,SCE 19P TABLE DIWALI GRANIT T,7.101,56,7.101,0,FR,28.0,22.0,26.3,883314736632,424.742,40883314736630,,883314736632,883314736632,,,,,,
P9204,TEMP DIWALI GRANIT M-PURPOSE BOWL 12,LUMINARC,Dinnerware,£1.18,https://latabledarc.com/en/products/coupelle-grise-12-cm-diwali-40-cl,https://cdn.shopify.com/s/files/1/0943/3553/3393/files/b70ff528827017be803a280553cefda4.jpg?v=1776144289,"Opt for the Diwali 12cm grey bowl by Luminarc
 This bowl is an essential item in your kitchen.",LUMINARC,DIWALI GRANIT,RS6,PC,36,12.5,12.5,5.5,36,120.0,80.0,113.2,FLUO,DINNERWARE,DINNERWARE,SALADIER,14.444,COUPELLE MULTI-USAGES 12 DIWALI GRANIT T,6.446,2268,0.17,6,FR,39.4,26.0,14.1,10883314802020,431.676,40883314802021,B6,883314802023,883314802023,12.5,12.5,14.5,1.029,2.266,
P9836,TEMP DIWALI GRANIT MARBRE  BOWL 21,LUMINARC,Dinnerware,£3.37,https://latabledarc.com/en/products/saladier-gris-21-cm-diwali-marble-210-cl,https://cdn.shopify.com/s/files/1/0943/3553/3393/files/111d20924b4e520baa76bd28ea41e508_685fc827-7ab6-4b6e-a5bf-9b68cee424ab.jpg?v=1762447075,"Choose the Diwali Marble 21cm grey salad bowl from Luminarc
   This salad bowl proves to be both sturdy (an important characteristic for a product used often and regularly subjected to vigorous handling) and practical to use thanks to its light weight.",LUMINARC,DIWALI MARBRE,RS6,PC,12,21.1,21.1,9.3,12,120.0,80.0,108.6,FLUO,DINNERWARE,DINNERWARE,SALADIER,26.367,SALADIER 21 DIWALI GRANIT MARBRE T,7.909,336,0.61,6,FR,44.0,25.5,23.5,10883314809753,246.926,40883314809754,B2,883314809756,883314809756,21.0,21.0,23.7,3.74,10.452,
P9834,TEMP DIWALI GRANIT MARBRE  DESSERT PL19,LUMINARC,Dinnerware,£1.21,,,,LUMINARC,DIWALI MARBRE,RS6,PC,24,19.0,19.0,1.7,24,120.0,80.0,77.4,FLUO,DINNERWARE,DINNERWARE,ASSIETTE,5.826,ASS DT 19 DIWALI GRANIT MARBRE T,6.169,2160,0.25,6,FR,20.2,13.8,20.9,10883314809746,580.774,40883314809747,B4,883314809749,883314809749,19.0,19.0,4.0,1.508,1.444,
P9837,TEMP DIWALI GRANIT MARBRE BOWL 12,LUMINARC,Dinnerware,£1.21,,,,LUMINARC,DIWALI MARBRE,RS6,PC,36,12.5,12.5,5.5,36,120.0,80.0,113.2,FLUO,DINNERWARE,DINNERWARE,SALADIER,14.444,CPL MU 12 DIWALI GRANIT MARBRE T,6.446,2268,0.17,6,FR,39.4,26.0,14.1,10883314809883,431.692,40883314809884,B6,883314809886,883314809886,12.5,12.5,14.5,1.029,2.266,
P9908,TEMP DIWALI GRANIT MARBRE DINNER PLATE25,LUMINARC,Dinnerware,£1.31,,,,LUMINARC,DIWALI MARBRE,RS6,PC,24,25.0,25.0,1.7,24,120.0,80.0,68.5,FLUO,DINNERWARE,DINNERWARE,ASSIETTE,10.012,ASS PL 25 DIWALI GRANIT MARBRE T,10.316,1152,0.42,6,FR,26.3,14.1,27.0,10883314809722,520.632,40883314809723,B4,883314809725,883314809725,25.0,25.0,1.7,2.52,1.063,
P9835,TEMP DIWALI GRANIT MARBRE SOUPL PLATE 20,LUMINARC,Dinnerware,£1.31,,,,LUMINARC,DIWALI MARBRE,RS6,PC,24,20.0,20.0,4.2,24,120.0,80.0,83.2,FLUO,DINNERWARE,DINNERWARE,ASSIETTE,9.519,ASS CR 20 DIWALI GRANIT MARBRE GRANIT  T,8.159,1440,0.33,6,FR,21.3,19.6,22.8,10883314809739,515.469,40883314809730,B4,883314809732,883314809732,20.1,20.1,7.3,1.989,2.949,
Q0216,TEMP DIWALI GRANIT MARBRE TABLE SET 18P,LUMINARC,Dinnerware,£22.91,,,,LUMINARC,DIWALI MARBRE,SS1,SET,1,26.6,13.2,26.2,1,120.0,80.4,120.5,FLUO,DINNERWARE,DINNERWARE,SERVICE VAISSELLE,9.199,SCE 18P TABLE DIWALI GRANIT MARBRE T,6.288,96,6.288,0,FR,26.6,13.2,26.2,883314813296,630.662,40883314813294,,883314813296,883314813296,,,,,,
Q0217,TEMP DIWALI GRANIT MARBRE TABLE SET 19P,LUMINARC,Dinnerware,£26.28,,,,LUMINARC,DIWALI MARBRE,SS1,SET,1,28.0,22.0,26.3,1,120.0,80.0,120.9,FLUO,DINNERWARE,DINNERWARE,SERVICE VAISSELLE,16.201,SCE 19P TABLE DIWALI GRANIT MARBRE T,7.101,56,7.101,0,FR,28.0,22.0,26.3,883314813302,424.744,40883314813300,,883314813302,883314813302,,,,,,
V2329,TEMP DIWALI GRANIT SERVICE PLATE 34,LUMINARC,Dinnerware,£4.16,,,,LUMINARC,DIWALI GRANIT,FA6,PC,6,0.0,0.0,0.0,6,120.0,80.0,66.6,FLUO,DINNERWARE,DINNERWARE,ASSIETTE,5.122,ASS PRES 34 DIWALI GRANIT T,5.265,516,0.85,0,FR,35.1,5.7,25.6,10883314938620,480.29,40883314938621,,883314938623,883314938623,,,,,,
P0703,TEMP DIWALI GRANIT SOUP PLATE 20,LUMINARC,Dinnerware,£1.27,https://latabledarc.com/en/products/assiette-creuse-grise-20-cm-diwali,https://cdn.shopify.com/s/files/1/0943/3553/3393/files/6fb97260ef233278e41abdbebbe3e62f.jpg?v=1762443570,"Choose the Diwali 20cm grey soup plate by Luminarc
 This soup plate is durable and lightweight, making it ideal for everyday use. From saucy dishes and soups to solid and liquid foods, its versatility allows it to be used for all kinds of servings; your imagination is the only limit!",LUMINARC,DIWALI GRANIT,RS6,PC,24,20.0,20.0,4.2,24,120.0,80.0,83.2,FLUO,DINNERWARE,DINNERWARE,ASSIETTE,9.519,ASS CREUSE 20 DIWALI GRANIT T,8.159,1440,0.33,6,FR,21.3,19.6,22.8,10883314712169,515.469,40883314712160,B4,883314712162,883314712162,20.1,20.1,7.3,1.989,2.949,
P9201,TEMP DIWALI L TURQUOISE M-PURPOSE BOWL12,LUMINARC,Dinnerware,£1.18,,,,LUMINARC,DIWALI LIGHT TURQUOISE,RS6,PC,36,12.5,12.5,5.5,36,120.0,80.0,113.2,FLUO,DINNERWARE,DINNERWARE,SALADIER,14.444,CPL MU 12 DIWALI L TURQUOISE T,6.446,2268,0.17,6,FR,39.4,26.0,14.1,10883314801979,431.692,40883314801970,B6,883314801972,883314801972,12.5,12.5,5.5,1.02,0.859,
P9797,TEMP DIWALI L TURQUOISE SERV PLTE 34,LUMINARC,Dinnerware,£4.16,,,,LUMINARC,DIWALI LIGHT TURQUOISE,FA6,PC,6,34.3,24.1,1.9,6,120.0,80.0,66.6,FLUO,DINNERWARE,DINNERWARE,ASSIETTE,5.122,ASS PRES 34 DIWALI L TURQUOISE T,5.265,516,0.85,0,FR,35.1,5.7,25.6,10883314808718,480.29,40883314808719,,883314808711,883314808711,,,,,,
P5912,TEMP DIWALI LIGHT TURQ&BL SET PLATE 18P,LUMINARC,Dinnerware,£22.36,,,,LUMINARC,DIWALI LIGHT TURQ&BLANC,SS1,SET,1,26.6,13.2,26.2,1,120.0,80.0,119.6,FLUO,DINNERWARE,DINNERWARE,SERVICE VAISSELLE,9.199,SCE 18P TABLE DIWALI LIGHT TURQ/BLANC T,6.306,96,6.306,0,FR,26.6,13.2,26.2,883314766271,632.434,40883314766279,,883314766271,883314766271,,,,,,
P2016,TEMP DIWALI LIGHT TURQUOISE BOWL 75,LUMINARC,Dinnerware,£1.71,,,,LUMINARC,DIWALI LIGHT TURQUOISE,RS4,PC,24,14.5,14.5,7.9,24,120.0,80.0,110.5,FLUO,DINNERWARE,DINNERWARE,COMPLEMENT DE TABLE,22.887,BOL 75 DIWALI LIGHT TURQUOISE T,8.709,720,0.34,4,FR,46.9,30.5,16.0,10883314727484,286.849,40883314727485,B6,883314727487,883314727487,14.5,14.5,18.0,1.387,1.661,
P2013,TEMP DIWALI LIGHT TURQUOISE DINNER PL 27,LUMINARC,Dinnerware,£1.37,,,,LUMINARC,DIWALI LIGHT TURQUOISE,RS6,PC,24,27.3,27.3,1.8,24,120.0,80.0,72.9,FLUO,DINNERWARE,DINNERWARE,ASSIETTE,11.734,ASS PL 27 DIWALI LIGHT TURQUOISE T,12.24,960,0.5,6,FR,28.5,14.1,29.2,10883314727453,515.212,40883314727454,B4,883314727456,883314727456,27.3,27.3,1.8,3.0,1.342,
P0861,TEMP DIWALI NOIR BOWL 12,LUMINARC,Dinnerware,£1.18,https://latabledarc.com/en/products/coupelle-noire-12-cm-diwali-40-cl,https://cdn.shopify.com/s/files/1/0943/3553/3393/files/01387420dde45e526ea4ffa6a4185500_c0bfa0da-c275-4dd3-8eef-69b13ccd6e9f.jpg?v=1762445083,"Opt for the 12cm Diwali black bowl by Luminarc
 This bowl is an essential item in your kitchen.",LUMINARC,DIWALI NOIR,RS6,PC,36,12.5,12.5,5.5,36,120.0,80.0,113.4,SODO,DINNERWARE,DINNERWARE,SALADIER,14.444,COUPELLE 12 DIWALI NOIR T,6.659,2268,0.175,6,FR,39.4,26.0,14.1,10883314714538,445.529,40883314714539,B6,883314714531,883314714531,12.5,12.5,14.5,1.064,2.266,
P0863,TEMP DIWALI NOIR BOWL 75,LUMINARC,Dinnerware,£1.71,https://latabledarc.com/en/products/bol-noir-75-cl-diwali,https://cdn.shopify.com/s/files/1/0943/3553/3393/files/58fa4c277d05560dd544c3bb9b65eaf1.jpg?v=1762444579,"Discover the 14.5 cm Diwali black bowl from Luminarc.
 This bowl is the perfect companion for your favorite hot drinks.",LUMINARC,DIWALI NOIR,RS4,PC,24,14.5,14.5,7.9,24,120.0,80.0,110.5,SODO,DINNERWARE,DINNERWARE,COMPLEMENT DE TABLE,22.887,BOL 75 DIWALI NOIR T,8.469,720,0.355,4,FR,46.9,30.5,16.0,10883314714552,279.649,40883314714553,B6,883314714555,883314714555,14.5,14.5,18.0,1.347,3.785,
P0866,TEMP DIWALI NOIR OVAL DISH 25X33,LUMINARC,Dinnerware,£3.90,https://latabledarc.com/en/products/plat-noir-32-8-cm-diwali,https://cdn.shopify.com/s/files/1/0943/3553/3393/files/42880ba7a4c2082e27251187f73648b9_a0571a9b-ac61-41b6-8c1b-7504180f4940.jpg?v=1762446799,"Choose the 32.8 cm Diwali black platter from Luminarc
   This dish is simply an essential item in your kitchen! Scratch-resistant, heat-resistant, and shock-resistant, yet remarkably lightweight for its size, this dish can be used daily for a wide variety of purposes! Its non-porous glass composition also makes it easy to clean (ingredients stick less) and perfectly hygienic!",LUMINARC,DIWALI NOIR,RS6,PC,12,32.8,25.0,3.1,12,120.0,80.0,97.4,SODO,DINNERWARE,DINNERWARE,PLAT,13.274,PLAT OVALE 25X33 DIWALI NOIR T,9.889,648,0.792,6,FR,34.6,13.9,27.6,10883314714590,559.979,40883314714591,B2,883314714593,883314714593,32.8,25.0,3.1,4.752,2.542,
V6213,TEMP DIWALI P.BLUE  DINNERWARE 19PC SET,LUMINARC,Dinnerware,£25.66,,,,LUMINARC,DIWALI PARADISE BLUE,SS1,SET,76,26.6,18.1,26.3,0,120.0,80.2,120.1,FLUO,DINNERWARE,DINNERWARE,SERVICE VAISSELLE,0.0,SCE 19P TABLE DIWALI PARADISE BLUE T,0.0,76,7.062,0,FR,,,,,563.898,40883314976074,,883314976076,883314976076,,,,,,
V6214,TEMP DIWALI P.BLUE DINNERWARE 12PC SET,LUMINARC,Dinnerware,£14.88,,,,LUMINARC,DIWALI PARADISE BLUE,SS1,SET,108,26.6,12.8,26.3,0,120.0,80.2,120.1,FLUO,DINNERWARE,DINNERWARE,SERVICE VAISSELLE,0.0,SCE 12P TABLE DIWALI PARADISE BLUE T,0.0,108,4.319,0,FR,,,,,493.67,40883314976081,,883314976083,883314976083,,,,,,
V6220,TEMP DIWALI P.GREEN DINNERWARE 12PC SET,LUMINARC,Dinnerware,£14.88,,,,LUMINARC,DIWALI PARADISE GREEN,SS1,SET,108,26.6,12.8,26.3,0,120.0,80.2,120.1,FLUO,DINNERWARE,DINNERWARE,SERVICE VAISSELLE,0.0,SCE 12P TABLE DIWALI PARADISE GREEN T,0.0,108,4.319,0,FR,,,,,493.67,40883314976142,,883314976144,883314976144,,,,,,
V6215,TEMP DIWALI P.GREEN DINNERWARE 18PC SET,LUMINARC,Dinnerware,£22.36,,,,LUMINARC,DIWALI PARADISE GREEN,SS1,SET,1,26.6,14.9,26.3,1,120.0,80.2,120.1,FLUO,DINNERWARE,DINNERWARE,SERVICE VAISSELLE,10.424,SCE 18P TABLE DIWALI PARADISE GREEN T,6.338,88,6.338,0,FR,26.6,14.9,26.3,883314976090,584.87,40883314976098,,883314976090,883314976090,,,,,,
V6218,TEMP DIWALI P.GREEN DINNERWARE 19PC SET,LUMINARC,Dinnerware,£25.66,,,,LUMINARC,DIWALI PARADISE GREEN,SS1,SET,76,26.6,18.1,26.3,0,120.0,80.2,120.1,FLUO,DINNERWARE,DINNERWARE,SERVICE VAISSELLE,0.0,SCE 19P TABLE DIWALI PARADISE GREEN T,0.0,76,7.062,0,FR,,,,,563.898,40883314976128,,883314976120,883314976120,,,,,,
V6212,TEMP DIWALI PARADISE BLUE 18P PLATES SET,LUMINARC,Dinnerware,£22.36,,,,LUMINARC,DIWALI PARADISE BLUE,SS1,SET,1,26.6,14.9,26.3,1,120.0,80.2,120.1,FLUO,DINNERWARE,DINNERWARE,SERVICE VAISSELLE,10.424,SCE 18P TABLE DIWALI PARADISE BLUE T,6.338,88,6.338,0,FR,26.6,14.9,26.3,10883314976066,584.87,40883314976067,,883314976069,883314976069,,,,,,
V5832,TEMP DIWALI PARADISE BLUE BOWL 75,LUMINARC,Dinnerware,£1.71,https://latabledarc.com/en/products/bol-75-cl-diwali-paradise-blue,https://cdn.shopify.com/s/files/1/0943/3553/3393/files/b28c34ef46ee560c1657d31d565ee7c6.jpg?v=1762444530,"Designed to adapt to your culinary needs, the Diwali Paradise Blue 75cl bowl is an essential piece in the Luminarc collection.",LUMINARC,DIWALI PARADISE BLUE,RS4,PC,24,0.0,0.0,0.0,24,120.0,80.0,110.5,FLUO,DINNERWARE,DINNERWARE,COMPLEMENT DE TABLE,22.887,BOL 75 DIWALI PARADISE BLUE T,8.709,720,0.34,4,FR,46.9,30.5,16.0,10883314971702,286.849,40883314971703,B6,883314971705,883314971705,14.5,14.5,7.9,1.36,1.661,
V5830,TEMP DIWALI PARADISE BLUE DESSERTPL 19,LUMINARC,Dinnerware,£1.18,https://latabledarc.com/en/products/assiette-a-dessert-19-cm-diwali-paradise-blue,https://cdn.shopify.com/s/files/1/0943/3553/3393/files/19deb5c987e5041f4f88ecfefeb78948.jpg?v=1762444118,"Luminarc presents the 19cm Diwali Paradise Blue Dessert Plate, a perfect piece for your favorite sweets.",LUMINARC,DIWALI PARADISE BLUE,RS6,PC,24,0.0,0.0,0.0,24,120.0,80.0,77.4,FLUO,DINNERWARE,DINNERWARE,ASSIETTE,5.826,ASS DESSERT 19 DIWALI PARADISE BLUE T,6.169,2160,0.25,6,FR,20.2,13.8,20.9,10883314971689,580.804,40883314971680,B4,883314971682,883314971682,19.0,19.0,1.7,1.5,0.614,
V5720,TEMP DIWALI PARADISE BLUE DINNERPLATE 25,LUMINARC,Dinnerware,£1.27,https://latabledarc.com/en/products/assiette-plate-25-cm-diwali-paradise-blue,https://cdn.shopify.com/s/files/1/0943/3553/3393/files/71c0f689e404e9bcfcec898f8ae25d73_a864a252-c313-466d-84fa-574e048ebaa5.jpg?v=1762443854,The 25cm Diwali Paradise Blue dinner plate from Luminarc is an invitation to enhance your meals with style.,LUMINARC,DIWALI PARADISE BLUE,RS6,PC,24,0.0,0.0,0.0,24,120.0,80.0,68.5,FLUO,DINNERWARE,DINNERWARE,ASSIETTE,10.012,ASSIETTE PLATE 25 DIWALI PARADISE BLUE T,10.312,1152,0.42,6,FR,26.3,14.1,27.0,10883314970705,520.41,40883314970706,B4,883314970708,883314970708,25.0,25.0,1.7,2.52,1.063,
V5831,TEMP DIWALI PARADISE BLUE DISH 29,LUMINARC,Dinnerware,£3.24,https://latabledarc.com/en/products/plat-29-cm-diwali-paradise-blue,https://cdn.shopify.com/s/files/1/0943/3553/3393/files/e88bffe64289db4628b91118d3b6825c.jpg?v=1762446587,The Luminarc Diwali Paradise Blue 29cm serving dish is perfect for presenting your culinary creations in style.,LUMINARC,DIWALI PARADISE BLUE,RS6,PC,12,29.1,29.1,4.0,12,120.0,80.0,107.6,FLUO,DINNERWARE,DINNERWARE,PLAT,22.219,PLAT 29 DIWALI PARADISE BLUE T,8.745,396,0.7,6,FR,30.5,23.5,31.0,10883314971696,314.064,40883314971697,B2,883314971699,883314971699,29.1,29.1,4.0,4.2,3.387,
V5834,TEMP DIWALI PARADISE BLUE SALAD BOWL 22,LUMINARC,Dinnerware,£3.29,https://latabledarc.com/en/products/saladier-22-cm-diwali-paradise-blue,https://cdn.shopify.com/s/files/1/0943/3553/3393/files/3fd5ce1e90a2ae1804fe3c15e74443da_e99d8168-cf1b-40d9-a727-8aa2cab6ec10.jpg?v=1762446936,"The Diwali Paradise Blue 22cm salad bowl is designed for your salads, group meals or creative presentations.",LUMINARC,DIWALI PARADISE BLUE,A6,PC,6,22.0,22.0,6.8,6,120.0,80.0,107.5,FLUO,DINNERWARE,DINNERWARE,PLAT,14.01,SALADIER 22 DIWALI PARADISE BLUE T,4.355,360,0.67,0,FR,26.6,22.8,23.1,10883314971726,287.607,40883314971727,,883314971729,883314971729,,,,,,
V5829,TEMP DIWALI PARADISE BLUE SOUP PLATE 20,LUMINARC,Dinnerware,£1.27,https://latabledarc.com/en/products/assiette-creuse-20-cm-diwali-paradise-blue,https://cdn.shopify.com/s/files/1/0943/3553/3393/files/61b243347418f73a4526fbb343a20508.jpg?v=1762443437,"The Diwali Paradise Blue 20cm deep plate is designed to hold your soups, salads or pasta in style.",LUMINARC,DIWALI PARADISE BLUE,RS6,PC,24,0.0,0.0,0.0,24,120.0,80.0,82.9,FLUO,DINNERWARE,DINNERWARE,ASSIETTE,9.519,ASS CREUSE 20 DIWALI PARADISE BLUE T,8.163,1440,0.33,6,FR,21.3,19.6,22.8,10883314971672,515.244,40883314971673,B4,883314971675,883314971675,20.0,20.0,4.2,1.98,1.68,
V5844,TEMP DIWALI PARADISE GREEN BOWL 75,LUMINARC,Dinnerware,£1.71,https://latabledarc.com/en/products/bol-75-cl-diwali-paradise-green,https://cdn.shopify.com/s/files/1/0943/3553/3393/files/77c89c97af68dbc3ec194a355f27c707.jpg?v=1762444547,"Bring a touch of serenity to your meals with the 75cl Diwali Paradise Green bowl from Luminarc.
  Ideal for soups, salads, and cereals, this bowl combines practicality and aesthetics thanks to its generous capacity and soothing green color. Perfect for everyday use or special occasions.",LUMINARC,DIWALI PARADISE GREEN,RS4,PC,24,14.5,14.5,7.9,24,120.0,80.0,110.5,FLUO,DINNERWARE,DINNERWARE,COMPLEMENT DE TABLE,22.887,BOL 75 DIWALI PARADISE GREEN T,8.709,720,0.34,4,FR,46.9,30.5,16.0,10883314971818,286.849,40883314971819,B6,883314971811,883314971811,14.5,14.5,7.9,1.36,1.661,
V5841,TEMP DIWALI PARADISE GREEN DESSERTPL 19,LUMINARC,Dinnerware,£1.18,https://latabledarc.com/en/products/assiette-a-dessert-19-cm-diwali-paradise-green,https://cdn.shopify.com/s/files/1/0943/3553/3393/files/c9c696da75ddea8047741c97049b5b85.jpg?v=1762444130,"Enjoy your favorite sweets with the 19cm Diwali Paradise Green dessert plate from Luminarc.
 Its delicate design and enchanting green color add a touch of freshness to the end of your meals. Ideal for presenting your desserts with refinement.",LUMINARC,DIWALI PARADISE GREEN,RS6,PC,24,19.0,19.0,1.7,24,120.0,80.0,71.7,FLUO,DINNERWARE,DINNERWARE,ASSIETTE,5.826,ASS DESSERT 19 DIWALI PARADISE GREEN T,6.169,2160,0.25,6,FR,20.2,13.8,20.9,10883314971795,580.804,40883314971796,B4,883314971798,883314971798,19.0,19.0,1.7,1.5,0.614,
V5839,TEMP DIWALI PARADISE GREEN DINNERPLATE25,LUMINARC,Dinnerware,£1.27,https://latabledarc.com/en/products/assiette-plate-25-cm-diwali-paradise-green,https://cdn.shopify.com/s/files/1/0943/3553/3393/files/ce0c294f0b57322d0ab8ec3d82064f50.jpg?v=1762443870,"Bring a touch of exotic elegance to your table with the 25cm Diwali Paradise Green dinner plate from Luminarc.
 Its refined design and heavenly green color make it the perfect choice to enhance your main dishes. Ideal for sophisticated dinners or stylish everyday meals.",LUMINARC,DIWALI PARADISE GREEN,RS6,PC,24,25.0,25.0,1.7,24,120.0,80.0,68.5,FLUO,DINNERWARE,DINNERWARE,ASSIETTE,10.012,ASS PLATE 25 DIWALI PARADISE GREEN T,10.312,1152,0.42,6,FR,26.3,14.1,27.0,10883314971771,520.41,40883314971772,B4,883314971774,883314971774,25.0,25.0,1.7,2.52,1.063,
V5842,TEMP DIWALI PARADISE GREEN DISH 29,LUMINARC,Dinnerware,£3.24,https://latabledarc.com/en/products/plat-29-cm-diwali-paradise-green,https://cdn.shopify.com/s/files/1/0943/3553/3393/files/cd97f3964eaaf1377b9ca102c6da8208.jpg?v=1762446592,"Showcase your culinary creations with the 29cm Diwali Paradise Green dish from Luminarc.
 Its generous size and heavenly green hue are perfect for serving main courses and shared dishes. An elegant choice to impress your guests.",LUMINARC,DIWALI PARADISE GREEN,RS6,PC,12,29.1,29.1,4.0,12,120.0,80.0,107.6,FLUO,DINNERWARE,DINNERWARE,PLAT,22.219,PLAT 29 DIWALI PARADISE GREEN T,8.745,396,0.7,6,FR,30.5,23.5,31.0,10883314971801,314.064,40883314971802,B2,883314971804,883314971804,29.1,29.1,4.0,4.2,3.387,
V5846,TEMP DIWALI PARADISE GREEN SALADBOWL 22,LUMINARC,Dinnerware,£3.29,https://latabledarc.com/en/products/saladier-22-cm-diwali-paradise-green,https://cdn.shopify.com/s/files/1/0943/3553/3393/files/885b23aeae046fe8a5b846fc05b11ef4_138ef19d-f73b-4637-9725-cf5923eec6dd.jpg?v=1762446946,"Create a heavenly atmosphere on your table with the 22cm Diwali Paradise Green Salad Bowl from Luminarc.
  Perfect for serving generous salads or family-style meals, this salad bowl combines functionality and aesthetics with its soothing green color and refined design. A central element for your meals with family or friends.",LUMINARC,DIWALI PARADISE GREEN,A6,PC,6,22.0,22.0,6.8,6,120.0,80.0,107.5,FLUO,DINNERWARE,DINNERWARE,PLAT,14.01,SALADIER 22 DIWALI PARADISE GREEN T,4.355,360,0.67,0,FR,26.6,22.8,23.1,10883314971832,287.607,40883314971833,,883314971835,883314971835,,,,,,
V5845,TEMP DIWALI PARADISE GREEN SALADBOWL12.5,LUMINARC,Dinnerware,£1.18,https://latabledarc.com/en/products/coupelle-12-5-cm-diwali-paradise-green,https://cdn.shopify.com/s/files/1/0943/3553/3393/files/6093e0e40c59a4c2120c8d9acfecb74b.jpg?v=1762444942,"Add a touch of freshness to your appetizers and side dishes with the 12.5 cm Diwali Paradise Green bowl from Luminarc.
 Its compact size and bright green hue are ideal for elegantly presenting your appetizers, sauces or small portions.",LUMINARC,DIWALI PARADISE GREEN,RS6,PC,36,0.0,0.0,0.0,36,121.2,80.7,114.8,FLUO,DINNERWARE,DINNERWARE,SALADIER,15.432,"CPL MU 12,5 DIWALI PARADISE GREEN T",6.469,2268,0.17,6,FR,40.4,26.9,14.2,10883314971825,433.236,40883314971826,B6,883314971828,883314971828,12.6,12.6,14.5,1.029,2.302,
V5840,TEMP DIWALI PARADISE GREEN SOUP PLATE 20,LUMINARC,Dinnerware,£1.27,https://latabledarc.com/en/products/assiette-creuse-20-cm-diwali-paradise-green,https://cdn.shopify.com/s/files/1/0943/3553/3393/files/70cd72ed2e0138ee9d363728326f6824.webp?v=1776327541,"Discover the harmony of the 20cm Diwali Paradise Green deep plate from the Luminarc brand.
 Perfect for soups, pasta, and salads, it combines functionality and aesthetics with its soothing green hue and clean design. A must-have for an elegant and modern table.",LUMINARC,DIWALI PARADISE GREEN,RS6,PC,24,0.0,0.0,0.0,24,120.0,80.0,82.9,FLUO,DINNERWARE,DINNERWARE,ASSIETTE,9.519,ASS CREUSE 20 DIWALI PARADISE GREEN T,8.159,1440,0.33,6,FR,21.3,19.6,22.8,10883314971788,515.004,40883314971789,B4,883314971781,883314971781,20.1,20.1,7.3,1.989,2.949,
V5833,TEMP DIWALI PARARISE BLUE SALAD BOWL12.5,LUMINARC,Dinnerware,£1.18,https://latabledarc.com/en/products/coupelle-12-5-cm-diwali-paradise-blue,https://cdn.shopify.com/s/files/1/0943/3553/3393/files/cd08c86a6fde855138067dc983a32665.jpg?v=1762444929,"Compact and elegant, the Diwali Paradise Blue 12.5 cm bowl is ideal for your appetizers, desserts or small side dishes.",LUMINARC,DIWALI PARADISE BLUE,RS6,PC,36,12.5,12.5,5.5,36,121.2,80.7,114.8,FLUO,DINNERWARE,DINNERWARE,SALADIER,15.432,"CPL MU 12,5 DIWALI PARADISE BLUE T",6.469,2268,0.17,6,FR,40.4,26.9,14.2,10883314971719,433.236,40883314971710,B6,883314971712,883314971712,12.5,12.5,5.5,1.02,0.859,
Q7147,TEMP DIWALI SALAD BOWL 12,LUMINARC,Dinnerware,£1.10,https://latabledarc.com/en/products/coupelle-blanche-12-cm-diwali-40-cl,https://cdn.shopify.com/s/files/1/0943/3553/3393/files/fd30ca15b804ab0e242fa4a075c76208_9c2fe857-3df9-4407-a18b-8c44bfb21ecc.jpg?v=1762447005,"Choose the 12cm Diwali white salad bowl from Luminarc
 This salad bowl proves to be both sturdy (an important characteristic for a product used often and regularly subjected to vigorous handling) and practical to use thanks to its light weight.",LUMINARC,DIWALI,RS6,PC,36,12.5,12.5,5.5,36,121.2,80.7,114.8,FLUO,DINNERWARE,DINNERWARE,SALADIER,15.432,COUPELLE 12 DIWALI T,7.915,2268,0.21,6,FR,40.4,26.9,14.2,10026102295783,524.334,40026102295784,B6,26102943571,26102943571,12.5,12.5,5.5,1.26,0.859,
N7648,TEMP DIWALI SERVICE DISH SCE 3P,LUMINARC,Cookware – Crockery,£12.42,,,,LUMINARC,SMART CUISINE DIWALI,SF1,SET,4,26.6,8.6,26.0,4,120.0,80.0,107.7,OPALE CULINAIRE,KITCHENWARE,COOKWARE,CUISSON,27.212,SCE 3P PLAT SMART CUISINE DIWALI T,9.661,120,2.346,0,FR,55.0,26.6,18.6,10883314678830,315.409,40883314678831,B4,883314678833,883314678833,,,,,,
V0361,TEMP DIWALI TABLE SET 19P,LUMINARC,Dinnerware,£23.86,,,,LUMINARC,DIWALI,SS1,SET,1,28.0,22.0,26.3,1,120.0,80.0,120.6,FLUO,DINNERWARE,DINNERWARE,SERVICE VAISSELLE,16.201,SCE 19P TABLE DIWALI T,7.101,56,7.101,0,FR,28.0,22.0,26.3,883314920000,424.742,40883314920008,,883314920000,883314920000,,,,,,
Q9700,TEMP EASY BOX RECTANGULAR+BLUE LID,LUMINARC,Storage,£6.79,,,,LUMINARC,EASY BOX,A6,PC,6,25.0,17.7,7.7,6,120.0,80.0,114.6,SODO,KITCHENWARE,STORAGE,CONSERVATION,25.603,BOITE RECT 197 EASY BOX +CV BLEU T,6.601,216,1.044,0,AE,38.5,26.6,25.0,10883314913948,263.13,40883314913949,,883314831313,883314831313,,,,,,
Q8228,TEMP EASY BOX SQUARE 250+BLUE LID,LUMINARC,Storage,£9.07,,,,LUMINARC,EASY BOX,A6,PC,6,23.9,23.0,8.0,6,120.0,80.0,116.5,SODO,KITCHENWARE,STORAGE,CONSERVATION,31.824,BOITE CARREE 250 EASY BOX +CV BLEU T,7.884,144,1.24,0,FR,48.0,26.0,25.5,10883314896678,214.604,40883314896679,,883314896671,883314896671,,,,,,
V9355,TEMP EAT & JOY BOWL 110 + ORANGE JOY LID,LUMINARC,Storage,£4.03,https://latabledarc.com/en/products/coupelle-110-cl-eat-joy-avec-couvercle-orange,https://cdn.shopify.com/s/files/1/0943/3553/3393/files/84a748599153e7bf553a5938a76a8be8.jpg?v=1762444921,"With a capacity of 110 cl, the Eat & Joy Cup is ideal for storing your dishes with ease.",LUMINARC,EAT & JOY,A6,PC,6,17.6,17.6,7.5,6,120.0,80.0,103.7,SODO,KITCHENWARE,STORAGE,CONSERVATION,15.554,COUPELLE 110 EAT & JOY +CV JOY ORANGE T,3.41,288,0.511,0,FR,37.3,18.7,22.3,10883314020707,189.647,40883314020708,,883314012613,883314012613,,,,,,
X1550,TEMP EAT & JOY BOWL 135 + L.TURQ JOY LID,LUMINARC,Storage,£4.59,,,,LUMINARC,EAT & JOY,A6,PC,6,19.3,19.3,7.3,6,120.0,80.0,105.0,SODO,KITCHENWARE,STORAGE,CONSERVATION,18.816,COUPELLE EAT & JOY +CV JOY L TURQUOISE T,3.996,240,0.601,0,FR,40.0,21.0,22.4,10883314073031,186.723,40883314073032,,883314020717,883314020717,,,,,,
V9348,TEMP EAT & JOY BOWL 80 + GREEN JOY LID,LUMINARC,Storage,£3.18,https://latabledarc.com/en/products/coupelle-80-cl-eat-joy-avec-couvercle-vert,https://cdn.shopify.com/s/files/1/0943/3553/3393/files/86cf50f391e3f236bf57919f131ecbdb.jpg?v=1762445003,The Eat & Joy 80cl bowl with a green lid is perfect for storing and presenting your culinary creations. Its generous capacity ensures optimal preservation.,LUMINARC,EAT & JOY,A6,PC,6,15.3,15.3,9.0,6,120.0,80.0,95.4,SODO,KITCHENWARE,STORAGE,CONSERVATION,13.088,COUPELLE 80 EAT & JOY +CV JOY VERT T,2.613,306,0.383,0,FR,30.6,15.9,26.9,10883314020639,159.292,40883314020630,,883314012606,883314012606,,,,,,
N6551,TEMP ESKALE TUMBLER OF 9,ARCOROC,Drinkware – Tumblers,£1.08,,,,ARCOROC,ESKALE,FA12,PC,48,6.2,6.2,6.5,48,120.0,80.0,99.3,SODO,DRINKWARE,DRINKWARE,GOBELET,17.543,GOBELET FB 9 ESKALE T,6.019,2016,0.11,12,FR,28.8,21.6,28.2,10883314667278,278.872,40883314667279,B4,883314667271,883314667271,6.2,6.2,13.5,1.32,3.801,883314674569
P1138,TEMP EVOLUTIONS BLACK PASTA PLATE 285,ARCOROC,Dinnerware,£2.93,,,,ARCOROC,EVOLUTIONS BLACK,RS6,PC,12,28.6,28.6,4.5,12,120.0,80.0,74.1,SODO,DINNERWARE,DINNERWARE,ASSIETTE,10.549,ASS A PATES 285 EVOLUTIONS BLACK NOIR T,8.041,624,0.646,6,FR,29.5,12.0,29.8,10883314717256,443.558,40883314717257,B2,883314717259,883314717259,28.6,28.6,4.5,3.876,3.668,883314717266
P1125,TEMP EVOLUTIONS GRANIT BOWL PLATE 190,ARCOROC,Dinnerware,£1.18,,,,ARCOROC,EVOLUTIONS GRANIT,RS6,PC,24,19.0,19.0,1.7,24,120.0,80.0,77.4,FLUO,DINNERWARE,DINNERWARE,ASSIETTE,5.826,ASSIETTE COUPE 190 EVOLUTIONS GRANIT T,6.173,2160,0.25,6,FR,20.2,13.8,20.9,10883314717010,581.134,40883314717011,B4,883314717013,883314717013,19.0,19.0,4.0,1.509,1.444,883314717020
P1123,TEMP EVOLUTIONS GRANIT BOWL PLATE 250,ARCOROC,Dinnerware,£1.27,,,,ARCOROC,EVOLUTIONS GRANIT,RS6,PC,24,25.0,25.0,1.7,24,120.0,80.0,68.5,FLUO,DINNERWARE,DINNERWARE,ASSIETTE,10.012,ASSIETTE COUPE 250 EVOLUTIONS GRANIT T,10.32,1152,0.42,6,FR,26.3,14.1,27.0,10883314716976,520.824,40883314716977,B4,883314716979,883314716979,25.0,25.0,4.1,2.531,2.563,883314716986
P1124,TEMP EVOLUTIONS GRANIT SOUP PLATE 200,ARCOROC,Dinnerware,£1.27,,,,ARCOROC,EVOLUTIONS GRANIT,RS6,PC,24,20.0,20.0,4.2,24,120.0,80.0,83.2,FLUO,DINNERWARE,DINNERWARE,ASSIETTE,9.519,ASSIETTE CREUSE 200 EVOLUTIONS GRANIT T,8.163,1440,0.33,6,FR,21.3,19.6,22.8,10883314716990,515.701,40883314716991,B4,883314716993,883314716993,20.1,20.1,7.3,1.99,1.68,883314717006
V1780,TEMP EVOLUTIONS SO STRIE PIZZA PL 320 R6,ARCOROC,Dinnerware,£16.35,,,,ARCOROC,EVOLUTIONS SOLUTIONS,RS6,R6,2,32.1,32.1,5.0,2,120.6,80.0,83.4,FLUO,DINNERWARE,DINNERWARE,ASSIETTE,10.967,ASS PIZZA 320 STRIEE EVOLUTIONS SO T R6,10.252,112,4.992,0,FR,33.6,9.6,34.0,10883314933328,602.364,40883314933336,B2,883314933321,883314933321,,,,,,
L2810,TEMP EVOLUTIONS SOLU PIZZA PLATE 32  R6,ARCOROC,Dinnerware,£16.35,,,,ARCOROC,EVOLUTIONS SOLUTIONS,RS6,R6,2,32.1,32.1,5.0,2,120.6,80.0,83.4,FLUO,DINNERWARE,DINNERWARE,ASSIETTE,10.967,ASS RONDE PIZZA 32 EVOLUTIONS SOLU T R6,8.514,112,4.123,0,FR,33.6,9.6,34.0,10883314508649,505.036,40883314508640,B2,883314510058,883314510058,,,,,,
N9361,TEMP EVOLUTIONS WHITE BOWL PLATE 250,ARCOROC,Dinnerware,£1.18,,,,ARCOROC,EVOLUTIONS WHITE,RS6,PC,24,25.0,25.0,1.7,24,120.0,80.0,68.5,FLUO,DINNERWARE,DINNERWARE,ASSIETTE,10.012,ASSIETTE COUPE 250 EVOLUTIONS WHITE T,10.316,1152,0.42,6,FR,26.3,14.1,27.0,10883314697848,520.585,40883314697849,B4,883314697841,883314697841,25.0,25.0,4.1,2.53,1.063,883314697858
N9360,TEMP EVOLUTIONS WHITE BOWL PLATE 270,ARCOROC,Dinnerware,£1.27,,,,ARCOROC,EVOLUTIONS WHITE,RS6,PC,24,27.3,27.3,1.8,24,120.0,80.0,72.9,FLUO,DINNERWARE,DINNERWARE,ASSIETTE,11.734,ASSIETTE COUPE 270 EVOLUTIONS WHITE T,12.244,960,0.5,6,FR,28.5,14.1,29.2,10883314697824,515.194,40883314697825,B4,883314697827,883314697827,27.3,27.3,1.8,3.0,1.342,883314697834
V1798,TEMP EVOLUTIONS WHITE DINNER 160,ARCOROC,Dinnerware,£1.06,,,,ARCOROC,EVOLUTIONS WHITE,RS6,PC,24,16.0,16.0,1.5,24,120.0,80.0,65.7,FLUO,DINNERWARE,DINNERWARE,ASSIETTE,3.641,ASSIETTE COUPE 160 EVOLUTIONS WHITE T,4.657,3024,0.19,6,FR,17.0,12.6,17.0,10883314933656,612.735,40883314933657,B4,,,16.0,16.0,1.5,1.14,0.371,883314933659
V2159,TEMP EVOLUTIONS WHITE M-PURPOSE BOWL 125,ARCOROC,Dinnerware,£1.10,,,,ARCOROC,EVOLUTIONS WHITE,RS6,PC,36,12.5,12.5,5.5,36,121.2,80.7,114.8,FLUO,DINNERWARE,DINNERWARE,SALADIER,15.432,COUPELLE 125 EVOLUTIONS WHITE T,7.921,2268,0.21,6,FR,40.4,26.9,14.2,10883314937227,524.712,40883314937228,B6,883314937220,883314937220,12.6,12.6,15.5,1.271,0.859,883314937237
P9772,TEMP EVOLUTIONS WHITE MP SOUP PLATE 210,ARCOROC,Dinnerware,£1.80,,,,ARCOROC,EVOLUTIONS WHITE,RS6,PC,12,21.2,21.2,4.0,12,120.0,80.4,106.6,FLUO,DINNERWARE,DINNERWARE,ASSIETTE,12.167,ASS CREUSE MU 210 EVOLUTIONS WHITE T,5.15,720,0.41,6,FR,23.0,23.0,23.0,10883314808282,334.859,40883314808283,B2,883314808285,883314808285,21.5,21.5,12.0,2.472,5.547,883314808292
N9364,TEMP EVOLUTIONS WHITE OVAL DISH 330X250,ARCOROC,Dinnerware,£3.62,,,,ARCOROC,EVOLUTIONS WHITE,RS6,PC,12,33.2,25.2,3.1,12,120.0,80.0,99.4,FLUO,DINNERWARE,DINNERWARE,PLAT,8.945,PLAT OVALE 330X250 EVOLUTIONS WHITE T,9.461,648,0.76,6,FR,35.3,14.0,18.1,10883314697909,536.458,40883314697900,B2,883314697902,883314697902,33.0,25.0,6.7,4.572,5.528,883314697919
N9397,TEMP EVOLUTIONS WHITE RAMEKIN 90,ARCOROC,Cookware – Crockery,£1.10,,,,ARCOROC,EVOLUTIONS WHITE,RS6,PC,36,9.5,9.5,4.6,36,120.0,80.0,108.7,FLUO,KITCHENWARE,COOKWARE,CUISSON,7.623,RAMEQUIN 90 EVOLUTIONS WHITE T,3.844,2592,0.1,6,FR,30.0,23.1,11.0,10883314698135,302.147,40883314698136,B6,883314698138,883314698138,9.5,9.5,11.5,0.609,1.038,883314698145
N9411,TEMP EVOLUTIONS WHITE SOUP PLATE 200,ARCOROC,Dinnerware,£1.18,,,,ARCOROC,EVOLUTIONS WHITE,RS6,PC,24,20.0,20.0,4.2,24,120.0,80.0,82.9,FLUO,DINNERWARE,DINNERWARE,ASSIETTE,9.519,ASSIETTE CREUSE 200 EVOLUTIONS WHITE T,8.163,1440,0.33,6,FR,21.3,19.6,22.8,10883314697862,515.144,40883314697863,B4,883314697865,883314697865,20.1,20.1,7.3,1.99,2.949,883314697872
N9362,TEMP EVOTUTIONS WHITE PLATE BOWL 190,ARCOROC,Dinnerware,£1.10,,,,ARCOROC,EVOLUTIONS WHITE,RS6,PC,24,19.0,19.0,1.7,24,120.0,80.0,71.7,FLUO,DINNERWARE,DINNERWARE,ASSIETTE,5.258,ASSIETTE COUPE 190 EVOLUTIONS WHITE T,6.173,2160,0.25,6,FR,20.5,13.5,19.0,10883314697886,581.487,40883314697887,B4,883314697889,883314697889,19.0,19.0,4.0,1.509,1.444,883314697896
X0642,TEMP F.DELFT SOUP PLATE 225,ARCOROC,Dinnerware,£3.47,,,,ARCOROC,F.DELFT REST/HOT BL,RS6,PC,12,22.6,22.6,3.5,12,120.0,80.0,88.7,FLUO,DINNERWARE,DINNERWARE,ASSIETTE,7.171,ASSIETTE CREUSE 225 F.DELFT T,6.414,1080,0.52,6,FR,23.7,12.3,24.6,10883314051121,603.528,40883314051122,B2,,,22.6,22.6,7.5,3.125,3.831,26102557594
X0615,TEMP FILET BORDEAUX SOUP PLATE 225,ARCOROC,Dinnerware,£4.16,,,,ARCOROC,F.BORDEAUX,RS6,PC,12,22.6,22.6,3.5,12,120.0,80.0,88.7,FLUO,DINNERWARE,DINNERWARE,ASSIETTE,7.171,ASSIETTE CREUSE 225 FILET BORDEAUX T,6.414,1080,0.52,6,FR,23.7,12.3,24.6,10883314050179,603.528,40883314050170,B2,,,22.6,22.6,7.5,3.125,3.831,26102501795
V2748,TEMP FLASHY  GREEN LEAF  CUP 8,LUMINARC,Hot Drinks / Breakfast – Beverage Service,£1.62,https://latabledarc.com/en/products/tasse-8-cl-vert-flashy,https://cdn.shopify.com/s/files/1/0943/3553/3393/files/901846ae87f0f11300e57460cf4ed6fe.jpg?v=1762447500,"Treat yourself to a moment of freshness with the 8cl Flashy Green Cup from Luminarc.
 Its sage green hue and modern style make this mug the perfect accessory to start the day with energy. A must-have for nature and vitality lovers.",LUMINARC,FLASHY,IR12,PC,24,7.6,7.6,6.5,24,120.0,80.0,116.7,SODO,HOT DRINKS / BREAKFA,HOT DRINKS / BREAKFA,TASSE / SOUS-TASSE,9.045,TASSE 8 FLASHY GREEN LEAF T,2.597,2352,0.095,12,FR,29.5,21.0,14.6,10883314942535,279.9,40883314942536,B2,883314942538,883314942538,28.4,20.1,6.5,1.23,0.373,
V2755,TEMP FLASHY ASTRAL RED  MUG 25,LUMINARC,Hot Drinks / Breakfast – Beverage Service,£1.70,https://latabledarc.com/en/products/mug-25-cl-rouge-flashy,https://cdn.shopify.com/s/files/1/0943/3553/3393/files/5fbbbcf509cc489f440a51909890ac51.jpg?v=1762446503,"Apportez une touche de dynamisme à vos moments de détente avec le Mug 25 cl Rouge Flashy de la marque Luminarc. 
  Sa couleur rouge éclatante et son style contemporain en font l'accessoire parfait pour commencer la journée avec énergie. Un indispensable pour les amateurs de boissons chaudes.",LUMINARC,FLASHY,A6,PC,6,10.4,10.4,9.2,6,120.0,80.0,120.5,SODO,HOT DRINKS / BREAKFA,HOT DRINKS / BREAKFA,BOL / MUG (PTT DEJEUNER),4.612,MUG 25 FLASHY ASTRAL RED T,1.495,1260,0.23,0,FR,25.9,16.8,10.6,10883314942603,339.644,40883314945124,,883314942606,883314942606,,,,,,
V2753,TEMP FLASHY ASTRAL RED CUP 8,LUMINARC,Hot Drinks / Breakfast – Beverage Service,£1.62,https://latabledarc.com/en/products/tasse-8-cl-rouge-flashy,https://cdn.shopify.com/s/files/1/0943/3553/3393/files/dd9a6355fc35a72dca4c5f60b8705af5.jpg?v=1762447491,"Add a touch of passion to your everyday life with the 8cl Flashy Red Mug from Luminarc.
 Its vibrant red color and modern design make it the ideal accessory for dynamic coffee breaks. Perfect for those who like to start the day with energy and style.",LUMINARC,FLASHY,IR12,PC,24,7.6,7.6,6.5,24,120.0,80.0,116.7,SODO,HOT DRINKS / BREAKFA,HOT DRINKS / BREAKFA,TASSE / SOUS-TASSE,9.045,TASSE 8 FLASHY ASTRAL RED T,2.597,2352,0.095,12,FR,29.5,21.0,14.6,10883314942580,279.9,40883314942581,B2,883314942583,883314942583,28.4,20.1,6.7,1.23,3.825,
V2966,TEMP FLASHY BLACK BOWL 50,LUMINARC,Hot Drinks / Breakfast – Crockery,£2.05,https://latabledarc.com/en/products/bol-50-cl-noir-flashy,https://cdn.shopify.com/s/files/1/0943/3553/3393/files/a9c50463ffacb3d9de1776fafb757662.webp?v=1776411897,"Add a touch of sophistication to your table with the 50cl Flashy Black Bowl from Luminarc.
  Its elegant design and deep black color make this bowl a versatile and modern choice, ideal for soups, salads, and other culinary delights. A must-have for a chic, contemporary table setting.",LUMINARC,FLASHY,A6,PC,6,13.2,13.2,6.8,6,120.0,80.0,118.8,SODO,HOT DRINKS / BREAKFA,HOT DRINKS / BREAKFA,BOL / MUG (PTT DEJEUNER),4.44,BOL 50 FLASHY BLACK T,1.617,1344,0.245,0,FR,20.0,14.9,14.9,10883314945147,387.802,40883314945148,,883314945140,883314945140,,,,,,
V2751,TEMP FLASHY BLACK CUP 8,LUMINARC,Hot Drinks / Breakfast – Beverage Service,£1.62,https://latabledarc.com/en/products/tasse-8-cl-noire-flashy,https://cdn.shopify.com/s/files/1/0943/3553/3393/files/9b44a4e0f7afa14511d646c4093a44d1.jpg?v=1762447487,"Opt for timeless elegance with the 8 cl Black Flashy Cup from Luminarc.
 Its minimalist design and deep black hue bring a touch of modernity to your tableware. Perfect for a sophisticated and elegant coffee experience.",LUMINARC,FLASHY,IR12,PC,24,7.6,7.6,6.5,24,120.0,80.0,116.7,SODO,HOT DRINKS / BREAKFA,HOT DRINKS / BREAKFA,TASSE / SOUS-TASSE,9.045,TASSE 8 FLASHY BLACK T,2.597,2352,0.095,12,FR,29.5,21.0,14.6,10883314942566,279.9,40883314942567,B2,883314942569,883314942569,28.4,20.1,6.7,1.23,3.825,
V2922,TEMP FLASHY BLACK MUG 25,LUMINARC,Hot Drinks / Breakfast – Beverage Service,£1.70,https://latabledarc.com/en/products/mug-25-cl-noir-flashy,https://cdn.shopify.com/s/files/1/0943/3553/3393/files/25ef813f332217f1f1ae69a94eb50eaa.webp?v=1776417096,"Optez pour la sophistication avec le Mug 25 cl Noir Flashy de la marque Luminarc. 
  Son design sobre et sa teinte noire intense en font un classique intemporel. Parfait pour déguster vos cafés, thés et autres boissons chaudes avec une élégance moderne.",LUMINARC,FLASHY,A6,PC,6,10.4,10.4,9.2,6,120.0,80.0,120.5,SODO,HOT DRINKS / BREAKFA,HOT DRINKS / BREAKFA,BOL / MUG (PTT DEJEUNER),4.612,MUG 25 FLASHY BLACK T,1.495,1260,0.23,0,FR,25.9,16.8,10.6,10883314944522,339.644,40883314944523,,883314944525,883314944525,,,,,,
V2968,TEMP FLASHY CHOCOLATE BOWL 50,LUMINARC,Hot Drinks / Breakfast – Beverage Service,£2.05,https://latabledarc.com/en/products/bol-50-cl-chocolat-flashy,https://cdn.shopify.com/s/files/1/0943/3553/3393/files/a6fc86caf2006fae4b25d69762082480.webp?v=1776351748,"Add warmth to your meals with the Luminarc Flashy Chocolate 50cl Bowl.
 Its rich and inviting chocolate hue is ideal for enjoying your soups, cereals, and comforting dishes. A perfect choice for those who appreciate a warm and inviting atmosphere.",LUMINARC,FLASHY,A6,PC,6,13.2,13.2,6.8,6,120.0,80.0,118.8,SODO,HOT DRINKS / BREAKFA,HOT DRINKS / BREAKFA,BOL / MUG (PTT DEJEUNER),4.44,BOL 50 FLASHY CHOCOLATE T,1.617,1344,0.245,0,FR,20.0,14.9,14.9,10883314945161,387.802,40883314945162,,883314945164,883314945164,,,,,,
V2747,TEMP FLASHY CHOCOLATE CUP 8,LUMINARC,Hot Drinks / Breakfast – Beverage Service,£1.62,https://latabledarc.com/en/products/tasse-8-cl-chocolat-flashy,https://cdn.shopify.com/s/files/1/0943/3553/3393/files/94aafcc9340ca799c20c2895a09beb90_c86fed9f-ef4d-43f0-931c-a7729f519929.jpg?v=1762447457,"Add a touch of sweetness to your mug collection with the 8cl Flashy Chocolate Mug from Luminarc.
 Its elegant design and rich chocolate color will add a warm touch to your coffee breaks. Perfect for lovers of short, flavorful drinks.",LUMINARC,FLASHY,IR12,PC,24,7.6,7.6,6.5,24,120.0,80.0,116.7,HIGH TRANSPARENCY,HOT DRINKS / BREAKFA,HOT DRINKS / BREAKFA,TASSE / SOUS-TASSE,9.045,TASSE 8 FLASHY CHOCOLATE T,2.597,2352,0.095,12,FR,29.5,21.0,14.6,10883314942528,279.9,40883314942529,B2,883314942521,883314942521,28.4,20.1,6.7,1.23,3.825,
V2924,TEMP FLASHY CHOCOLATE MUG 25,LUMINARC,Hot Drinks / Breakfast – Beverage Service,£1.70,https://latabledarc.com/en/products/mug-25-cl-chocolat-flashy,https://cdn.shopify.com/s/files/1/0943/3553/3393/files/47a5fad0a568b8805d11f538ec184469.jpg?v=1762446452,"Savourez vos boissons préférées avec le Mug 25 cl Chocolat Flashy de la marque Luminarc. 
  Sa teinte chocolat riche et chaleureuse est parfaite pour apporter une note gourmande à vos moments de détente. Un choix idéal pour les amateurs de boissons chaudes réconfortantes.",LUMINARC,FLASHY,A6,PC,6,10.4,10.4,9.2,6,120.0,80.0,120.5,SODO,HOT DRINKS / BREAKFA,HOT DRINKS / BREAKFA,BOL / MUG (PTT DEJEUNER),4.612,MUG 25 FLASHY CHOCOLATE T,1.495,1260,0.23,0,FR,25.9,16.8,10.6,10883314944546,339.644,40883314944547,,883314944549,883314944549,,,,,,
X2282,TEMP FLASHY COLORS BLUE HAZE CUP 24,LUMINARC,Hot Drinks / Breakfast – Beverage Service,,https://latabledarc.com/en/products/tasse-24-flashy-colors-blue-haze,https://cdn.shopify.com/s/files/1/0943/3553/3393/files/41b31f9d0fadc5b0dc6eac392e8d5441.webp?v=1770652750,"A soft and shadowy shade for your hot drinks
Specially designed to hold your long coffees, cappuccinos, teas, infusions, or hot chocolates, the Flashy Colors Blue Haze 24 cl mug offers a generous volume suitable for all your gourmet desires throughout the day.
Its misty blue hue with subtle reflections brings contemporary and soothing charm to your breakfast table or your relaxing moments. Developed by the Arc glass group, this mug combines the elegance of glass with a high-resistance colored coating designed to last.
Ergonomic, practical, and durable
Its wide and comfortable handle ensures a secure and pleasant grip. Made of high-quality glass, it is designed to withstand thermal shocks (boiling drinks) and minor daily mechanical impacts. Its healthy and non-porous material retains neither odors nor stains and is easily maintained in the dishwasher.
Highlights & Selling Points
• Generous capacity of 24 cl: Versatile size ideal for tea, long coffee, cappuccino, hot chocolate, and large infusions.
• Elegant ""Blue Haze"" shade: A deep and nuanced blue designed to resist frequent washing without losing its shine.
• 100% Healthy & Hygienic Glass: Non-porous, lead-free material, healthy and taste-neutral to preserve all the flavors of your drinks.
• Thermal and mechanical resistance: Solid design intended to withstand the heat of hot drinks and daily handling.
• Ultra-easy maintenance: Dishwasher and microwave safe.
• Quality Manufacturing & Eco-responsible Material: Developed according to the standards of the Arc glass group and made of 100% recyclable glass.
Main Features
• Brand / Collection: Luminarc / Arc (La Table d'Arc) – Flashy Colors Collection
• Model & Style: Tea cup / Breakfast cup / Mug with handle
• Color: Blue Haze (Misty blue / Grey blue)
• Capacity: 24 cl (240 ml)
• Material: Glass (healthy and 100% recyclable)
• Care: Dishwasher and microwave safe
• Origin: Made in the United Arab Emirates
Serving Ideas & Pairing Tips
• Modern & Minimalist Ambiance: Pair this large misty blue mug with concrete grey, white, or matte ceramic dinnerware for a very contemporary breakfast.
• Harmonious Mix & Match Spirit: Mix it with the Mint Ice or Cashmere Blush variations from the Flashy Colors range for a soft and elegant pastel ensemble on the table.",LUMINARC,FLASHY COLORS,IR12,PC,24,8.5,8.5,8.6,24,120.0,80.0,110.4,SODO,HOT DRINKS / BREAKFA,HOT DRINKS / BREAKFA,TASSE / SOUS-TASSE,21.766,TASSE 24 FLASHY COLORS BLUE HAZE T,5.29,960,0.195,12,AE,38.5,29.6,19.1,10883314093220,238.531,40883314093221,B2,883314093223,883314093223,36.8,27.6,8.9,2.442,9.04,
X2307,TEMP FLASHY COLORS BLUE HAZE CUP 9,LUMINARC,Hot Drinks / Breakfast – Beverage Service,,https://latabledarc.com/en/products/tasse-9-flashy-colors-blue-haze,https://cdn.shopify.com/s/files/1/0943/3553/3393/files/81ca66f084813a1f46841d0af5918001.webp?v=1770715410,"Une nuance douce et ténébreuse pour vos pauses café
Spécialement pensée pour sublimer vos espressos, ristrettos ou petits macchiatos, la tasse Flashy Colors Blue Haze 9 cl offre la contenance idéale pour vos dégustations quotidiennes.
Sa teinte bleu brumeux aux reflets subtils apporte un charme contemporain et apaisant à votre table de petit-déjeuner ou à vos fins de repas. Élaborée par le groupe verrier Arc, cette tasse associe l'élégance du verre à un revêtement coloré haute résistance conçu pour durer.
Ergonomique, pratique et durable
Sa anse parfaitement proportionnée garantit une prise en main sûre et agréable. Fabriquée en verre de haute qualité, elle est conçue pour résister aux chocs thermiques (boissons très chaudes) et mécaniques légers du quotidien. Sa matière saine et non poreuse ne retient ni les odeurs ni les taches, et s'entretient en toute simplicité au lave-vaisselle.
Points Forts & Arguments Vente
• Contenance idéale de 9 cl : Format parfaitement adapté pour les espressos, ristrettos, cafés doubles ou petites boissons chaudes.
• Teinte ""Blue Haze"" élégante : Un bleu doux et nuancé conçu pour résister aux lavages fréquents sans perdre son éclat.
• 100 % Verre sain & hygiénique : Matériau non poreux, sans plomb, respectueux de la santé et neutre en goût pour préserver tous les arômes du café.
• Résistance thermique et mécanique : Conception solide pensée pour résister à la chaleur des boissons chaudes et aux manipulations quotidiennes.
• Entretien ultra-facile : Compatible avec le lave-vaisselle (domestique et professionnel).
• Fabrication de qualité & Matériau écoresponsable : Élaborée selon les standards du groupe verrier Arc et composée d'un verre 100 % recyclable.
Caractéristiques Principales
• Marque / Collection : Luminarc / Arc (La Table d'Arc) – Collection Flashy Colors
• Modèle & Style : Tasse à espresso / Tasse à café avec anse
• Couleur : Blue Haze (Bleu brume / Bleu gris)
• Contenance : 9 cl (90 ml)
• Matière : Verre  (sain et 100% recyclable)
• Entretien : Compatible lave-vaisselle et micro-ondes
• Origine : Fabriqué aux Émirats arabes unis
Idées de Dressage & Conseils d'Association
• Ambiance Moderne & Épurée : Associez cette tasse bleu brume à de la vaisselle gris béton, blanche ou en céramique mate pour une pause café très contemporaine.
• Esprit Mix & Match Harmonie : Mélangez-la avec les déclinaisons Mint Ice ou Cashmere Blush de la gamme Flashy Colors pour un ensemble pastel doux et élégant autour de la table.",LUMINARC,FLASHY COLORS,IR12,PC,24,6.2,6.2,6.4,24,120.0,80.0,116.2,SODO,HOT DRINKS / BREAKFA,HOT DRINKS / BREAKFA,TASSE / SOUS-TASSE,9.387,TASSE 9 FLASHY COLORS BLUE HAZE T,2.398,2184,0.085,12,AE,28.9,22.4,14.5,10883314104285,245.199,40883314104286,B2,883314104288,883314104288,27.4,20.6,6.7,1.084,3.782,
X2310,TEMP FLASHY COLORS CASHMERE BLUSH CUP 9,LUMINARC,Hot Drinks / Breakfast – Beverage Service,,https://latabledarc.com/en/products/tasse-9-flashy-colors-cashmere-blush,https://cdn.shopify.com/s/files/1/0943/3553/3393/files/85daa4ed5c9c74e6c2391eb36056a4d7.webp?v=1770654157,,LUMINARC,FLASHY COLORS,IR12,PC,24,6.2,6.2,6.4,24,120.0,80.0,116.2,SODO,HOT DRINKS / BREAKFA,HOT DRINKS / BREAKFA,TASSE / SOUS-TASSE,9.451,TASSE 9 FLASHY COLORS CASHMERE BLUSH T,2.398,2184,0.085,12,AE,28.9,22.4,14.6,10883314104308,245.199,40883314104309,B2,883314104301,883314104301,27.4,20.6,6.7,1.084,3.782,
X2283,TEMP FLASHY COLORS MINT HAZE CUP 24,LUMINARC,Hot Drinks / Breakfast – Beverage Service,,https://latabledarc.com/en/products/tasse-24-flashy-colors-mint-ice,https://cdn.shopify.com/s/files/1/0943/3553/3393/files/70aee583031952ed067e95e7db10e270.webp?v=1770655381,"A refreshing, minty shade for your hot beverages
Specifically designed to hold your long coffees, cappuccinos, teas, infusions, or hot chocolates, the Flashy Colors Mint Ice 24 cl mug offers a generous volume suitable for all your daily gourmet desires.
Its iced mint color brings a soft pastel and contemporary touch to your breakfast table or your moments of relaxation. Developed by the glass group Arc, this mug combines the elegance of glass with a highly resistant colored coating designed to last.
Ergonomic, practical, and durable
Its wide and comfortable handle ensures a secure and pleasant grip. Made of high-quality glass, it is designed to withstand thermal shocks (boiling drinks) and light everyday mechanical impacts. Its healthy and non-porous material retains neither odors nor stains and is easily cleaned in the dishwasher.
Highlights & Selling Points
• Generous capacity of 24 cl: Versatile size ideal for tea, long coffee, cappuccino, hot chocolate, and large infusions.
• Luminous ""Mint Ice"" shade: A soft and refreshing mint green designed to withstand frequent washing without losing its luster.
• 100% Healthy & hygienic glass: Non-porous, lead-free material, healthy and taste-neutral to preserve all the flavors of your beverages.
• Thermal and mechanical resistance: Solid design intended to withstand the heat of hot beverages and daily handling.
• Ultra-easy maintenance: Dishwasher and microwave safe.
• Quality manufacturing & Eco-responsible material: Developed according to the standards of the Arc glass group and made of 100% recyclable glass.
Main Characteristics
• Brand / Collection: Luminarc / Arc (La Table d'Arc) – Flashy Colors Collection
• Model & Style: Tea cup / Breakfast cup / Mug with handle
• Color: Mint Ice (Mint green / Frosted mint)
• Capacity: 24 cl (240 ml)
• Material: Glass (healthy and 100% recyclable)
• Care: Dishwasher and microwave safe
• Origin: Made in the United Arab Emirates
Serving Ideas & Pairing Tips
• Soft & Scandinavian Ambiance: Pair this large mint mug with white or light wood tableware for a refined, soothing, and trendy tea or coffee break.
• Zesty Mix & Match Spirit: Mix it with other colors from the Flashy Colors range (like Terracotta) to create a dynamic, complete, and colorful table setting.",LUMINARC,FLASHY COLORS,IR12,PC,24,8.5,8.5,8.6,24,120.0,80.0,110.4,SODO,HOT DRINKS / BREAKFA,HOT DRINKS / BREAKFA,TASSE / SOUS-TASSE,21.766,TASSE 24 FLASHY COLORS MINT ICE T,5.29,960,0.195,12,AE,38.5,29.6,19.1,10883314093282,237.171,40883314093283,B2,883314093285,883314093285,36.8,27.6,8.9,2.442,9.04,
X2308,TEMP FLASHY COLORS MINT ICE CUP 9,LUMINARC,Hot Drinks / Breakfast – Beverage Service,,https://latabledarc.com/en/products/tasse-9-flashy-colors-mint-ice,https://cdn.shopify.com/s/files/1/0943/3553/3393/files/70aee583031952ed067e95e7db10e270_0adca10f-934e-47d0-a746-f31590a4223a.webp?v=1770715201,"Une nuance mentholée et rafraîchissante pour vos pauses café
Spécialement pensée pour sublimer vos espressos, ristrettos ou petits macchiatos, la tasse Flashy Colors Mint Ice 9 cl propose la contenance idéale pour vos dégustations quotidiennes.
Sa couleur menthe glacée apporte une note de douceur pastelle et contemporaine à votre table de petit-déjeuner ou à vos fins de repas. Élaborée par le groupe verrier Arc, cette tasse associe la transparence du verre à un revêtement coloré haute résistance conçu pour durer.
Ergonomique, pratique et durable
Sa anse ergonomique garantit une prise en main sûre et agréable. Fabriquée en verre de haute qualité, elle résiste parfaitement aux chocs thermiques (boissons très chaudes) ainsi qu'aux manipulations quotidiennes. Sa matière saine et non poreuse ne retient ni les odeurs ni les taches, et se nettoie en toute simplicité au lave-vaisselle.
Points Forts & Arguments Vente
• Contenance idéale de 9 cl : Format parfaitement adapté pour les espressos, ristrettos, cafés doubles ou petites boissons chaudes.
• Teinte ""Mint Ice"" lumineuse : Un vert menthe doux et rafraîchissant conçu pour résister aux lavages fréquents sans perdre son éclat.
• 100 % Verre sain & hygiénique : Matériau non poreux, sans plomb, respectueux de la santé et neutre en goût pour préserver tous les arômes du café.
• Résistance thermique et mécanique : Conception solide pensée pour résister à la chaleur des boissons chaudes et aux chocs légers.
• Entretien ultra-facile : Compatible avec le lave-vaisselle (domestique et professionnel).
• Fabrication de qualité & Matériau écoresponsable : Élaborée selon les standards du groupe verrier Arc et composée d'un verre 100 % recyclable.
Caractéristiques Principales
• Marque / Collection : Luminarc / Arc (La Table d'Arc) – Collection Flashy Colors
• Modèle & Style : Tasse à espresso / Tasse à café avec anse
• Couleur : Mint Ice (Vert menthe / Menthe givrée)
• Contenance : 9 cl (90 ml)
• Matière : Verre teinté de haute qualité (sain et 100% recyclable)
• Entretien : Compatible lave-vaisselle et micro-ondes
• Origine : Fabriqué aux Émirats arabes unis
Idées de Dressage & Conseils d'Association
• Ambiance Douce & Scandinave : Associez cette tasse menthe à de la vaisselle blanche ou en bois clair pour une pause café épurée, apaisante et tendance.
• Esprit Mix & Match Acidulé : Mélangez-la avec les autres coloris de la gamme Flashy Colors (comme Terracotta Ember) pour composer un service à café dynamique et haut en couleur.",LUMINARC,FLASHY COLORS,IR12,PC,24,6.2,6.2,6.4,24,120.0,80.0,116.2,SODO,HOT DRINKS / BREAKFA,HOT DRINKS / BREAKFA,TASSE / SOUS-TASSE,9.451,TASSE 9 FLASHY COLORS MINT ICE T,2.398,2184,0.085,12,AE,28.9,22.4,14.6,10883314104292,245.199,40883314104293,B2,883314104295,883314104295,27.4,20.6,6.7,1.084,3.782,
X2311,TEMP FLASHY COLORS TERRACOTTA EMBER CUP9,LUMINARC,Hot Drinks / Breakfast – Beverage Service,,https://latabledarc.com/en/products/tasse-9-flashy-colors-terracotta,https://cdn.shopify.com/s/files/1/0943/3553/3393/files/4e7a8bc4c0e9444922087ec5b8d462bd.webp?v=1770713116,"A warm and trendy shade for your coffee breaks
Specially designed to reveal the full intensity of your short coffees, espressos or macchiatos, the 9 cl Flashy Terracotta cup offers the ideal capacity for your daily tastings.
Its Terracotta shade with coppery and earthy accents brings natural and contemporary charm to your breakfast table or your end-of-meal occasions. Developed by the Arc glass group, this cup combines the elegance of glass with a high-resistance colored coating designed to last.
Ergonomic, practical and durable
Its perfectly proportioned handle ensures a safe and comfortable grip. Made of high-quality glass, it is designed to withstand thermal shocks (very hot drinks) and light mechanical daily use. Its healthy and non-porous material does not retain odors or stains, and is easily cleaned in the dishwasher.
Highlights & Sales Arguments
• Ideal capacity of 9 cl: Perfectly suited for espressos, ristrettos, double coffees or small hot drinks.
• Warm ""Terracotta"" shade: An intense and bright terracotta color designed to withstand frequent washing without losing its shine.
• 100% healthy & hygienic glass: Non-porous, lead-free material, healthy and neutral in taste to preserve all the aromas of coffee.
• Thermal and mechanical resistance: Solid design intended to withstand the heat of hot drinks and daily handling.
• Ultra-easy maintenance: Dishwasher safe (domestic and professional).
• Quality manufacturing & Eco-responsible material: Developed according to the standards of the Arc glass group and made of 100% recyclable glass.
Main Characteristics
• Brand / Collection: Luminarc / Arc (La Table d'Arc) – Flashy Collection
• Model & Style: Espresso cup / Coffee cup with handle
• Color: Terracotta (Terracotta / Coppery)
• Capacity: 9 cl (90 ml)
• Material: Glass and color spraying (healthy and 100% recyclable)
• Maintenance: Dishwasher and microwave safe
• Origin: Made in the United Arab Emirates
Styling Ideas & Pairing Tips
• Natural & Warm Ambiance: Pair this terracotta cup with a light wood saucer or tableware in sand and beige tones for a cozy and rustic chic coffee break.
• Playful Mix & Match Spirit: Mix it with other colors from the Flashy range to create a dynamic and colorful coffee set that will charm your guests.",LUMINARC,FLASHY COLORS,IR12,PC,24,6.2,6.2,6.4,24,120.0,80.0,116.2,SODO,HOT DRINKS / BREAKFA,HOT DRINKS / BREAKFA,TASSE / SOUS-TASSE,9.451,TASSE 9 FLASHY COLORS TERRACOTTA EMBER T,2.398,2184,0.085,12,AE,28.9,22.4,14.6,10883314104322,245.199,40883314104323,B2,883314104325,883314104325,27.4,20.6,6.7,1.084,3.782,
V3171,TEMP FLASHY CUP 8        C4,LUMINARC,Hot Drinks / Breakfast – Beverage Service,£7.72,,,,LUMINARC,FLASHY,C4,C4,6,18.9,7.5,6.6,6,120.0,80.0,115.3,SODO,HOT DRINKS / BREAKFA,HOT DRINKS / BREAKFA,TASSE / SOUS-TASSE,6.768,TASSE 8 FLASHY C4 T,2.748,840,0.434,0,FR,23.5,20.0,14.4,10883314947677,410.307,40883314947678,B6,883314947670,883314947670,,,,,,
V2967,TEMP FLASHY GOLD BOWL 50,LUMINARC,Hot Drinks / Breakfast – Crockery,£2.05,https://latabledarc.com/en/products/bol-50-cl-gold-flashy,https://cdn.shopify.com/s/files/1/0943/3553/3393/files/c1650c59a6cf402d77fcfe6a9182a1b9.webp?v=1776411074,"Elevate your meals with the Luminarc Gold Flashy 50cl Bowl.
 Its gleaming gold finish adds a touch of luxury and glamour to your culinary presentations. Perfect for special occasions or for adding a sophisticated touch to your everyday life.",LUMINARC,FLASHY,A6,PC,6,13.2,13.2,6.8,6,120.0,80.0,118.8,SODO,HOT DRINKS / BREAKFA,HOT DRINKS / BREAKFA,BOL / MUG (PTT DEJEUNER),4.44,BOL 50 FLASHY NEO GOLD T,1.617,1344,0.245,0,FR,20.0,14.9,14.9,10883314945154,387.802,40883314945155,,883314945157,883314945157,,,,,,
V2964,TEMP FLASHY GREEN  LEAF MUG 25,LUMINARC,Hot Drinks / Breakfast – Beverage Service,£1.70,https://latabledarc.com/en/products/mug-25-cl-vert-flashy,https://cdn.shopify.com/s/files/1/0943/3553/3393/files/08ae9d15d2c7c805ac3d25005eae412f.jpg?v=1762446518,"Offrez-vous un moment de fraîcheur avec le Mug 25 cl Vert Flashy de la marque Luminarc. 
  Sa couleur verte vibrante et son design moderne dynamisent votre journée. Idéal pour les pauses revigorantes et les amateurs de nature.",LUMINARC,FLASHY,A6,PC,6,10.4,10.4,9.2,6,120.0,80.0,120.5,SODO,HOT DRINKS / BREAKFA,HOT DRINKS / BREAKFA,BOL / MUG (PTT DEJEUNER),4.612,MUG 25 FLASHY GREEN LEAF T,1.495,1260,0.23,0,FR,25.9,16.8,10.6,10883314945123,339.644,40883314945124,,883314945126,883314945126,,,,,,
V2970,TEMP FLASHY GREEN LEAF BOWL 50,LUMINARC,Hot Drinks / Breakfast – Crockery,£2.05,https://latabledarc.com/en/products/bol-50-cl-vert-flashy,https://cdn.shopify.com/s/files/1/0943/3553/3393/files/18888064763a497e2c1ee0412cfd03e3_0a840d72-4d5e-475d-9687-7128e5220599.jpg?v=1762444524,"Awaken your senses with the 50cl Flashy Green Bowl from Luminarc.
 Its vibrant green hue and modern design energize your meals and add a touch of freshness to your table. Perfect for nature and vitality lovers.",LUMINARC,FLASHY,A6,PC,6,13.2,13.2,6.8,6,120.0,80.0,118.8,SODO,HOT DRINKS / BREAKFA,HOT DRINKS / BREAKFA,BOL / MUG (PTT DEJEUNER),4.44,BOL 50 FLASHY GREEN LEAF T,1.617,1344,0.245,0,FR,20.0,14.9,14.9,10883314945185,387.802,40883314945186,,883314945188,883314945188,,,,,,
V2969,TEMP FLASHY LATTE BOWL 50,LUMINARC,Hot Drinks / Breakfast – Beverage Service,£2.05,https://latabledarc.com/en/products/bol-50-cl-latte-flashy,https://cdn.shopify.com/s/files/1/0943/3553/3393/files/6be26308732b95d2c548c4fbc1b46609.webp?v=1776411416,"Discover the smoothness of the 50cl Flashy Latte Bowl from the Luminarc brand.
 With its delicate cream color, this bowl is perfect for all your culinary creations. Ideal for convivial moments around a good meal, it brings a touch of simplicity and elegance to your table.",LUMINARC,FLASHY,A6,PC,6,13.2,13.2,6.8,6,120.0,80.0,118.8,SODO,HOT DRINKS / BREAKFA,HOT DRINKS / BREAKFA,BOL / MUG (PTT DEJEUNER),4.44,BOL 50 FLASHY LATTE T,1.617,1344,0.245,0,FR,20.0,14.9,14.9,10883314945178,387.802,40883314945179,,883314945171,883314945171,,,,,,
V2752,TEMP FLASHY LATTE CUP 8,LUMINARC,Hot Drinks / Breakfast – Beverage Service,£1.62,https://latabledarc.com/en/products/tasse-8-cl-latte-flashy,https://cdn.shopify.com/s/files/1/0943/3553/3393/files/4bd19994f796ee5fcfd84b57d05ae359_01aaa0ce-1629-4769-bfc7-0156187fc630.jpg?v=1762447470,"Discover the smooth taste of the 8cl Flashy Latte Cup from the Luminarc brand.
  With its delicate cream color, this cup is ideal for relaxing and socializing. Perfect for lovers of lattes and other milk-based drinks.",LUMINARC,FLASHY,IR12,PC,24,7.6,7.6,6.5,24,120.0,80.0,116.7,HIGH TRANSPARENCY,HOT DRINKS / BREAKFA,HOT DRINKS / BREAKFA,TASSE / SOUS-TASSE,9.045,TASSE 8 FLASHY LATTE T,2.597,2352,0.095,12,FR,29.5,21.0,14.6,10883314942573,279.9,40883314942574,B2,883314942576,883314942576,28.4,20.1,6.7,1.23,3.825,
V2754,TEMP FLASHY LATTE MUG 25,LUMINARC,Hot Drinks / Breakfast – Beverage Service,£1.70,https://latabledarc.com/en/products/mug-25-cl-latte-flashy,https://cdn.shopify.com/s/files/1/0943/3553/3393/files/33b568f61ec182ba9e5975029c39772f.webp?v=1776415050,"Discover the 25cl Flashy Latte Mug from Luminarc, perfect for your coffee or tea breaks.
  Its delicate cream hue and sleek design add a touch of softness to your everyday life. Ideal for enjoying your favorite drinks with elegance and comfort.",LUMINARC,FLASHY,A6,PC,6,10.4,10.4,9.2,6,120.0,80.0,120.5,SODO,HOT DRINKS / BREAKFA,HOT DRINKS / BREAKFA,BOL / MUG (PTT DEJEUNER),4.612,MUG 25 FLASHY LATTE T,1.495,1260,0.23,0,FR,25.9,16.8,10.6,10883314942597,339.644,40883314942598,,883314942590,883314942590,,,,,,
V2971,TEMP FLASHY LAVENDER BOWL 50,LUMINARC,Hot Drinks / Breakfast – Crockery,£2.05,https://latabledarc.com/en/products/bol-50-cl-lavande-flashy,https://cdn.shopify.com/s/files/1/0943/3553/3393/files/7141f0a0760aa320d8646bf39f1da23b.webp?v=1776411697,"Bring a touch of serenity to your meals with the 50cl Flashy Lavender Bowl from Luminarc.
 Its soft and soothing lavender color makes it the perfect accessory for relaxing moments while enjoying food. Ideal for savoring your favorite dishes with a touch of refinement.",LUMINARC,FLASHY,A6,PC,6,13.2,13.2,6.8,6,120.0,80.0,118.8,SODO,HOT DRINKS / BREAKFA,HOT DRINKS / BREAKFA,BOL / MUG (PTT DEJEUNER),4.44,BOL 50 FLASHY LAVENDER T,1.617,1344,0.245,0,FR,20.0,14.9,14.9,10883314945192,387.802,40883314945193,,883314945195,883314945195,,,,,,
V2750,TEMP FLASHY LAVENDER CUP 8,LUMINARC,Hot Drinks / Breakfast – Beverage Service,£1.62,https://latabledarc.com/en/products/tasse-8-cl-lavande-flashy,https://cdn.shopify.com/s/files/1/0943/3553/3393/files/26d942300e7ecac074d456fdeb108eab.jpg?v=1762447478,"Immerse yourself in a world of softness with the 8cl Flashy Lavender Mug from Luminarc.
 Its soothing lavender color and refined design make it the perfect accessory for relaxing breaks. Ideal for enjoying your favorite drinks in serenity.",LUMINARC,FLASHY,IR12,PC,24,7.6,7.6,6.5,24,120.0,80.0,116.7,HIGH TRANSPARENCY,HOT DRINKS / BREAKFA,HOT DRINKS / BREAKFA,TASSE / SOUS-TASSE,9.045,TASSE 8 FLASHY LAVENDER T,2.597,2352,0.095,12,FR,29.5,21.0,14.6,10883314942559,279.9,40883314942550,B2,883314942552,883314942552,28.4,20.1,6.7,1.23,3.825,
V2965,TEMP FLASHY LAVENDER MUG 25,LUMINARC,Hot Drinks / Breakfast – Beverage Service,£1.70,https://latabledarc.com/en/products/mug-25-cl-lavande-flashy,https://cdn.shopify.com/s/files/1/0943/3553/3393/files/49fd7e6fa77f8b204e896bd5425dc1ed.webp?v=1776415608,"Immerse yourself in a soothing atmosphere with the 25cl Flashy Lavender Mug from Luminarc.
 Its soft lavender color and refined style make it the perfect accessory for moments of relaxation. Ideal for enjoying your teas and infusions in serenity.",LUMINARC,FLASHY,A6,PC,6,10.4,10.4,9.2,6,120.0,80.0,120.5,SODO,HOT DRINKS / BREAKFA,HOT DRINKS / BREAKFA,BOL / MUG (PTT DEJEUNER),4.612,MUG 25 FLASHY LAVENDER T,1.495,1260,0.23,0,FR,25.9,16.8,10.6,10883314945130,339.644,40883314945131,,883314945133,883314945133,,,,,,
V2749,TEMP FLASHY NEO GOLD CUP 8,LUMINARC,Hot Drinks / Breakfast – Beverage Service,£1.62,https://latabledarc.com/en/products/tasse-8-cl-gold-flashy,https://cdn.shopify.com/s/files/1/0943/3553/3393/files/cc5c4dfa2d8eacac54b5d335a6163013.jpg?v=1762447467,"Let yourself be seduced by the elegance of the 8 cl Gold Flashy Cup from the Luminarc brand.
 With its gleaming gold finish, this mug will add a touch of luxury and sophistication to your coffee ritual. Perfect for refined tasting moments.",LUMINARC,FLASHY,IR12,PC,24,7.6,7.6,6.5,24,120.0,80.0,116.7,SODO,HOT DRINKS / BREAKFA,HOT DRINKS / BREAKFA,TASSE / SOUS-TASSE,9.045,TASSE 8 FLASHY NEO GOLD T,2.597,2352,0.095,12,FR,29.5,21.0,14.6,10883314942542,279.9,40883314942543,B2,883314942545,883314942545,28.4,20.1,6.7,1.23,3.825,883314942545
V2923,TEMP FLASHY NEO GOLD MUG 25,LUMINARC,Hot Drinks / Breakfast – Beverage Service,£1.70,https://latabledarc.com/en/products/mug-25-cl-gold-flashy,https://cdn.shopify.com/s/files/1/0943/3553/3393/files/b3db08de9cb5b061db762c12025566cd.jpg?v=1762446464,"Indulge in the luxury of the Luminarc Gold Flashy 25cl Mug.
  Its gleaming gold finish adds a touch of glamour to your coffee breaks. Ideal for those who like to combine style and practicality in their daily lives.",LUMINARC,FLASHY,A6,PC,6,10.4,10.4,9.2,6,120.0,80.0,120.5,SODO,HOT DRINKS / BREAKFA,HOT DRINKS / BREAKFA,BOL / MUG (PTT DEJEUNER),4.612,MUG 25 FLASHY NEO GOLD T,1.495,1260,0.23,0,FR,25.9,16.8,10.6,10883314944539,339.644,40883314944530,,883314944532,883314944532,,,,,,
Q3542,TEMP FOOD BOX RECT BOX 122,ARCOROC,Storage,£2.31,,https://static.wixstatic.com/media/042ed7_a611b2af2e234460ae2af823438a11d4~mv2.webp,,ARCOROC,FOOD BOX,A12,PC,12,20.6,15.1,6.4,12,120.0,80.0,113.8,SODO,KITCHENWARE,STORAGE,CONSERVATION,34.513,BOITE RECTANGULAIRE 122 FOOD BOX T,8.029,288,0.598,0,FR,42.3,32.9,24.8,10883314846826,218.18,40883314846827,,,,,,,,,
V8009,TEMP FORUM O/F TUMBLER 16,ARCOROC,Drinkware – Rocks,£0.71,,,,ARCOROC,FORUM,FA6,PC,48,7.2,7.2,7.0,48,120.0,80.2,118.3,SODO,DRINKWARE,DRINKWARE,GOBELET,26.897,GOBELET FB 16 FORUM T,6.707,1440,0.12,0,FR,47.4,32.8,17.3,10883314299455,226.601,40883314299456,B8,,,,,,,,
V8005,TEMP FORUM O/F TUMBLER 23,ARCOROC,Drinkware – Rocks,£0.86,,,,ARCOROC,FORUM,FA6,PC,48,8.1,8.1,7.7,48,120.0,80.0,116.7,SODO,DRINKWARE,DRINKWARE,GOBELET,38.115,GOBELET FB 23 FORUM T,8.857,960,0.16,0,FR,51.9,36.0,20.4,10026102299408,202.729,40026102299409,B8,,,,,,,,
C8018,TEMP FRIEND'S TIME PASTA PLATE 28,LUMINARC,Dinnerware,£2.73,https://latabledarc.com/en/products/assiette-a-pates-blanche-28-5-cm-friends-time,https://cdn.shopify.com/s/files/1/0943/3553/3393/files/e662c05b01e466d9bccec6373a40338b_d1ef5028-5259-48fc-a9dc-94e5fb818191.jpg?v=1762444237,"Discover the 28.5 cm Friend's Time white pasta plate from Luminarc.
 This plate combines aesthetics and durability thanks to its glass composition. Designed for everyday use, it's equally suitable for a quick meal or a large family dinner, and will easily withstand numerous washes in the dishwasher.",LUMINARC,FRIENDS' TIME,A12,PC,12,28.6,28.6,4.5,12,120.0,80.0,74.1,FLUO,DINNERWARE,DINNERWARE,ASSIETTE,10.549,"ASSIETTE A PATES 28,5 FRIENDS' TIME T",7.683,624,0.62,6,FR,29.5,12.0,29.8,10026102833213,424.947,40026102833214,,26102468586,26102468586,28.6,28.6,7.2,3.731,5.889,
V2892,TEMP FRIENDS TIME BISTROT PIZZA DISH 32,LUMINARC,Dinnerware,£3.97,,,,LUMINARC,FRIENDS' TIME BISTROT,A12,PC,12,32.3,32.3,2.4,12,121.2,80.0,83.7,FLUO,DINNERWARE,DINNERWARE,PLAT,10.967,PLAT A PIZZA 32 FRIENDS TIME BISTROT T,9.64,672,0.78,0,FR,33.6,9.6,34.0,10883314944225,568.088,40883314944226,,883314944228,883314944228,,,,,,
V2895,TEMP FRIENDS TIME BISTROT STEAK PLATE 30,LUMINARC,Dinnerware,£3.97,,,,LUMINARC,FRIENDS' TIME BISTROT,A12,PC,12,30.0,26.0,3.0,12,120.0,80.0,72.1,FLUO,DINNERWARE,DINNERWARE,ASSIETTE,9.114,ASS A STEAK 30 FRIENDS TIME BISTROT T,9.854,600,0.8,0,FR,31.0,10.5,28.0,10883314944263,520.93,40883314944264,,883314944266,883314944266,,,,,,
V5279,TEMP FRIENDS TIME BL  M-PURPOSE PLATE,LUMINARC,Dinnerware,£2.93,,,,LUMINARC,FRIENDS' TIME BLACK,A12,PC,12,26.0,26.0,4.5,12,120.0,80.0,97.1,SODO,DINNERWARE,DINNERWARE,ASSIETTE,7.916,ASS MU 26 FRIENDS TIME NOIR T,5.214,1080,0.415,0,FR,27.0,10.7,27.4,10883314966685,495.234,40883314966686,,883314966688,883314966688,,,,,,
P6363,TEMP FRIENDS TIME BLACK MEZZE PLATE 29,LUMINARC,Dinnerware,£2.93,https://latabledarc.com/en/products/assiette-a-mezze-creuse-noire-30-cm-friends-time,https://cdn.shopify.com/s/files/1/0943/3553/3393/files/3bfbb1d45c83a8252e2ac4a10b45abc3_9c619805-a3b0-4543-9e03-d3ca8f3436d4.jpg?v=1762444037,"Choose the 30cm black Friend's Time deep mezze plate by Luminarc
 This soup plate is durable and lightweight, making it ideal for everyday use. From saucy dishes and soups to solid and liquid foods, its versatility allows it to be used for all kinds of servings; your imagination is the only limit!",LUMINARC,FRIENDS' TIME BLACK,RS6,PC,12,29.1,29.1,4.0,12,120.0,80.0,107.6,SODO,DINNERWARE,DINNERWARE,ASSIETTE,22.219,ASSIETTE MEZZE 29 FRIENDS TIME NOIR T,9.749,396,0.78,6,FR,30.5,23.5,31.0,10883314771111,347.196,40883314771112,B2,883314771114,883314771114,29.2,29.2,13.0,4.714,11.084,
M0064,TEMP FRIENDS TIME BLACK PASTA PLATE 28.5,LUMINARC,Dinnerware,£2.93,https://latabledarc.com/en/products/assiette-a-pates-noire-28-5-cm-friends-time,https://cdn.shopify.com/s/files/1/0943/3553/3393/files/dc1ca230a5d9f11a3698dbc017ef5437.jpg?v=1762444248,"Discover the 28.5 cm Friend's Time black pasta plate from Luminarc.
   This plate combines aesthetics and durability thanks to its glass composition. Designed for everyday use, it's equally suitable for a quick meal or a large family dinner, and will easily withstand numerous washes in the dishwasher.",LUMINARC,FRIENDS' TIME BLACK,A12,PC,12,28.6,28.6,4.5,12,120.0,80.0,74.1,SODO,DINNERWARE,DINNERWARE,ASSIETTE,10.549,"ASS A PATES 28,5 FRIENDS TIME NOIR T",8.029,624,0.646,0,FR,29.5,12.0,29.8,10883314595168,442.934,40883314595169,,883314595161,883314595161,,,,,,
M0066,TEMP FRIENDS TIME BLACK PIZZA PLATE 32,LUMINARC,Dinnerware,£2.93,https://latabledarc.com/en/products/assiette-a-pizza-noire-32-cm-friends-time,https://cdn.shopify.com/s/files/1/0943/3553/3393/files/e66eed5c85d5703c327eab701ecfdc01.jpg?v=1762444231,"Discover the 32cm Friend's Time black pizza plate from Luminarc.
 This plate combines aesthetics and durability thanks to its glass composition. Designed for everyday use, it's equally suitable for a quick meal or a large family dinner, and will easily withstand numerous washes in the dishwasher.",LUMINARC,FRIENDS' TIME BLACK,A12,PC,12,32.1,32.1,2.4,12,121.2,80.0,83.7,SODO,DINNERWARE,DINNERWARE,ASSIETTE,10.967,ASS A PIZZA 32 FRIENDS TIME NOIR T,8.555,672,0.685,0,FR,33.6,9.6,34.0,10883314595182,507.596,40883314595183,,883314595185,883314595185,,,,,,
C8016,TEMP FRIENDS TIME PIZZA DISH 32,LUMINARC,Dinnerware,£2.73,https://latabledarc.com/en/products/assiette-a-pizza-blanche-32-3-cm-friends-time,https://cdn.shopify.com/s/files/1/0943/3553/3393/files/aa00188752bcbbcda9387dcf22ce8cd8_daf0de50-f4da-4d61-bc8f-e11c999f3a23.jpg?v=1762444222,"Discover the 32.3 cm Friend's Time white pizza plate from Luminarc.
 This plate combines aesthetics and durability thanks to its glass composition. Designed for everyday use, it's equally suitable for a quick meal or a large family dinner, and will easily withstand numerous washes in the dishwasher.",LUMINARC,FRIENDS' TIME,A12,PC,12,32.3,32.3,2.4,12,120.6,80.0,83.4,FLUO,DINNERWARE,DINNERWARE,PLAT,10.967,PLAT ROND A PIZZA 32 FRIENDS TIME T,8.5,672,0.685,0,FR,33.6,9.6,34.0,10026102833923,504.25,40026102833924,,26102468326,26102468326,,,,,,
V7027,TEMP FRIENDS TIME STEAK PLATE 30,LUMINARC,Dinnerware,£2.73,,,,LUMINARC,FRIENDS' TIME,A12,PC,12,30.0,26.0,3.0,12,120.0,80.0,72.1,FLUO,DINNERWARE,DINNERWARE,ASSIETTE,9.114,ASSIETTE A STEAK 30 FRIENDS TIME T,9.854,600,0.8,0,FR,31.0,10.5,28.0,10026102059040,520.93,40026102059041,,26102059043,26102059043,,,,,,
P6283,TEMP FRIENDS' TIME MEZZE PLATE 29,LUMINARC,Dinnerware,£2.73,https://latabledarc.com/en/products/assiette-a-mezze-creuse-blanche-29-cm-friends-time,https://cdn.shopify.com/s/files/1/0943/3553/3393/files/a2ece6e1c1afda92410be728a95c457e.jpg?v=1762444033,"Choose the 29cm white Friend's Time deep mezze plate by Luminarc
 This soup plate is durable and lightweight, making it ideal for everyday use. From saucy dishes and soups to solid and liquid foods, its versatility allows it to be used for all kinds of servings; your imagination is the only limit!",LUMINARC,FRIENDS' TIME,RS6,PC,12,29.1,29.1,4.0,12,120.0,80.0,107.6,FLUO,DINNERWARE,DINNERWARE,ASSIETTE,22.219,ASSIETTE MEZZE 29 FRIENDS' TIME T,8.745,396,0.7,6,FR,30.5,23.5,31.0,10883314770206,314.064,40883314770207,B2,883314770209,883314770209,29.2,29.2,12.0,4.214,10.232,
P6282,TEMP FRIENDS' TIME PLOV COUS DINNER 25,LUMINARC,Dinnerware,£2.17,https://latabledarc.com/en/products/assiette-a-couscous-blanche-25-cm-friends-time,https://cdn.shopify.com/s/files/1/0943/3553/3393/files/e4d679694493ba6a415076e2f189a8d0.jpg?v=1762444064,"Discover the 25cm white couscous plate, Friend's Time, from the Luminarc brand
   This plate combines aesthetics and durability thanks to its glass composition. Designed for everyday use, it's equally suitable for a quick meal or a large family dinner, and will easily withstand numerous washes in the dishwasher.",LUMINARC,FRIENDS' TIME,RS6,PC,12,25.1,25.1,4.0,12,120.0,80.0,97.1,FLUO,DINNERWARE,DINNERWARE,ASSIETTE,17.854,ASS COUSCOUS PLOV 25 FRIENDS' TIME T,6.795,432,0.54,6,FR,26.5,24.5,27.5,10883314770190,270.084,40883314770191,B2,883314770193,883314770193,25.2,25.2,12.0,3.252,7.62,
P6281,TEMP FRIENDS' TIME TAJINE COUS DINNER 21,LUMINARC,Dinnerware,£1.80,https://latabledarc.com/en/products/assiette-a-couscous-blanche-21-cm-friends-time,https://cdn.shopify.com/s/files/1/0943/3553/3393/files/cfe283a02979e377126926e4c73bc6f2.jpg?v=1762444060,"Discover the 21cm white couscous plate, Friend's Time, from the Luminarc brand
 This plate combines aesthetics and durability thanks to its glass composition. Designed for everyday use, it's equally suitable for a quick meal or a large family dinner, and will easily withstand numerous washes in the dishwasher.",LUMINARC,FRIENDS' TIME,RS6,PC,12,21.2,21.2,4.0,12,120.0,80.4,106.6,FLUO,DINNERWARE,DINNERWARE,ASSIETTE,12.167,ASS COUSCOUS TAJINE 21 FRIENDS' TIME   T,5.148,720,0.41,6,FR,23.0,23.0,23.0,10883314770183,334.394,40883314770184,B2,883314770186,883314770186,21.5,21.5,12.0,2.471,5.547,
P6362,TEMP FRIENDS' TIME TURQ MEZZE PLATE 29,LUMINARC,Dinnerware,£2.93,,,,LUMINARC,FRIENDS TIME TURQUOISE,RS6,PC,12,29.1,29.1,4.0,12,120.0,80.0,107.6,FLUO,DINNERWARE,DINNERWARE,ASSIETTE,22.219,ASS MEZZE 29 FRIENDS' TIME TURQUOISE T,8.745,396,0.7,6,FR,30.5,23.5,31.0,10883314771104,314.064,40883314771105,B2,883314771107,883314771107,29.2,29.2,12.0,4.214,10.232,
P6361,TEMP FRIENDS'TIME BLACK COUS TAJ PLATE21,LUMINARC,Dinnerware,£1.93,https://latabledarc.com/en/products/assiette-a-couscous-noire-21-cm-friends-time,https://cdn.shopify.com/s/files/1/0943/3553/3393/files/6dc62c14170bc3f8ead99541ed3eae1d.jpg?v=1762444069,"Discover the 21cm Friend's Time black couscous plate from Luminarc.
 This plate combines aesthetics and durability thanks to its glass composition. Designed for everyday use, it's equally suitable for a quick meal or a large family dinner, and will easily withstand numerous washes in the dishwasher.",LUMINARC,FRIENDS' TIME BLACK,RS6,PC,12,0.0,0.0,4.0,12,120.0,80.4,106.6,SODO,DINNERWARE,DINNERWARE,ASSIETTE,12.167,ASS COUSCOUS TAJINE 21 FRIENDS' TIME N T,5.301,720,0.42,6,FR,23.0,23.0,23.0,10883314771098,343.919,40883314771099,B2,883314771091,883314771091,21.5,21.5,12.0,2.546,1.798,
P6375,TEMP FRIENDS'TIME BLACK PLO C DINNER 25,LUMINARC,Dinnerware,£2.33,https://latabledarc.com/en/products/assiette-a-couscous-noire-25-cm-friends-time,https://cdn.shopify.com/s/files/1/0943/3553/3393/files/9bce4dd8f778959f0049dc37fdeced19_60519b46-b745-413d-b535-e653ac809e0e.jpg?v=1762444073,"Discover the 25cm black couscous plate, Friend's Time, from the Luminarc brand
 This plate combines aesthetics and durability thanks to its glass composition. Designed for everyday use, it's equally suitable for a quick meal or a large family dinner, and will easily withstand numerous washes in the dishwasher.",LUMINARC,FRIENDS' TIME BLACK,RS6,PC,12,25.1,25.1,4.0,12,120.0,80.0,97.1,SODO,DINNERWARE,DINNERWARE,ASSIETTE,17.854,ASS COUSCOUS PLOV 25 FRIENDS'TIME N T,7.09,432,0.56,6,FR,26.5,24.5,27.5,10883314771173,280.704,40883314771174,B2,883314771176,883314771176,25.2,25.2,12.0,3.397,2.52,
P6365,TEMP FRIENDS'TIME BLACK SOUP PHO PLATE17,LUMINARC,Dinnerware,£1.48,https://latabledarc.com/en/products/assiette-a-soupe-pho-noire-17-cm-friends-time,https://cdn.shopify.com/s/files/1/0943/3553/3393/files/557cc3671e8c1f8cf4fd4d54163d800a.webp?v=1776329049,"Discover the 17cm black Pho soup plate from Friend's Time, by Luminarc.
 This plate combines aesthetics and durability thanks to its glass composition. Designed for everyday use, it's equally suitable for a quick meal or a large family dinner, and will easily withstand numerous washes in the dishwasher.",LUMINARC,FRIENDS' TIME BLACK,RS6,PC,12,0.0,0.0,4.0,12,120.0,80.0,107.6,SODO,DINNERWARE,DINNERWARE,ASSIETTE,7.974,ASS SOUP PHO 17 FRIENDS'TIME NOIR T,4.166,1200,0.33,6,FR,23.3,18.5,18.5,10883314771135,442.179,40883314771136,B2,883314771138,883314771138,17.2,17.2,11.8,2.006,3.491,
P6280,TEMP FRIENDS'TIME SOUP PHO PLATE 17,LUMINARC,Dinnerware,£1.37,https://latabledarc.com/en/products/assiette-a-soupe-pho-blanche-17-cm-friends-time,https://cdn.shopify.com/s/files/1/0943/3553/3393/files/ab0962434230117647e05cf36af2f411.webp?v=1776350863,"Discover the 17cm white Pho soup plate from Friend's Time, by Luminarc.
 This plate combines aesthetics and durability thanks to its glass composition. Designed for everyday use, it's equally suitable for a quick meal or a large family dinner, and will easily withstand numerous washes in the dishwasher.",LUMINARC,FRIENDS' TIME,RS6,PC,12,17.0,17.0,4.0,12,120.0,80.0,107.6,FLUO,DINNERWARE,DINNERWARE,ASSIETTE,7.974,ASS SOUP PHO 17 FRIENDS' TIME  T,3.77,1200,0.3,6,FR,23.3,18.5,18.5,10883314770176,402.564,40883314770177,B2,883314770179,883314770179,17.2,17.2,11.8,1.81,3.491,
P6360,TEMP FRIENDS'TIME T TAJINE COU PLATE 21,LUMINARC,Dinnerware,£1.93,,,,LUMINARC,FRIENDS TIME TURQUOISE,RS6,PC,12,21.2,21.2,4.0,12,120.0,80.4,106.6,FLUO,DINNERWARE,DINNERWARE,ASSIETTE,12.167,ASS COUSCOUS TAJINE 21 FRIENDS'TIME TU T,5.148,720,0.41,6,FR,23.0,23.0,23.0,10883314771081,334.739,40883314771082,B2,883314771084,883314771084,21.5,21.5,12.0,2.471,5.547,
P6364,TEMP FRIENDS'TIME TUR PHO SOUP PLATE 17,LUMINARC,Dinnerware,£1.48,,,,LUMINARC,FRIENDS TIME TURQUOISE,RS6,PC,12,17.0,17.0,4.0,12,120.0,80.0,107.6,FLUO,DINNERWARE,DINNERWARE,ASSIETTE,7.974,ASS SOUP PHO 17 FRIENDS'TIME TURQUOISE T,3.77,1200,0.3,6,FR,23.3,18.5,18.5,10883314771128,402.564,40883314771129,B2,883314771121,883314771121,17.2,17.2,11.8,1.81,3.491,
P6386,TEMP FRIENDS'TIME TURQ PLOV C DINNER 25,LUMINARC,Dinnerware,£2.33,,,,LUMINARC,FRIENDS TIME TURQUOISE,RS6,PC,12,25.1,25.1,4.0,12,120.0,80.0,97.1,FLUO,DINNERWARE,DINNERWARE,ASSIETTE,17.854,ASS COUSCOUS PLOV 25 FRIENDS'TIME TURQ T,6.795,432,0.54,6,FR,26.5,24.5,27.5,10883314771272,270.084,40883314771273,B2,883314771275,883314771275,25.2,25.2,12.0,3.252,7.62,
V3242,TEMP FUNAMBULE  H/B TUMB 32,LUMINARC,Drinkware – Hiballs,£0.88,,,,LUMINARC,FUNAMBULE,1/2 FA6,PC,24,7.0,7.0,12.0,24,120.0,80.0,96.3,SODO CLEAR,DRINKWARE,DRINKWARE,GOBELET,23.431,GOBELET FH 32 FUNAMBULE T,5.084,720,0.185,6,FR,33.8,25.3,27.4,10883314948384,177.984,40883314948385,B4,883314557183,883314557183,23.7,16.0,12.8,1.194,4.854,
X3468,TEMP FUNAMBULE HB TUMBLER 32,LUMINARC,Drinkware – Hiballs,£0.88,,,,LUMINARC,FUNAMBULE,#N/A,PC,24,7.0,7.0,12.0,24,120.0,80.0,14.5,SODO CLEAR,DRINKWARE,DRINKWARE,GOBELET,0.0,GOBELET FH 32 FUNAMBULE T,4.44,24,0.185,6,FR,0.0,0.0,0.0,10883314121152,4.44,40883314121153,#N/A,883314557183,883314557183,0.0,0.0,0.0,1.11,0.0,883314121551
V3241,TEMP FUNAMBULE O/F TUMB 27,LUMINARC,Drinkware – Rocks,£0.88,,,,LUMINARC,FUNAMBULE,1/2 FA6,PC,24,7.7,7.7,9.3,24,120.0,81.0,113.3,SODO CLEAR,DRINKWARE,DRINKWARE,GOBELET,24.142,GOBELET FB 27 FUNAMBULE T,4.987,864,0.18,6,FR,36.2,27.0,24.7,10883314948377,205.016,40883314948378,B4,883314557176,883314557176,25.1,17.0,11.7,1.166,4.992,
N6507,TEMP GASTON TUMBLER OF 18,LUMINARC,Drinkware – Tumblers,£1.14,https://latabledarc.com/en/products/verre-bas-18-cl-gaston,https://cdn.shopify.com/s/files/1/0943/3553/3393/files/242914e3eebb92390dc937ed1f097e62.jpg?v=1762447846,"Opt for the 18cl Gaston glass, by Luminarc
 This glass is a 100% recyclable glass product, odorless.",LUMINARC,GASTON,1/2 FA6,PC,24,7.7,7.7,7.8,24,120.0,80.0,114.7,SODO,DRINKWARE,DRINKWARE,GOBELET,19.152,GOBELET FB 18 GASTON T,5.079,1080,0.183,6,FR,36.0,26.6,20.0,10883314666943,254.144,40883314666944,B4,883314666939,883314666939,25.2,17.0,9.4,1.2,4.027,883314666946
N6506,TEMP GASTON TUMBLER OF 31,LUMINARC,Drinkware – Tumblers,£1.42,https://latabledarc.com/en/products/verre-bas-31-cl-gaston,https://cdn.shopify.com/s/files/1/0943/3553/3393/files/47e0f3cb8bf1341429ccaf8d64d1c76e.png?v=1762447909,"Opt for the 31cl Gaston glass, by Luminarc
 This glass is a 100% recyclable glass product, odorless.",LUMINARC,GASTON,1/2 FA6,PC,24,9.1,9.1,8.7,24,120.0,80.0,115.7,SODO,DRINKWARE,DRINKWARE,GOBELET,23.359,GOBELET FB 31 GASTON T,6.748,960,0.248,6,FR,39.2,29.5,20.2,10883314666929,295.508,40883314666920,B4,883314666915,883314666915,27.8,18.8,9.7,1.603,5.07,883314666922
N6503,TEMP GASTON TUMBLER OF 9,LUMINARC,Drinkware – Tumblers,£1.05,https://latabledarc.com/en/products/verrine-9-cl-gaston,https://cdn.shopify.com/s/files/1/0943/3553/3393/files/05919bd5ba5fec6d32d1ef191b453644_ac92f3e0-7751-4884-9196-fd84d0b8533d.png?v=1762447811,"Discover the 9cl Gaston glass jar, by Luminarc
   This verrine is a must-have for modern meals and tables. A truly versatile container, verrines allow you to serve both savory and sweet dishes, hot and cold, making them suitable for any type of gathering! Their elegant shape allows them to contribute fully to the table setting, while the high level of transparency of the glass showcases their contents, a delight for both the eyes and the palate!",LUMINARC,GASTON,1/2 FA6,PC,24,6.2,6.2,6.5,24,120.0,80.0,108.3,SODO,DRINKWARE,DRINKWARE,GOBELET,9.704,GOBELET FB 9 GASTON T,3.088,2016,0.11,6,FR,28.8,21.6,15.6,10883314666950,284.97,40883314666951,B4,883314666960,883314666960,20.3,13.8,7.2,0.727,2.017,883314666953
P6915,TEMP GRAND CENTRAL MUG 25,LUMINARC,Hot Drinks / Breakfast – Beverage Service,£1.21,https://latabledarc.com/en/products/mug-25-cl-grand-central,https://cdn.shopify.com/s/files/1/0943/3553/3393/files/168f88a95720983f95431da866228c0a_1c6301f9-c521-45b2-a889-44b62bc741c7.jpg?v=1762446469,"Fall in love with the Grand Central 25cl Mug, developed by Luminarc
 This mug is a breakfast and coffee break essential! Hot chocolate, coffee, or tea: this versatile mug caters to everyone's tastes, whether you're a guest or the host! No need to think twice: whatever the drink, this mug is perfect—just pour!",LUMINARC,GRAND CENTRAL,FA6,PC,6,10.4,10.4,9.2,6,120.0,80.0,120.5,SODO,HOT DRINKS / BREAKFA,HOT DRINKS / BREAKFA,BOL / MUG (PTT DEJEUNER),4.612,MUG 25 GRAND CENTRAL T,1.495,1260,0.23,0,FR,25.9,16.8,10.6,10883314780465,339.644,40883314780466,,883314780468,883314780468,,,,,,
X0879,TEMP GRANITY HB TUMBLER 35,ARCOROC,Drinkware – Hiballs,£1.32,,,,ARCOROC,GRANITY,FA6,PC,24,8.5,8.5,12.2,24,120.0,80.0,96.3,SODO,DRINKWARE,DRINKWARE,GOBELET,31.454,GOBELET FH 35 GRANITY T,9.618,576,0.365,0,FR,39.2,29.5,27.2,10883314057031,256.39,40883314057032,B4,,,,,,,,
V8924,TEMP GRANITY OF TUMBLER 27,ARCOROC,Drinkware – Tumblers,£1.08,,,,ARCOROC,GRANITY,FA6,PC,36,0.0,0.0,9.8,36,120.0,80.0,112.7,SODO,DRINKWARE,DRINKWARE,GOBELET,37.334,GOBELET FB 27 GRANITY T,11.817,864,0.3,6,FR,39.1,29.2,32.7,10883314012146,309.091,40883314012147,B6,,,26.2,17.6,10.5,1.903,4.842,883314398489
L7844,TEMP GRANITY TUMBLER O/F 35,ARCOROC,Drinkware – Rocks,£1.18,,https://static.wixstatic.com/media/042ed7_cc80985acb9a405f992e7ac214253b74~mv2.webp,,ARCOROC,GRANITY,FA6,PC,24,9.3,9.3,10.7,24,120.0,80.0,109.7,SODO,DRINKWARE,DRINKWARE,GOBELET,32.8,GOBELET FB 35 GRANITY T,9.312,576,0.35,6,FR,42.8,32.2,23.8,10883314568452,248.867,40883314568453,B4,,,30.6,20.6,11.1,2.224,6.997,883314568455
L8806,TEMP HARENA BLACK BOWL 27,LUMINARC,Dinnerware,£2.93,https://latabledarc.com/en/products/saladier-noir-27-cm-harena-300-cl,https://cdn.shopify.com/s/files/1/0943/3553/3393/files/83a85991825f3f402e3ed5ced36c971e_8b740eb5-5b2e-4dae-9cd6-bcdff23e6315.jpg?v=1762447096,"Choose the Harena 27cm black salad bowl from Luminarc
   This salad bowl proves to be both sturdy (an important characteristic for a product used often and regularly subjected to vigorous handling) and practical to use thanks to its light weight.",LUMINARC,HARENA BLACK,RS6,PC,6,0.0,0.0,0.0,6,120.0,80.0,109.5,SODO,DINNERWARE,DINNERWARE,SALADIER,15.433,SALADIER 27 HARENA NOIR T,5.053,312,0.79,6,FR,28.5,28.5,19.0,10883314579571,288.225,40883314579572,B1,883314579574,883314579574,27.3,27.3,17.5,4.791,13.043,
L7613,TEMP HARENA BLACK DESSERT PLATE 19,LUMINARC,Dinnerware,£0.91,https://latabledarc.com/en/products/assiette-dessert-noire-19-cm-harena,https://cdn.shopify.com/s/files/1/0943/3553/3393/files/668637b170fc006b88d48d750156ed74.jpg?v=1762443753,"Discover the Harena 19cm black plate from Luminarc.
 This plate combines aesthetics and durability thanks to its glass composition. Designed for everyday use, it's equally suitable for a quick meal or a large family dinner, and will easily withstand numerous washes in the dishwasher.",LUMINARC,HARENA BLACK,RS6,PC,24,19.0,19.0,1.8,24,120.0,80.0,75.3,SODO,DINNERWARE,DINNERWARE,ASSIETTE,5.373,ASSIETTE DESSERT 19 HARENA NOIR T,5.473,2592,0.22,6,FR,20.0,13.3,20.2,10883314568674,617.08,40883314568675,B4,883314568677,883314568677,19.0,19.0,1.8,1.32,0.65,
L7611,TEMP HARENA BLACK PLATE LARGE 25,LUMINARC,Dinnerware,£0.97,https://latabledarc.com/en/products/assiette-plate-noire-25-cm-harena,https://cdn.shopify.com/s/files/1/0943/3553/3393/files/5b9f7865cff66677a4c7c0a8d59eb41b_e75dd65e-1c96-4668-a7f0-a00f421a6216.jpg?v=1762443786,"Discover the Harena 25cm black plate from Luminarc.
   This plate combines aesthetics and durability thanks to its glass composition. Designed for everyday use, it's equally suitable for a quick meal or a large family dinner, and will easily withstand numerous washes in the dishwasher.",LUMINARC,HARENA BLACK,RS6,PC,24,25.0,25.0,2.3,24,120.0,82.7,95.7,SODO,DINNERWARE,DINNERWARE,ASSIETTE,10.012,ASSIETTE PLATE 25 HARENA NOIR T,9.065,1584,0.365,6,FR,26.3,14.1,27.0,10883314568667,624.301,40883314568668,B4,883314568660,883314568660,25.0,25.0,4.5,2.215,2.813,
L7614,TEMP HARENA BLACK PLATE LARGE 27,LUMINARC,Dinnerware,£1.22,,,,LUMINARC,HARENA BLACK,RS6,PC,24,27.0,27.0,2.5,24,120.0,80.0,102.0,SODO,DINNERWARE,DINNERWARE,ASSIETTE,11.941,ASSIETTE GRANDE 27 HARENA NOIR T,11.107,1368,0.45,6,FR,28.3,14.5,29.1,10883314568650,659.021,40883314568651,B4,883314568653,883314568653,27.0,27.0,4.7,2.724,3.426,
L7610,TEMP HARENA BLACK SOUP PLATE 23,LUMINARC,Dinnerware,£0.97,https://latabledarc.com/en/products/assiette-creuse-noire-23-cm-harena,https://cdn.shopify.com/s/files/1/0943/3553/3393/files/97df33dffa7ad09b29e952e084a18217.webp?v=1776344351,"Choose the Harena 23cm black soup plate by Luminarc
 This soup plate is durable and lightweight, making it ideal for everyday use. From saucy dishes and soups to solid and liquid foods, its versatility allows it to be used for all kinds of servings; your imagination is the only limit!",LUMINARC,HARENA BLACK,RS6,PC,24,0.0,0.0,3.2,24,120.0,80.0,91.5,SODO,DINNERWARE,DINNERWARE,ASSIETTE,10.645,ASSIETTE CREUSE 23 HARENA NOIR T,9.415,1440,0.38,6,FR,24.9,16.7,25.6,10883314568681,590.85,40883314568682,B4,883314568684,883314568684,23.6,23.6,3.2,2.28,1.782,
L6824,TEMP HEAT SYSTEM DIVIDED PLATE 230,ARCOROC,Dinnerware,£6.82,,,,ARCOROC,HEAT SYSTEM,RS6,PC,12,23.0,23.0,2.5,12,120.0,80.0,112.5,FLUO,DINNERWARE,DINNERWARE,ASSIETTE,15.709,ASSIETTE COMP 23 HEAT SYSTEM T,8.558,720,0.345,6,FR,26.5,24.0,24.7,10883314571445,538.944,40883314571446,B2,,,23.0,23.0,12.5,4.147,6.613,883314571455
X0612,TEMP HEAT SYSTEM PLATE 230,ARCOROC,Dinnerware,£5.60,,,,ARCOROC,HEAT SYSTEM,RS6,PC,12,22.8,22.8,2.5,12,120.0,80.0,88.7,FLUO,DINNERWARE,DINNERWARE,ASSIETTE,7.171,ASSIETTE PLATE 230 HEAT SYSTEM T,7.012,972,0.57,6,FR,23.7,12.3,24.6,10883314050124,594.114,40883314050125,B2,,,22.8,22.8,6.5,3.424,3.379,883314113471
X0611,TEMP HOTELIERE PLATE 235,ARCOROC,Dinnerware,£2.80,,,,ARCOROC,HOTELIERE BL UNI,RS6,PC,12,23.6,23.6,1.9,12,120.0,80.0,89.0,FLUO,DINNERWARE,DINNERWARE,ASSIETTE,6.388,ASSIETTE 235 HOTELIERE T,6.458,1080,0.525,6,FR,24.4,10.6,24.7,10883314050117,607.36,40883314050118,B2,,,23.2,23.2,5.5,3.154,2.96,26102511930
57974,TEMP HOTELIERE ROUND DESSERT PLATE 195,ARCOROC,Dinnerware,£2.46,,,,ARCOROC,HOTELIERE BL UNI,RS6,PC,24,19.3,19.3,1.7,24,120.0,80.0,75.8,FLUO,DINNERWARE,DINNERWARE,ASSIETTE,7.308,ASSIETTE DESSERT RONDE 195 HOTELIERE T,7.598,1728,0.31,6,FR,20.0,18.0,20.3,10026102579746,572.996,40026102579747,B4,,,19.3,19.3,4.6,1.864,1.713,26102512012
Q3632,TEMP INTENSITY BARIL CUP 19,ARCOROC,Hot Drinks / Breakfast – Beverage Service,£1.88,,,,ARCOROC,INTENSITY BARIL,FA6,PC,24,7.5,7.5,7.1,24,120.0,80.0,115.3,FLUO,HOT DRINKS / BREAKFA,HOT DRINKS / BREAKFA,TASSE / SOUS-TASSE,15.903,TASSE 19 INTENSITY BARIL,5.713,1296,0.215,6,FR,35.8,26.6,16.7,10883314847823,334.087,40883314847824,B4,,,25.4,17.2,7.8,1.379,3.408,883314847833
Q3634,TEMP INTENSITY BARIL CUP 25,ARCOROC,Hot Drinks / Breakfast – Beverage Service,£2.05,,,,ARCOROC,INTENSITY BARIL,FA6,PC,24,10.9,10.9,8.1,24,120.0,80.0,121.5,FLUO,HOT DRINKS / BREAKFA,HOT DRINKS / BREAKFA,TASSE / SOUS-TASSE,20.409,TASSE 25 INTENSITY BARIL T,7.736,1152,0.295,6,FR,39.0,29.4,17.8,10883314847861,396.825,40883314847862,B4,,,27.8,18.8,8.3,1.875,4.338,883314847871
Q3631,TEMP INTENSITY BARIL CUP 9,ARCOROC,Hot Drinks / Breakfast – Beverage Service,£1.50,,,,ARCOROC,INTENSITY BARIL,FA6,PC,24,8.1,8.1,5.8,24,120.0,80.0,112.7,FLUO,HOT DRINKS / BREAKFA,HOT DRINKS / BREAKFA,TASSE / SOUS-TASSE,20.409,TASSE 9 INTENSITY BARIL T,3.674,2184,0.135,6,FR,39.0,29.4,17.8,10883314847809,360.015,40883314847800,B4,,,21.2,14.4,6.7,0.873,2.045,883314847819
Q3630,TEMP INTENSITY BARIL MUG 29,ARCOROC,Hot Drinks / Breakfast – Beverage Service,£2.62,,,,ARCOROC,INTENSITY BARIL,FA6,PC,24,10.9,10.9,10.2,24,120.0,80.0,106.0,FLUO,HOT DRINKS / BREAKFA,HOT DRINKS / BREAKFA,BOL / MUG (PTT DEJEUNER),25.787,MUG 29 INTENSITY BARIL T,10.094,768,0.39,6,FR,39.0,29.0,22.8,10883314847786,348.483,40883314847787,B4,,,27.8,19.0,10.8,2.459,5.705,883314847796
Q3636,TEMP INTENSITY BARIL SAUCER 120,ARCOROC,Hot Drinks / Breakfast – Beverage Service,£1.29,,,,ARCOROC,INTENSITY BARIL,RS6,PC,24,12.0,12.0,1.9,24,120.0,80.0,93.7,FLUO,HOT DRINKS / BREAKFA,HOT DRINKS / BREAKFA,TASSE / SOUS-TASSE,3.361,SOUS-TASSE 120 INTENSITY BARIL T,2.61,5184,0.105,6,FR,20.2,12.7,13.1,10883314847915,589.761,40883314847916,B4,,,12.0,12.0,5.7,0.632,0.821,883314847918
Q6147,TEMP INTENSITY BARIL SAUCER 153,ARCOROC,Hot Drinks / Breakfast – Beverage Service,£1.61,,,,ARCOROC,INTENSITY BARIL,RS6,PC,24,15.5,15.5,2.3,24,120.0,80.0,98.9,FLUO,HOT DRINKS / BREAKFA,HOT DRINKS / BREAKFA,TASSE / SOUS-TASSE,6.888,SOUS-TASSE 153 INTENSITY BARIL T,4.829,2520,0.195,6,FR,25.0,16.4,16.8,10883314874935,532.979,40883314874936,B4,,,15.4,15.4,7.0,1.174,1.66,883314874938
X0613,TEMP INTENSITY WHITE DINNERPLATE 240,ARCOROC,Dinnerware,£4.16,,,,ARCOROC,INTENSITY WHITE,RS6,PC,12,0.0,0.0,0.0,12,120.0,80.0,93.0,FLUO,DINNERWARE,DINNERWARE,ASSIETTE,7.179,ASSIETTE 240 INTENSITY WHITE T,6.658,1116,0.54,6,FR,25.1,11.0,26.0,10883314050155,645.136,40883314050156,B2,,,24.0,24.0,5.6,3.244,3.226,883314932003
V1536,TEMP INTENSITY WHITE PLATE  255,ARCOROC,Dinnerware,£3.02,,,,ARCOROC,INTENSITY WHITE,RS6,PC,12,25.5,25.5,1.9,12,120.0,80.0,68.5,FLUO,DINNERWARE,DINNERWARE,ASSIETTE,7.599,ASSIETTE 255 INTENSITY WHITE T,7.5,720,0.008,6,FR,26.4,10.7,26.9,10883314930853,475.619,40883314930854,B2,,,25.5,25.5,5.5,3.664,3.576,883314931990
V1540,TEMP INTENSITY WHITE PLATE 160,ARCOROC,Dinnerware,£1.92,,,,ARCOROC,INTENSITY WHITE,RS6,PC,24,16.0,16.0,1.7,24,120.0,80.0,84.8,FLUO,DINNERWARE,DINNERWARE,ASSIETTE,5.623,ASSIETTE 160 INTENSITY WHITE T,5.892,2304,0.24,6,FR,18.9,17.0,17.5,10883314930914,591.791,40883314930915,B4,,,16.0,16.0,1.7,1.44,0.443,883314930917
V1539,TEMP INTENSITY WHITE PLATE 205,ARCOROC,Dinnerware,£2.46,,,,ARCOROC,INTENSITY WHITE,RS6,PC,24,0.0,0.0,0.0,24,120.0,80.0,83.7,FLUO,DINNERWARE,DINNERWARE,ASSIETTE,9.727,ASSIETTE 205 INTENSITY WHITE T,9.202,1440,0.375,6,FR,21.8,19.4,23.0,10883314930907,578.046,40883314930908,B4,,,20.5,20.5,4.6,2.253,1.933,883314930900
V1653,TEMP INTENSITY WHITE PLATE 275,ARCOROC,Dinnerware,£3.15,,,,ARCOROC,INTENSITY WHITE,RS6,PC,12,0.0,0.0,0.0,12,120.0,80.0,73.8,FLUO,DINNERWARE,DINNERWARE,ASSIETTE,11.018,ASSIETTE 275 INTENSITY WHITE T,9.518,576,0.77,6,FR,28.2,13.2,29.6,10883314932024,482.526,40883314932025,B2,,,27.5,27.5,6.3,4.625,1.739,883314932027
V1538,TEMP INTENSITY WHITE SOUP PLATE 220,ARCOROC,Dinnerware,£2.80,,,,ARCOROC,INTENSITY WHITE,RS6,PC,24,22.0,22.0,3.7,24,120.0,80.0,88.4,FLUO,DINNERWARE,DINNERWARE,ASSIETTE,13.24,ASSIETTE CREUSE 220 INTENSITY WHITE T,12.021,1080,0.49,6,FR,23.4,23.0,24.6,10883314930891,566.489,40883314930892,B4,,,22.0,22.0,3.7,2.94,1.771,883314930894
V2812,TEMP JUMBO 50 ALBA LAVA STONE CUP 50,LUMINARC,Hot Drinks / Breakfast – Beverage Service,£2.85,https://latabledarc.com/en/products/tasse-jumbo-50-cl-alba-gris,https://cdn.shopify.com/s/files/1/0943/3553/3393/files/6f6f2bf4efb4e8982c223eb490964fe7.webp?v=1776330515,"Combining elegance and comfort, the Alba Grey Jumbo Cup is ideal for a large coffee or tea, while offering robustness and style.",LUMINARC,ALBA,A6,PC,6,14.0,13.8,8.5,6,120.0,80.0,112.5,SODO,HOT DRINKS / BREAKFA,HOT DRINKS / BREAKFA,TASSE / SOUS-TASSE,7.597,TASSE JUMBO 50 ALBA LAVA STONE T,2.225,660,0.335,0,FR,34.3,22.6,9.8,10883314943303,270.144,40883314943304,,883314943306,883314943306,,,,,,
V2811,TEMP JUMBO ALBA SOFT GREEN CUP 50,LUMINARC,Hot Drinks / Breakfast – Beverage Service,£2.85,https://latabledarc.com/en/products/tasse-jumbo-50-cl-alba-vert,https://cdn.shopify.com/s/files/1/0943/3553/3393/files/13b0591d33d8c03958802bea8244d74c.webp?v=1776330521,The Alba Green 50cl Jumbo Cup combines aesthetics and practicality. Its green hue brings a natural harmony to your table.,LUMINARC,ALBA,A6,PC,6,13.8,13.8,8.5,6,120.0,80.0,112.5,SODO,HOT DRINKS / BREAKFA,HOT DRINKS / BREAKFA,TASSE / SOUS-TASSE,7.597,TASSE JUMBO 50 ALBA SOFT GREEN T,2.225,660,0.335,0,FR,34.3,22.6,9.8,10883314943297,270.144,40883314943298,,883314943290,883314943290,,,,,,
V2813,TEMP JUMBO ALBA TERRACOTTA  CUP 50,LUMINARC,Hot Drinks / Breakfast – Beverage Service,£2.85,https://latabledarc.com/en/products/tasse-jumbo-50-cl-alba-terracotta,https://cdn.shopify.com/s/files/1/0943/3553/3393/files/2d0aae3e37c7c1520b723aa1e4d9fe53_ec6aea7b-1c20-4969-9072-a54cd4b520b0.jpg?v=1762447524,"With its warm terracotta color, the Alba Jumbo 50cl Cup brings a touch of contemporary elegance to your gourmet moments.",LUMINARC,ALBA,A6,PC,6,13.8,13.8,8.5,6,120.0,80.0,112.5,SODO,HOT DRINKS / BREAKFA,HOT DRINKS / BREAKFA,TASSE / SOUS-TASSE,7.597,TASSE JUMBO 50 ALBA TERRACOTTA T,2.225,660,0.335,0,FR,34.3,22.6,9.8,10883314943310,270.144,40883314943311,,883314943313,883314943313,,,,,,
P0738,TEMP KEEP N BOX ROUND 92+ LID LAGON,LUMINARC,Storage,£3.38,https://latabledarc.com/en/products/boite-de-conservation-ronde-92-cl-keepn-box,https://cdn.shopify.com/s/files/1/0943/3553/3393/files/5904f084b017ea67c2d53a1962a28c48.jpg?v=1762444721,"Opt for the 92cl Keep'n Box storage container by Luminarc
   This storage container is ideal for storing and preserving your food and culinary preparations. Its non-porous glass composition makes it perfectly hygienic and easy to clean, while also ensuring its robustness and resistance to shocks and scratches. Perfectly compatible with microwave use and dishwashers, this storage container has been designed for intensive daily use!",LUMINARC,KEEP'N BOX,A6,PC,6,18.2,18.2,6.6,6,120.0,80.0,116.0,SODO,KITCHENWARE,STORAGE,CONSERVATION,14.997,BOITE RONDE 92 KEEP'N BOX +CV LAGON T,3.405,360,0.525,0,FR,37.5,19.7,20.3,10883314753513,229.879,40883314753514,,883314197488,883314197488,,,,,,
P3680,TEMP KEEPN BOX 197CL + LID LAGON,LUMINARC,Storage,£4.51,https://latabledarc.com/en/products/boite-de-conservation-rectangulaire-197-cl-keepn-box,https://cdn.shopify.com/s/files/1/0943/3553/3393/files/0796cada5c9afc5db25966912a5b1f2c_d5ce039a-e385-4c4c-aad7-97ff5f37eef0.jpg?v=1762444627,"Opt for the 197 cl Keep'n Box storage container by Luminarc
   This storage container is ideal for storing and preserving your food and culinary preparations. Its non-porous glass composition makes it perfectly hygienic and easy to clean, while also ensuring its robustness and resistance to shocks and scratches. Perfectly compatible with microwave use and dishwashers, this storage container has been designed for intensive daily use!",LUMINARC,KEEP'N BOX,A6,PC,6,25.0,18.1,7.2,6,120.0,80.0,101.7,SODO,KITCHENWARE,STORAGE,CONSERVATION,21.919,BOITE 197 KEEP'N BOX +CV LAGON T,6.313,216,1.0,0,FR,37.8,26.6,21.8,10883314755227,252.734,40883314755228,,883314185225,883314185225,,,,,,
P3672,TEMP KEEPN BOX BOWL 17+LID LAGON,LUMINARC,Storage,£3.30,,,,LUMINARC,KEEP'N BOX,A6,PC,6,17.6,17.6,8.3,6,120.0,80.0,113.7,SODO,KITCHENWARE,STORAGE,CONSERVATION,17.591,SALADIER 17 KEEPN BOX +CV LAGON T,2.719,300,0.373,0,FR,33.4,26.6,19.8,10883314755289,161.996,40883314755280,,883314199215,883314199215,,,,,,
P3671,TEMP KEEPN BOX BOWL 23+LAGON LID,LUMINARC,Storage,£5.19,,,,LUMINARC,KEEP'N BOX,A6,PC,6,23.0,23.0,11.0,6,120.0,80.7,117.3,SODO,KITCHENWARE,STORAGE,CONSERVATION,41.4,SALADIER 23 KEEPN BOX +CV LAGON T,6.274,120,0.93,0,FR,44.5,36.2,25.7,10883314755265,151.166,40883314755266,,883314199239,883314199239,,,,,,
P0741,TEMP KEEPN BOX RECTANGULAR 122 + LID,LUMINARC,Storage,£3.62,https://latabledarc.com/en/products/boite-de-conservation-rectangulaire-122-cl-keepn-box,https://cdn.shopify.com/s/files/1/0943/3553/3393/files/f9dfcf7f09372beb9df265db34cb0c8c_6697f469-00b3-481b-adfa-852056418733.jpg?v=1762444602,"Opt for the 122 cl Keep'n Box storage container by Luminarc
   This storage container is ideal for storing and preserving your food and culinary preparations. Its non-porous glass composition makes it perfectly hygienic and easy to clean, while also ensuring its robustness and resistance to shocks and scratches. Perfectly compatible with microwave use and dishwashers, this storage container has been designed for intensive daily use!",LUMINARC,KEEP'N BOX,A6,PC,6,21.3,15.5,6.6,6,120.0,80.0,113.2,SODO,KITCHENWARE,STORAGE,CONSERVATION,15.223,BOITE RECT 122 KEEPN BOX +CV LAGON T,4.301,306,0.669,0,FR,48.2,22.4,14.1,10883314753544,244.935,40883314753545,,883314185218,883314185218,,,,,,
P0737,TEMP KEEPN BOX ROUND 67 + LID LAGON,LUMINARC,Storage,£2.53,https://latabledarc.com/en/products/boite-de-conservation-ronde-68-cl-keepn-box,https://cdn.shopify.com/s/files/1/0943/3553/3393/files/b57be5b015fb92b429644209a733b3f5.jpg?v=1762444685,"Opt for the 68cl Keep'n Box storage container by Luminarc
   This storage container is ideal for storing and preserving your food and culinary preparations. Its non-porous glass composition makes it perfectly hygienic and easy to clean, while also ensuring its robustness and resistance to shocks and scratches. Perfectly compatible with microwave use and dishwashers, this storage container has been designed for intensive daily use!",LUMINARC,KEEP'N BOX,A6,PC,6,16.6,16.6,6.0,6,120.0,80.0,105.5,SODO,KITCHENWARE,STORAGE,CONSERVATION,10.985,BOITE RONDE 67 KEEP'N BOX +CV LAGON. T,2.696,420,0.414,0,FR,34.1,17.7,18.2,10883314252313,214.199,40883314252314,,883314197471,883314197471,,,,,,
C3572,TEMP LINEAL STEMGLASS 25,ARCOROC,Drinkware – Wine,£1.97,,,,ARCOROC,LINEAL,FA6,PC,24,7.7,7.7,17.4,24,120.0,80.0,94.2,SODO,DRINKWARE,DRINKWARE,VERRE A PIED,34.035,VERRE A PIED 25 LINEAL T,4.301,480,0.143,6,FR,33.8,25.3,39.8,10026102801984,111.474,40026102801985,B4,,,7.7,7.7,17.4,0.858,1.018,26102801987
V7859,TEMP LOG BRUSH BLUE HB TUMBLER 16,ARCOROC,Drinkware – Hiballs,£2.25,,,,ARCOROC,LOG BRUSH,FF6,PC,48,6.3,6.3,8.0,48,120.0,80.0,112.5,SODO,DRINKWARE,DRINKWARE,GOBELET,24.599,GOBELET FH 16 LOG BRUSH BLUE T,6.875,1440,0.125,0,FR,42.4,29.6,19.6,10883314992974,231.636,40883314992975,B8,,,,,,,,
V7888,TEMP LOG BRUSH BLUE JEAN OF TUMBLER 22,ARCOROC,Drinkware – Tumblers,£2.25,,,,ARCOROC,LOG BRUSH,FF6,PC,48,7.3,7.3,7.9,48,120.0,81.1,114.5,SODO,DRINKWARE,DRINKWARE,GOBELET,31.746,GOBELET FB 22 LOG BRUSH BLUE JEAN T,8.275,1200,0.15,6,FR,48.1,33.0,20.0,10883314993209,232.261,40883314993200,B8,,,23.6,16.0,9.4,0.984,0.421,883314896541
V7857,TEMP LOG BRUSH DARK CHERRY OF TUMBLER 22,ARCOROC,Drinkware – Tumblers,£2.25,,,,ARCOROC,LOG BRUSH,FF6,PC,48,7.3,7.3,7.9,48,120.0,81.1,114.5,SODO,DRINKWARE,DRINKWARE,GOBELET,31.746,GOBELET FB 22 LOG BRUSH CHERRY T,8.275,1200,0.15,6,FR,48.1,33.0,20.0,10883314992950,232.261,40883314992951,B8,,,23.6,16.0,9.4,0.984,3.549,883314896503
V7854,TEMP LOG BRUSH DARK GREEN OF TUMBLER 22,ARCOROC,Drinkware – Tumblers,£2.25,,,,ARCOROC,LOG BRUSH,FF6,PC,48,7.3,7.3,7.9,48,120.0,81.1,114.5,SODO,DRINKWARE,DRINKWARE,GOBELET,31.746,GOBELET FB 22 LOG BRUSH DARK GREEN T,8.275,1200,0.15,6,FR,48.1,33.0,20.0,10883314992899,232.261,40883314992890,B8,,,23.6,16.0,9.4,0.984,3.549,883314896497
V7858,TEMP LOG BRUSH GREEN OF TUMBLER 16,ARCOROC,Drinkware – Tumblers,£2.25,,,,ARCOROC,LOG BRUSH,FF6,PC,48,6.3,6.3,8.0,48,120.0,80.0,112.5,SODO,DRINKWARE,DRINKWARE,GOBELET,24.599,GOBELET FH 16 LOG BRUSH GREEN T,6.875,1440,0.125,6,FR,42.4,29.6,19.6,10883314992967,231.636,40883314992968,B8,,,20.6,14.0,9.2,0.818,2.653,883314896510
V7884,TEMP LOG BRUSH ORANGE HB TUMBLER 16,ARCOROC,Drinkware – Hiballs,£2.25,,,,ARCOROC,LOG BRUSH,FF6,PC,48,6.3,6.3,8.0,48,120.0,80.0,112.5,SODO,DRINKWARE,DRINKWARE,GOBELET,24.599,GOBELET FH 16 LOG BRUSH ORANGE T,6.875,1440,0.125,6,FR,42.4,29.6,19.6,10883314993193,231.636,40883314993194,B8,,,20.6,14.0,9.2,0.818,2.653,883314896534
V7995,TEMP LOG OF TUMBLER 22,ARCOROC,Drinkware – Tumblers,£0.87,,,,ARCOROC,LOG,FA6,PC,48,7.3,7.3,7.9,48,120.0,81.1,114.5,SODO,DRINKWARE,DRINKWARE,GOBELET,31.746,GOBELET FB 22 LOG T,8.235,1200,0.15,6,FR,48.1,33.0,20.0,10883314994091,231.261,40883314994092,B8,,,23.6,16.0,9.4,0.979,3.549,883314578461
X2298,TEMP MOKA DELICE OF TUMBLER 27,LUMINARC,Drinkware – Tumblers,£1.40,https://latabledarc.com/en/products/mixed-tray-moka-delice-27cl,https://cdn.shopify.com/s/files/1/0943/3553/3393/files/101ed85120b86cdf30eee30d6f999937.webp?v=1769431545,"Add a retro-chic and warm touch to your table with the Moka Délice 27 cl collection. This mix of gourmet shades captures the light to brighten your everyday drinks. 
The Color Palette
• 
Powder Pink: Soft, romantic and luminous. 
• 
Rose Bordeaux: Intense, elegant and subdued. 
• 
Amber: Sunny and warm with honeyed reflections. 
• 
Amber Beige: Natural, soft and harmonious. 
Product Benefits
• 
Ultra-Resistant: Made of tempered glass, designed to resist thermal and mechanical shocks. 
• 
Practical: Perfectly stackable for space-saving and dishwasher safe. 
• 
Mix & Match: A perfect play of colors to enliven the table and easily identify your glass. 
• 
Made in France 🇫🇷 by Luminarc.",LUMINARC,MOKA DELICE,IR12,PC,24,7.7,7.7,9.3,24,120.0,80.0,116.7,SODO CLEAR,DRINKWARE,DRINKWARE,GOBELET,21.42,GOBELET FB 27 MOKA DELICE T,4.784,960,0.18,12,FR,37.5,28.0,20.4,10883314094661,216.949,40883314094662,B2,883314094664,883314094664,35.4,26.4,9.6,2.252,8.972,883314094671
V7506,TEMP MUG 25,ARCOROC,Hot Drinks / Breakfast – Beverage Service,£1.06,,,,ARCOROC,BOCK 25 TRANSP,FA6,PC,6,7.3,7.3,9.0,6,120.0,80.0,112.5,SODO,HOT DRINKS / BREAKFA,HOT DRINKS / BREAKFA,BOL / MUG (PTT DEJEUNER),3.578,MUG 25 T,1.528,1500,0.24,0,FR,23.8,15.5,9.7,883314110111,409.388,40883314989548,,,,,,,,,
Q4779,TEMP NEW MORNING BLACK MUG 32,LUMINARC,Hot Drinks / Breakfast – Beverage Service,£1.10,,,,LUMINARC,NEW MORNING,FA6,PC,6,11.2,11.2,11.1,6,120.0,80.0,110.0,SODO,HOT DRINKS / BREAKFA,HOT DRINKS / BREAKFA,BOL / MUG (PTT DEJEUNER),5.356,MUG 32 NEW MORNING NOIR T,1.915,912,0.3,0,FR,26.7,17.0,11.8,10883314859925,318.119,40883314859926,,883314859928,883314859928,,,,,,
L7335,TEMP NEW YORK TUMBLER H/B 35,ARCOROC,Drinkware – Hiballs,£1.68,,,,ARCOROC,NEW  YORK,FA6,PC,24,7.4,7.4,14.4,24,120.0,80.0,116.0,SODO,DRINKWARE,DRINKWARE,GOBELET,28.904,GOBELET FH 35 NEW YORK T,9.013,720,0.335,6,FR,33.8,25.3,33.8,10883314568483,295.884,40883314568484,B4,,,23.6,16.0,16.1,2.166,6.079,883314568486
N4136,TEMP NEW YORK TUMBLER H/B 40,ARCOROC,Drinkware – Hiballs,£1.79,,,,ARCOROC,NEW  YORK,FA6,PC,24,7.8,7.8,15.6,24,120.0,80.0,87.4,SODO,DRINKWARE,DRINKWARE,GOBELET,34.566,GOBELET H/BALL 40 NEW YORK T,11.132,432,0.39,6,FR,35.7,26.6,36.4,10883314648529,225.824,40883314648520,B4,,,7.8,7.8,15.6,2.34,0.934,883314648522
L7340,TEMP NEW YORK TUMBLER H/B 47,ARCOROC,Drinkware – Hiballs,£1.85,,,,ARCOROC,NEW  YORK,FA6,PC,24,8.7,8.7,14.4,24,120.0,80.0,106.2,SODO,DRINKWARE,DRINKWARE,GOBELET,41.176,GOBELET FH 47 NEW YORK T,11.902,480,0.44,6,FR,57.4,39.2,18.3,10883314568476,263.609,40883314568477,B4,,,27.9,18.8,16.7,2.838,8.759,883314568479
L7339,TEMP NEW YORK TUMBLER O/F 25,ARCOROC,Drinkware – Rocks,£1.35,,,,ARCOROC,NEW  YORK,FA6,PC,24,8.1,8.1,8.4,24,120.0,80.0,111.4,SODO,DRINKWARE,DRINKWARE,GOBELET,22.981,GOBELET FB 25 NEW YORK T,6.13,864,0.22,6,FR,35.7,26.6,24.2,10883314568506,246.174,40883314568507,B4,,,25.1,17.0,11.3,1.456,4.822,883314568509
L7334,TEMP NEW YORK TUMBLER O/F 38,ARCOROC,Drinkware – Rocks,£1.68,,,,ARCOROC,NEW  YORK,FA6,PC,24,8.9,8.9,10.0,24,120.0,80.0,105.0,SODO,DRINKWARE,DRINKWARE,GOBELET,26.135,GOBELET FB 38 NEW YORK T,8.803,768,0.325,6,FR,39.2,29.5,22.6,10883314568490,307.17,40883314568491,B4,,,27.8,18.8,10.5,2.112,5.488,883314568493
V9346,TEMP NONIC HB TUMBLER 28,ARCOROC,Drinkware – Beer,£0.95,,https://static.wixstatic.com/media/042ed7_8bb9168b54594ddd9b4b0286de25ca1c~mv2.webp,,ARCOROC,NONIC,A24,PC,24,7.3,7.3,11.8,24,120.0,80.9,106.2,SODO,DRINKWARE,DRINKWARE,GOBELET,20.606,GOBELET FH 28 NONIC T,4.786,840,0.178,0,FR,48.4,32.5,13.1,883314020618,192.883,40883314020616,,,,,,,,,
V9347,TEMP NONIC HB TUMBLER 34,ARCOROC,Drinkware – Beer,£0.99,,https://static.wixstatic.com/media/042ed7_106612f525db472fb079dfe424cd8f9c~mv2.webp,,ARCOROC,NONIC,A24,PC,24,7.7,7.7,12.8,24,120.0,80.5,112.5,SODO,DRINKWARE,DRINKWARE,GOBELET,21.952,GOBELET FH 34 NONIC T,5.411,840,0.205,0,FR,48.2,32.3,14.1,883314020625,214.768,40883314020623,,,,,,,,,
V9343,TEMP NONIC HB TUMBLER 57,ARCOROC,Drinkware – Beer,£1.25,,https://static.wixstatic.com/media/042ed7_d8607f64920a458b8a869c9ef72ce43a~mv2.webp,,ARCOROC,NONIC,A24,PC,24,8.7,8.7,15.1,24,120.0,80.0,116.7,SODO,DRINKWARE,DRINKWARE,GOBELET,36.821,GOBELET FH 57 NONIC T,8.091,576,0.305,0,FR,56.7,38.2,17.0,883314020540,219.773,40883314020548,,,,,,,,,
V9333,TEMP NONIC HB TUMBLER 66,ARCOROC,Drinkware – Beer,£1.25,,https://static.wixstatic.com/media/042ed7_132065ee37014710aa415aad1bec4154~mv2.webp,,ARCOROC,NONIC,A24,PC,24,9.1,9.1,16.0,24,120.0,80.0,119.7,SODO,DRINKWARE,DRINKWARE,GOBELET,38.137,GOBELET H/BALL 66 NONIC T,8.045,576,0.31,0,FR,56.9,38.3,17.5,883314020335,218.678,40883314020333,,,,,,,,,
V7529,TEMP NORVEGE HB TUMBLER 27,ARCOROC,Drinkware – Hiballs,£0.99,,,,ARCOROC,NORVEGE,FA6,PC,24,7.2,7.0,11.4,24,120.0,80.0,96.3,SODO,DRINKWARE,DRINKWARE,GOBELET,23.26,GOBELET FH 27 NORVEGE T,6.204,720,0.23,0,FR,33.8,25.3,27.2,10883314989776,212.062,40883314989777,B4,,,,,,,,
V7527,TEMP NORVEGE HB TUMBLER 32,ARCOROC,Drinkware – Hiballs,£1.07,,,,ARCOROC,NORVEGE,FA6,PC,24,7.4,7.3,12.5,24,120.0,80.0,107.7,SODO,DRINKWARE,DRINKWARE,GOBELET,26.509,GOBELET FH 32 NORVEGE T,6.622,720,0.245,0,FR,33.8,25.3,31.0,10883314989745,224.62,40883314989746,B4,,,,,,,,
V7513,TEMP NORVEGE OF TUMBLER 16,ARCOROC,Drinkware – Tumblers,£0.71,,,,ARCOROC,NORVEGE,FA6,PC,24,6.6,6.5,8.1,24,120.0,80.0,114.5,SODO,DRINKWARE,DRINKWARE,GOBELET,12.442,GOBELET FB 16 NORVEGE T,3.697,1680,0.135,0,FR,28.8,21.6,20.0,10026102298708,284.76,40026102298709,B4,,,,,,,,
V7462,TEMP NORVEGE OF TUMBLER 20,ARCOROC,Drinkware – Tumblers,£0.71,,,,ARCOROC,NORVEGE,FA6,PC,24,7.2,7.0,8.8,24,120.0,80.0,114.7,SODO,DRINKWARE,DRINKWARE,GOBELET,16.534,GOBELET FB 20 NORVEGE T,4.76,1200,0.175,0,FR,33.2,24.9,20.0,10026102298630,263.978,40026102298631,B4,,,,,,,,
V7535,TEMP NORVEGE OF TUMBLER 25,ARCOROC,Drinkware – Tumblers,£0.87,,,,ARCOROC,NORVEGE,FA6,PC,24,7.7,7.5,9.4,24,120.0,80.0,98.7,SODO,DRINKWARE,DRINKWARE,GOBELET,17.36,GOBELET FB 25 NORVEGE T,5.249,960,0.195,0,FR,33.2,24.9,21.0,10883314989837,235.718,40883314989838,B4,,,,,,,,
V3503,TEMP NOVA AQUITANIA BOWL 50,ARCOROC,Hot Drinks / Breakfast – Crockery,£1.01,,,,ARCOROC,NOVA AQUITANIA,A12,PC,12,13.2,13.2,6.8,12,120.0,80.0,116.7,FLUO,HOT DRINKS / BREAKFA,HOT DRINKS / BREAKFA,BOL / MUG (PTT DEJEUNER),6.601,BOL 50 NOVA AQUITANIA T,2.963,1596,0.235,0,FR,27.4,16.5,14.6,10883314950493,419.549,40883314950494,,,,,,,,,
P0157,TEMP NOVA AQUITANIA DINNER 225,ARCOROC,Dinnerware,£0.87,,,,ARCOROC,NOVA AQUITANIA,A24,PC,24,22.5,22.5,2.0,24,120.4,80.0,92.5,FLUO,DINNERWARE,DINNERWARE,ASSIETTE,9.164,ASSIETTE 225 NOVA AQUITANIA T,7.197,1872,0.29,0,FR,24.0,14.8,25.8,10883314705604,587.33,40883314705605,,,,,,,,,
V3504,TEMP NOVA AQUITANIA M-PURPOSE BOWL 130,ARCOROC,Dinnerware,£0.79,,,,ARCOROC,NOVA AQUITANIA,A24,PC,24,13.2,13.2,3.7,24,120.0,80.0,87.0,FLUO,DINNERWARE,DINNERWARE,SALADIER,4.31,COUPELLE 130 NOVA AQUITANIA T,3.699,3600,0.15,0,FR,20.5,14.5,14.5,10883314950509,580.275,40883314950500,,,,,,,,,
Q3295,TEMP NOVA AQUITANIA SOUP PLATE 225,ARCOROC,Dinnerware,£0.87,,,,ARCOROC,NOVA AQUITANIA,A24,PC,24,22.5,22.5,2.7,24,120.0,80.0,88.0,FLUO,DINNERWARE,DINNERWARE,ASSIETTE,9.37,ASSIETTE CREUSE 225 NOVA AQUITANIA T,8.332,1656,0.34,0,FR,24.0,16.0,24.4,10883314844310,600.349,40883314844311,,883314844313,883314844313,,,,,,
V7482,TEMP NUEVO MUG 25,LUMINARC,Hot Drinks / Breakfast – Beverage Service,£1.04,https://latabledarc.com/en/products/mug-25-cl-nuevo,https://cdn.shopify.com/s/files/1/0943/3553/3393/files/34b406f0cc3c75ea6612faefa01501fb.jpg?v=1762446499,"Fall in love with the Nuevo 25cl Mug, developed by Luminarc
 This mug is a breakfast and coffee break essential! Hot chocolate, coffee, or tea: this versatile mug caters to everyone's tastes, whether you're a guest or the host! No need to think twice: whatever the drink, this mug is perfect—just pour!",LUMINARC,NUEVO,FA6,PC,6,10.4,10.4,9.2,6,120.0,80.0,113.5,SODO,HOT DRINKS / BREAKFA,HOT DRINKS / BREAKFA,BOL / MUG (PTT DEJEUNER),3.994,MUG 25 NUEVO T,1.477,1260,0.23,0,FR,25.0,16.3,9.8,883314409901,337.411,40883314989340,,883314325362,883314325362,,,,,,
V7473,TEMP NUEVO MUG 32,LUMINARC,Hot Drinks / Breakfast – Beverage Service,£1.17,https://latabledarc.com/en/products/mug-32-cl-nuevo,https://cdn.shopify.com/s/files/1/0943/3553/3393/files/a81aab5c628fb2fa7a32766affceb4c8_31c155b6-7c75-419b-b605-e17b5085a79f.jpg?v=1762446543,"Fall in love with the Nuevo 32cl Mug, developed by Luminarc
 This mug is a breakfast and coffee break essential! Hot chocolate, coffee, or tea: this versatile mug caters to everyone's tastes, whether you're a guest or the host! No need to think twice: whatever the drink, this mug is perfect—just pour!",LUMINARC,NUEVO,A6,PC,6,10.7,10.7,11.1,6,120.0,80.0,113.9,SODO,HOT DRINKS / BREAKFA,HOT DRINKS / BREAKFA,BOL / MUG (PTT DEJEUNER),5.442,MUG 32 NUEVO T,1.839,1008,0.28,0,FR,26.6,16.5,12.4,10883314989226,334.542,40883314989227,,883314381733,883314381733,,,,,,
V7459,TEMP NUEVO MUG 40,LUMINARC,Hot Drinks / Breakfast – Beverage Service,£1.56,https://latabledarc.com/en/products/mug-40-cl-nuevo,https://cdn.shopify.com/s/files/1/0943/3553/3393/files/7056f897ab72d4b70411810c2e38409c_9581774d-195b-4a9a-aef5-9eb6b73b4f87.jpg?v=1762446546,"Fall in love with the Nuevo 40cl Mug, developed by Luminarc
   This mug is a breakfast and coffee break essential! Hot chocolate, coffee, or tea: this versatile mug caters to everyone's tastes, whether you're a guest or the host! No need to think twice: whatever the drink, this mug is perfect—just pour!",LUMINARC,NUEVO,FA6,PC,6,11.1,11.1,12.3,6,120.0,80.0,107.2,SODO,HOT DRINKS / BREAKFA,HOT DRINKS / BREAKFA,BOL / MUG (PTT DEJEUNER),6.175,MUG 40 NUEVO T,1.985,714,0.31,0,FR,27.2,17.2,13.2,10883314988984,263.138,40883314988985,,883314521412,883314521412,,,,,,
Q6197,TEMP ONCTUOSE BOWL 22               A24,ARCOROC,Storage,£20.24,,https://static.wixstatic.com/media/042ed7_c529560e710e4f4a8c3827ad1974a266~mv2.webp,,ARCOROC,ONCTUOSE,A24,CRN,1,34.9,25.9,14.4,1,120.0,80.0,115.3,SODO,KITCHENWARE,STORAGE,CONSERVATION,13.016,COUPELLE 22 ONCTUOSE              A24 T,3.773,63,3.773,0,FR,34.9,25.9,14.4,883314875430,263.371,40883314875438,,883314875430,883314875430,,,,,,
Q5215,TEMP ONCTUOSE BOWL 22 + ASSEMBLED LIDS,ARCOROC,Storage,£1.59,,https://static.wixstatic.com/media/042ed7_e0480530a8ea4771883c047f7ef7a8b1~mv2.webp,,ARCOROC,ONCTUOSE,FA6,PC,24,8.5,8.5,6.0,24,120.0,80.0,115.6,SODO,KITCHENWARE,STORAGE,CONSERVATION,23.359,COUPELLE 22 ONCTUOSE +CV MONTES T,4.428,960,0.154,6,FR,39.2,29.5,20.2,10883314864790,202.58,40883314864791,B4,,,8.5,8.5,6.0,0.924,0.428,883314864793
Q6158,TEMP PAMPILLE 19 PC TABLE SET,LUMINARC,Dinnerware,£24.43,,,,LUMINARC,PAMPILLE BLANC,SS1,SET,1,28.0,22.0,26.3,1,120.0,80.0,120.6,FLUO,DINNERWARE,DINNERWARE,SERVICE VAISSELLE,16.201,SCE 19P TABLE PAMPILLE T,7.317,56,7.317,0,FR,28.0,22.0,26.3,883314875041,436.838,40883314875087,,883314875041,883314875041,,,,,,
Q4621,TEMP PAMPILLE BL BOWL 13,LUMINARC,Dinnerware,£1.18,https://latabledarc.com/en/products/coupelle-noire-13-cm-pampille,https://cdn.shopify.com/s/files/1/0943/3553/3393/files/77571686ba6e499d52f997fa3af6f621.jpg?v=1762445089,"Choose the 13cm black cup from the Pampille collection by Luminarc
 This bowl is an essential item in your kitchen.",LUMINARC,PAMPILLE NOIR,RS6,PC,24,13.0,13.0,5.8,24,120.0,80.0,116.3,SODO,DINNERWARE,DINNERWARE,SALADIER,10.556,COUPELLE MULTI-USAGES 13 PAMPILLE NOIR T,4.628,2016,0.18,6,FR,28.0,26.0,14.5,10883314858416,414.439,40883314858417,B4,883314858419,883314858419,13.2,13.2,14.0,1.099,2.439,
Q4618,TEMP PAMPILLE BL DINNER PLATE 25,LUMINARC,Dinnerware,£1.27,https://latabledarc.com/en/products/assiette-plate-noire-25-cm-pampille,https://cdn.shopify.com/s/files/1/0943/3553/3393/files/ecc4cea059422f563033fe04cf42140a_7c9fa332-85aa-40ca-94df-a3a25723a720.jpg?v=1762443968,"Fall in love with the 25cm black flat plate from the Pampille collection by Luminarc
 This plate combines aesthetics and durability thanks to its glass composition. Designed for everyday use, it is equally suitable for a meal on the",LUMINARC,PAMPILLE NOIR,RS6,PC,24,25.0,25.0,1.8,24,120.0,80.0,94.2,SODO,DINNERWARE,DINNERWARE,ASSIETTE,10.534,ASSIETTE PLATE 25 PAMPILLE NOIR T,10.728,1296,0.435,6,FR,26.5,15.0,26.5,10883314858386,605.218,40883314858387,B4,883314858389,883314858389,25.2,25.2,4.0,2.634,2.54,
Q4622,TEMP PAMPILLE BLACK BOWL 24,LUMINARC,Dinnerware,£3.90,https://latabledarc.com/en/products/saladier-noir-24-cm-pampille,https://cdn.shopify.com/s/files/1/0943/3553/3393/files/1b6ea91459cdafa262a4c1442938445b.jpg?v=1762447091,"Buy the 24cm black salad bowl from the Pampille collection by Luminarc
 This salad bowl proves to be both sturdy (an important characteristic for a product used frequently and regularly subjected to vigorous handling) and practical.",LUMINARC,PAMPILLE NOIR,RS6,PC,12,24.0,24.0,10.7,12,120.0,80.0,93.8,SODO,DINNERWARE,DINNERWARE,SALADIER,33.063,SALADIER 24 PAMPILLE NOIR T,10.587,216,0.83,6,FR,49.3,25.5,26.3,10883314858423,216.457,40883314858424,B2,883314858426,883314858426,24.2,24.2,24.5,5.052,14.348,
Q4620,TEMP PAMPILLE BLACK DESSERT PLATE 19,LUMINARC,Dinnerware,£1.18,https://latabledarc.com/en/products/assiette-a-dessert-noire-19-cm-pampille,https://cdn.shopify.com/s/files/1/0943/3553/3393/files/04ac6101e02f19351ffb8652c6d28b04_48bce05d-a596-425d-b438-8050d7d290e6.jpg?v=1762444197,"Fall in love with the 19cm black dessert plate from the Pampille collection by Luminarc
 This plate combines aesthetics and durability thanks to its glass composition. Designed for everyday use, it's equally suitable for a meal on the go.",LUMINARC,PAMPILLE NOIR,RS6,PC,24,19.0,19.0,1.8,24,120.0,80.0,76.2,SODO,DINNERWARE,DINNERWARE,ASSIETTE,5.938,ASSIETTE DESSERT 19 PAMPILLE NOIR T,6.323,2160,0.255,6,FR,20.4,14.2,20.5,10883314858409,595.025,40883314858400,B4,883314858402,883314858402,19.0,19.0,1.8,1.53,0.65,
Q4619,TEMP PAMPILLE BLACK SOUP PLATE 20,LUMINARC,Dinnerware,£1.27,https://latabledarc.com/en/products/assiette-creuse-noire-20-cm-pampille,https://cdn.shopify.com/s/files/1/0943/3553/3393/files/aa5d76340909c0b171141f60e6c5302e.jpg?v=1762443606,"Fall in love with the 20cm black deep plate from the Pampille collection by Luminarc
   This deep plate is durable and lightweight, making it suitable for everyday use. From saucy dishes and soups to solid or liquid foods: the large",LUMINARC,PAMPILLE NOIR,RS6,PC,24,20.0,20.0,4.3,24,120.0,80.0,78.3,SODO,DINNERWARE,DINNERWARE,ASSIETTE,9.031,ASSIETTE CREUSE 20 PAMPILLE NOIR T,8.556,1440,0.345,6,FR,21.3,20.0,21.2,10883314858393,539.273,40883314858394,B4,883314858396,883314858396,20.0,20.0,4.3,2.07,1.72,
Q6157,TEMP PAMPILLE BLACK TABLE SET 18P,LUMINARC,Dinnerware,£22.36,,,,LUMINARC,PAMPILLE NOIR,SS1,SET,1,26.6,14.8,26.2,1,120.0,80.6,120.2,SODO,DINNERWARE,DINNERWARE,SERVICE VAISSELLE,10.314,SCE 18P TABLE PAMPILLE NOIR T,6.592,88,6.604,0,FR,26.6,14.8,26.2,883314875034,608.33,40883314875032,,883314875034,883314875034,,,,,,
Q9849,TEMP PAMPILLE CLEAR BOWL 13,LUMINARC,Dinnerware,£1.08,https://latabledarc.com/en/products/coupelle-en-verre-13-cm-pampille,https://cdn.shopify.com/s/files/1/0943/3553/3393/files/bf37e39b383fb315dc0f0fd4c5ab3f84.jpg?v=1762445054,"Choose the 13cm glass bowl from the Pampille collection by Luminarc
 This bowl is an essential item in your kitchen.",LUMINARC,PAMPILLE CLEAR,A24,PC,24,0.0,0.0,0.0,24,120.0,80.0,116.3,SODO,DINNERWARE,DINNERWARE,SALADIER,10.556,CPL MU 13 PAMPILLE CLEAR T,4.64,2016,0.18,0,FR,28.0,26.0,14.5,10883314914716,415.447,40883314914717,,883314858570,883314858570,,,,,,
Q4638,TEMP PAMPILLE CLEAR BOWL 24,LUMINARC,Dinnerware,£3.60,https://latabledarc.com/en/products/saladier-en-verre-24-cm-pampille,https://cdn.shopify.com/s/files/1/0943/3553/3393/files/23506caaf34dfd5d7d969d9b2114c21d.jpg?v=1762447066,"Buy the 24cm glass salad bowl from the Pampille collection by Luminarc
 This salad bowl proves to be both sturdy (an important characteristic for a product used frequently and regularly subjected to vigorous handling) and practical.",LUMINARC,PAMPILLE CLEAR,A12,PC,12,0.0,0.0,0.0,12,120.0,80.0,118.5,SODO,DINNERWARE,DINNERWARE,SALADIER,26.364,SALADIER 24 PAMPILLE CLEAR T,11.019,432,0.865,0,FR,39.0,26.0,26.0,10883314858591,422.076,40883314858592,,883314858594,883314858594,,,,,,
Q9851,TEMP PAMPILLE CLEAR DESSERT PLATE 19,LUMINARC,Dinnerware,£1.08,https://latabledarc.com/en/products/assiette-a-dessert-en-verre-19-cm-pampille,https://cdn.shopify.com/s/files/1/0943/3553/3393/files/ea619536871d5f6d718c5800e09871c4.jpg?v=1762444157,"Fall in love with the 19cm glass dessert plate from the Pampille collection by Luminarc
 This plate combines aesthetics and durability thanks to its glass composition. Designed for everyday use, it is equally suitable for a casual meal.",LUMINARC,PAMPILLE CLEAR,A24,PC,24,0.0,0.0,0.0,24,120.0,80.0,76.4,SODO,DINNERWARE,DINNERWARE,ASSIETTE,5.938,ASSIETTE DESSERT 19 PAMPILLE CLEAR T,6.315,2160,0.255,0,FR,20.4,14.2,20.5,10883314914730,594.305,40883314914731,,883314858563,883314858563,,,,,,
Q9853,TEMP PAMPILLE CLEAR DINNER PLATE 24,LUMINARC,Dinnerware,£1.16,https://latabledarc.com/en/products/assiette-plate-en-verre-25-cm-pampille,https://cdn.shopify.com/s/files/1/0943/3553/3393/files/cbccdaef3b5c0aae70c82859f0ab21dd_7fe9cac1-3802-42fb-8fe2-c5f3a4476f88.jpg?v=1762443947,"Fall in love with the 25cm glass dinner plate from the Pampille collection by Luminarc
 This plate combines aesthetics and durability thanks to its glass composition. Designed for everyday use, it's equally suitable for a quick meal or a large family dinner, and will easily withstand numerous washes in the dishwasher.",LUMINARC,PAMPILLE CLEAR,A24,PC,24,0.0,0.0,0.0,24,120.0,80.0,94.2,SODO,DINNERWARE,DINNERWARE,ASSIETTE,10.534,ASSIETTE PLATE 25 PAMPILLE CLEAR T,11.118,1296,0.45,0,FR,26.5,15.0,26.5,10883314914754,626.278,40883314914755,,883314858549,883314858549,,,,,,
Q9852,TEMP PAMPILLE CLEAR SOUP PLATE 20,LUMINARC,Dinnerware,£1.16,https://latabledarc.com/en/products/assiette-creuse-en-verre-20-cm-pampille,https://cdn.shopify.com/s/files/1/0943/3553/3393/files/41304300995090f888fa5863b42fb873.jpg?v=1762443563,"Fall in love with the 20cm glass soup plate from the Pampille collection by Luminarc
 This deep plate is durable and lightweight, making it suitable for everyday use. From saucy dishes and soups to solid and liquid foods, it's perfect for any occasion.",LUMINARC,PAMPILLE CLEAR,A24,PC,24,0.0,0.0,4.3,24,120.0,80.0,78.5,SODO,DINNERWARE,DINNERWARE,ASSIETTE,9.031,ASSIETTE CREUSE 20 PAMPILLE CLEAR T,8.804,1440,0.355,0,FR,21.3,20.0,21.2,10883314914747,553.771,40883314914748,,883314858556,883314858556,,,,,,
Q6156,TEMP PAMPILLE CLEAR TABLE SET 18P,LUMINARC,Dinnerware,£20.71,,,,LUMINARC,PAMPILLE CLEAR,SS1,SET,1,26.6,14.8,26.2,1,120.0,81.1,120.2,SODO,DINNERWARE,DINNERWARE,SERVICE VAISSELLE,10.314,SCE 18P TABLE PAMPILLE CLEAR T,6.774,88,6.774,0,FR,26.6,14.8,26.2,883314875027,623.611,40883314875025,,883314875027,883314875027,,,,,,
Q4646,TEMP PAMPILLE GRANIT DESSERT PLATE 19,LUMINARC,Dinnerware,£1.18,https://latabledarc.com/en/products/assiette-a-dessert-grise-19-cm-pampille,https://cdn.shopify.com/s/files/1/0943/3553/3393/files/0a22932bb2e9118f773e3d1de2f4e998.jpg?v=1762444163,"Fall in love with the 19cm grey dessert plate from the Pampille collection by Luminarc
 This plate combines aesthetics and durability thanks to its glass composition. Designed for everyday use, it's equally suitable for a meal on the go.",LUMINARC,PAMPILLE GRANIT,RS6,PC,24,19.0,19.0,1.9,24,120.0,80.0,76.4,FLUO,DINNERWARE,DINNERWARE,ASSIETTE,5.938,ASSIETTE DESSERT 19 PAMPILLE GRANIT T,6.041,2160,0.245,6,FR,20.4,14.2,20.5,10883314858652,569.217,40883314858653,B4,883314858655,883314858655,19.2,19.2,4.0,1.479,1.475,
Q4643,TEMP PAMPILLE GRANIT DINNER PLATE 25,LUMINARC,Dinnerware,£1.27,https://latabledarc.com/en/products/assiette-plate-grise-25-cm-pampille,https://cdn.shopify.com/s/files/1/0943/3553/3393/files/40f12ca2fbed5ba716cc062279d2a921.jpg?v=1762443957,"Fall in love with the 25cm grey flat plate from the Pampille collection by Luminarc
 This plate combines aesthetics and durability thanks to its glass composition. Designed for everyday use, it is equally suitable for a meal on the",LUMINARC,PAMPILLE GRANIT,RS6,PC,24,25.0,25.0,1.8,24,120.0,80.0,94.2,FLUO,DINNERWARE,DINNERWARE,ASSIETTE,10.534,ASSIETTE PLATE 25 PAMPILLE GRANIT T,10.299,1296,0.42,6,FR,26.5,15.0,26.5,10883314858638,582.052,40883314858639,B4,883314858631,883314858631,25.2,25.2,4.2,2.529,2.667,
Q4647,TEMP PAMPILLE GRANIT M-PURPOSE BOWL 13,LUMINARC,Dinnerware,£1.18,https://latabledarc.com/en/products/coupelle-grise-13-cm-pampille,https://cdn.shopify.com/s/files/1/0943/3553/3393/files/d427f0d8d775863ac18360e5fe6bff95.jpg?v=1762445075,"Choose the 13cm grey bowl from the Pampille collection by Luminarc
 This bowl is an essential item in your kitchen.",LUMINARC,PAMPILLE GRANIT,RS6,PC,24,13.0,13.0,5.8,24,120.0,80.0,116.3,FLUO,DINNERWARE,DINNERWARE,SALADIER,10.556,CPL MU 13 PAMPILLE GRANIT T,4.348,2016,0.17,6,FR,28.0,26.0,14.5,10883314858669,390.919,40883314858660,B4,883314858662,883314858662,13.2,13.2,14.0,1.03,2.439,
Q4645,TEMP PAMPILLE GRANIT SOUP PLATE 20,LUMINARC,Dinnerware,£1.27,https://latabledarc.com/en/products/assiette-creuse-grise-20-cm-pampille,https://cdn.shopify.com/s/files/1/0943/3553/3393/files/c1414097ed80c183fdfbda98e6165a91.webp?v=1776327722,"Fall in love with the 20cm grey soup plate from the Pampille collection by Luminarc
 This deep plate is durable and lightweight, making it suitable for everyday use. From saucy dishes and soups to solid or liquid foods: the large",LUMINARC,PAMPILLE GRANIT,RS6,PC,24,20.0,20.0,4.3,24,120.0,80.0,78.5,FLUO,DINNERWARE,DINNERWARE,ASSIETTE,9.031,ASSIETTE CREUSE 20 PAMPILLE GRANIT T,8.127,1440,0.33,6,FR,21.3,20.0,21.2,10883314858645,513.151,40883314858646,B4,883314858648,883314858648,20.2,20.2,8.0,1.99,1.72,
Q6155,TEMP PAMPILLE GRANIT TABLE SET 18P,LUMINARC,Dinnerware,£22.36,,,,LUMINARC,PAMPILLE GRANIT,SS1,SET,1,26.6,14.8,26.2,1,120.0,80.6,120.2,FLUO,DINNERWARE,DINNERWARE,SERVICE VAISSELLE,10.314,SCE 18P TABLE PAMPILLE GRANIT T,6.322,88,6.322,0,FR,26.6,14.8,26.2,883314875010,583.454,40883314875018,,883314875010,883314875010,,,,,,
Q6154,TEMP PAMPILLE L TURQ TABLE SET 18P,LUMINARC,Dinnerware,£22.36,,,,LUMINARC,PAMPILLE TURQUOISE,SS1,SET,88,26.6,14.8,26.2,0,120.0,80.6,120.2,FLUO,DINNERWARE,DINNERWARE,SERVICE VAISSELLE,0.0,SCE 18P TABLE PAMPILLE L TURQUOISE T,0.0,88,6.322,0,FR,,,,,583.454,40883314875001,,883314875003,883314875003,,,,,,
Q4653,TEMP PAMPILLE L TURQUOISE BOWL 13,LUMINARC,Dinnerware,£1.18,,,,LUMINARC,PAMPILLE TURQUOISE,RS6,PC,24,13.0,13.0,5.8,24,120.0,80.0,116.3,FLUO,DINNERWARE,DINNERWARE,SALADIER,10.556,CPL MU 13 PAMPILLE L TURQUOISE T,4.348,2016,0.17,6,FR,28.0,26.0,14.5,10883314858713,390.919,40883314858714,B4,883314858716,883314858716,13.2,13.2,14.0,1.03,0.98,
Q4651,TEMP PAMPILLE L TURQUOISE DESSERT PL 19,LUMINARC,Dinnerware,£1.18,,,,LUMINARC,PAMPILLE TURQUOISE,RS6,PC,24,19.0,19.0,1.9,24,120.0,80.0,76.4,FLUO,DINNERWARE,DINNERWARE,ASSIETTE,5.938,ASS DESSERT 19 PAMPILLE L TURQUOISE T,6.041,2160,0.245,6,FR,20.4,14.2,20.5,10883314858706,569.017,40883314858707,B4,883314858709,883314858709,19.2,19.2,4.0,1.479,1.475,
Q4649,TEMP PAMPILLE L TURQUOISE DINNER PL25,LUMINARC,Dinnerware,£1.27,,,,LUMINARC,PAMPILLE TURQUOISE,RS6,PC,24,25.0,25.0,1.8,24,120.0,80.0,94.2,FLUO,DINNERWARE,DINNERWARE,ASSIETTE,10.534,ASSIETTE PLATE 25 PAMPILLE TURQUOISE T,10.299,1296,0.42,6,FR,26.5,15.0,26.5,10883314858683,582.052,40883314858684,B4,883314858686,883314858686,25.2,25.2,4.2,2.529,2.667,
Q4650,TEMP PAMPILLE L TURQUOISE SOUP PLATE 20,LUMINARC,Dinnerware,£1.27,,,,LUMINARC,PAMPILLE TURQUOISE,RS6,PC,24,20.0,20.0,4.3,24,120.0,80.0,78.5,FLUO,DINNERWARE,DINNERWARE,ASSIETTE,9.031,ASS CREUSE 20 PAMPILLE L TURQUOISE T,8.127,1440,0.33,6,FR,21.3,20.0,21.2,10883314858690,513.151,40883314858691,B4,883314858693,883314858693,20.0,20.0,4.3,1.98,1.72,
Q4659,TEMP PAMPILLE WHITE BOWL 13,LUMINARC,Dinnerware,£1.10,https://latabledarc.com/en/products/coupelle-blanche-13-cm-pampille,https://cdn.shopify.com/s/files/1/0943/3553/3393/files/9c72c264cd91557f6401c7742336f733_7917fddc-1451-4f29-9016-386a80d12445.jpg?v=1762445021,"Choose the 13cm white bowl from the Pampille collection by Luminarc
 This bowl is an essential item in your kitchen.",LUMINARC,PAMPILLE BLANC,RS6,PC,24,13.0,13.0,5.8,24,120.0,80.0,116.3,FLUO,DINNERWARE,DINNERWARE,SALADIER,10.556,CPL MU 13 PAMPILLE BLANC T,4.348,2016,0.17,6,FR,28.0,26.0,14.5,10883314858768,390.919,40883314858769,B4,883314858761,883314858761,13.0,13.0,5.8,1.02,0.98,
Q4661,TEMP PAMPILLE WHITE BOWL 24,LUMINARC,Dinnerware,£3.62,https://latabledarc.com/en/products/saladier-blanc-24-cm-pampille,https://cdn.shopify.com/s/files/1/0943/3553/3393/files/64777f47d9b3cb296dea073312fc1ab4_4e966f72-3ba4-40eb-b5b6-59aca5c98175.jpg?v=1762447028,"Buy the 24cm white salad bowl from the Pampille collection by Luminarc
 This salad bowl proves to be both sturdy (an important characteristic for a product used frequently and regularly subjected to vigorous handling) and practical.",LUMINARC,PAMPILLE BLANC,RS6,PC,12,24.0,24.0,10.7,12,120.0,80.0,93.8,FLUO,DINNERWARE,DINNERWARE,SALADIER,33.063,SALADIER 24 PAMPILLE BLANC T,10.587,216,0.83,6,FR,49.3,25.5,26.3,10883314858782,216.457,40883314858783,B2,883314858785,883314858785,24.2,24.2,24.5,5.052,14.348,
Q4655,TEMP PAMPILLE WHITE DINNER PLATE 25,LUMINARC,Dinnerware,£1.18,https://latabledarc.com/en/products/assiette-plate-blanche-25-cm-pampille,https://cdn.shopify.com/s/files/1/0943/3553/3393/files/c9175fc7efa48bc8e41a5639b8a34e55.jpg?v=1762443930,"Fall in love with the 25cm white flat plate from the Pampille collection by Luminarc
 This plate combines aesthetics and durability thanks to its glass composition. Designed for everyday use, it's equally suitable for a meal on the go.",LUMINARC,PAMPILLE BLANC,RS6,PC,24,25.0,25.0,1.8,24,120.0,80.0,94.2,FLUO,DINNERWARE,DINNERWARE,ASSIETTE,10.534,ASSIETTE PLATE 25 PAMPILLE BLANC T,10.299,1296,0.42,6,FR,26.5,15.0,26.5,10883314858737,582.052,40883314858738,B4,883314858730,883314858730,25.2,25.2,4.2,2.529,2.667,
Q4656,TEMP PAMPILLE WHITE SOUP PLATE 20,LUMINARC,Dinnerware,£1.18,https://latabledarc.com/en/products/assiette-creuse-blanche-20-cm-pampille,https://cdn.shopify.com/s/files/1/0943/3553/3393/files/a0437a2017aba6174d0e9b0a7e20df00_6b8a08f6-cc70-491f-8933-adecbc56635d.jpg?v=1776244864,"Fall in love with the 20cm white soup plate from the Pampille collection by Luminarc
 This deep plate is durable and lightweight, making it suitable for everyday use. From saucy dishes and soups to solid and liquid foods, it's perfect for any occasion.",LUMINARC,PAMPILLE BLANC,RS6,PC,24,20.0,20.0,4.3,24,120.0,80.0,78.5,FLUO,DINNERWARE,DINNERWARE,ASSIETTE,9.031,ASSIETTE CREUSE 20 PAMPILLE BLANC T,8.127,1440,0.33,6,FR,21.3,20.0,21.2,10883314858744,513.151,40883314858745,B4,883314858747,883314858747,20.2,20.2,8.0,1.99,1.72,
Q6153,TEMP PAMPILLE WHITE TABLE SET 18P,LUMINARC,Dinnerware,£20.79,,,,LUMINARC,PAMPILLE BLANC,SS1,SET,1,26.6,14.8,26.2,1,120.0,80.6,120.2,FLUO,DINNERWARE,DINNERWARE,SERVICE VAISSELLE,10.314,SCE 18P TABLE PAMPILLE WHITE T,6.319,88,6.319,0,FR,26.6,14.8,26.2,883314874990,583.571,40883314874998,,883314874990,883314874990,,,,,,
Q9925,TEMP PLUMI BL DESSERT PLATE 19,LUMINARC,Dinnerware,£0.91,,,,LUMINARC,PLUMI,A24,PC,24,19.0,19.0,1.6,24,120.0,80.0,78.5,SODO,DINNERWARE,DINNERWARE,ASSIETTE,6.081,ASSIETTE DESSERT 19 PLUMI NOIR T,5.863,2160,0.235,0,FR,20.2,14.2,21.2,10883314918318,553.599,40883314918319,,883314918311,883314918311,,,,,,
Q9923,TEMP PLUMI BL DINNER PLATE 24,LUMINARC,Dinnerware,£0.97,,,,LUMINARC,PLUMI,A24,PC,24,24.0,24.0,2.1,24,120.0,80.0,93.5,SODO,DINNERWARE,DINNERWARE,ASSIETTE,10.564,ASSIETTE PLATE 24 PLUMI NOIR T,8.583,1656,0.345,0,FR,25.2,16.0,26.2,10883314918325,618.245,40883314918326,,883314918328,883314918328,,,,,,
P3263,TEMP PRINCESA STEMMED GLASS 31,ARCOROC,Drinkware – Wine,£2.11,,,,ARCOROC,PRINCESA,FA6,PC,24,8.2,8.2,19.7,24,120.0,80.0,101.8,SODO,DRINKWARE,DRINKWARE,VERRE A PIED,41.403,VERRE A PIED 31 PRINCESA T,5.33,432,0.18,6,FR,35.7,26.6,43.6,10883314740025,121.419,40883314740026,B4,,,8.2,8.2,19.7,1.08,1.321,883314419900
X0422,TEMP PRYSM HB TUMBLER 35,ARCOROC,Drinkware – Hiballs,£1.42,,,,ARCOROC,PRYSM,FA6,PC,24,8.2,8.2,12.6,24,120.0,80.0,115.0,SODO,DRINKWARE,DRINKWARE,GOBELET,32.224,GOBELET FH 35 PRYSM T,8.836,576,0.33,6,FR,53.6,36.0,16.7,10883314044185,237.538,40883314044186,B4,,,25.1,17.0,15.1,2.093,6.443,883314044188
X0154,TEMP PRYSM OF TUMBLER 27,ARCOROC,Drinkware – Tumblers,£1.30,,,,ARCOROC,PRYSM,FA6,PC,24,9.4,8.6,8.8,24,120.0,80.0,115.5,SODO,DRINKWARE,DRINKWARE,GOBELET,23.359,GOBELET FB 27 PRYSM T,6.972,960,0.26,6,FR,39.2,29.5,20.2,10883314045694,304.467,40883314045695,B4,,,27.8,18.8,9.3,1.659,4.861,883314045697
X2008,TEMP PRYSM OF TUMBLER 37,ARCOROC,Drinkware – Tumblers,£1.42,,,,ARCOROC,PRYSM,FA6,PC,24,9.5,9.5,9.6,24,120.0,80.0,109.7,SODO,DRINKWARE,DRINKWARE,GOBELET,32.8,GOBELET FB 37 PRYSM T,7.736,576,0.305,6,AE,42.8,32.2,23.8,10883314085676,211.042,40883314085677,B4,,,9.5,9.5,9.6,1.83,0.857,883314085679
V5494,TEMP PURE BOX ACTIVE 197 +LID,LUMINARC,Storage,£6.47,https://latabledarc.com/en/products/boite-de-conservation-rectangulaire-197-cl-pure-box-active,https://cdn.shopify.com/s/files/1/0943/3553/3393/files/40c5a876ddd752e2bdb413b9358e76a9_d284255f-5cfa-43a0-bf9e-6b797aa3c6b4.jpg?v=1762444730,,LUMINARC,PURE BOX ACTIVE,A6,PC,6,25.0,19.0,7.9,6,120.0,80.0,112.5,SODO,KITCHENWARE,STORAGE,CONSERVATION,25.416,BOITE RECT 197 PURE BOX ACTIVE +CV T,6.643,216,1.044,0,AE,39.0,26.6,24.5,10883314973119,264.642,40883314973110,,883314344219,883314344219,,,,,,
V5495,TEMP PURE BOX ACTIVE RECT 82 +LID,LUMINARC,Storage,£4.21,https://latabledarc.com/en/products/boite-de-conservation-rectangulaire-82-cl-pure-box-active,https://cdn.shopify.com/s/files/1/0943/3553/3393/files/f6446a1e1708d28bb9992417687b2e78.jpg?v=1762444717,"Choose the 82cl Pure Box Active storage container by Luminarc
   This storage container is ideal for storing and preserving your food and culinary preparations. Its non-porous glass composition makes it perfectly hygienic and easy to clean, while also ensuring its robustness and resistance to shocks and scratches. Perfectly compatible with microwave use and dishwashers, this storage container has been designed for intensive daily use!",LUMINARC,PURE BOX ACTIVE,A6,PC,6,19.2,14.6,6.7,6,120.0,80.4,121.6,SODO,KITCHENWARE,STORAGE,CONSERVATION,12.844,BOITE RECT 82 PURE BOX ACTIVE +CV T,3.65,480,0.571,0,AE,30.0,20.1,21.3,10883314344261,317.595,40883314974889,,883314344257,883314344257,,,,,,
P0739,TEMP RECT KEEPN BOX 38+ LID LAGON,LUMINARC,Storage,£2.42,https://latabledarc.com/en/products/boite-de-conservation-rectangulaire-38-cl-keepn-box,https://cdn.shopify.com/s/files/1/0943/3553/3393/files/e5d46c216aed142fe2f8adfbafd9a20f.jpg?v=1762444649,"Opt for the 38cl Keep'n Box storage container by Luminarc
   This storage container is ideal for storing and preserving your food and culinary preparations. Its non-porous glass composition makes it perfectly hygienic and easy to clean, while also ensuring its robustness and resistance to shocks and scratches. Perfectly compatible with microwave use and dishwashers, this storage container has been designed for intensive daily use!",LUMINARC,KEEP'N BOX,A6,PC,6,14.7,11.0,5.4,6,120.0,80.0,112.3,SODO,KITCHENWARE,STORAGE,CONSERVATION,5.998,BOITE RECT 38 KEEPN BOX +CV LAGON T,1.855,900,0.286,0,FR,23.0,16.0,16.3,10883314753520,303.824,40883314753521,,883314185195,883314185195,,,,,,
Q8155,TEMP RECT SMART CUISINE WAVY DISH 34X25,LUMINARC,Cookware – Crockery,£7.13,https://latabledarc.com/en/products/plat-de-cuisson-blanc-34-x-25-cm-smart-cuisine-wavy,https://cdn.shopify.com/s/files/1/0943/3553/3393/files/d2d4fa05f27ea12f5fb063e3f95e73be.jpg?v=1762446771,,LUMINARC,SMART CUISINE WAVY,A6,PC,6,34.0,25.1,6.9,6,120.0,80.0,94.3,OPALE CULINAIRE,KITCHENWARE,COOKWARE,CUISSON,18.576,PLAT RECT 34X25 SMART CUISINE WAVY T,7.496,216,1.14,0,FR,35.9,19.6,26.4,10883314895862,296.153,40883314895863,,883314895865,883314895865,,,,,,
P0740,TEMP RECT.KEEPN BOX 82 CL +LID LAGON,LUMINARC,Storage,£3.01,https://latabledarc.com/en/products/boite-de-conservation-rectangulaire-82-cl-keepn-box,https://cdn.shopify.com/s/files/1/0943/3553/3393/files/1a68ae833b0d63ae10370055b1ad476c.jpg?v=1762444710,"Opt for the 82cl Keep'n Box storage container by Luminarc
   This storage container is ideal for storing and preserving your food and culinary preparations. Its non-porous glass composition makes it perfectly hygienic and easy to clean, while also ensuring its robustness and resistance to shocks and scratches. Perfectly compatible with microwave use and dishwashers, this storage container has been designed for intensive daily use!",LUMINARC,KEEP'N BOX,A6,PC,6,18.7,13.7,6.2,6,120.0,80.0,107.9,SODO,KITCHENWARE,STORAGE,CONSERVATION,10.374,BOITE RECT 82 KEEP'N BOX +CV LAGON T,3.425,504,0.538,0,FR,39.0,20.0,13.3,10883314753537,313.372,40883314753538,,883314185201,883314185201,,,,,,
Q9699,TEMP RECTANGULAR EASY BOX 122+BLUE LID,LUMINARC,Storage,£5.25,,,,LUMINARC,EASY BOX,A6,PC,6,21.5,15.3,7.2,6,120.0,80.0,105.3,SODO,KITCHENWARE,STORAGE,CONSERVATION,16.132,BOITE RECT 122 EASY BOX +CV BLEU T,4.586,288,0.723,0,AE,43.6,16.3,22.7,10883314913610,245.607,40883314913611,,883314781175,883314781175,,,,,,
Q9698,TEMP RECTANGULAR EASY BOX 82+BLUE LID,LUMINARC,Storage,£4.42,,,,LUMINARC,EASY BOX,A6,PC,6,18.9,13.3,6.8,6,120.0,80.0,123.0,SODO,KITCHENWARE,STORAGE,CONSERVATION,11.978,BOITE RECT 82 EASY BOX +CV BLEU T,3.674,480,0.575,0,FR,38.6,14.3,21.7,10883314913603,319.492,40883314913604,,883314781182,883314781182,,,,,,
Q9696,TEMP RECTANGULAR EASY BOX+BLUE LID,LUMINARC,Storage,£3.49,https://latabledarc.com/en/products/boite-de-conservation-38-cl-easy-box,https://cdn.shopify.com/s/files/1/0943/3553/3393/files/e3712ff902d8a246546561a19a4b7ff0.jpg?v=1762444639,,LUMINARC,EASY BOX,A6,PC,6,14.8,10.5,6.0,6,120.0,80.0,112.0,SODO,KITCHENWARE,STORAGE,CONSERVATION,7.4,BOITE RECT 38 EASY BOX +CV BLEU T,2.136,720,0.33,0,FR,23.0,16.5,19.5,10883314913580,281.704,40883314913581,,883314832358,883314832358,,,,,,
Q3539,TEMP RECTANGULAR FOOD BOX 38,ARCOROC,Storage,£1.54,,https://static.wixstatic.com/media/042ed7_c6267ffc5f124343a875b314b2324ff4~mv2.webp,,ARCOROC,FOOD BOX,A12,PC,12,14.0,10.5,5.2,12,120.0,80.0,111.7,SODO,KITCHENWARE,STORAGE,CONSERVATION,12.575,BOITE RECTANGULAIRE 38 FOOD BOX T,3.467,792,0.26,0,AE,34.5,22.5,16.2,10883314846796,254.401,40883314846797,,,,,,,,,
Q3540,TEMP RECTANGULAR FOOD BOX 82,ARCOROC,Storage,£1.91,,https://static.wixstatic.com/media/042ed7_4a3efdd1cd0e4e9186962897abc1550d~mv2.webp,,ARCOROC,FOOD BOX,A12,PC,12,17.5,13.3,6.0,12,120.0,80.0,118.2,SODO,KITCHENWARE,STORAGE,CONSERVATION,23.503,BOITE RECTANGULAIRE 82 FOOD BOX T,6.062,480,0.455,0,FR,39.7,28.6,20.7,10883314846802,268.498,40883314846803,,,,,,,,,
L6887,TEMP RESTAURANT BOWL 120,ARCOROC,Hot Drinks / Breakfast – Crockery,£1.74,,,,ARCOROC,RESTAURANT BL UNI,RS6,PC,24,12.0,12.0,6.2,24,120.0,80.0,107.0,FLUO,HOT DRINKS / BREAKFA,HOT DRINKS / BREAKFA,BOL / MUG (PTT DEJEUNER),8.583,BOL 120 RESTAURANT T,5.736,2016,0.23,6,FR,25.5,25.5,13.2,10883314571483,507.393,40883314571484,B4,,,12.0,12.0,14.2,1.384,2.045,883314571493
V8930,TEMP RESTAURANT BRUSH CHERRY BOWL 170,ARCOROC,Dinnerware,£5.18,,,,ARCOROC,BRUSH CHERRY,RS6,PC,24,0.0,0.0,7.7,24,120.0,80.0,112.6,FLUO,DINNERWARE,DINNERWARE,SALADIER,26.752,SALADIER 170 RESTAURANT BRUSH CHERRY T,12.07,720,0.48,6,FR,37.6,36.3,19.6,10883314014461,387.583,40883314014462,B4,,,17.2,17.2,7.8,2.88,2.279,883314895698
V8931,TEMP RESTAURANT BRUSH GREEN BOWL 170,ARCOROC,Dinnerware,£5.18,,,,ARCOROC,BRUSH GREEN,RS6,PC,24,0.0,0.0,7.7,24,120.0,80.0,112.6,FLUO,DINNERWARE,DINNERWARE,SALADIER,26.752,SALADIER 170 RESTAURANT BRUSH GREEN T,12.07,720,0.48,6,FR,37.6,36.3,19.6,10883314011477,387.583,40883314011478,B4,,,17.2,17.2,7.8,2.88,2.279,883314895582
X2225,TEMP RESTAURANT CUP 19,ARCOROC,Hot Drinks / Breakfast – Beverage Service,£1.46,,,,ARCOROC,RESTAURANT BL UNI,F12,PC,12,7.8,7.8,6.5,12,120.0,80.0,109.4,FLUO,HOT DRINKS / BREAKFA,HOT DRINKS / BREAKFA,TASSE / SOUS-TASSE,6.724,TASSE 19 RESTAURANT T,2.421,1500,0.19,0,FR,25.1,14.1,19.0,26102246498,329.367,40883314301333,,,,,,,,,
X1993,TEMP RESTAURANT F.BORDEAUX CUP 19,ARCOROC,Hot Drinks / Breakfast – Beverage Service,£2.14,,,,ARCOROC,F.BORDEAUX,FA12,PC,12,7.8,7.8,6.5,12,120.0,80.0,109.4,FLUO,HOT DRINKS / BREAKFA,HOT DRINKS / BREAKFA,TASSE / SOUS-TASSE,6.689,TASSE 19 RESTAURANT FILET BORDEAUX T,2.421,1500,0.19,0,FR,25.1,14.1,18.9,26102246504,329.367,40883314301111,,,,,,,,,
P3972,TEMP RESTAURANT PLATE 250,ARCOROC,Dinnerware,£3.02,,,,ARCOROC,RESTAURANT BL UNI,RS6,PC,12,25.3,25.3,2.5,12,120.0,80.0,68.3,FLUO,DINNERWARE,DINNERWARE,ASSIETTE,8.349,ASSIETTE 250 RESTAURANT T,7.875,672,0.64,6,FR,26.4,11.8,26.8,10026102292287,466.623,40026102292288,B2,,,25.5,25.5,5.9,3.845,3.836,26102511640
27474,TEMP RESTAURANT RECT DISH 115X84,ARCOROC,Dinnerware,£2.59,,,,ARCOROC,RESTAURANT BL UNI,RS6,PC,24,11.4,8.3,3.6,24,120.0,80.0,114.0,FLUO,DINNERWARE,DINNERWARE,SALADIER,5.452,"RAVIER RECTANGULAIRE 11,5X8 RESTAURANT T",4.199,3456,0.17,6,FR,24.7,17.8,12.4,10026102274740,630.35,40026102274741,B4,,,11.4,8.3,3.6,1.02,0.339,26102982808
25285,TEMP RESTAURANT ROUND BOWL 120,ARCOROC,Dinnerware,£1.58,,,,ARCOROC,RESTAURANT BL UNI,RS6,PC,36,12.1,12.1,2.6,36,120.0,80.0,96.1,FLUO,DINNERWARE,DINNERWARE,SALADIER,6.52,COUPELLE RONDE 120 RESTAURANT T,5.388,3888,0.145,6,FR,25.5,18.8,13.6,10026102252854,607.458,40026102252855,B6,,,12.1,12.1,7.1,0.873,1.04,26102510841
25293,TEMP RESTAURANT ROUND BOWL 160,ARCOROC,Dinnerware,£2.01,,,,ARCOROC,RESTAURANT BL UNI,RS6,PC,36,15.9,15.9,3.7,36,120.0,80.0,102.0,FLUO,DINNERWARE,DINNERWARE,SALADIER,11.655,COUPELLE RONDE 160 RESTAURANT T,9.412,2160,0.255,6,FR,33.3,20.0,17.5,10026102252939,590.285,40026102252930,B6,,,16.0,16.0,8.5,1.534,2.176,26102510810
V8869,TEMP RESTAURANT ROUND BOWL 170,ARCOROC,Dinnerware,£3.36,,,,ARCOROC,RESTAURANT BL UNI,RS6,PC,24,17.2,17.2,7.8,24,120.0,80.0,112.6,FLUO,DINNERWARE,DINNERWARE,SALADIER,26.752,SALADIER ROND 170 RESTAURANT T,12.07,720,0.48,6,FR,37.6,36.3,19.6,10883314010654,387.583,40883314010655,B4,,,17.2,17.2,7.8,2.887,2.279,26102433164
X0599,TEMP RESTAURANT SOUP PLATE 225,ARCOROC,Dinnerware,£2.80,,,,ARCOROC,RESTAURANT BL UNI,RS6,PC,12,22.6,22.6,3.5,12,120.0,80.0,88.7,FLUO,DINNERWARE,DINNERWARE,ASSIETTE,7.171,ASSIETTE CREUSE 225 RESTAURANT T,6.414,1080,0.52,6,FR,23.7,12.3,24.6,10883314049593,603.528,40883314049594,B2,,,22.7,22.7,6.9,3.125,3.556,26102511473
P3681,TEMP ROUND KEEPN BOX 42CL + LID LAGON,LUMINARC,Storage,£2.42,https://latabledarc.com/en/products/boite-de-conservation-ronde-42-cl-keepn-box,https://cdn.shopify.com/s/files/1/0943/3553/3393/files/aa89beacf07c2ce3f3ee61d1cbdbe435.webp?v=1787563445,"Opt for the 42cl Keep'n Box storage container by Luminarc
   This storage container is ideal for storing and preserving your food and culinary preparations. Its non-porous glass composition makes it perfectly hygienic and easy to clean, while also ensuring its robustness and resistance to shocks and scratches. Perfectly compatible with microwave use and dishwashers, this storage container has been designed for intensive daily use!",LUMINARC,KEEP'N BOX,A6,PC,6,14.6,14.6,5.3,6,120.0,80.0,109.9,SODO,KITCHENWARE,STORAGE,CONSERVATION,7.298,BOITE RONDE 42 KEEP'N BOX +CV LAGON T,1.981,720,0.309,0,AE,30.0,15.3,15.9,10883314755234,263.299,40883314755235,,883314197464,883314197464,,,,,,
V0117,TEMP SLATE BLACK DESSERT PLATE 18,LUMINARC,Dinnerware,£1.90,https://latabledarc.com/en/products/assiette-a-dessert-noire-18-cm-slate,https://cdn.shopify.com/s/files/1/0943/3553/3393/files/3f828ce17a2e20c33447e47c1531ac33.jpg?v=1762444177,,LUMINARC,SLATE,RS6,PC,24,18.0,18.0,2.1,24,120.0,80.0,75.1,SODO,DINNERWARE,DINNERWARE,ASSIETTE,5.042,ASSIETTE DESSERT 18 SLATE NOIR T,5.494,2304,0.22,6,FR,19.2,13.0,20.2,10883314917502,552.753,40883314917503,B4,883314917505,883314917505,18.0,18.0,4.3,1.32,1.393,
V0115,TEMP SLATE BLACK DINNER PLATE 25,LUMINARC,Dinnerware,£2.03,https://latabledarc.com/en/products/assiette-plate-noire-25-cm-slate,https://cdn.shopify.com/s/files/1/0943/3553/3393/files/d7127be85f6a8d7f839422c4eeae4431_e685dd7a-01f7-4850-aa90-3519ecaf2580.jpg?v=1762443976,,LUMINARC,SLATE,RS6,PC,24,25.0,25.0,2.6,24,120.0,80.0,68.5,SODO,DINNERWARE,DINNERWARE,ASSIETTE,9.126,ASSIETTE PLATE 25 SLATE NOIR T,9.307,1296,0.375,6,FR,26.0,13.0,27.0,10883314917489,527.932,40883314917480,B4,883314917482,883314917482,25.0,25.0,2.6,2.25,1.594,
V0116,TEMP SLATE BLACK SOUP PLATE 20,LUMINARC,Dinnerware,£2.03,https://latabledarc.com/en/products/assiette-creuse-noire-20-cm-slate,https://cdn.shopify.com/s/files/1/0943/3553/3393/files/5259df967a1b3dfea2173af924f90bb2.webp?v=1776327873,,LUMINARC,SLATE,RS6,PC,24,20.0,20.0,4.2,24,120.0,80.0,83.1,SODO,DINNERWARE,DINNERWARE,ASSIETTE,9.519,ASSIETTE CREUSE 20 SLATE NOIR T,7.872,1440,0.315,6,FR,21.3,19.6,22.8,10883314917496,498.246,40883314917497,B4,883314917499,883314917499,20.1,20.1,7.3,1.915,1.68,
N3083,TEMP SMART CUIS CARINE OV DISH 32X20,LUMINARC,Cookware – Crockery,£6.49,https://latabledarc.com/en/products/plat-de-cuisson-blanc-oval-32-5-x-20-3-cm-smart-cuisine-carine,https://cdn.shopify.com/s/files/1/0943/3553/3393/files/3f52e340f70e50a9fa4bc85bfcb4cb14.jpg?v=1762446755,"Fall in love with the 32.5 x 20.3 cm Smart Cuisine Carine white baking tray developed by Luminarc
 This baking dish is the ideal companion for preparing and cooking all your dishes: spacious, practical, and sturdy; it's also easy to clean. The glass it's made of is a non-porous material, preventing food residue from sticking!",LUMINARC,SMART CUISINE BLANC,A6,PC,6,32.5,20.3,7.4,6,120.8,80.0,104.7,OPALE CULINAIRE,KITCHENWARE,COOKWARE,CUISSON,14.451,PLAT OVALE 32X20 SMART CUISINE CARINE T,5.07,336,0.76,0,FR,33.6,19.2,22.4,10883314639640,310.539,40883314639641,,883314639636,883314639636,,,,,,
V1459,TEMP SMART CUISINE  WAVY ROUND DISH 22,LUMINARC,Cookware – Crockery,£4.59,,,,LUMINARC,SMART CUISINE WAVY,A6,PC,6,0.0,0.0,0.0,6,120.0,80.4,109.6,OPALE CULINAIRE,KITCHENWARE,COOKWARE,CUISSON,14.99,PLAT ROND 22 SMART CUISINE WAVY T,4.435,360,0.67,0,FR,26.8,23.6,23.7,10883314930228,291.583,40883314930229,,883314930221,883314930221,,,,,,
V5945,TEMP SMART CUISINE CARIN DISH 32X20 +LID,LUMINARC,Cookware – Crockery,£8.10,,,,LUMINARC,SMART CUISINE BLANC,A4,PC,4,32.4,21.5,7.6,4,120.0,80.0,109.9,OPALE CULINAIRE,KITCHENWARE,COOKWARE,CUISSON,23.881,PLAT OV 32X20 SMART CUISINE CARINE+LID T,4.002,128,0.87,0,FR,33.7,29.9,23.7,10883314972945,155.298,40883314972946,,883314972948,883314972948,,,,,,
P8332,TEMP SMART CUISINE CARIN RECT DISH 30X22,LUMINARC,Cookware – Crockery,£5.77,https://latabledarc.com/en/products/plat-de-cuisson-blanc-rectangulaire-30-x-22-cm-smart-cuisine-carine,https://cdn.shopify.com/s/files/1/0943/3553/3393/files/4dd891180102601a624bbcd9366af3f4_d3fb32ea-1695-4fd0-aed6-c4502ce32e7e.jpg?v=1762446735,"Fall in love with the 30 x 22 cm Smart Cuisine Carine white baking tray developed by Luminarc
    This baking dish is the ideal companion for preparing and cooking all your dishes: spacious, practical, and sturdy; it's also easy to clean. The glass it's made of is a non-porous material, preventing food residue from sticking!",LUMINARC,SMART CUISINE BLANC,A6,PC,6,29.9,22.0,5.8,6,120.0,80.0,108.1,OPALE CULINAIRE,KITCHENWARE,COOKWARE,CUISSON,13.666,PLAT RECT 30X22 SMART CUISINE CARINE T,5.321,336,0.8,0,FR,31.5,18.7,23.2,10883314792659,324.46,40883314792650,,883314792652,883314792652,,,,,,
P4027,TEMP SMART CUISINE CARIN RECT DISH 34X25,LUMINARC,Cookware – Crockery,£6.49,https://latabledarc.com/en/products/plat-de-cuisson-blanc-rectangulaire-34-x-25-cm-smart-cuisine-carine,https://cdn.shopify.com/s/files/1/0943/3553/3393/files/025e464876defbd13cb64f25bfd073a8_6279f9f5-7cb8-443a-ba75-8bb07ff50afb.jpg?v=1762446758,"Fall in love with the 33.9 x 33.9 cm Smart Cuisine Carine white baking tray developed by Luminarc
 This baking dish is the ideal companion for preparing and cooking all your dishes: spacious, practical, and sturdy; it's also easy to clean. The glass it's made of is a non-porous material, preventing food residue from sticking!",LUMINARC,SMART CUISINE BLANC,A6,PC,6,33.9,0.0,6.9,6,120.0,80.0,94.3,OPALE CULINAIRE,KITCHENWARE,COOKWARE,CUISSON,18.576,PLAT RECT 34X25 SMART CUISINE CARINE T,7.496,216,1.14,0,FR,35.9,19.6,26.4,10883314747192,296.461,40883314747193,,883314747195,883314747195,,,,,,
P8330,TEMP SMART CUISINE CARIN RECT DISH 38X28,LUMINARC,Cookware – Crockery,£7.21,https://latabledarc.com/en/products/plat-de-cuisson-blanc-rectangulaire-38-x-27-cm-smart-cuisine-carine,https://cdn.shopify.com/s/files/1/0943/3553/3393/files/efa10ad97e937f155e7eda7eff1a48d9.jpg?v=1762446790,"Fall in love with the 38 x 28 cm Smart Cuisine Carine white baking tray developed by Luminarc
    This baking dish is the ideal companion for preparing and cooking all your dishes: spacious, practical, and sturdy; it's also easy to clean. The glass it's made of is a non-porous material, preventing food residue from sticking!",LUMINARC,SMART CUISINE BLANC,A6,PC,6,37.5,28.0,7.5,6,120.0,80.0,104.5,OPALE CULINAIRE,KITCHENWARE,COOKWARE,CUISSON,23.343,PLAT RECT 38X27 SMART CUISINE CARINE T,8.534,216,1.3,0,FR,39.1,19.9,30.0,10883314792642,332.795,40883314792643,,883314792645,883314792645,,,,,,
P7625,TEMP SMART CUISINE CARINE 2PC DISH 20+29,LUMINARC,Cookware – Crockery,£12.18,,,,LUMINARC,SMART CUISINE BLANC,KC1,SET,3,30.0,30.0,7.2,3,120.0,80.0,109.1,OPALE CULINAIRE,KITCHENWARE,COOKWARE,CUISSON,22.14,SCE 2P PLAT CARRE SMART CUISINE CARINE T,6.082,108,1.928,0,FR,31.1,22.6,31.5,10883314783183,244.431,40883314783184,B3,883314783186,883314783186,,,,,,
P0888,TEMP SMART CUISINE CARINE 5 PC SET,LUMINARC,Cookware,£10.81,,,,LUMINARC,SMART CUISINE BLANC,SS1,SET,3,0.0,0.0,0.0,3,120.0,80.0,103.2,OPALE CULINAIRE,KITCHENWARE,COOKWARE,CUISSON,17.287,SCE 5P SMART CUISINE CARINE PATISSERIE T,5.824,144,1.863,0,FR,29.3,20.0,29.5,10883314714958,305.122,40883314714959,B3,883314714951,883314714951,,,,,,
P4025,TEMP SMART CUISINE CARINE DISH 20,LUMINARC,Cookware – Crockery,£4.97,https://latabledarc.com/en/products/plat-de-cuisson-blanc-carre-22-9-x-22-9-cm-smart-cuisine-carine,https://cdn.shopify.com/s/files/1/0943/3553/3393/files/7a8d68f49aefe7bdae114422f5f682cb_a0307378-b31d-46eb-93af-341934aa285d.jpg?v=1762446663,"Fall in love with the 20 x 20 cm Smart Cuisine Carine white baking tray developed by Luminarc
    This baking dish is the ideal companion for preparing and cooking all your dishes: spacious, practical, and sturdy; it's also easy to clean. The glass it's made of is a non-porous material, preventing food residue from sticking!",LUMINARC,SMART CUISINE BLANC,A8,PC,8,22.9,20.4,5.0,8,120.0,80.0,101.9,OPALE CULINAIRE,KITCHENWARE,COOKWARE,CUISSON,12.651,PLAT CARRE 20 SMART CUISINE CARINE T,5.115,480,0.58,0,FR,26.5,22.0,21.7,10883314747178,333.491,40883314747179,,883314747171,883314747171,,,,,,
P4026,TEMP SMART CUISINE CARINE DISH 26,LUMINARC,Cookware – Crockery,£6.49,https://latabledarc.com/en/products/plat-de-cuisson-blanc-carre-28-6-x-28-6-cm-smart-cuisine-carine,https://cdn.shopify.com/s/files/1/0943/3553/3393/files/250b63f215c8684f917f9fa128eb84e8.jpg?v=1762446706,"Fall in love with the 26 x 26 cm Smart Cuisine Carine white baking tray developed by Luminarc
 This baking dish is the ideal companion for preparing and cooking all your dishes: spacious, practical, and sturdy; it's also easy to clean. The glass it's made of is a non-porous material, preventing food residue from sticking!",LUMINARC,SMART CUISINE BLANC,A6,PC,6,0.0,0.0,5.9,6,120.0,80.0,96.4,OPALE CULINAIRE,KITCHENWARE,COOKWARE,CUISSON,16.979,PLAT CARRE 26 SMART CUISINE CARINE T,5.983,252,0.9,0,FR,27.6,22.7,27.1,10883314747185,277.563,40883314747186,,883314747188,883314747188,,,,,,
P2616,TEMP SMART CUISINE CARINE DISH 29,LUMINARC,Cookware – Crockery,£7.21,https://latabledarc.com/en/products/plat-de-cuisson-blanc-carre-33-4-x-33-4-cm-smart-cuisine-carine,https://cdn.shopify.com/s/files/1/0943/3553/3393/files/7a8d68f49aefe7bdae114422f5f682cb.jpg?v=1762446724,"Fall in love with the 29 x 29 cm Smart Cuisine Carine white baking tray developed by Luminarc
    This baking dish is the ideal companion for preparing and cooking all your dishes: spacious, practical, and sturdy; it's also easy to clean. The glass it's made of is a non-porous material, preventing food residue from sticking!",LUMINARC,SMART CUISINE BLANC,A6,PC,6,29.8,29.8,7.0,6,120.0,81.6,108.2,OPALE CULINAIRE,KITCHENWARE,COOKWARE,CUISSON,24.511,PLAT CARRE 29 SMART CUISINE CARINE T,7.405,216,1.11,0,FR,31.4,25.1,31.1,10883314734161,292.935,40883314734162,,883314734164,883314734164,,,,,,
V5944,TEMP SMART CUISINE CARINE DISH 34X25+LID,LUMINARC,Cookware – Crockery,£8.10,,,,LUMINARC,SMART CUISINE BLANC,A4,PC,4,34.4,32.4,6.9,4,120.0,80.0,99.5,OPALE CULINAIRE,KITCHENWARE,COOKWARE,CUISSON,27.276,PL RECT 34X25 SMART CUISINE CARINE+LID T,5.683,108,1.275,0,FR,36.5,26.5,28.2,10883314972938,179.725,40883314972939,,883314972931,883314972931,,,,,,
P0887,TEMP SMART CUISINE CARINE OV DISH 21X13,LUMINARC,Cookware – Crockery,£3.86,https://latabledarc.com/en/products/plat-de-cuisson-blanc-oval-21-x-13-5-cm-smart-cuisine-carine,https://cdn.shopify.com/s/files/1/0943/3553/3393/files/33cc30d5426c6cdb0a3d628240cfd5d3.jpg?v=1762446671,"Fall in love with the 21 x 13.5 cm Smart Cuisine Carine white baking tray developed by Luminarc
   This baking dish is the ideal companion for preparing and cooking all your dishes: spacious, practical, and sturdy; it's also easy to clean. The glass it's made of is a non-porous material, preventing food residue from sticking!",LUMINARC,SMART CUISINE BLANC,A6,PC,6,21.0,13.5,5.0,6,120.8,80.8,115.2,OPALE CULINAIRE,KITCHENWARE,COOKWARE,CUISSON,5.854,PLAT OVALE 21X13 SMART CUISINE CARINE T,2.341,1008,0.35,0,FR,23.8,17.2,14.3,10883314714934,419.647,40883314714935,,883314714937,883314714937,,,,,,
N3486,TEMP SMART CUISINE CARINE OV DISH 38X23,LUMINARC,Cookware – Crockery,£7.21,https://latabledarc.com/en/products/plat-de-cuisson-blanc-oval-38-1-x-24-cm-smart-cuisine-carine,https://cdn.shopify.com/s/files/1/0943/3553/3393/files/38abb4a5a13a9e661db47d85ceab8560.jpg?v=1762446794,"Fall in love with the 38.1 x 24 cm Smart Cuisine Carine white baking dish developed by Luminarc
 This baking dish is the ideal companion for preparing and cooking all your dishes: spacious, practical, and sturdy; it's also easy to clean. The glass it's made of is a non-porous material, preventing food residue from sticking!",LUMINARC,SMART CUISINE BLANC,A6,PC,6,38.5,23.0,8.6,6,120.0,80.2,112.6,OPALE CULINAIRE,KITCHENWARE,COOKWARE,CUISSON,21.899,PLAT OVALE 38X23 SMART CUISINE CARINE T,7.646,240,0.928,0,FR,39.7,22.7,24.3,10883314639718,332.462,40883314639719,,883314639704,883314639704,,,,,,
V6361,TEMP SMART CUISINE CARINE PIZZA PLATE 32,LUMINARC,Dinnerware,£3.00,https://latabledarc.com/en/products/assiette-a-pizza-32cm-smart-cuisine-carine,https://cdn.shopify.com/s/files/1/0943/3553/3393/files/c20b6e2bfa89f03c6a502c749ad5ad57.jpg?v=1762444052,,LUMINARC,SMART CUISINE BLANC,A8,PC,8,0.0,0.0,0.0,8,120.0,80.0,113.8,OPALE CULINAIRE,DINNERWARE,DINNERWARE,ASSIETTE,11.78,ASS A PIZZA 32 SMART CUISINE CARINE T,7.26,600,0.83,0,FR,34.1,10.5,32.9,10883314977407,573.116,40883314977408,,883314933338,883314933338,,,,,,
N6937,TEMP SMART CUISINE CARINE RAMEKIN 11  K4,LUMINARC,Cookware – Crockery,£5.77,https://latabledarc.com/en/products/ramequin-blanc-12-2-cm-smart-cuisine-carine,https://cdn.shopify.com/s/files/1/0943/3553/3393/files/c459d948385b24697553fc567d567c90_465f196f-b809-4faf-91e5-4d78d6e6caee.jpg?v=1762446854,"Choose the 12.2 cm white Smart Cuisine Carine ramekin from Luminarc
 This ramekin showcases your sweet and savory dishes; all that's left is to stimulate your imagination.",LUMINARC,SMART CUISINE BLANC,KL4,K4,4,17.0,12.2,13.3,4,120.0,80.4,116.0,OPALE CULINAIRE,KITCHENWARE,COOKWARE,CUISSON,11.505,RAMEQUIN 11 SMART CUISINE CARINE T    K4,3.546,308,0.846,0,FR,34.8,22.8,14.5,10883314671299,298.436,40883314671290,B4,883314671292,883314671292,,,,,,
N3295,TEMP SMART CUISINE CARINE RD RAMEKIN 11,LUMINARC,Cookware – Crockery,£1.45,https://latabledarc.com/en/products/ramequin-blanc-11-cm-smart-cuisine-carine,https://cdn.shopify.com/s/files/1/0943/3553/3393/files/2b7a0b0a19a4e0d7fd6bba6a385f8f0b_78233fa2-f9a6-42a0-9ffa-ee2c295eba70.jpg?v=1762446858,"Choose the 11cm white Smart Cuisine Carine ramekin from Luminarc
 This ramekin showcases your sweet and savory dishes; all that's left is to stimulate your imagination.",LUMINARC,SMART CUISINE BLANC,A12,PC,12,12.2,12.2,5.2,12,120.0,80.0,111.6,OPALE CULINAIRE,KITCHENWARE,COOKWARE,CUISSON,6.195,RAMEQUIN ROND 11 SMART CUISINE CARINE T,2.651,1728,0.2,0,FR,25.6,20.0,12.1,10883314639770,407.438,40883314639771,,883314639766,883314639766,,,,,,
Q0214,TEMP SMART CUISINE CARINE ROAST DISHS 3P,LUMINARC,Cookware – Crockery,£19.47,,,,LUMINARC,SMART CUISINE BLANC,SK1,SET,3,38.0,28.0,7.8,3,120.0,80.0,105.5,OPALE CULINAIRE,KITCHENWARE,COOKWARE,CUISSON,29.521,SCE 3P PLAT RECT SMART CUISINE CARINE T,10.696,81,3.425,0,FR,39.1,25.0,30.2,10883314813286,314.782,40883314813287,B3,883314813289,883314813289,,,,,,
P0310,TEMP SMART CUISINE CARINE ROUND DISH 14,LUMINARC,Cookware – Crockery,£1.45,https://latabledarc.com/en/products/plat-de-cuisson-blanc-oval-14-5-x-13-7-cm-smart-cuisine-carine,https://cdn.shopify.com/s/files/1/0943/3553/3393/files/9fea5d4ebe449b86b7fec1ed4517bef5.jpg?v=1762446809,"Fall in love with the 14cm Smart Cuisine Carine round crème brûlée dish developed by Luminarc
 This baking dish is the ideal companion for preparing and cooking all your dishes: spacious, practical, and sturdy; it's also easy to clean. The glass it's made of is a non-porous material, preventing food residue from sticking!",LUMINARC,SMART CUISINE BLANC,A12,PC,12,14.5,14.5,3.2,12,120.0,80.0,118.1,OPALE CULINAIRE,KITCHENWARE,COOKWARE,CUISSON,9.939,PL RD CREME BRULEE 14 SMART CUISINE CA T,2.632,1092,0.19,0,FR,28.7,23.4,14.8,10883314734369,264.904,40883314734360,,883314734362,883314734362,,,,,,
N3165,TEMP SMART CUISINE CARINE TART DISH 28,LUMINARC,Cookware – Crockery,£5.04,https://latabledarc.com/en/products/moule-blanc-28-cm-smart-cuisine-carine,https://cdn.shopify.com/s/files/1/0943/3553/3393/files/cb67e62c8c468d18cb076f5e500d2496.jpg?v=1762446427,"Fall in love with the 28cm White Smart Cuisine Carine Tart Mold developed by Luminarc
 This mold is both sturdy and lightweight, allowing you to easily transfer it from the oven to your worktop. Its glass composition makes it naturally scratch-resistant, especially when unmolding your creations!",LUMINARC,SMART CUISINE BLANC,A6,PC,6,29.4,29.4,5.0,6,120.0,80.0,101.3,OPALE CULINAIRE,KITCHENWARE,COOKWARE,CUISSON,17.277,PLAT A TARTE 28 SMART CUISINE CARINE T,5.948,288,0.9,0,FR,30.1,20.0,28.7,10883314639756,311.863,40883314639757,,883314639742,883314639742,,,,,,
X1628,TEMP SMART CUISINE DIWALI GRANIT DISH 18,LUMINARC,Dinnerware,£3.69,https://latabledarc.com/en/products/plat-rond-18-cm-smart-cuisine-diwali-granit,https://cdn.shopify.com/s/files/1/0943/3553/3393/files/e2f39349c8f3b9cc8f413f83b914ee32.webp?v=1770315328,"Compact et pratique, le plat rond Smart Cuisine Diwali 18 cm Granit de Luminarc est le petit format indispensable pour les portions individuelles et les accompagnements. Fabriqué en verre opale gris granit aux lignes lisses et épurées caractéristiques de la gamme Diwali, il apporte une note contemporaine et soignée à chaque repas. Idéal pour les crèmes, les tartelettes ou les petits gratins, il passe directement du four à la table. Compatible four, lave-vaisselle et micro-ondes.",LUMINARC,SMART CUISINE DIWALI,A6,PC,6,0.0,0.0,0.0,6,120.0,80.0,110.3,OPALE CULINAIRE,DINNERWARE,DINNERWARE,PLAT,10.378,PLAT RD 18 SMART CUISINE DIWALI GRANIT T,3.075,480,0.45,0,FR,28.3,19.3,19.0,10883314074229,272.919,40883314074220,,883314074222,883314074222,,,,,,
X1627,TEMP SMART CUISINE DIWALI GRANIT DISH 22,LUMINARC,Dinnerware,£4.48,https://latabledarc.com/en/products/plat-rd-22-smart-cuisine-diwali-granit-t,https://cdn.shopify.com/s/files/1/0943/3553/3393/files/abb7446c50fe78bd79b530e184ae93df_3fb59914-93e5-49c1-a721-aa048a4ed659.webp?v=1770307854,"Le plat rond Smart Cuisine Diwali 22 cm Granit de Luminarc est la pièce idéale pour les repas en duo ou les petites portions. Fabriqué en verre opale gris granit aux parois lisses et épurées de la gamme Diwali, il apporte une touche contemporaine et minimaliste à chaque service. Parfait pour les tartelettes, les petits gratins ou les plats de légumes rôtis, il passe directement du four à la table avec une élégance toute simple. Compatible four, lave-vaisselle et micro-ondes.",LUMINARC,SMART CUISINE DIWALI,A6,PC,6,0.0,0.0,0.0,6,120.0,80.0,107.9,OPALE CULINAIRE,DINNERWARE,DINNERWARE,PLAT,14.687,PLAT RD 22 SMART CUISINE DIWALI GRANIT T,4.508,360,0.67,0,FR,26.6,23.8,23.2,10883314074212,297.179,40883314074213,,883314074215,883314074215,,,,,,
X1626,TEMP SMART CUISINE DIWALI GRANIT DISH 26,LUMINARC,Dinnerware,£5.18,https://latabledarc.com/en/products/plat-rd-26-smart-cuisine-diwali-granit-t,https://cdn.shopify.com/s/files/1/0943/3553/3393/files/db8ed6e8129ba4953963c60c1964a57b.webp?v=1769432112,"Polyvalent et bien proportionné, le plat rond Smart Cuisine Diwali 26 cm Granit de Luminarc s'invite à tous les repas avec élégance. Fabriqué en verre opale gris granit aux lignes lisses et épurées de la gamme Diwali, il offre une présentation sobre et contemporaine qui met en valeur chaque plat. Idéal pour les tartes salées, les gratins de légumes ou les plats de pâtes du quotidien, il passe directement du four à la table. Compatible four, lave-vaisselle et micro-ondes.",LUMINARC,SMART CUISINE DIWALI,A5,PC,5,0.0,0.0,0.0,5,120.0,80.0,96.8,OPALE CULINAIRE,DINNERWARE,DINNERWARE,PLAT,19.224,PLAT RD 26 SMART CUISINE DIWALI GRANIT T,5.271,180,0.94,0,FR,27.4,25.7,27.3,10883314074205,216.084,40883314074206,,883314074208,883314074208,,,,,,
N2945,TEMP SMART CUISINE DIWALI RD DISH 18,LUMINARC,Cookware – Crockery,£3.43,https://latabledarc.com/en/products/plat-de-cuisson-blanc-rond-18-cm-smart-cuisine-diwali,https://cdn.shopify.com/s/files/1/0943/3553/3393/files/c56963e6ef77cbd7f6302c82d6c32f8e.jpg?v=1762446659,"Fall in love with the 18cm white Smart Cuisine Diwali baking dish developed by Luminarc
 This baking dish is the ideal companion for preparing and cooking all your dishes: spacious, practical, and sturdy; it's also easy to clean. The glass it's made of is a non-porous material, preventing food residue from sticking!",LUMINARC,SMART CUISINE DIWALI,A6,PC,6,17.8,17.8,6.8,6,120.0,80.0,110.3,OPALE CULINAIRE,KITCHENWARE,COOKWARE,CUISSON,10.378,PLAT ROND 18 SMART CUISINE DIWALI T,3.081,480,0.45,0,FR,28.3,19.3,19.0,10883314641124,273.399,40883314641125,,883314641127,883314641127,,,,,,
N3273,TEMP SMART CUISINE DIWALI ROUND DISH 22,LUMINARC,Cookware – Crockery,£4.17,https://latabledarc.com/en/products/plat-de-cuisson-blanc-22-cm-smart-cuisine-diwali,https://cdn.shopify.com/s/files/1/0943/3553/3393/files/6b4e2562a01652cd358122892de6c031_1994ee76-8473-4f5e-80f1-915036873e15.jpg?v=1762446675,"Fall in love with the 22cm white Smart Cuisine Diwali baking dish developed by Luminarc
 This baking dish is the ideal companion for preparing and cooking all your dishes: spacious, practical, and sturdy; it's also easy to clean. The glass it's made of is a non-porous material, preventing food residue from sticking!",LUMINARC,SMART CUISINE DIWALI,A6,PC,6,22.0,22.0,6.8,6,120.0,80.0,107.9,OPALE CULINAIRE,KITCHENWARE,COOKWARE,CUISSON,14.687,PLAT ROND 22 SMART CUISINE DIWALI T,4.514,360,0.67,0,FR,26.6,23.8,23.2,10883314641117,297.539,40883314641118,,883314641110,883314641110,,,,,,
N2946,TEMP SMART CUISINE DIWALI ROUND DISH 30,LUMINARC,Cookware – Crockery,£5.53,https://latabledarc.com/en/products/plat-de-cuisson-blanc-rond-30-cm-smart-cuisine-diwali,https://cdn.shopify.com/s/files/1/0943/3553/3393/files/f0e36461dc9e2ec195518dd091227c80.jpg?v=1762446732,"Fall in love with the 30cm white Smart Cuisine Diwali baking dish developed by Luminarc
 This baking dish is the ideal companion for preparing and cooking all your dishes: spacious, practical, and sturdy; it's also easy to clean. The glass it's made of is a non-porous material, preventing food residue from sticking!",LUMINARC,SMART CUISINE DIWALI,A5,PC,5,30.0,30.0,6.8,5,120.0,80.0,108.2,OPALE CULINAIRE,KITCHENWARE,COOKWARE,CUISSON,24.511,PLAT ROND 30 SMART CUISINE DIWALI T,6.222,165,1.1,0,FR,31.4,25.1,31.1,10883314641100,231.629,40883314641101,,883314641103,883314641103,,,,,,
Q3201,TEMP SMART CUISINE TRIA.RECT DISH 32X26,LUMINARC,Cookware – Crockery,£5.20,https://latabledarc.com/en/products/plat-de-cuisson-blanc-32-x-26-cm-smart-cuisine-trianon,https://cdn.shopify.com/s/files/1/0943/3553/3393/files/a0e5039f8f339f18cd9e2c5dfdcee6f1_f104b699-bbba-46b4-9c16-509bcca6cc50.jpg?v=1762446751,,LUMINARC,SMART CUISINE TRIANON,A6,PC,6,33.0,26.0,6.1,6,120.0,80.0,98.9,OPALE CULINAIRE,KITCHENWARE,COOKWARE,CUISSON,21.186,PLAT RECT 32X26 SMART CUISINE TRIANON T,7.474,198,1.13,0,FR,36.0,21.4,27.5,10883314843559,272.877,40883314843550,,883314843552,883314843552,,,,,,
P4637,TEMP SMART CUISINE TRIANON OV DISH 36X28,LUMINARC,Cookware – Crockery,£6.21,https://latabledarc.com/en/products/plat-de-cuisson-blanc-oval-36-9-x-28-6-cm-smart-cuisine-trianon,https://cdn.shopify.com/s/files/1/0943/3553/3393/files/7e603c7cede3be6e5ae7de2ddd915733_7dc6e135-ec1b-43ee-8075-1502d6ae7a9d.jpg?v=1762446778,"Fall in love with the 36.9 x 28.6 cm Smart Cuisine Trianon white baking tray developed by Luminarc
    This baking dish is the ideal companion for preparing and cooking all your dishes: spacious, practical, and sturdy; it's also easy to clean. The glass it's made of is a non-porous material, preventing food residue from sticking!",LUMINARC,SMART CUISINE TRIANON,A6,PC,6,36.9,28.6,8.0,6,120.0,80.0,105.5,OPALE CULINAIRE,KITCHENWARE,COOKWARE,CUISSON,34.153,PLAT OVALE 36X28 SMART CUISINE TRIANON T,8.499,144,1.26,0,FR,37.7,29.8,30.4,10883314753292,230.284,40883314753293,,883314753295,883314753295,,,,,,
P4017,TEMP SMART CUISINE TRIANON OVAL DISH22X1,LUMINARC,Dinnerware,£3.50,https://latabledarc.com/en/products/plat-de-cuisson-blanc-oval-22-3-x-17-cm-smart-cuisine-trianon,https://cdn.shopify.com/s/files/1/0943/3553/3393/files/79355928587712dff8137fb108ca1c64.jpg?v=1762446688,"Fall in love with the 22.3 x 17 cm Smart Cuisine Trianon white baking tray developed by Luminarc
 This baking dish is the ideal companion for preparing and cooking all your dishes: spacious, practical, and sturdy; it's also easy to clean. The glass it's made of is a non-porous material, preventing food residue from sticking!",LUMINARC,SMART CUISINE TRIANON,A8,PC,8,22.3,17.0,4.9,8,120.0,80.0,106.4,OPALE CULINAIRE,DINNERWARE,DINNERWARE,PLAT,11.683,PLAT OVALE 22X16 SMART CUISINE TRIANON T,4.054,600,0.45,0,FR,26.6,24.0,18.3,10883314747093,330.417,40883314747094,,883314747096,883314747096,,,,,,
P4018,TEMP SMART CUISINE TRIANON OVAL DISH32X2,LUMINARC,Cookware – Crockery,£5.20,https://latabledarc.com/en/products/plat-de-cuisson-blanc-oval-31-9-x-24-5-cm-smart-cuisine-trianon,https://cdn.shopify.com/s/files/1/0943/3553/3393/files/d2dde5bf2e37adbf99b5a87efdc8c876.jpg?v=1762446745,"Fall in love with the 31.9 x 24.5 cm Smart Cuisine Trianon white baking tray developed by Luminarc
   This baking dish is the ideal companion for preparing and cooking all your dishes: spacious, practical, and sturdy; it's also easy to clean. The glass it's made of is a non-porous material, preventing food residue from sticking!",LUMINARC,SMART CUISINE TRIANON,A6,PC,6,31.9,24.5,6.7,6,120.0,80.0,119.1,OPALE CULINAIRE,KITCHENWARE,COOKWARE,CUISSON,23.044,PLAT OVALE 32X24 SMART CUISINE TRIANON T,6.412,240,0.95,0,FR,33.7,26.3,26.0,10883314747109,283.197,40883314747100,,883314747102,883314747102,,,,,,
P4021,TEMP SMART CUISINE TRIANON TART DISH 26,LUMINARC,Cookware – Crockery,£3.97,https://latabledarc.com/en/products/moule-blanc-rond-26-cm-smart-cuisine-trianon,https://cdn.shopify.com/s/files/1/0943/3553/3393/files/110271977fc6c46c4914a798ee9057b8_2e9e27d0-5584-41e0-8dda-5eafdc8c6397.jpg?v=1762446414,"Fall in love with the 26cm White Smart Cuisine Trianon Tart Mold developed by Luminarc
    This mold is both sturdy and lightweight, allowing you to easily transfer it from the oven to your worktop. Its glass composition makes it naturally scratch-resistant, especially when unmolding your creations!",LUMINARC,SMART CUISINE TRIANON,A6,PC,6,26.0,26.0,4.5,6,120.0,80.0,97.7,OPALE CULINAIRE,KITCHENWARE,COOKWARE,CUISSON,16.243,PLAT A TARTE 26 SMART CUISINE TRIANON T,5.351,270,0.8,0,FR,27.5,21.4,27.6,10883314747130,267.091,40883314747131,,883314747133,883314747133,,,,,,
X1629,TEMP SMART CUISINE WAVY GRANIT DISH34X25,LUMINARC,Cookware – Crockery,£7.67,https://latabledarc.com/en/products/pl-rect-34x25-smart-cuisine-wavy-grani-t,https://cdn.shopify.com/s/files/1/0943/3553/3393/files/fcd2c88426f70d21c6a02cf70d242271_98aebcf9-4b84-41f2-84e4-909c3aec62d2.webp?v=1769432074,"Grand et généreux, le plat rectangulaire Smart Cuisine Wavy 34x25 cm Granit de Luminarc est le plat à four idéal pour les grandes tablées. Fabriqué en verre opale gris granit, son relief en losanges texturé caractéristique de la gamme Wavy lui apporte un style contemporain et raffiné qui passe aussi bien du four à la table sans détonner. Parfait pour les gratins, lasagnes, rôtis ou plats mijotés, il s'adapte à toutes les occasions. Compatible four, lave-vaisselle et micro-ondes, il est aussi pratique qu'élégant.",LUMINARC,SMART CUISINE WAVY,A6,PC,6,34.0,25.1,6.9,6,120.0,80.0,94.3,OPALE CULINAIRE,KITCHENWARE,COOKWARE,CUISSON,18.576,PL RECT 34X25 SMART CUISINE WAVY GRANI T,7.484,216,1.14,0,FR,35.9,19.6,26.4,10883314074236,295.407,40883314074237,,883314074239,883314074239,,,,,,
X1635,TEMP SMART CUISINE WAVY GRANIT RAMEKIN11,LUMINARC,Cookware – Crockery,£1.70,https://latabledarc.com/en/products/ramequin-11-smart-cuisine-wavy-granit-t,https://cdn.shopify.com/s/files/1/0943/3553/3393/files/93c4609f4bbe9b9e2d1783e19a7c2630.webp?v=1769432151,"Petit mais indispensable, le ramequin Smart Cuisine Wavy 11 cm Granit de Luminarc est la pièce idéale pour les portions individuelles. Fabriqué en verre opale gris granit, son relief en losanges texturé caractéristique de la gamme Wavy lui donne un style contemporain et soigné qui valorise aussi bien les crèmes brûlées et les soufflés que les mises en bouche salées. Compatible four, lave-vaisselle et micro-ondes pour une utilisation sans contrainte au quotidien.",LUMINARC,SMART CUISINE WAVY,A12,PC,12,12.2,12.2,5.2,12,120.0,80.0,111.6,OPALE CULINAIRE,KITCHENWARE,COOKWARE,CUISSON,6.195,RAMEQUIN 11 SMART CUISINE WAVY GRANIT T,2.651,1728,0.2,0,FR,25.6,20.0,12.1,10883314074298,407.438,40883314074299,,883314074291,883314074291,,,,,,
V1464,TEMP SMART CUISINE WAVY OVAL DISH 29X17,LUMINARC,Cookware – Crockery,£6.35,,,,LUMINARC,SMART CUISINE WAVY,A6,PC,6,29.0,18.0,6.9,6,120.8,80.4,110.8,OPALE CULINAIRE,KITCHENWARE,COOKWARE,CUISSON,11.403,PLAT OVALE 29X17 SMART CUISINE WAVY T,4.443,480,0.67,0,FR,30.0,19.9,19.1,10883314930259,382.48,40883314930250,,883314930252,883314930252,,,,,,
Q8203,TEMP SMART CUISINE WAVY OVAL DISH 32X20,LUMINARC,Cookware – Crockery,£7.13,https://latabledarc.com/en/products/plat-de-cuisson-32-x-20-cl-smart-cuisine-wavy,https://cdn.shopify.com/s/files/1/0943/3553/3393/files/b3bba8f28567f50ee0e3625004c0c53a.jpg?v=1762446650,,LUMINARC,SMART CUISINE WAVY,A6,PC,6,32.5,20.3,7.4,6,120.0,80.0,104.7,OPALE CULINAIRE,KITCHENWARE,COOKWARE,CUISSON,14.451,PLAT OVALE 32X20 SMART CUISINE WAVY T,5.07,336,0.76,0,FR,33.6,19.2,22.4,10883314896418,310.527,40883314896419,,883314896411,883314896411,,,,,,
Q8459,TEMP SMART CUISINE WAVY RAMEKIN 11,LUMINARC,Cookware – Crockery,£1.58,https://latabledarc.com/en/products/ramequin-11-cm-smart-cuisine-wavy,https://cdn.shopify.com/s/files/1/0943/3553/3393/files/278febe6c6ce5a0116929a3520b50eb2.jpg?v=1762446841,,LUMINARC,SMART CUISINE WAVY,A12,PC,12,12.2,12.2,5.2,12,120.0,80.0,111.6,OPALE CULINAIRE,KITCHENWARE,COOKWARE,CUISSON,6.195,RAMEQUIN 11 WAVY T,2.651,1728,0.2,0,FR,25.6,20.0,12.1,10883314899358,407.438,40883314899359,,883314899351,883314899351,,,,,,
V1463,TEMP SMART CUISINE WAVY RECT DISH 30X22,LUMINARC,Cookware – Crockery,£6.35,,,,LUMINARC,SMART CUISINE WAVY,A6,PC,6,29.9,22.0,5.8,6,120.0,80.0,108.1,OPALE CULINAIRE,KITCHENWARE,COOKWARE,CUISSON,13.666,PLAT RECT 30X22 SMART CUISINE WAVY T,5.321,336,0.8,0,FR,31.5,18.7,23.2,10883314930242,324.46,40883314930243,,883314930245,883314930245,,,,,,
Q8164,TEMP SMART CUISINE WAVY ROUND DISH 26,LUMINARC,Cookware – Crockery,£5.29,https://latabledarc.com/en/products/plat-de-cuisson-26-cm-smart-cuisine-wavy,https://cdn.shopify.com/s/files/1/0943/3553/3393/files/527297a18cfd91d7fd7ef7a7c393102c.jpg?v=1762446642,,LUMINARC,SMART CUISINE WAVY,A5,PC,5,26.4,26.4,6.8,5,120.0,80.0,96.2,OPALE CULINAIRE,KITCHENWARE,COOKWARE,CUISSON,20.135,PLAT ROND 26 SMART CUISINE WAVY T,5.254,180,0.94,0,FR,28.0,25.5,28.2,10883314895947,215.295,40883314895948,,883314895940,883314895940,,,,,,
Q8178,TEMP SMART CUISINE WAVY TART DISH 28,LUMINARC,Cookware – Crockery,£5.55,https://latabledarc.com/en/products/plat-a-tarte-28-smart-cuisine-wavy,https://cdn.shopify.com/s/files/1/0943/3553/3393/files/14c3ca7ce558e870614f009d64c944d2.jpg?v=1762446817,,LUMINARC,SMART CUISINE WAVY,A6,PC,6,29.4,29.4,5.0,6,120.0,80.0,101.3,OPALE CULINAIRE,KITCHENWARE,COOKWARE,CUISSON,17.277,PLAT A TARTE 28 SMART CUISINE WAVY T,5.948,288,0.9,0,FR,30.1,20.0,28.7,10883314896098,311.863,40883314896099,,883314896091,883314896091,,,,,,
V3158,TEMP SO UBAN M-PURPOSE BOWL 80,ARCOROC,Storage,£1.54,,https://static.wixstatic.com/media/042ed7_a2ccbd3be40e4f01850bdde41247e3d1~mv2.webp,,ARCOROC,SO URBAN,A24,PC,24,14.0,14.0,8.8,24,120.0,80.0,108.4,SODO,KITCHENWARE,STORAGE,CONSERVATION,24.644,COUPELLE 80 SO URBAN PRESSE T,9.284,864,0.36,0,FR,29.6,26.6,31.3,883314963717,359.701,40883314947524,,,,,,,,,
Q8872,TEMP SO URBAN BOWL 110+LID MONTES,ARCOROC,Storage,£4.03,,,,ARCOROC,SO URBAN,A12,PC,12,17.6,17.6,7.5,12,120.0,80.0,89.0,SODO,KITCHENWARE,STORAGE,CONSERVATION,31.487,CPL 110 SO URBAN PRESSE +  CV MONTE T,6.426,240,0.501,0,FR,37.0,23.0,37.0,10883314903932,154.453,40883314903933,,883314903935,883314903935,,,,,,
V3597,TEMP SO URBAN BOWL 37+LID,ARCOROC,Storage,£1.72,,,,ARCOROC,SO URBAN,A24,PC,24,12.3,12.3,7.5,24,120.0,80.0,109.6,SODO,KITCHENWARE,STORAGE,CONSERVATION,27.885,COUPELLE 37 SO URBAN +CV MONTE T,6.283,648,0.246,0,FR,36.2,24.3,31.7,10883314951674,195.019,40883314951675,,883314841572,883314841572,,,,,,
Q6304,TEMP SO URBAN M-PURPOSE BOWL 135,ARCOROC,Storage,£2.92,,,,ARCOROC,SO URBAN,A12,PC,12,0.0,0.0,0.0,12,120.0,80.0,114.5,SODO,KITCHENWARE,STORAGE,CONSERVATION,16.94,COUPELLE MULTI-USAGES 135 SO URBAN T,7.093,600,0.55,0,FR,38.5,22.0,20.0,883314903911,380.236,40883314903919,,,,,,,,,
V3155,TEMP SO URBAN M-PURPOSE BOWL 37,ARCOROC,Storage,£0.91,,https://static.wixstatic.com/media/042ed7_f374fcea48d3486ba92ba5d24069e0f3~mv2.webp,,ARCOROC,SO URBAN,A24,PC,24,11.0,11.0,7.3,24,120.0,80.0,108.5,SODO,KITCHENWARE,STORAGE,CONSERVATION,12.426,COUPELLE 37 SO URBAN PRESS T,5.885,1440,0.23,0,FR,23.5,22.5,23.5,883314967357,378.677,40883314947494,,,,,,,,,
V4073,TEMP SO URBAN PRESS BOWL 26,ARCOROC,Storage,£0.91,,,,ARCOROC,SO URBAN,A24,PC,24,8.5,8.5,9.2,24,120.0,80.0,111.3,SODO,KITCHENWARE,STORAGE,CONSERVATION,22.981,COUPELLE 26 SO URBAN PRESSE T,6.211,864,0.238,0,FR,35.7,26.6,24.2,883314956108,248.977,40883314956106,,,,,,,,,
V3602,TEMP SO URBAN PRESS BOWL 26 + LID,ARCOROC,Storage,£1.72,,,,ARCOROC,SO URBAN,A24,PC,24,9.3,9.3,9.4,24,120.0,80.0,115.9,SODO,KITCHENWARE,STORAGE,CONSERVATION,23.359,COUPELLE 26 SO URBAN PRESSE + CV MONTE T,6.36,960,0.251,0,AE,39.2,29.5,20.2,10883314951742,280.429,40883314951743,,883314951745,883314951745,,,,,,
V3594,TEMP SO URBAN PRESS MP BOWL 80 + LID,ARCOROC,Storage,£2.58,,https://static.wixstatic.com/media/042ed7_e091dc8df1b0497e9982b6d225f7b336~mv2.webp,,ARCOROC,SO URBAN,A24,PC,24,15.3,15.3,9.0,24,120.0,80.0,107.8,SODO,KITCHENWARE,STORAGE,CONSERVATION,45.121,COUPELLE 80 SO URBAN PRESSE + CV MONTE T,9.825,432,0.383,0,FR,41.0,35.5,31.0,10883314951629,202.531,40883314951620,,883314841633,883314841633,,,,,,
V8038,TEMP SPIRALE O/F TUMBLER 25,ARCOROC,Drinkware – Rocks,£0.87,,,,ARCOROC,SPIRALE,FA6,PC,48,8.2,8.2,8.4,48,120.0,80.0,116.7,SODO,DRINKWARE,DRINKWARE,GOBELET,38.115,GOBELET FB 25 SPIRALE T,9.817,960,0.18,6,FR,51.9,36.0,20.4,10883314580577,222.313,40883314580578,B8,,,25.2,17.1,9.4,1.166,4.051,26102580578
V8032,TEMP SPIRALE OF TUMBLER 20,ARCOROC,Drinkware – Tumblers,£0.71,,,,ARCOROC,SPIRALE,FA6,PC,24,7.7,7.7,7.7,24,120.0,80.0,114.7,SODO,DRINKWARE,DRINKWARE,GOBELET,16.534,GOBELET FB 20 SPIRALE T,4.516,1200,0.165,6,FR,33.2,24.9,20.0,10883314580553,251.77,40883314580554,B4,,,23.6,16.0,9.4,1.068,3.549,26102580554
Q9703,TEMP SQUARE EASY BOX 122+LID BLUE,LUMINARC,Storage,£4.89,,,,LUMINARC,EASY BOX,A6,PC,6,18.5,17.6,7.1,6,120.0,80.0,106.2,SODO,KITCHENWARE,STORAGE,CONSERVATION,15.675,BOITE CARREE 122 EASY BOX +CV BLEU T,4.107,288,0.636,0,FR,37.2,18.4,22.9,10883314913924,222.605,40883314913925,,883314781199,883314781199,,,,,,
Q9701,TEMP SQUARE EASY BOX 38 + BLUE LID,LUMINARC,Storage,£3.17,,,,LUMINARC,EASY BOX,A6,PC,6,12.8,12.0,5.9,6,120.0,80.0,109.7,SODO,KITCHENWARE,STORAGE,CONSERVATION,7.301,BOITE CARREE 38 EASY BOX +CV BLEU T,2.107,720,0.326,0,FR,26.5,14.5,19.0,10883314913870,278.409,40883314913871,,883314831320,883314831320,,,,,,
Q9702,TEMP SQUARE EASY BOX 76+BLUE LID,LUMINARC,Storage,£4.17,https://latabledarc.com/en/products/boite-de-conservation-76-cl-easy-box,https://cdn.shopify.com/s/files/1/0943/3553/3393/files/a944f6a565658512e9719f8724e992c8.jpg?v=1762444693,,LUMINARC,EASY BOX,A6,PC,6,15.9,15.1,6.5,6,120.0,80.0,120.2,SODO,KITCHENWARE,STORAGE,CONSERVATION,10.803,BOITE CARREE 76 EASY BOX +CV BLEU T,3.071,510,0.476,0,FR,32.0,16.0,21.1,10883314913900,286.629,40883314913901,,883314781205,883314781205,,,,,,
P0734,TEMP SQUARE KEEP'N BOX 38+LID LAGON,LUMINARC,Storage,£2.18,https://latabledarc.com/en/products/boite-de-conservation-carree-38-cl-keepn-box,https://cdn.shopify.com/s/files/1/0943/3553/3393/files/90470141ba30c9fa6b45940104b50dad_207d23c1-a431-4b25-9aef-e9c6b34ace3d.jpg?v=1762444641,"Opt for the 38cl Keep'n Box storage container by Luminarc
   This storage container is ideal for storing and preserving your food and culinary preparations. Its non-porous glass composition makes it perfectly hygienic and easy to clean, while also ensuring its robustness and resistance to shocks and scratches. Perfectly compatible with microwave use and dishwashers, this storage container has been designed for intensive daily use!",LUMINARC,KEEP'N BOX,A6,PC,6,12.6,12.4,5.3,6,120.0,80.0,109.9,SODO,KITCHENWARE,STORAGE,CONSERVATION,5.477,BOITE CARREE 38 KEEP'N BOX +CV LAGON T,1.805,972,0.284,0,FR,25.9,13.3,15.9,10883314252320,317.989,40883314252321,,883314185164,883314185164,,,,,,
P0736,TEMP SQUARE KEEPN BOX 122 +LID LAGON,LUMINARC,Storage,£3.62,https://latabledarc.com/en/products/boite-de-conservation-carree-122-cl-keepn-box,https://cdn.shopify.com/s/files/1/0943/3553/3393/files/e29822d0bd9cc07bbeb41080f4e26f09.jpg?v=1762444608,"Opt for the 122 cl Keep'n Box storage container by Luminarc
 This storage container is ideal for storing and preserving your food and culinary preparations. Its non-porous glass composition makes it perfectly hygienic and easy to clean, while also ensuring its robustness and resistance to shocks and scratches. Perfectly compatible with microwave use and dishwashers, this storage container has been designed for intensive daily use!",LUMINARC,KEEP'N BOX,A6,PC,6,18.2,18.0,6.6,6,120.0,80.0,114.5,SODO,KITCHENWARE,STORAGE,CONSERVATION,15.2,BOITE CARREE 122 KEEPN BOX +CV LAGON T,3.809,360,0.59,0,FR,38.0,20.0,20.0,10883314252337,254.134,40883314252338,,883314185188,883314185188,,,,,,
P0735,TEMP SQUARE KEEPN BOX 76 +LID LAGON T,LUMINARC,Storage,£2.87,https://latabledarc.com/en/products/boite-de-conservation-carree-76-cl-keepn-box,https://cdn.shopify.com/s/files/1/0943/3553/3393/files/4201a86b88f79e98ea65c1f48e9bc23d_03defc66-d8f4-4a80-974f-71fdc4e7aa0e.jpg?v=1762444697,"Opt for the 76cl Keep'n Box storage container by Luminarc
   This storage container is ideal for storing and preserving your food and culinary preparations. Its non-porous glass composition makes it perfectly hygienic and easy to clean, while also ensuring its robustness and resistance to shocks and scratches. Perfectly compatible with microwave use and dishwashers, this storage container has been designed for intensive daily use!",LUMINARC,KEEP'N BOX,A6,PC,6,15.6,15.5,5.9,6,120.0,80.0,116.5,SODO,KITCHENWARE,STORAGE,CONSERVATION,10.093,BOITE CARREE 76 KEEPN BOX T,2.803,504,0.434,0,FR,32.8,18.1,17.0,10883314753506,260.946,40883314753507,,883314185171,883314185171,,,,,,
X0393,TEMP STACK UP CROSS OF TUMBLER 21,ARCOROC,Drinkware – Tumblers,£1.13,,,,ARCOROC,STACK'UP CROSS,FA6,PC,24,8.3,8.3,8.1,24,120.0,80.0,114.5,SODO,DRINKWARE,DRINKWARE,GOBELET,19.152,GOBELET FB 21 STACKUP CROSS T,6.119,1080,0.229,6,FR,36.0,26.6,20.0,10883314043041,300.749,40883314043042,B4,,,8.3,8.3,8.1,1.374,0.558,883314043044
X0392,TEMP STACK UP CROSS OF TUMBLER 26,ARCOROC,Drinkware – Tumblers,£1.13,,,,ARCOROC,STACK'UP CROSS,FA6,PC,24,8.5,8.5,9.3,24,120.0,80.0,104.9,SODO,DRINKWARE,DRINKWARE,GOBELET,26.135,GOBELET FB 26 STACKUP CROSS T,6.559,768,0.241,6,FR,39.2,29.5,22.6,10883314043034,235.545,40883314043035,B4,,,8.5,8.5,9.3,1.446,0.672,883314043037
H5646,TEMP STACK UP O/F TUMBLER 32,ARCOROC,Drinkware – Rocks,£1.18,,https://static.wixstatic.com/media/042ed7_71689ab7c7a64b3d8fcdffc5b63dad0e~mv2.webp,,ARCOROC,STACK UP,FA6,PC,24,9.2,9.2,9.2,24,120.0,80.0,105.0,SODO,DRINKWARE,DRINKWARE,GOBELET,26.135,GOBELET FB 32 STACK UP T,7.135,768,0.265,6,FR,39.2,29.5,22.6,10883314349945,253.991,40883314349946,B4,,,27.8,18.8,10.5,1.695,5.488,883314349948
V9845,TEMP STACKABLE BLACK MUG 25,LUMINARC,Hot Drinks / Breakfast – Beverage Service,£1.04,https://latabledarc.com/en/products/mug-25-cl-empilable-noir,https://cdn.shopify.com/s/files/1/0943/3553/3393/files/e49b5178c2e8769a719d2a6dc143171b.jpg?v=1762446460,"The 25cl Black Stackable Mug combines minimalist design and functionality, ideal for optimizing space while remaining chic.",LUMINARC,EMPILABLE,FA6,PC,6,7.2,7.2,9.0,6,120.0,80.0,112.5,SODO,HOT DRINKS / BREAKFA,HOT DRINKS / BREAKFA,BOL / MUG (PTT DEJEUNER),3.428,MUG 25 EMPILABLE NOIR T,1.537,1500,0.24,0,FR,22.8,15.5,9.7,10883314030270,411.638,40883314030271,,883314030266,883314030266,,,,,,
V7853,TEMP STACKABLE BOWL 12,LUMINARC,Dinnerware,£0.77,,,,LUMINARC,EMPILABLE TRANSP (SALA),RS6,PC,24,11.8,11.8,5.4,24,120.0,80.0,111.4,SODO,DINNERWARE,DINNERWARE,SALADIER,10.529,SALADIER 12 EMPILABLE T,5.241,2016,0.205,6,FR,28.9,26.4,13.8,10883314299219,465.926,40883314299210,B4,26102142196,26102142196,11.8,11.8,5.4,1.23,0.752,
V7852,TEMP STACKABLE BOWL 17,LUMINARC,Dinnerware,£1.36,https://latabledarc.com/en/products/saladier-17-cm-empilable-110-cl,https://cdn.shopify.com/s/files/1/0943/3553/3393/files/71a2bb800bfd8c14a9d193ff720e80b0_23dfac82-e8d6-46be-b569-03e0099350e0.jpg?v=1762446897,"Choose the 17cm Stackable Salad Bowl from Luminarc
 This salad bowl proves to be both sturdy (an important characteristic for a product used often and regularly subjected to vigorous handling) and practical to use thanks to its light weight.",LUMINARC,EMPILABLE TRANSP (SALA),A6,PC,6,17.0,17.0,7.8,6,120.0,80.0,106.5,SODO,DINNERWARE,DINNERWARE,SALADIER,8.123,SALADIER 17 EMPILABLE T,2.8,612,0.43,0,FR,19.0,19.0,22.5,10883314299202,310.979,40883314299203,,26102142356,26102142356,,,,,,
V7833,TEMP STACKABLE BOWL 170,ARCOROC,Dinnerware,£1.36,,,,ARCOROC,EMPILABLE TRANSP (SALA),RS6,PC,24,17.0,17.0,7.8,24,120.0,80.0,112.5,SODO,DINNERWARE,DINNERWARE,SALADIER,26.752,COUPELLE 170 EMPILABLE T,10.894,720,0.43,6,FR,37.6,36.3,19.6,10883314992783,352.274,40883314992784,B4,26102972212,26102972212,17.0,17.0,20.5,2.593,5.925,26102746578
27473,TEMP STACKABLE RECT DISH 175X113,ARCOROC,Dinnerware,£3.25,,,,ARCOROC,RESTAURANT BL UNI,RS6,PC,24,17.5,11.3,3.6,24,120.0,80.0,110.1,FLUO,DINNERWARE,DINNERWARE,SALADIER,11.81,"RAVIER RECT 17,5X11 RESTAURANT T",8.178,1680,0.33,6,FR,25.9,24.0,19.0,10026102274733,598.04,40026102274734,B4,,,17.5,11.3,12.3,1.986,2.432,26102982792
V4042,TEMP STACKABLE ROUND BOWL 200,ARCOROC,Dinnerware,£2.47,,,,ARCOROC,EMPILABLE TRANSP (SALA),RS6,PC,6,0.0,0.0,0.0,6,120.0,80.0,104.2,SODO,DINNERWARE,DINNERWARE,SALADIER,12.46,SALADIER ROND 200 EMPILABLE T,4.082,360,0.64,6,FR,25.4,21.9,22.4,10883314955856,270.48,40883314955857,B1,26102800058,26102800058,19.9,19.9,9.2,3.84,3.623,26102800041
V4034,TEMP STACKABLE ROUND BOWL 230,ARCOROC,Dinnerware,£3.18,,,,ARCOROC,EMPILABLE TRANSP (SALA),A6,PC,6,0.0,0.0,0.0,6,120.0,80.0,105.4,SODO,DINNERWARE,DINNERWARE,SALADIER,17.599,SALADIER ROND 230 EMPILABLE T,6.291,270,0.98,0,AE,24.1,24.1,30.3,10883314955825,308.679,40883314955826,,26102800256,26102800256,,,,,,
V7520,TEMP STACKABLE ROUND BOWL 70,ARCOROC,Dinnerware,£0.54,,,,ARCOROC,EMPILABLE TRANSP (SALA),RS6,PC,36,7.5,7.5,3.4,36,121.3,80.0,114.5,SODO,DINNERWARE,DINNERWARE,SALADIER,3.913,SALADIER ROND 7 EMPILABLE T,2.728,7920,0.072,6,FR,24.1,16.4,9.9,10026102298821,602.426,40026102298822,F6,26102972106,26102972106,7.5,7.5,9.8,0.44,0.191,26102168172
V7851,TEMP STACKABLE SALAD BOWL 9,LUMINARC,Dinnerware,£0.61,,,,LUMINARC,EMPILABLE TRANSP (SALA),RS6,PC,36,8.8,8.8,3.9,36,120.0,80.0,116.6,SODO,DINNERWARE,DINNERWARE,SALADIER,5.635,SALADIER 9 EMPILABLE T,3.756,5760,0.1,6,FR,27.9,19.8,10.2,10026102299194,626.754,40026102299195,B6,26102150184,26102150184,9.0,9.0,10.7,0.608,0.867,10026102299194
X0391,TEMP STACKUP CROSS OF TUMBLER 35,ARCOROC,Drinkware – Tumblers,£1.38,,,,ARCOROC,STACK'UP CROSS,FA6,PC,24,7.8,7.8,14.0,24,120.0,80.0,109.9,SODO,DRINKWARE,DRINKWARE,GOBELET,30.198,GOBELET FH 35 STACKUP CROSS T,8.71,648,0.329,6,FR,35.7,26.6,31.8,10883314043027,260.841,40883314043028,B4,,,7.8,7.8,14.0,1.974,0.852,883314043020
V8051,TEMP STACKY H/B TUMBLER 16,ARCOROC,Drinkware – Hiballs,£0.69,,,,ARCOROC,STACKY,F6,PC,48,6.8,6.8,8.2,48,120.0,80.0,111.5,SODO,DRINKWARE,DRINKWARE,GOBELET,25.89,GOBELET FH 16 STACKY T,7.372,1440,0.135,6,FR,43.9,30.4,19.4,10883314107514,246.541,40883314107515,B8,,,21.2,14.4,8.9,0.876,2.717,26102948880
X2312,TEMP STAIRO BOWL 50,ARCOROC,Dinnerware,£1.18,,,,ARCOROC,STAIRO,RS6,PC,36,13.2,13.2,6.9,36,120.0,80.0,115.6,FLUO,DINNERWARE,DINNERWARE,COMPLEMENT DE TABLE,15.172,BOL 50 STAIRO T,8.617,2016,0.23,6,FR,37.9,27.8,14.4,10883314094050,508.809,40883314094051,B6,883314523959,883314523959,13.2,13.2,16.0,1.391,2.788,883314517446
L3577,TEMP STAIRO DINNER PLATE 250,ARCOROC,Dinnerware,£0.91,,,,ARCOROC,STAIRO,RS6,PC,24,25.0,25.0,2.3,24,120.0,80.0,95.6,FLUO,DINNERWARE,DINNERWARE,ASSIETTE,10.012,ASSIETTE PLATE 250 STAIRO T,8.88,1584,0.36,6,FR,26.3,14.1,27.0,10883314517368,611.549,40883314517369,B4,883314523904,883314523904,25.0,25.0,4.5,2.171,2.813,883314517361
L3576,TEMP STAIRO DINNER PLATE 270,ARCOROC,Dinnerware,£1.13,,,,ARCOROC,STAIRO,RS6,PC,24,27.0,27.0,2.5,24,120.0,80.0,98.2,FLUO,DINNERWARE,DINNERWARE,ASSIETTE,11.941,ASSIETTE PLATE 270 STAIRO T,10.802,1368,0.44,6,FR,28.3,14.5,29.1,10883314517344,641.639,40883314517345,B4,883314523898,883314523898,27.0,27.0,4.7,2.65,3.426,883314517347
V7538,TEMP STAKABLE BOWL 100,ARCOROC,Dinnerware,£0.62,,,,ARCOROC,EMPILABLE TRANSP (SALA),RS6,PC,36,10.3,10.3,4.5,36,120.0,80.0,118.9,SODO,DINNERWARE,DINNERWARE,SALADIER,8.838,SALADIER 100 EMPILABLE T,5.241,3564,0.14,6,FR,32.7,23.3,11.6,10883314990277,544.553,40883314990278,B6,26102972151,26102972151,10.3,10.3,4.5,0.84,0.477,26102746561
V9571,TEMP STARLINE HB TUMBLER 31,ARCOROC,Drinkware – Hiballs,£1.32,https://latabledarc.com/en/products/verre-forme-haute-31-cl-starline,https://cdn.shopify.com/s/files/1/0943/3553/3393/files/5c85c51dcbfe79681ffc3170dcd6bcfb.jpg?v=1762448028,"The Starline 31cl tall glass is ideal for your cocktails or juices, offering an experience that is both practical and aesthetic.",ARCOROC,STARLINE,FA6,PC,24,0.0,0.0,0.0,24,120.0,80.0,107.5,SODO,DRINKWARE,DRINKWARE,GOBELET,26.509,GOBELET FH 31 STARLINE T,8.302,720,0.315,6,FR,33.8,25.3,31.0,10883314030850,274.639,40883314030851,B4,,,7.4,7.4,14.0,1.89,0.771,883314030853
V9572,TEMP STARLINE HB TUMBLER 35,ARCOROC,Drinkware – Hiballs,£1.32,https://latabledarc.com/en/products/verre-forme-haute-35-starline,https://cdn.shopify.com/s/files/1/0943/3553/3393/files/d9f8ea1c33ead4b43a238c531606c6e8.jpg?v=1762448044,"With its elegant design, the Starline 35cl tall glass is perfectly suited to casual or formal occasions.",ARCOROC,STARLINE,FA6,PC,24,0.0,0.0,0.0,24,120.0,80.0,96.2,SODO,DRINKWARE,DRINKWARE,GOBELET,31.454,GOBELET FH 35 STARLINE T,8.054,576,0.3,6,FR,39.2,29.5,27.2,10883314030836,218.754,40883314030837,B4,,,8.5,8.5,12.2,1.8,0.868,883314030839
V9574,TEMP STARLINE HB TUMBLER 42,ARCOROC,Drinkware – Hiballs,£1.32,https://latabledarc.com/en/products/verre-forme-haute-42-starline,https://cdn.shopify.com/s/files/1/0943/3553/3393/files/f0ad9c9e62f250f0e64ee0676b97f550.jpg?v=1762448165,"The Starline 42cl tall glass is perfect for your meals or parties, ensuring elegance and practicality.",ARCOROC,STARLINE,FA6,PC,24,0.0,0.0,0.0,24,120.0,80.0,102.3,SODO,DRINKWARE,DRINKWARE,GOBELET,33.767,GOBELET FH 42 STARLINE T,9.288,576,0.35,6,FR,39.2,29.5,29.2,10883314030874,248.479,40883314030875,B4,,,27.9,18.8,13.8,2.223,7.238,883314030877
X0434,TEMP STARLINE HB TUMBLER 65,ARCOROC,Drinkware – Hiballs,£2.35,https://latabledarc.com/en/products/verre-forme-haute-65-cl-starline,https://cdn.shopify.com/s/files/1/0943/3553/3393/files/9d02a39fa4bcf5b093bec52bf0254a25.jpg?v=1762448224,The Starline 65cl tall glass is an essential piece for your cocktails and receptions.,ARCOROC,STARLINE,FA6,PC,12,0.0,0.0,0.0,12,120.0,80.0,117.5,SODO,DRINKWARE,DRINKWARE,GOBELET,28.39,GOBELET FH 65 STARLINE T,7.866,360,0.595,6,FR,42.8,32.2,20.6,10883314045533,261.47,40883314045534,B2,,,9.6,9.6,17.2,3.57,1.564,883314045536
V9573,TEMP STARLINE OF TUMBLER 27,ARCOROC,Drinkware – Tumblers,£1.08,https://latabledarc.com/en/products/verre-forme-basse-27-starline,https://cdn.shopify.com/s/files/1/0943/3553/3393/files/3e8bef2ef03c1bc2a0d5052352ebc4c1.jpg?v=1762447884,"Compact and elegant, the Starline 27cl low-profile glass is a must-have to enhance your tasting moments.",ARCOROC,STARLINE,FA6,PC,24,0.0,0.0,0.0,24,120.0,80.0,104.9,SODO,DRINKWARE,DRINKWARE,GOBELET,26.135,GOBELET FB 27 STARLINE T,6.535,768,0.24,6,FR,39.2,29.5,22.6,10883314030867,234.691,40883314030868,B4,,,8.5,8.5,9.8,1.44,0.708,883314030860
X0433,TEMP STARLNE HB TUMBLER 46,ARCOROC,Drinkware – Hiballs,£1.86,https://latabledarc.com/en/products/verre-forme-haute-46-cl-starline,https://cdn.shopify.com/s/files/1/0943/3553/3393/files/8fad905ea78e334054c1384528fd4ca6_286d4afd-e04b-4d5b-8063-bbd6d457f17e.jpg?v=1762448208,The Starline 46cl tall glass combines simplicity and elegance to enrich your moments of sharing.,ARCOROC,STARLINE,FA6,PC,12,0.0,0.0,0.0,12,120.0,80.0,116.1,SODO,DRINKWARE,DRINKWARE,GOBELET,19.212,GOBELET FH 46 STARLINE T,5.771,576,0.44,6,FR,39.2,29.0,16.9,10883314045526,302.596,40883314045527,B2,,,8.7,8.7,15.0,2.64,1.135,883314045529
Q5253,TEMP STRIPY BOWL 50,LUMINARC,Hot Drinks / Breakfast – Crockery,£1.50,https://latabledarc.com/en/products/bol-50-cl-stripy,https://cdn.shopify.com/s/files/1/0943/3553/3393/files/e0823830c044a3a4ef3aac89632a3eae.jpg?v=1762444518,,LUMINARC,STRIPY,A6,PC,6,13.2,13.2,6.8,6,120.0,80.0,119.0,SODO,HOT DRINKS / BREAKFA,HOT DRINKS / BREAKFA,BOL / MUG (PTT DEJEUNER),4.44,BOL 50 STRIPY T,1.587,1344,0.24,0,FR,20.0,14.9,14.9,10883314865193,381.082,40883314865194,,883314865196,883314865196,,,,,,
Q5195,TEMP STRIPY CUP 9,LUMINARC,Hot Drinks / Breakfast – Beverage Service,£1.12,https://latabledarc.com/en/products/tasse-9-cl-stripy,https://cdn.shopify.com/s/files/1/0943/3553/3393/files/d660d7acff7c8979129b4e3b08ee3a17.jpg?v=1762447514,,LUMINARC,STRIPY,FA6,PC,6,5.8,5.8,6.8,6,120.0,80.4,112.9,SODO,HOT DRINKS / BREAKFA,HOT DRINKS / BREAKFA,TASSE / SOUS-TASSE,1.997,TASSE 9 STRIPY T,0.878,2730,0.135,0,FR,20.8,12.8,7.5,10883314864509,426.59,40883314864500,,883314864502,883314864502,,,,,,
Q5237,TEMP STRIPY JUMBO CUP 50,LUMINARC,Hot Drinks / Breakfast – Beverage Service,£3.02,,,,LUMINARC,STRIPY,FA6,PC,6,14.5,14.5,7.4,6,120.0,80.0,114.1,SODO,HOT DRINKS / BREAKFA,HOT DRINKS / BREAKFA,TASSE / SOUS-TASSE,8.179,TASSE JUMBO 50 STRIPY T,2.237,630,0.335,0,FR,24.0,24.0,14.2,10883314864905,260.829,40883314864906,,883314864908,883314864908,,,,,,
Q5235,TEMP STRIPY MUG 25,LUMINARC,Hot Drinks / Breakfast – Beverage Service,£1.21,https://latabledarc.com/en/products/mug-25-cl-stripy,https://cdn.shopify.com/s/files/1/0943/3553/3393/files/f413c3266be803a2ffd2858f9880f121.jpg?v=1762446516,,LUMINARC,STRIPY,FA6,PC,6,10.4,10.4,9.2,6,120.0,80.0,113.5,SODO,HOT DRINKS / BREAKFA,HOT DRINKS / BREAKFA,BOL / MUG (PTT DEJEUNER),3.994,MUG 25 STRIPY T,1.477,1260,0.23,0,FR,25.0,16.3,9.8,10883314864868,337.411,40883314864869,,883314864861,883314864861,,,,,,
X0511,TEMP SWEET LINE WHITE DINNER PLATE 28,LUMINARC,Dinnerware,£1.70,,,,LUMINARC,SWEET LINE WHITE,RS6,PC,12,28.1,23.3,2.2,12,120.0,80.0,89.0,FLUO,DINNERWARE,DINNERWARE,ASSIETTE,6.852,ASSIETTE PLATE 28 SWEET LINE BLANC T,6.902,1008,0.56,6,FR,29.2,9.5,24.7,10883314046882,605.714,40883314046883,B2,883314121483,883314121483,28.1,23.3,4.6,3.37,3.012,
X2176,TEMP SWEETIE PIE OF TUMBLER 25,LUMINARC,Drinkware – Tumblers,£1.40,https://latabledarc.com/en/products/mixed-tray-sweetie-pie-25cl,https://cdn.shopify.com/s/files/1/0943/3553/3393/files/6292a6087212c8ac8a110a91711d3463.jpg?v=1775036498,"Bring a touch of softness, cheerfulness, and elegance to your table with the set of 4 Sweetie Pie 25 cl glasses. With their blue, purple, green, and yellow hues and modern design, these glasses instantly add a warm and trendy note to your everyday meals as well as your festive moments.
Product highlights:
• 
Assortment of blue, purple, green, and yellow colors: A harmonious blend of soft hues to personalize each glass and brighten your table setting.
• 
Ideal size (25 cl): A perfect capacity for serving water, fruit juices, sodas, or refreshing cocktails.
• 
Trendy design & comfortable grip: An elegant shape with clean lines that offer excellent ergonomics.
• 
Quality & Robustness: Made from durable glass for daily use with peace of mind.
• 
Easy care: Dishwasher safe, retaining their brilliance wash after wash.",LUMINARC,SWEETIE PIE,IR12,PC,24,7.7,7.5,9.4,24,120.0,80.0,116.7,SODO,DRINKWARE,DRINKWARE,GOBELET,21.42,GOBELET FB 25 SWEETIE PIE T,5.15,960,0.195,12,FR,37.5,28.0,20.4,10883314090311,231.589,40883314090312,B2,883314090284,883314090284,35.8,26.4,9.6,2.435,9.073,883314090314
N5162,TEMP TABLE HARENA BLACK SETS DINN 18P,LUMINARC,Dinnerware,£17.07,,,,LUMINARC,HARENA BLACK,SS1,SET,1,26.6,13.2,26.2,1,120.0,80.0,120.1,SODO,DINNERWARE,DINNERWARE,SERVICE VAISSELLE,9.199,SCE 18P TABLE HARENA NOIR T,6.119,96,6.119,0,FR,26.6,13.2,26.2,883314652277,614.438,40883314652275,,883314652277,883314652277,,,,,,
D6926,TEMP TRIANON SAUCER 160,ARCOROC,Hot Drinks / Breakfast – Beverage Service,£1.12,,,,ARCOROC,TRIANON BL UNI,RS6,PC,48,16.0,16.0,1.9,48,120.0,80.0,84.1,FLUO,HOT DRINKS / BREAKFA,HOT DRINKS / BREAKFA,TASSE / SOUS-TASSE,10.112,SOUS-TASSE 160 TRIANON T,9.609,2688,0.195,6,FR,33.4,17.4,17.4,10026102293154,563.573,40026102293155,B8,26102293157,26102293157,16.0,16.0,5.0,1.178,1.28,
V7334,TEMP UNIQUE BOX RECT 104 +JOY ORANGE LID,LUMINARC,Storage,£3.78,,,,LUMINARC,UNIQUE BOX,A6,PC,6,20.1,15.1,6.3,6,120.0,80.0,113.5,BORO,KITCHENWARE,STORAGE,CONSERVATION,14.805,BTE RECT 104 UNIQUE BOX +CV JOY ORANGE T,5.8,252,0.67,0,CN,47.0,21.0,15.0,10883314987512,196.0,40883314987513,,883314987515,883314987515,,,,,,
V7335,TEMP UNIQUE BOX RECT 150 +JOY L TURQ LID,LUMINARC,Storage,£4.62,,,,LUMINARC,UNIQUE BOX,A6,PC,6,22.3,16.7,6.9,6,120.0,80.0,110.5,BORO,KITCHENWARE,STORAGE,CONSERVATION,18.952,BTE RECT 150 UNIQUE BOX +CV JOY L TURQ T,5.38,252,0.628,0,CN,51.5,23.0,16.0,10883314987529,235.0,40883314987520,,883314987522,883314987522,,,,,,
V7333,TEMP UNIQUE BOX RECT 63 + JOY GREEN LID,LUMINARC,Storage,£2.89,,,,LUMINARC,UNIQUE BOX,A6,PC,6,17.4,12.9,5.6,6,120.0,80.0,109.0,BORO,KITCHENWARE,STORAGE,CONSERVATION,9.963,BOITE RECT 63 UNIQUE BOX +CV JOY VERT T,3.51,504,0.525,0,CN,41.0,18.0,13.5,10883314987505,314.32,40883314987506,,883314987508,883314987508,,,,,,
V7338,TEMP UNIQUE BOX SQUARE 110 +JOY L TU LID,LUMINARC,Storage,£4.03,,,,LUMINARC,UNIQUE BOX,A6,PC,6,17.7,17.7,6.1,6,120.0,80.0,111.1,BORO,KITCHENWARE,STORAGE,CONSERVATION,16.132,BTE CARREE 110 UNIQUE BOX +CV JOY L TU T,4.8,288,0.724,0,CN,54.5,18.5,16.0,10883314987550,254.0,40883314987551,,883314987553,883314987553,,,,,,
V7336,TEMP UNIQUE BOX SQUARE 53 +JOY GREEN LID,LUMINARC,Storage,£2.52,,,,LUMINARC,UNIQUE BOX,A6,PC,6,13.6,13.6,5.8,6,120.0,80.0,112.5,BORO,KITCHENWARE,STORAGE,CONSERVATION,8.628,BTE CARREE 53 UNIQUE BOX +CV JOY VERT T,2.57,546,0.377,0,CN,42.5,14.5,14.0,10883314987536,254.0,40883314987537,,883314987539,883314987539,,,,,,
V7337,TEMP UNIQUE BOX SQUARE 80+JOY ORANGE LID,LUMINARC,Storage,£3.26,,,,LUMINARC,UNIQUE BOX,A6,PC,6,15.6,15.6,6.1,6,120.0,80.0,104.5,BORO,KITCHENWARE,STORAGE,CONSERVATION,12.004,BTE CARREE 80 UNIQUE BOX +CV JOY ORANG T,3.3,324,0.498,0,CN,48.5,16.5,15.0,10883314987543,200.0,40883314987544,,883314987546,883314987546,,,,,,
X1445,TEMP VITALE OF TUMBLER 36,LUMINARC,Drinkware – Tumblers,£0.88,https://latabledarc.com/en/products/verre-36-cl-pinta-vitale,https://cdn.shopify.com/s/files/1/0943/3553/3393/files/62709fd9da7e6b8ea5c65fcba0dc1a54_c3c5af91-2f10-4e9d-9c4f-2a845b3b38e0.webp?v=1775209121,,LUMINARC,VITALE,FA6,PC,24,8.5,8.5,8.9,24,120.0,80.0,105.0,SODO,DRINKWARE,DRINKWARE,GOBELET,26.135,GOBELET FB 36 VITALE T,5.159,768,0.18,6,FR,39.2,29.5,22.6,10883314071730,190.76,40883314071731,B4,883314071733,883314071733,27.8,18.8,10.5,1.201,5.488,883314071740
V8122,TEMP VOLUTO CUP 9,ARCOROC,Hot Drinks / Breakfast – Beverage Service,£0.95,,https://static.wixstatic.com/media/042ed7_52bbddaa1ed947c083137c3e8bce47a2~mv2.webp,,ARCOROC,VOLUTO,FA6,PC,6,5.8,5.8,6.8,6,120.0,80.4,112.9,SODO,HOT DRINKS / BREAKFA,HOT DRINKS / BREAKFA,TASSE / SOUS-TASSE,1.997,TASSE 9 VOLUTO T,0.875,2730,0.135,0,FR,20.8,12.8,7.5,883314518757,425.225,40883314995402,,883314518740,883314518740,,,,,,
V7505,TEMP VOLUTO MUG 25,ARCOROC,Hot Drinks / Breakfast – Beverage Service,£1.04,,https://static.wixstatic.com/media/042ed7_5792c8b2e7ca45e6afb453c0e3273535~mv2.jpg,,ARCOROC,VOLUTO,FA6,PC,6,10.4,10.4,9.2,6,120.0,80.0,113.5,SODO,HOT DRINKS / BREAKFA,HOT DRINKS / BREAKFA,BOL / MUG (PTT DEJEUNER),3.994,MUG 25 VOLUTO T,1.473,1260,0.23,0,FR,25.0,16.3,9.8,883314518719,336.571,40883314989531,,883314518702,883314518702,,,,,,
V7480,TEMP VOLUTO MUG 32,ARCOROC,Hot Drinks / Breakfast – Beverage Service,£1.17,,,,ARCOROC,VOLUTO,FA6,PC,6,10.7,10.7,11.1,6,120.0,80.0,110.0,SODO,HOT DRINKS / BREAKFA,HOT DRINKS / BREAKFA,BOL / MUG (PTT DEJEUNER),5.356,MUG 32 VOLUTO T,1.791,912,0.28,0,FR,26.7,17.0,11.8,883314518733,299.271,40883314989333,,883314518726,883314518726,,,,,,
V7460,TEMP VOLUTO MUG 40,ARCOROC,Hot Drinks / Breakfast – Beverage Service,£1.56,,,,ARCOROC,VOLUTO,FA6,PC,6,11.1,11.1,12.3,6,120.0,80.0,107.2,SODO,HOT DRINKS / BREAKFA,HOT DRINKS / BREAKFA,BOL / MUG (PTT DEJEUNER),6.175,MUG 40 VOLUTO T,1.981,714,0.31,0,FR,27.2,17.2,13.2,883314518771,261.766,40883314988992,,883314518764,883314518764,,,,,,
X1632,TEMP WAVY GRANIT OVAL DISH 29X17,LUMINARC,Cookware – Crockery,£6.83,https://latabledarc.com/en/products/pl-ov-29x17-smart-cuisine-wavy-granit-t,https://cdn.shopify.com/s/files/1/0943/3553/3393/files/2fae6adf5a620d5bed920c255efc450a.webp?v=1769432014,"Pratique et bien proportionné, le plat ovale Smart Cuisine Wavy 29x17 cm Granit de Luminarc est le compagnon idéal des repas du quotidien. Fabriqué en verre opale gris granit avec son relief en losanges texturé caractéristique de la gamme Wavy, il allie style contemporain et robustesse pour un usage sans souci. Parfait pour les poissons au four, les légumes grillés ou les petites volailles, il passe directement du four à la table avec élégance. Compatible four, lave-vaisselle et micro-ondes.",LUMINARC,SMART CUISINE WAVY,A6,PC,6,29.0,18.0,6.9,6,120.0,80.0,110.8,OPALE CULINAIRE,KITCHENWARE,COOKWARE,CUISSON,11.403,PL OV 29X17 SMART CUISINE WAVY GRANIT T,4.437,480,0.67,0,FR,30.0,19.9,19.1,10883314074267,382.0,40883314074268,,883314074260,883314074260,,,,,,
X1631,TEMP WAVY GRANIT OVAL DISH 32X20,LUMINARC,Cookware – Crockery,£7.67,https://latabledarc.com/en/products/pl-ov-32x20-smart-cuisine-wavy-granit-t,https://cdn.shopify.com/s/files/1/0943/3553/3393/files/e0e24fd8dad010be8f09d5673c9cf039.webp?v=1769432049,"Élégant et généreux, le plat ovale Smart Cuisine Wavy 32x20 cm Granit de Luminarc est la pièce idéale pour mettre en valeur vos plats mijotés, poissons et volailles. Fabriqué en verre opale gris granit, son relief en losanges texturé lui confère un caractère contemporain qui habille la table avec beaucoup de style. Sa forme ovale accueillante permet une présentation soignée directement du four à la table. Compatible four, lave-vaisselle et micro-ondes.",LUMINARC,SMART CUISINE WAVY,A6,PC,6,32.5,20.3,7.4,6,120.0,80.0,104.7,OPALE CULINAIRE,KITCHENWARE,COOKWARE,CUISSON,14.451,PL OV 32X20 SMART CUISINE WAVY GRANIT T,5.064,336,0.76,0,FR,33.6,19.2,22.4,10883314074250,308.955,40883314074251,,883314074253,883314074253,,,,,,
X1634,TEMP WAVY GRANIT ROUND DISH 22,LUMINARC,Cookware – Crockery,£4.93,https://latabledarc.com/en/products/plat-rond-22-smart-cuisine-wavy-granit-t,https://cdn.shopify.com/s/files/1/0943/3553/3393/files/300cbd1bfb5070ffbc229675e3b8591a.webp?v=1769432104,"Compact et élégant, le plat rond Smart Cuisine Wavy 22 cm Granit de Luminarc est parfait pour les petites portions ou les repas en duo. Fabriqué en verre opale gris granit avec son relief en losanges texturé signature de la gamme Wavy, il apporte une touche contemporaine et raffinée à chaque repas. Idéal pour les tartelettes, les gratins individuels ou les plats de légumes, il passe directement du four à la table. Compatible four, lave-vaisselle et micro-ondes.",LUMINARC,SMART CUISINE WAVY,A6,PC,6,0.0,0.0,0.0,6,120.0,80.0,107.9,OPALE CULINAIRE,KITCHENWARE,COOKWARE,CUISSON,14.687,PLAT ROND 22 SMART CUISINE WAVY GRANIT T,4.508,360,0.67,0,FR,26.6,23.8,23.2,10883314074281,297.179,40883314074282,,883314074284,883314074284,,,,,,
V3790,TEMP ZELIE 18P PLATES SET,LUMINARC,Dinnerware,£15.84,,,,LUMINARC,ZELIE,SS1,SET,1,26.6,13.2,26.2,1,120.0,80.0,119.6,FLUO,DINNERWARE,DINNERWARE,SERVICE VAISSELLE,9.199,SCE 18P TABLE ZELIE T,5.565,96,5.565,0,FR,26.6,13.2,26.2,883314524765,561.254,40883314953457,,883314524765,883314524765,,,,,,
V7147,TEMP ZELIE BLACK DESSERT PLATE 18,LUMINARC,Dinnerware,£0.91,,,,LUMINARC,ZELIE BLACK,A12,PC,12,18.0,18.0,2.1,12,120.0,80.0,94.7,SODO,DINNERWARE,DINNERWARE,ASSIETTE,3.29,ASSIETTE DESSERT 18 ZELIE NOIR T,2.779,2496,0.22,0,FR,19.1,8.7,19.8,10883314989202,607.031,40883314989203,,883314899320,883314899320,,,,,,
V7145,TEMP ZELIE BLACK DINNER PLATE 25,LUMINARC,Dinnerware,£0.97,,,,LUMINARC,ZELIE BLACK,A12,PC,12,25.0,25.0,2.6,12,120.0,80.0,93.6,SODO,DINNERWARE,DINNERWARE,ASSIETTE,5.185,ASSIETTE PLATE 25 ZELIE NOIR T,4.685,1548,0.375,0,FR,25.8,7.7,26.1,10883314989189,632.637,40883314989180,,883314899306,883314899306,,,,,,
V7148,TEMP ZELIE BLACK MUTI PURPOSE BOWL 16,LUMINARC,Dinnerware,£0.97,,,,LUMINARC,ZELIE BLACK,A12,PC,12,16.0,16.0,5.2,12,120.0,80.0,119.1,SODO,DINNERWARE,DINNERWARE,SALADIER,5.324,COUPELLE MULTI-USAGES 16 ZELIE NOIR T,3.292,2016,0.26,0,FR,18.0,17.0,17.4,10883314989219,578.65,40883314989210,,883314899337,883314899337,,,,,,
V3892,TEMP ZELIE BLACK SALAD BOWL 24 T,LUMINARC,Dinnerware,£2.93,,,,LUMINARC,ZELIE BLACK,A12,PC,12,24.0,24.0,11.1,12,120.0,80.0,95.1,SODO,DINNERWARE,DINNERWARE,SALADIER,16.329,SALADIER 24 ZELIE NOIR T,8.871,540,0.71,0,FR,25.6,23.8,26.8,10883314954545,425.138,40883314954546,,883314899344,883314899344,,,,,,
V7146,TEMP ZELIE BLACK SOUP PLATE 20,LUMINARC,Dinnerware,£0.97,,,,LUMINARC,ZELIE BLACK,A12,PC,12,20.0,20.0,4.2,12,120.0,80.0,102.9,SODO,DINNERWARE,DINNERWARE,ASSIETTE,5.392,ASSIETTE CREUSE 20 ZELIE NOIR T,3.966,1680,0.315,0,FR,21.4,11.4,22.1,10883314989196,581.444,40883314989197,,883314899313,883314899313,,,,,,
V3894,TEMP ZELIE BLACK TABLE SET 18P,LUMINARC,Dinnerware,£17.03,,,,LUMINARC,ZELIE BLACK,SS1,SET,1,26.6,13.2,26.2,1,120.0,80.0,119.3,SODO,DINNERWARE,DINNERWARE,SERVICE VAISSELLE,9.199,SCE 18P TABLE ZELIE NOIR T,5.789,96,5.789,0,FR,26.6,13.2,26.2,883314900071,582.756,40883314954560,,883314900071,883314900071,,,,,,
V3915,TEMP ZELIE BLACK TABLE SET 19P,LUMINARC,Dinnerware,£19.96,,,,LUMINARC,ZELIE BLACK,SS1,SET,1,28.0,19.0,26.3,1,120.0,80.0,120.0,SODO,DINNERWARE,DINNERWARE,SERVICE VAISSELLE,13.992,SCE 19P TABLE ZELIE NOIR T,6.6,64,6.6,0,FR,28.0,19.0,26.3,883314900064,449.55,40883314954683,,883314900064,883314900064,,,,,,
V7144,TEMP ZELIE BOWL 12,LUMINARC,Dinnerware,£0.84,,,,LUMINARC,ZELIE,A12,PC,12,12.0,12.0,7.0,12,120.0,80.0,93.9,FLUO,DINNERWARE,DINNERWARE,COMPLEMENT DE TABLE,3.768,COUPELLE 12 ZELIE T,2.859,2304,0.23,0,FR,22.3,12.8,13.2,10883314991243,574.483,40883314991244,,883314552034,883314552034,,,,,,
V3734,TEMP ZELIE BOWL 18,LUMINARC,Dinnerware,£1.82,,,,LUMINARC,ZELIE,A12,PC,12,17.8,17.8,7.6,12,120.0,80.0,112.0,FLUO,DINNERWARE,DINNERWARE,SALADIER,7.188,SALADIER 18 ZELIE T,4.298,1440,0.345,0,FR,19.2,19.2,19.5,10883314952855,541.339,40883314952856,,883314552850,883314552850,,,,,,
V7142,TEMP ZELIE DESSERT PLATE 18,LUMINARC,Dinnerware,£0.84,,,,LUMINARC,ZELIE,A12,PC,12,18.0,18.0,2.1,12,120.0,80.0,73.2,FLUO,DINNERWARE,DINNERWARE,ASSIETTE,2.499,ASSIETTE DESSERT 18 ZELIE T,2.73,2520,0.22,0,FR,18.5,7.0,19.3,10883314989158,601.529,40883314989159,,883314524659,883314524659,,,,,,
V7140,TEMP ZELIE DINNER PLATE 25,LUMINARC,Dinnerware,£0.91,,,,LUMINARC,ZELIE,A12,PC,12,25.0,25.0,2.6,12,120.0,80.0,93.0,FLUO,DINNERWARE,DINNERWARE,ASSIETTE,5.185,ASSIETTE PLATE 25 ZELIE T,4.461,1548,0.36,0,FR,25.8,7.7,26.1,10883314989127,603.741,40883314989128,,883314524628,883314524628,,,,,,
V7143,TEMP ZELIE MULTI PURPOSE BOWL 16,LUMINARC,Dinnerware,£0.91,,,,LUMINARC,ZELIE,A12,PC,12,16.0,16.0,5.2,12,120.0,80.0,119.1,FLUO,DINNERWARE,DINNERWARE,SALADIER,5.324,COUPELLE MULTI-USAGES 16 ZELIE T,3.041,2016,0.24,0,FR,18.0,17.0,17.4,10883314989165,536.482,40883314989166,,883314552836,883314552836,,,,,,
V3732,TEMP ZELIE SALAD BOWL 24,LUMINARC,Dinnerware,£2.73,,,,LUMINARC,ZELIE,A12,PC,12,24.0,24.0,11.1,12,120.0,80.0,95.3,FLUO,DINNERWARE,DINNERWARE,SALADIER,16.329,SALADIER 24 ZELIE T,8.467,540,0.68,0,FR,25.6,23.8,26.8,10883314952824,406.99,40883314952825,,883314524666,883314524666,,,,,,
V7141,TEMP ZELIE SOUP PLATE 20,LUMINARC,Dinnerware,£0.91,,,,LUMINARC,ZELIE,A12,PC,12,20.0,20.0,4.2,12,120.0,80.0,103.2,FLUO,DINNERWARE,DINNERWARE,ASSIETTE,5.392,ASSIETTE CREUSE 20 ZELIE T,3.753,1680,0.3,0,FR,21.4,11.4,22.1,10883314989141,551.089,40883314989142,,883314524642,883314524642,,,,,,
P2611,TEMP. DIWALI LIGHT TURQU. DINNER PL 25,LUMINARC,Dinnerware,£1.27,,,,LUMINARC,DIWALI LIGHT TURQUOISE,RS6,PC,24,25.0,25.0,1.7,24,120.0,80.0,68.5,FLUO,DINNERWARE,DINNERWARE,ASSIETTE,10.012,ASS PL 25 DIWALI LIGHT TURQUOISE T,10.316,1152,0.42,6,FR,26.3,14.1,27.0,10883314734116,520.584,40883314734117,B4,883314734119,883314734119,25.0,25.0,4.1,2.53,2.563,
N0157,TEMP.PURE BOX ACTIVE 122+LID LUNCH BOX,LUMINARC,Storage,£5.41,https://latabledarc.com/en/products/boite-de-conservation-rectangulaire-122-cl-pure-box-active,https://cdn.shopify.com/s/files/1/0943/3553/3393/files/bd7d0d76d47fa1df3130538c01839474_317377d3-985b-4fc5-99e5-a53f95e39576.jpg?v=1762446409,"Opt for the 122cl Pure Box Active Lunch Box by Luminarc
 This storage container is ideal for storing and preserving your food and culinary preparations. Its non-porous glass composition makes it perfectly hygienic and easy to clean, while also ensuring its robustness and resistance to shocks and scratches. Perfectly compatible with microwave use and dishwashers, this storage container has been designed for intensive daily use!",LUMINARC,PURE BOX ACTIVE,A6,PC,6,21.1,16.2,7.4,6,120.0,80.0,104.5,SODO,KITCHENWARE,STORAGE,CONSERVATION,17.364,BTE REFRIG 122 PURE BOX ACTIVE +CV T,4.669,264,0.73,0,FR,33.7,22.9,22.5,10883314597742,230.915,40883314597743,,883314597745,883314597745,,,,,,
V7483,TEMPERED  MUG 25,LUMINARC,Hot Drinks / Breakfast – Beverage Service,£1.04,https://latabledarc.com/en/products/mug-25-cl-home-classic,https://cdn.shopify.com/s/files/1/0943/3553/3393/files/0655934551cab2b31c6c43a4c7c84f3c.jpg?v=1762446477,"Fall in love with the 25cl Home Classic Mug, developed by Luminarc
 This mug is a breakfast and coffee break essential! Hot chocolate, coffee, or tea: this versatile mug caters to everyone's tastes, whether you're a guest or the host! No need to think twice: whatever the drink, this mug is perfect—just pour!",LUMINARC,BOCK 25 TRANSP,FA6,PC,6,7.3,7.3,9.0,6,120.0,80.0,112.5,SODO,HOT DRINKS / BREAKFA,HOT DRINKS / BREAKFA,BOL / MUG (PTT DEJEUNER),3.428,MUG 25 T,1.537,1500,0.24,0,FR,22.8,15.5,9.7,10883314995876,411.638,40883314995877,,26102112038,26102112038,,,,,,
X0600,TEMPERED  STACKABLE CUP 29,ARCOROC,Hot Drinks / Breakfast – Beverage Service,£4.16,,,,ARCOROC,RESTAURANT BL UNI,FA6,PC,6,11.0,11.0,9.0,6,120.0,80.0,111.9,FLUO,HOT DRINKS / BREAKFA,HOT DRINKS / BREAKFA,BOL / MUG (PTT DEJEUNER),4.455,BOCK 29 RESTAURANT T,1.684,1080,0.265,0,FR,26.7,17.2,9.7,26102567197,330.237,40026102300679,,,,,,,,,
75187,TEMPERED AMELIA STEMMED GLASS 16,ARCOROC,Drinkware – Wine,£1.97,,,,ARCOROC,AMELIA,FA12,PC,48,6.8,6.8,10.0,48,120.0,80.0,111.3,SODO,DRINKWARE,DRINKWARE,VERRE A PIED,35.636,VERRE A PIED 16 AMELIA T,7.205,960,0.128,12,FR,46.6,31.6,24.2,10026102751876,169.584,40026102751877,B4,,,6.8,6.8,10.0,1.536,0.465,26102751879
E3559,TEMPERED AMELIA STEMMED GLASS 19,ARCOROC,Drinkware – Wine,£1.97,,,,ARCOROC,AMELIA,FA12,PC,48,7.2,7.2,10.7,48,120.0,80.0,111.3,SODO,DRINKWARE,DRINKWARE,VERRE A PIED,35.636,VERRE A PIED 19 AMELIA T,7.397,960,0.132,12,FR,46.6,31.6,24.2,10026102218782,173.32,40026102218783,B4,,,30.2,22.7,11.5,1.767,7.884,26102751893
E3562,TEMPERED AMELIA STEMMED GLASS 25,ARCOROC,Drinkware – Wine,£2.11,,,,ARCOROC,AMELIA,FA12,PC,48,7.9,7.9,11.7,48,120.0,80.0,95.3,SODO,DRINKWARE,DRINKWARE,VERRE A PIED,47.617,VERRE A PIED 25 AMELIA T,9.313,576,0.167,12,FR,51.5,34.5,26.8,10026102218843,138.164,40026102218844,B4,,,33.2,25.0,12.8,2.229,10.624,26102751916
P8825,TEMPERED AMMONITE DESSERT PLATE 19,LUMINARC,Dinnerware,£1.01,https://latabledarc.com/en/products/assiette-dessert-blanche-19-cm-ammonite,https://cdn.shopify.com/s/files/1/0943/3553/3393/files/2533aae54065ad2fcbbcc7c7602c493c_688cbe6f-7d8a-49ca-accb-62adcefa2e48.jpg?v=1762443682,"Discover the 19cm Ammonite white plate from Luminarc
 This plate combines aesthetics and durability thanks to its glass composition. Designed for everyday use, it's equally suitable for a quick meal or a large family dinner, and will easily withstand numerous washes in the dishwasher.",LUMINARC,AMMONITE BLANC,RS6,PC,24,19.5,19.5,1.5,24,120.0,80.0,76.0,FLUO,DINNERWARE,DINNERWARE,ASSIETTE,5.441,ASSIETTE DESSERT 19 AMMONITE T,5.422,2376,0.22,6,FR,20.9,12.7,20.5,10883314797937,562.142,40883314797938,B4,883314797930,883314797930,19.6,19.6,3.7,1.328,1.421,
P8823,TEMPERED AMMONITE DINNER PLATE 26,LUMINARC,Dinnerware,£1.04,https://latabledarc.com/en/products/assiette-plate-blanche-26-cm-ammonite,https://cdn.shopify.com/s/files/1/0943/3553/3393/files/d0e499f426836d4809cd290440bb9e9f.webp?v=1775203384,"Discover the 26cm Ammonite white plate from Luminarc
 This plate combines aesthetics and durability thanks to its glass composition. Designed for everyday use, it's equally suitable for a quick meal or a large family dinner, and will easily withstand numerous washes in the dishwasher.",LUMINARC,AMMONITE BLANC,RS6,PC,24,26.0,26.0,1.8,24,120.0,80.0,98.5,FLUO,DINNERWARE,DINNERWARE,ASSIETTE,12.32,ASSIETTE PLATE 26 AMMONITE T,10.586,1296,0.43,6,FR,27.5,16.0,28.0,10883314797869,597.588,40883314797860,B4,883314797862,883314797862,26.0,26.0,4.4,2.59,2.974,
P8826,TEMPERED AMMONITE SOUP PLATE 21,LUMINARC,Dinnerware,£1.04,https://latabledarc.com/en/products/assiette-creuse-blanche-21-cm-ammonite,https://cdn.shopify.com/s/files/1/0943/3553/3393/files/cf6ede72e538375e04470d1a3b0ef3ff.jpg?v=1762443517,"Choose the 21cm Ammonite white soup plate by Luminarc
 This soup plate is durable and lightweight, making it ideal for everyday use. From saucy dishes and soups to solid and liquid foods, its versatility allows it to be used for all kinds of servings; your imagination is the only limit!",LUMINARC,AMMONITE BLANC,RS6,PC,24,21.4,21.4,4.5,24,120.0,80.0,110.7,FLUO,DINNERWARE,DINNERWARE,ASSIETTE,13.536,ASSIETTE CREUSE 21 AMMONITE T,8.946,1440,0.36,6,FR,24.0,23.5,24.0,10883314797944,562.733,40883314797945,B4,883314797947,883314797947,21.4,21.4,4.5,2.16,2.061,
P9101,TEMPERED AMMONITE WHITE 18 PC PLATES SET,LUMINARC,Dinnerware,£18.64,,,,LUMINARC,AMMONITE BLANC,SS1,SET,1,28.5,15.6,27.5,1,120.0,80.0,97.0,FLUO,DINNERWARE,DINNERWARE,SERVICE VAISSELLE,12.227,SCE 18P TABLE AMMONITE BLANC T,6.427,60,6.427,0,FR,28.5,15.6,27.5,883314800685,412.212,40883314800683,,883314800685,883314800685,,,,,,
P8827,TEMPERED AMMONITE WHITE BOWL 14,LUMINARC,Dinnerware,£1.01,https://latabledarc.com/en/products/coupelle-blanche-14-cm-ammonite-29-cl,https://cdn.shopify.com/s/files/1/0943/3553/3393/files/a20f53a358a516f335b4236268103ec3_4ec41b51-30cc-4ba4-b75f-e0e6c81334fa.jpg?v=1762447012,"Choose the 14cm white Ammonite salad bowl from Luminarc
 This salad bowl proves to be both sturdy (an important characteristic for a product used often and regularly subjected to vigorous handling) and practical to use thanks to its light weight.",LUMINARC,AMMONITE BLANC,RS6,PC,24,14.5,14.5,3.5,24,120.0,80.0,110.9,FLUO,DINNERWARE,DINNERWARE,SALADIER,5.888,"CPL MU 14,5 AMMONITE BLANC T",3.873,3456,0.155,6,FR,23.0,16.0,16.0,10883314797951,583.705,40883314797952,B4,883314797954,883314797954,14.5,14.5,3.5,0.93,0.736,
P8828,TEMPERED AMMONITE WHITE BOWL 23,LUMINARC,Dinnerware,£2.73,https://latabledarc.com/en/products/saladier-blanc-23-cm-ammonite-240-cl,https://cdn.shopify.com/s/files/1/0943/3553/3393/files/313278a54787c033fc7b5d60e87f24fd_c8ef056d-b28d-44b4-bddb-d2663ac031fd.jpg?v=1762447022,"Choose the 23cm Ammonite white salad bowl from Luminarc
   This salad bowl proves to be both sturdy (an important characteristic for a product used often and regularly subjected to vigorous handling) and practical to use thanks to its light weight.",LUMINARC,AMMONITE BLANC,RS6,PC,12,23.0,23.0,10.4,12,120.0,80.0,95.5,FLUO,DINNERWARE,DINNERWARE,SALADIER,32.53,SALADIER 23 AMMONITE BLANC T,8.442,216,0.65,6,FR,48.0,25.1,27.0,10883314797968,177.42,40883314797969,B2,883314797961,883314797961,23.0,23.0,10.4,3.9,5.502,
Q3701,TEMPERED ARCADIE SAUCER 112,ARCOROC,Hot Drinks / Breakfast – Beverage Service,£1.14,,,,ARCOROC,ARCADIE,RS6,PC,24,11.2,11.2,1.6,24,120.0,80.0,77.1,SODO,HOT DRINKS / BREAKFA,HOT DRINKS / BREAKFA,TASSE / SOUS-TASSE,2.723,SOUS-TASSE 112 ARCADIE T,2.478,4800,0.1,6,FR,18.3,12.0,12.4,10883314848684,521.129,40883314848685,B4,,,11.2,11.2,4.9,0.602,0.615,883314848687
Q3700,TEMPERED ARCADIE SAUCER 140,ARCOROC,Hot Drinks / Breakfast – Beverage Service,£1.40,,,,ARCOROC,ARCADIE,RS6,PC,24,14.4,14.4,1.9,24,120.0,80.0,78.0,SODO,HOT DRINKS / BREAKFA,HOT DRINKS / BREAKFA,TASSE / SOUS-TASSE,5.024,SOUS-TASSE 140 ARCADIE T,4.322,2880,0.175,6,FR,20.0,15.9,15.8,10883314848677,544.074,40883314848678,B4,,,14.4,14.4,5.2,1.053,1.078,883314848670
E9610,TEMPERED ARIBA BOWL 50,LUMINARC,Hot Drinks / Breakfast – Crockery,£1.37,https://latabledarc.com/en/products/bol-50-cl-home-classic,https://cdn.shopify.com/s/files/1/0943/3553/3393/files/97d34b28ee07c8ae0aa27cdc93181f39.webp?v=1776351178,"Discover the 13.2 cm Home Classic Bowl from Luminarc
 This bowl is the perfect companion for your favorite hot drinks.",LUMINARC,ARIBA,RS6,PC,6,13.2,13.2,6.8,6,120.0,80.0,116.7,SODO,HOT DRINKS / BREAKFA,HOT DRINKS / BREAKFA,BOL / MUG (PTT DEJEUNER),3.296,BOL 50 ARIBA T,1.564,1680,0.245,6,FR,15.9,14.2,14.6,10026102237370,463.514,40026102237371,B1,26102813676,26102813676,13.2,13.2,6.8,1.47,1.185,
V9467,TEMPERED AROMA CUP 22,ARCOROC,Hot Drinks / Breakfast – Beverage Service,£2.52,,,,ARCOROC,AROMA,FA6,PC,6,10.0,10.0,8.6,6,120.0,80.0,107.4,SODO,HOT DRINKS / BREAKFA,HOT DRINKS / BREAKFA,TASSE / SOUS-TASSE,3.972,TASSE 22 AROMA T,1.355,1260,0.21,0,FR,25.7,16.8,9.2,26102962985,310.862,40026102022304,,,,,,,,,
V9486,TEMPERED AROMA CUP 8,ARCOROC,Hot Drinks / Breakfast – Beverage Service,£1.82,,,,ARCOROC,AROMA,FA6,PC,6,7.6,7.6,6.5,6,120.0,80.0,108.1,SODO,HOT DRINKS / BREAKFA,HOT DRINKS / BREAKFA,TASSE / SOUS-TASSE,1.958,TASSE 8 AROMA T,0.623,2496,0.095,0,FR,20.0,13.6,7.2,26102961599,286.31,40026102299867,,,,,,,,,
J9827,TEMPERED AROMA SAUCER 120,ARCOROC,Hot Drinks / Breakfast – Beverage Service,£1.68,,,,ARCOROC,AROMA,RS6,PC,48,12.0,12.0,1.9,48,120.0,80.0,119.6,SODO,HOT DRINKS / BREAKFA,HOT DRINKS / BREAKFA,TASSE / SOUS-TASSE,6.773,SOUS-TASSE 120 AROMA T,5.185,5760,0.105,6,FR,25.1,20.6,13.1,10883314476313,647.894,40883314476314,B8,,,12.0,12.0,5.6,0.632,0.806,883314476316
L3697,TEMPERED AROMA SAUCER 140,ARCOROC,Hot Drinks / Breakfast – Beverage Service,£1.97,,,,ARCOROC,AROMA,RS6,PC,48,14.0,14.0,2.0,48,120.0,80.0,108.3,SODO,HOT DRINKS / BREAKFA,HOT DRINKS / BREAKFA,TASSE / SOUS-TASSE,10.888,SOUS-TASSE 140 AROMA T,7.624,3744,0.154,6,FR,29.7,23.5,15.6,10883314518792,620.246,40883314518793,B8,,,14.0,14.0,6.3,0.926,1.235,883314518788
X2354,TEMPERED AROMA SAUCER 140,ARCOROC,Hot Drinks / Breakfast – Beverage Service,£1.97,,,,ARCOROC,AROMA,FA12,PC,12,14.0,14.0,2.0,12,120.0,80.0,89.5,SODO,HOT DRINKS / BREAKFA,HOT DRINKS / BREAKFA,TASSE / SOUS-TASSE,2.84,SOUS-TASSE 14 AROMA T,1.919,2940,0.154,0,FR,14.8,12.3,15.6,10883314095385,498.964,40883314095386,,,,,,,,,
H4908,TEMPERED ASPEN BOWL 12,LUMINARC,Dinnerware,£1.52,,,,LUMINARC,ASPEN,RS6,PC,24,13.0,13.0,5.4,24,120.0,80.0,100.3,SODO,DINNERWARE,DINNERWARE,SALADIER,9.129,SALADIER 12 ASPEN T,4.603,1728,0.18,6,FR,26.6,24.0,14.3,10026102255770,356.98,40026102255771,B4,26102105061,26102105061,13.0,13.0,13.6,1.099,2.298,
10407,TEMPERED ASPEN BOWL 23,LUMINARC,Dinnerware,£3.62,,,,LUMINARC,ASPEN,A12,PC,12,0.0,0.0,0.0,12,120.0,80.0,115.0,SODO,DINNERWARE,DINNERWARE,SALADIER,20.77,SALADIER 23 ASPEN T,8.419,432,0.65,0,FR,24.9,24.9,33.5,10026102104078,328.671,40026102104079,,26102104071,26102104071,,,,,,
6652,TEMPERED ASPEN BOWL 27,LUMINARC,Dinnerware,£3.98,,,,LUMINARC,ASPEN,A6,PC,6,0.0,0.0,0.0,6,120.0,81.9,120.1,SODO,DINNERWARE,DINNERWARE,SALADIER,19.676,SALADIER 27 ASPEN T,5.829,288,0.88,0,FR,27.3,27.3,26.4,10026102066529,305.486,40026102066520,,26102104156,26102104156,,,,,,
E9147,TEMPERED BOWL 50,LUMINARC,Hot Drinks / Breakfast – Crockery,£1.22,https://latabledarc.com/en/products/bol-blanc-50-cl-home-classic,https://cdn.shopify.com/s/files/1/0943/3553/3393/files/aace531041439a137901a823ec787847_6ad271a1-6684-406a-9c48-8f756a4c5db1.jpg?v=1762444550,"Discover the 13.1 cm Home Classic white bowl from Luminarc.
 This bowl is the perfect companion for your favorite hot drinks.",LUMINARC,BOL 132 OPALE,RS6,PC,6,13.2,13.2,6.8,6,120.0,80.0,116.7,FLUO,HOT DRINKS / BREAKFA,HOT DRINKS / BREAKFA,BOL / MUG (PTT DEJEUNER),3.296,BOL 50 T,1.503,1680,0.235,6,FR,15.9,14.2,14.6,10026102233600,446.434,40026102233601,B1,26102115664,26102115664,13.2,13.2,14.3,1.419,2.492,
48979,TEMPERED BRUSH BLUE BOWL 120,ARCOROC,Dinnerware,£2.70,,,,ARCOROC,BRUSH BLUE,RS6,PC,36,0.0,0.0,2.6,36,120.0,80.0,96.1,FLUO,DINNERWARE,DINNERWARE,SALADIER,6.52,COUPELLE 120 BRUSH BLUE T,5.388,3888,0.145,6,FR,25.5,18.8,13.6,10026102489793,607.458,40026102489794,B6,,,12.1,12.1,7.1,0.873,1.04,26102510247
54699,TEMPERED BRUSH BLUE BOWL 51,ARCOROC,Hot Drinks / Breakfast – Utensils & Tools,£3.36,,,,ARCOROC,BRUSH BLUE,RS6,PC,36,13.2,13.2,7.4,36,120.0,80.0,117.4,FLUO,HOT DRINKS / BREAKFA,HOT DRINKS / BREAKFA,BOL / MUG (PTT DEJEUNER),17.899,BOL 51 BRUSH BLUE T,9.905,1512,0.265,6,FR,41.7,29.2,14.7,10026102546991,441.394,40026102546992,B6,,,13.2,13.2,16.5,1.595,2.875,26102845486
X2014,TEMPERED BRUSH BLUE CUP 19,ARCOROC,Hot Drinks / Breakfast – Utensils & Tools,£3.15,,,,ARCOROC,BRUSH BLUE,FA6,PC,6,8.1,8.1,5.8,6,120.0,80.0,116.5,FLUO,HOT DRINKS / BREAKFA,HOT DRINKS / BREAKFA,TASSE / SOUS-TASSE,3.072,TASSE 19 BRUSH BLUE T,1.196,1764,0.185,0,FR,25.1,17.0,7.2,883314301137,379.054,40883314301135,,,,,,,,,
C0646,TEMPERED BRUSH BLUE DISH 110X110,ARCOROC,Dinnerware,£4.36,,,,ARCOROC,BRUSH BLUE,RS6,PC,24,11.0,11.0,3.6,24,120.0,80.0,88.3,FLUO,DINNERWARE,DINNERWARE,SALADIER,5.633,RAVIER CARRE 110X110 BRUSH BLUE T,4.805,2880,0.195,6,FR,22.9,20.0,12.3,10026102861513,602.144,40026102861514,B4,,,11.0,11.0,3.6,1.17,0.436,26102989012
H3612,TEMPERED BRUSH BLUE DISH 110X110,ARCOROC,Dinnerware,£4.36,,,,ARCOROC,BRUSH BLUE JEAN,RS6,PC,24,11.0,11.0,3.6,24,120.0,80.0,88.3,FLUO,DINNERWARE,DINNERWARE,SALADIER,5.633,RAVIER 110X110 BRUSH BLUE JEAN T,4.805,2880,0.195,6,FR,22.9,20.0,12.3,10883314304692,602.144,40883314304693,B4,,,11.0,11.0,10.0,1.174,1.21,883314304695
H3621,TEMPERED BRUSH BLUE JEAN  SAUCER 140,ARCOROC,Hot Drinks / Breakfast – Utensils & Tools,£2.80,,,,ARCOROC,BRUSH BLUE JEAN,RS6,PC,48,13.8,13.8,1.7,48,120.0,80.0,92.6,FLUO,HOT DRINKS / BREAKFA,HOT DRINKS / BREAKFA,TASSE / SOUS-TASSE,8.459,SOUS-TASSE 140 BRUSH BLUE JEAN T,7.141,3840,0.145,6,FR,29.5,18.5,15.5,10883314304739,596.831,40883314304730,B8,,,14.0,14.0,4.7,0.873,0.921,883314304732
H3611,TEMPERED BRUSH BLUE JEAN BOWL 120,ARCOROC,Dinnerware,£2.70,,,,ARCOROC,BRUSH BLUE JEAN,RS6,PC,36,12.1,12.1,2.6,36,120.0,80.0,96.1,FLUO,DINNERWARE,DINNERWARE,SALADIER,6.52,COUPELLE 120 BRUSH BLUE JEAN T,5.388,3888,0.145,6,FR,25.5,18.8,13.6,10883314304685,607.458,40883314304686,B6,,,12.1,12.1,7.1,0.873,1.04,883314304688
H3615,TEMPERED BRUSH BLUE JEAN BOWL 120,ARCOROC,Dinnerware,£2.70,,,,ARCOROC,BRUSH BLUE JEAN,RS6,PC,36,0.0,0.0,4.7,36,120.0,80.0,121.1,FLUO,DINNERWARE,DINNERWARE,SALADIER,11.123,SALADIER 120 BRUSH BLUE JEAN T,7.444,2880,0.2,6,FR,38.9,21.5,13.3,10883314304708,621.114,40883314304709,B6,,,12.1,12.1,4.7,1.2,0.688,883314304701
H3619,TEMPERED BRUSH BLUE JEAN BOWL 50,ARCOROC,Hot Drinks / Breakfast – Utensils & Tools,£3.36,,,,ARCOROC,BRUSH BLUE JEAN,RS6,PC,36,13.2,13.2,7.4,36,120.0,83.4,88.2,FLUO,HOT DRINKS / BREAKFA,HOT DRINKS / BREAKFA,BOL / MUG (PTT DEJEUNER),17.899,BOL 51 BRUSH BLUE JEAN T,9.905,1440,0.265,6,FR,41.7,29.2,14.7,10883314304715,421.584,40883314304716,B6,,,13.2,13.2,16.5,1.595,2.875,883314304718
H3620,TEMPERED BRUSH BLUE JEAN CUP 19,ARCOROC,Hot Drinks / Breakfast – Utensils & Tools,£3.15,,,,ARCOROC,BRUSH BLUE JEAN,RB12,PC,48,8.1,8.1,5.8,48,120.0,80.0,102.9,FLUO,HOT DRINKS / BREAKFA,HOT DRINKS / BREAKFA,TASSE / SOUS-TASSE,20.498,TASSE 19 BRUSH BLUE JEAN T,9.353,1728,0.185,12,FR,35.0,26.5,22.1,10883314304722,362.28,40883314304723,B4,,,25.5,16.6,10.3,2.261,4.36,883314304725
X2015,TEMPERED BRUSH BLUE JEAN MUG 25,ARCOROC,Hot Drinks / Breakfast – Utensils & Tools,£2.91,,,,ARCOROC,BRUSH BLUE JEAN,FA6,PC,6,10.3,10.3,8.9,6,120.0,80.0,112.5,FLUO,HOT DRINKS / BREAKFA,HOT DRINKS / BREAKFA,BOL / MUG (PTT DEJEUNER),3.428,MUG 25 BRUSH BLUE JEAN T,1.379,1500,0.215,0,FR,22.8,15.5,9.7,883314304749,372.138,40883314085875,,,,,,,,,
H3622,TEMPERED BRUSH BLUE JEAN MUG 26,ARCOROC,Hot Drinks / Breakfast – Utensils & Tools,£2.91,,,,ARCOROC,BRUSH BLUE JEAN,RA6,PC,36,10.3,10.3,8.9,36,120.0,80.0,100.3,FLUO,HOT DRINKS / BREAKFA,HOT DRINKS / BREAKFA,BOL / MUG (PTT DEJEUNER),20.569,MUG 25 BRUSH BLUE JEAN T,8.119,1296,0.215,6,FR,31.0,23.2,28.6,10883314304746,317.648,40883314304747,B6,,,22.0,14.8,9.2,1.314,2.996,883314304749
H3608,TEMPERED BRUSH BLUE JEAN PLATE 195,ARCOROC,Dinnerware,£3.70,,,,ARCOROC,BRUSH BLUE JEAN,RS6,PC,24,19.3,19.3,2.2,24,120.0,80.0,76.3,FLUO,DINNERWARE,DINNERWARE,ASSIETTE,7.033,ASSIETTE 195 BRUSH BLUE JEAN T,7.829,1728,0.32,6,FR,20.3,16.9,20.5,10883314304654,589.329,40883314304655,B4,,,19.3,19.3,5.3,1.923,1.974,883314304657
H3607,TEMPERED BRUSH BLUE JEAN PLATE 235,ARCOROC,Dinnerware,£4.16,,,,ARCOROC,BRUSH BLUE JEAN,RS6,PC,24,23.6,23.6,2.6,24,120.0,80.0,90.6,FLUO,DINNERWARE,DINNERWARE,ASSIETTE,12.158,ASSIETTE 235 BRUSH BLUE JEAN T,12.349,1152,0.505,6,FR,24.9,19.3,25.3,10883314304647,618.724,40883314304648,B4,,,23.6,23.6,5.9,3.034,3.286,883314304640
P3946,TEMPERED BRUSH BLUE JEAN PLATE 252,ARCOROC,Dinnerware,£4.36,,,,ARCOROC,BRUSH BLUE JEAN,RS6,PC,12,25.3,25.3,2.5,12,120.0,80.0,68.3,FLUO,DINNERWARE,DINNERWARE,ASSIETTE,8.349,ASSIETTE PLATE 252 BRUSH BLUE JEAN T,7.875,672,0.64,6,FR,26.4,11.8,26.8,10883314746492,466.625,40883314746493,B2,,,25.5,25.5,5.9,3.845,3.836,883314308365
H3609,TEMPERED BRUSH BLUE JEAN SIDE PLATE 155,ARCOROC,Dinnerware,£3.36,,,,ARCOROC,BRUSH BLUE JEAN,RS6,PC,24,15.5,15.5,1.8,24,120.0,80.0,65.2,FLUO,DINNERWARE,DINNERWARE,ASSIETTE,5.022,ASSIETTE 155 BRUSH BLUE JEAN T,5.285,2016,0.215,6,FR,17.9,16.7,16.8,10883314304661,469.838,40883314304662,B4,,,15.5,15.5,1.8,1.29,0.432,883314304664
X2045,TEMPERED BRUSH BLUE MUG 25,ARCOROC,Hot Drinks / Breakfast – Utensils & Tools,£2.91,,,,ARCOROC,BRUSH BLUE,FA12,PC,12,10.3,10.3,8.9,12,120.0,80.0,111.5,FLUO,HOT DRINKS / BREAKFA,HOT DRINKS / BREAKFA,BOL / MUG (PTT DEJEUNER),9.674,MUG 25 BRUSH BLUE T,2.768,1020,0.215,0,FR,27.4,18.2,19.4,883314086485,261.358,40883314086483,,,,,,,,,
X2707,TEMPERED BRUSH BLUE MUG 25,ARCOROC,Hot Drinks / Breakfast – Utensils & Tools,£2.91,,,,ARCOROC,BRUSH BLUE,#N/A,PC,6,10.3,10.3,8.9,6,120.0,80.0,112.5,FLUO,HOT DRINKS / BREAKFA,HOT DRINKS / BREAKFA,BOL / MUG (PTT DEJEUNER),3.428,MUG 25 BRUSH BLUE T,1.379,1500,0.215,0,FR,22.8,15.5,9.7,26102846155,372.138,40883314101698,#N/A,,,,,,,,
49150,TEMPERED BRUSH BLUE PLATE 195,ARCOROC,Dinnerware,£3.70,,,,ARCOROC,BRUSH BLUE,RS6,PC,24,19.3,19.3,2.2,24,120.0,80.0,76.3,FLUO,DINNERWARE,DINNERWARE,ASSIETTE,7.033,ASSIETTE 195 BRUSH BLUE T,7.829,1728,0.32,6,FR,20.3,16.9,20.5,10026102491505,589.329,40026102491506,B4,,,19.3,19.3,5.3,1.923,1.974,26102510223
48926,TEMPERED BRUSH BLUE PLATE 235,ARCOROC,Dinnerware,£4.16,,,,ARCOROC,BRUSH BLUE,RS6,PC,24,23.6,23.6,2.6,24,120.0,80.0,90.6,FLUO,DINNERWARE,DINNERWARE,ASSIETTE,12.158,ASSIETTE 235 BRUSH BLUE T,12.349,1152,0.505,6,FR,24.9,19.3,25.3,10026102489267,618.166,40026102489268,B4,,,23.6,23.6,5.9,3.034,3.286,26102510025
P3945,TEMPERED BRUSH BLUE PLATE 252,ARCOROC,Dinnerware,£4.36,,,,ARCOROC,BRUSH BLUE,RS6,PC,12,25.3,25.3,2.5,12,120.0,80.0,68.3,FLUO,DINNERWARE,DINNERWARE,ASSIETTE,8.349,ASSIETTE 252 BRUSH BLUE T,7.875,672,0.64,6,FR,26.4,11.8,26.8,10026102292447,466.623,40026102292448,B2,,,25.5,25.5,5.9,3.845,3.836,26102072202
C3785,TEMPERED BRUSH BLUE ROUND SAUCER 140,ARCOROC,Hot Drinks / Breakfast – Utensils & Tools,£2.80,,,,ARCOROC,BRUSH BLUE,RS6,PC,48,13.9,13.9,1.8,48,120.0,80.0,92.6,FLUO,HOT DRINKS / BREAKFA,HOT DRINKS / BREAKFA,TASSE / SOUS-TASSE,8.459,SOUS-TASSE 140 BRUSH BLUE T,7.141,3840,0.145,6,FR,29.5,18.5,15.5,10026102996895,596.834,40026102996896,B8,,,14.0,14.0,4.7,0.873,0.921,26102007433
48932,TEMPERED BRUSH BLUE SIDE PLATE 155,ARCOROC,Dinnerware,£3.36,,,,ARCOROC,BRUSH BLUE,RS6,PC,24,15.5,15.5,1.8,24,120.0,80.0,65.2,FLUO,DINNERWARE,DINNERWARE,ASSIETTE,5.022,ASSIETTE 155 BRUSH BLUE T,5.285,2016,0.215,6,FR,17.9,16.7,16.8,10026102489328,469.838,40026102489329,B4,,,15.5,15.5,1.8,1.29,0.432,26102510209
C3777,TEMPERED BRUSH BLUE SMALL BOWL 120,ARCOROC,Dinnerware,£2.70,,,,ARCOROC,BRUSH BLUE,RS6,PC,36,12.1,12.1,4.7,36,120.0,80.0,120.9,FLUO,DINNERWARE,DINNERWARE,SALADIER,11.123,SALADIER 120 BRUSH BLUE T,7.45,2880,0.2,6,FR,38.9,21.5,13.3,10026102804244,621.594,40026102804245,B6,,,12.0,12.0,11.7,1.204,0.688,26102741290
P3947,TEMPERED BRUSH CHERRY  PLATE 252,ARCOROC,Dinnerware,£4.36,,,,ARCOROC,BRUSH CHERRY,RS6,PC,12,25.3,25.3,2.5,12,120.0,80.0,68.3,FLUO,DINNERWARE,DINNERWARE,ASSIETTE,8.349,ASSIETTE 252 BRUSH CHERRY T,7.875,672,0.64,6,FR,26.4,11.8,26.8,10883314746508,466.623,40883314746509,B2,,,25.5,25.5,5.9,3.845,3.836,883314286267
H2691,TEMPERED BRUSH CHERRY BOWL 120,ARCOROC,Dinnerware,£2.70,,,,ARCOROC,BRUSH CHERRY,RS6,PC,36,12.1,12.1,2.6,36,120.0,80.0,96.1,FLUO,DINNERWARE,DINNERWARE,SALADIER,6.52,COUPELLE 120 BRUSH CHERRY T,5.388,3888,0.145,6,FR,25.5,18.8,13.6,10883314296683,607.458,40883314296684,B6,,,12.1,12.1,7.1,0.873,1.04,883314296686
H2781,TEMPERED BRUSH CHERRY BOWL 51,ARCOROC,Hot Drinks / Breakfast – Utensils & Tools,£3.36,,,,ARCOROC,BRUSH CHERRY,RS6,PC,36,13.2,13.2,7.4,36,120.0,80.0,117.4,FLUO,HOT DRINKS / BREAKFA,HOT DRINKS / BREAKFA,BOL / MUG (PTT DEJEUNER),17.899,BOL 51 BRUSH CHERRY T,9.905,1512,0.265,6,FR,41.7,29.2,14.7,10883314297536,441.394,40883314297537,B6,,,13.2,13.2,7.4,1.59,1.289,883314297539
X2017,TEMPERED BRUSH CHERRY CUP 19,ARCOROC,Hot Drinks / Breakfast – Utensils & Tools,£3.15,,,,ARCOROC,BRUSH CHERRY,FA6,PC,6,8.1,8.1,5.8,6,120.0,80.0,116.5,FLUO,HOT DRINKS / BREAKFA,HOT DRINKS / BREAKFA,TASSE / SOUS-TASSE,3.072,TASSE 19 BRUSH CHERRY T,1.196,1764,0.185,0,FR,25.1,17.0,7.2,883314297584,379.054,40883314085899,,,,,,,,,
H2778,TEMPERED BRUSH CHERRY DISH 110X110,ARCOROC,Dinnerware,£4.36,,,,ARCOROC,BRUSH CHERRY,RS6,PC,24,11.0,11.0,3.6,24,120.0,80.0,88.3,FLUO,DINNERWARE,DINNERWARE,SALADIER,5.633,RAVIER 110X110X11 BRUSH CHERRY T,4.805,2880,0.195,6,FR,22.9,20.0,12.3,10883314297512,602.144,40883314297513,B4,,,11.0,11.0,10.0,1.174,1.21,883314297515
H2787,TEMPERED BRUSH CHERRY MUG 25,ARCOROC,Hot Drinks / Breakfast – Utensils & Tools,£2.91,,,,ARCOROC,BRUSH CHERRY,RA6,PC,36,10.3,10.3,8.9,36,120.0,80.0,100.3,FLUO,HOT DRINKS / BREAKFA,HOT DRINKS / BREAKFA,BOL / MUG (PTT DEJEUNER),20.569,MUG 25 BRUSH CHERRY T,8.119,1296,0.215,6,FR,31.0,23.2,28.6,10883314297604,317.648,40883314297605,B6,,,22.0,14.7,9.2,1.314,2.975,883314297607
X2016,TEMPERED BRUSH CHERRY MUG 25,ARCOROC,Hot Drinks / Breakfast – Utensils & Tools,£2.91,,,,ARCOROC,BRUSH CHERRY,FA6,PC,6,10.3,10.3,8.9,6,120.0,80.0,112.5,FLUO,HOT DRINKS / BREAKFA,HOT DRINKS / BREAKFA,BOL / MUG (PTT DEJEUNER),3.428,MUG 25 BRUSH CHERRY T,1.379,1500,0.215,0,FR,22.8,15.5,9.7,883314297607,372.138,40883314085882,,,,,,,,,
H2686,TEMPERED BRUSH CHERRY PLATE 155,ARCOROC,Dinnerware,£3.36,,,,ARCOROC,BRUSH CHERRY,RS6,PC,24,0.0,0.0,1.8,24,120.0,80.0,65.2,FLUO,DINNERWARE,DINNERWARE,ASSIETTE,5.022,ASSIETTE 155 BRUSH CHERRY T,5.285,2016,0.215,6,FR,17.9,16.7,16.8,10883314296614,469.541,40883314296615,B4,,,15.5,15.5,1.8,1.29,0.432,883314296617
H2685,TEMPERED BRUSH CHERRY PLATE 195,ARCOROC,Dinnerware,£3.70,,,,ARCOROC,BRUSH CHERRY,RS6,PC,24,19.3,19.3,2.2,24,120.0,80.0,76.3,FLUO,DINNERWARE,DINNERWARE,ASSIETTE,7.033,ASSIETTE 195 BRUSH CHERRY T,7.829,1728,0.32,6,FR,20.3,16.9,20.5,10883314296591,589.329,40883314296592,B4,,,19.3,19.3,5.3,1.923,1.974,883314296594
H2684,TEMPERED BRUSH CHERRY PLATE 235,ARCOROC,Dinnerware,£4.16,,,,ARCOROC,BRUSH CHERRY,RS6,PC,24,23.6,23.6,2.6,24,120.0,80.0,90.6,FLUO,DINNERWARE,DINNERWARE,ASSIETTE,12.158,ASSIETTE PLATE 235 BRUSH CHERRY T,12.349,1152,0.505,6,FR,24.9,19.3,25.3,10883314296577,618.734,40883314296578,B4,,,23.6,23.6,5.9,3.034,3.286,883314296570
H2779,TEMPERED BRUSH CHERRY SALAD BOWL 120,ARCOROC,Dinnerware,£2.70,,,,ARCOROC,BRUSH CHERRY,RS6,PC,36,0.0,0.0,4.7,36,120.0,80.0,120.9,FLUO,DINNERWARE,DINNERWARE,SALADIER,11.123,SALADIER 120 BRUSH CHERRY T,7.45,2880,0.2,6,FR,38.9,21.5,13.3,10883314297529,621.594,40883314297520,B6,,,12.1,12.1,4.7,1.2,0.688,883314297522
49116,TEMPERED BRUSH GREEN BOWL 120,ARCOROC,Dinnerware,£2.70,,,,ARCOROC,BRUSH GREEN,RS6,PC,36,12.1,12.1,2.6,36,120.0,80.0,96.1,FLUO,DINNERWARE,DINNERWARE,SALADIER,6.52,COUPELLE 12 BRUSH GREEN T,5.388,3888,0.145,6,FR,25.5,18.8,13.6,10026102491161,607.458,40026102491162,B6,,,12.1,12.1,7.1,0.873,1.04,26102511183
54700,TEMPERED BRUSH GREEN BOWL 51,ARCOROC,Hot Drinks / Breakfast – Utensils & Tools,£3.36,,,,ARCOROC,BRUSH GREEN,RS6,PC,36,13.2,13.2,7.4,36,120.0,80.0,117.4,FLUO,HOT DRINKS / BREAKFA,HOT DRINKS / BREAKFA,BOL / MUG (PTT DEJEUNER),17.899,BOL 51 BRUSH GREEN T,9.907,1512,0.265,6,FR,41.7,29.2,14.7,10026102547004,441.488,40026102547005,B6,,,13.2,13.2,16.5,1.595,2.875,26102845622
X2259,TEMPERED BRUSH GREEN CUP 19,ARCOROC,Hot Drinks / Breakfast – Utensils & Tools,£3.15,,,,ARCOROC,BRUSH GREEN,FA6,PC,6,8.1,8.1,5.8,6,120.0,80.0,116.5,FLUO,HOT DRINKS / BREAKFA,HOT DRINKS / BREAKFA,TASSE / SOUS-TASSE,3.072,TASSE 19 BRUSH GREEN T,1.196,1764,0.185,0,FR,25.1,17.0,7.2,883314092721,379.054,40883314092729,,,,,,,,,
X2022,TEMPERED BRUSH GREEN MUG 25,ARCOROC,Hot Drinks / Breakfast – Utensils & Tools,£2.91,,,,ARCOROC,BRUSH GREEN,FA12,PC,12,10.3,10.3,8.9,12,120.0,80.0,111.5,FLUO,HOT DRINKS / BREAKFA,HOT DRINKS / BREAKFA,BOL / MUG (PTT DEJEUNER),9.674,MUG 25 BRUSH GREEN T,2.768,1020,0.215,0,FR,27.4,18.2,19.4,883314301151,261.358,40883314301159,,,,,,,,,
X2708,TEMPERED BRUSH GREEN MUG 25,ARCOROC,Hot Drinks / Breakfast – Utensils & Tools,£2.91,,,,ARCOROC,BRUSH GREEN,#N/A,PC,6,10.3,10.3,8.9,6,120.0,80.0,112.5,FLUO,HOT DRINKS / BREAKFA,HOT DRINKS / BREAKFA,BOL / MUG (PTT DEJEUNER),3.428,MUG 25 BRUSH GREEN T,1.379,1500,0.215,0,FR,22.8,15.5,9.7,26102845899,372.138,40883314101704,#N/A,,,,,,,,
49142,TEMPERED BRUSH GREEN PLATE 195,ARCOROC,Dinnerware,£3.70,,,,ARCOROC,BRUSH GREEN,RS6,PC,24,19.3,19.3,2.2,24,120.0,80.0,76.3,FLUO,DINNERWARE,DINNERWARE,ASSIETTE,7.033,ASSIETTE 195 BRUSH GREEN T,7.829,1728,0.32,6,FR,20.3,16.9,20.5,10026102491420,589.329,40026102491421,B4,,,19.3,19.3,5.3,1.923,1.974,26102510964
P3948,TEMPERED BRUSH GREEN PLATE 252,ARCOROC,Dinnerware,£4.36,,,,ARCOROC,BRUSH GREEN,RS6,PC,12,25.3,25.3,2.5,12,120.0,80.0,68.3,FLUO,DINNERWARE,DINNERWARE,ASSIETTE,8.349,ASSIETTE 252 BRUSH GREEN T,7.879,672,0.64,6,FR,26.4,11.8,26.8,10026102292072,466.847,40026102292073,B2,,,25.5,25.5,5.9,3.845,3.836,26102071229
49115,TEMPERED BRUSH GREEN SIDE PLATE 155,ARCOROC,Dinnerware,£3.36,,,,ARCOROC,BRUSH GREEN,RS6,PC,24,15.5,15.5,1.8,24,120.0,80.0,65.2,FLUO,DINNERWARE,DINNERWARE,ASSIETTE,5.022,ASSIETTE 155 BRUSH GREEN T,5.285,2016,0.215,6,FR,17.9,16.7,16.8,10026102491154,469.541,40026102491155,B4,,,15.5,15.5,4.9,1.293,1.177,26102510834
54557,TEMPERED BRUSH ORANGE BOWL 51,ARCOROC,Hot Drinks / Breakfast – Utensils & Tools,£3.36,,,,ARCOROC,BRUSH ORANGE,RS6,PC,36,13.2,13.2,7.4,36,120.0,80.0,117.4,FLUO,HOT DRINKS / BREAKFA,HOT DRINKS / BREAKFA,BOL / MUG (PTT DEJEUNER),17.899,BOL 51 BRUSH ORANGE T,9.905,1512,0.265,6,FR,41.7,29.2,14.7,10026102545574,441.394,40026102545575,B6,,,13.2,13.2,7.4,1.59,1.289,26102845479
X2256,TEMPERED BRUSH ORANGE CUP 19,ARCOROC,Hot Drinks / Breakfast – Utensils & Tools,£3.15,,,,ARCOROC,BRUSH ORANGE,FA6,PC,6,8.1,8.1,5.8,6,120.0,80.0,116.5,FLUO,HOT DRINKS / BREAKFA,HOT DRINKS / BREAKFA,TASSE / SOUS-TASSE,3.072,TASSE 19 BRUSH ORANGE T,1.196,1764,0.185,0,FR,25.1,17.0,7.2,883314092714,379.054,40883314092712,,,,,,,,,
54719,TEMPERED BRUSH ORANGE MUG 25,ARCOROC,Hot Drinks / Breakfast – Utensils & Tools,£2.91,,,,ARCOROC,BRUSH ORANGE,RA6,PC,36,10.3,10.3,8.9,36,120.0,80.0,100.3,FLUO,HOT DRINKS / BREAKFA,HOT DRINKS / BREAKFA,BOL / MUG (PTT DEJEUNER),20.569,MUG 25 BRUSH ORANGE T,8.119,1296,0.215,6,FR,31.0,23.2,28.6,10026102547196,317.648,40026102547197,B6,,,22.0,14.7,9.2,1.314,2.975,26102845875
X2023,TEMPERED BRUSH ORANGE MUG 25,ARCOROC,Hot Drinks / Breakfast – Utensils & Tools,£2.91,,,,ARCOROC,BRUSH ORANGE,FA6,PC,6,10.3,10.3,8.9,6,120.0,80.0,112.5,FLUO,HOT DRINKS / BREAKFA,HOT DRINKS / BREAKFA,BOL / MUG (PTT DEJEUNER),3.428,MUG 25 BRUSH ORANGE T,1.379,1500,0.215,0,FR,22.8,15.5,9.7,26102845875,372.138,40883314301166,,,,,,,,,
49138,TEMPERED BRUSH ORANGE PLATE 195,ARCOROC,Dinnerware,£3.70,,,,ARCOROC,BRUSH ORANGE,RS6,PC,24,19.3,19.3,2.2,24,120.0,80.0,76.3,FLUO,DINNERWARE,DINNERWARE,ASSIETTE,7.033,ASSIETTE 195 BRUSH ORANGE T,7.829,1728,0.32,6,FR,20.3,16.9,20.5,10026102491383,589.329,40026102491384,B4,,,19.3,19.3,5.3,1.923,1.974,26102510582
49120,TEMPERED BRUSH ORANGE PLATE 235,ARCOROC,Dinnerware,£4.16,,,,ARCOROC,BRUSH ORANGE,RS6,PC,24,23.6,23.6,2.6,24,120.0,80.0,90.6,FLUO,DINNERWARE,DINNERWARE,ASSIETTE,12.158,ASSIETTE 235 BRUSH ORANGE T,12.349,1152,0.505,6,FR,24.9,19.3,25.3,10026102491208,618.734,40026102491209,B4,,,23.6,23.6,5.9,3.034,3.286,26102510452
49122,TEMPERED BRUSH ORANGE SIDE PLATE 155,ARCOROC,Dinnerware,£3.36,,,,ARCOROC,BRUSH ORANGE,RS6,PC,24,0.0,0.0,1.8,24,120.0,80.0,65.2,FLUO,DINNERWARE,DINNERWARE,ASSIETTE,5.022,ASSIETTE 155 BRUSH ORANGE T,5.285,2016,0.215,6,FR,17.9,16.7,16.8,10026102491222,469.541,40026102491223,B4,,,15.5,15.5,1.8,1.29,0.432,26102510551
C3778,TEMPERED BRUSH ORANGEBOWL 120,ARCOROC,Dinnerware,£2.70,,,,ARCOROC,BRUSH ORANGE,RS6,PC,36,12.1,12.1,4.7,36,120.0,80.0,120.9,FLUO,DINNERWARE,DINNERWARE,SALADIER,11.123,SALADIER 120 BRUSH ORANGE T,7.45,2880,0.2,6,FR,38.9,21.5,13.3,10026102804251,621.578,40026102804252,B6,,,12.0,12.0,11.7,1.204,1.685,26102001530
54704,TEMPERED BRUSH YELLOW BOWL 51,ARCOROC,Hot Drinks / Breakfast – Utensils & Tools,£3.36,,,,ARCOROC,BRUSH YELLOW,RS6,PC,36,13.2,13.2,7.4,36,120.0,80.0,117.4,FLUO,HOT DRINKS / BREAKFA,HOT DRINKS / BREAKFA,BOL / MUG (PTT DEJEUNER),17.899,BOL 51 BRUSH YELLOW T,9.907,1512,0.265,6,FR,41.7,29.2,14.7,10026102547042,441.478,40026102547043,B6,,,13.2,13.2,16.5,1.595,2.875,26102845639
X2051,TEMPERED BRUSH YELLOW CUP 19,ARCOROC,Hot Drinks / Breakfast – Utensils & Tools,£3.15,,,,ARCOROC,BRUSH YELLOW,FA6,PC,6,8.1,8.1,5.8,6,120.0,80.0,116.5,FLUO,HOT DRINKS / BREAKFA,HOT DRINKS / BREAKFA,TASSE / SOUS-TASSE,3.072,TASSE 19 BRUSH YELLOW T,1.196,1764,0.185,0,FR,25.1,17.0,7.2,883314301281,379.054,40883314301289,,,,,,,,,
P3951,TEMPERED BRUSH YELLOW DINNER PLATE 252,ARCOROC,Dinnerware,£4.36,,,,ARCOROC,BRUSH YELLOW,RS6,PC,12,25.3,25.3,2.5,12,120.0,80.0,68.3,FLUO,DINNERWARE,DINNERWARE,ASSIETTE,8.349,ASSIETTE 252 BRUSH YELLOW T,7.875,672,0.64,6,FR,26.4,11.8,26.8,10026102292096,466.623,40026102292097,B2,,,25.5,25.5,5.9,3.845,3.836,26102070000
X2037,TEMPERED BRUSH YELLOW MUG 25,ARCOROC,Hot Drinks / Breakfast – Utensils & Tools,£2.91,,,,ARCOROC,BRUSH YELLOW,FA12,PC,12,10.3,10.3,8.9,12,120.0,80.0,111.5,FLUO,HOT DRINKS / BREAKFA,HOT DRINKS / BREAKFA,BOL / MUG (PTT DEJEUNER),9.674,MUG 25 BRUSH YELLOW T,2.768,1020,0.215,0,FR,27.4,18.2,19.4,883314301175,261.358,40883314301173,,,,,,,,,
X2710,TEMPERED BRUSH YELLOW MUG 25,ARCOROC,Hot Drinks / Breakfast – Utensils & Tools,£2.91,,,,ARCOROC,BRUSH YELLOW,#N/A,PC,6,10.3,10.3,8.9,6,120.0,80.0,112.5,FLUO,HOT DRINKS / BREAKFA,HOT DRINKS / BREAKFA,BOL / MUG (PTT DEJEUNER),3.428,MUG 25 BRUSH YELLOW T,1.379,1500,0.215,0,FR,22.8,15.5,9.7,26102846094,372.138,40883314101711,#N/A,,,,,,,,
49118,TEMPERED BRUSH YELLOW SIDE PLATE 155,ARCOROC,Dinnerware,£3.36,,,,ARCOROC,BRUSH YELLOW,RS6,PC,24,15.5,15.5,1.8,24,120.0,80.0,65.2,FLUO,DINNERWARE,DINNERWARE,ASSIETTE,5.022,ASSIETTE 155 BRUSH YELLOW T,5.285,2016,0.215,6,FR,17.9,16.7,16.8,10026102491185,469.542,40026102491186,B4,,,15.5,15.5,4.9,1.293,1.177,26102510285
49041,TEMPERED BRUSHGREE PLATE 235,ARCOROC,Dinnerware,£4.16,,,,ARCOROC,BRUSH GREEN,RS6,PC,24,0.0,0.0,2.6,24,120.0,80.0,90.6,FLUO,DINNERWARE,DINNERWARE,ASSIETTE,12.158,ASSIETTE 235 BRUSH GREEN T,12.349,1152,0.505,6,FR,24.9,19.3,25.3,10026102490416,618.724,40026102490417,B4,,,23.6,23.6,5.9,3.034,3.286,26102510803
C3783,TEMPERED BRUSHGREEN SAUCER 140,ARCOROC,Hot Drinks / Breakfast – Beverage Service,£2.80,,,,ARCOROC,BRUSH GREEN,RS6,PC,48,13.9,13.9,1.8,48,120.0,80.0,92.6,FLUO,HOT DRINKS / BREAKFA,HOT DRINKS / BREAKFA,TASSE / SOUS-TASSE,8.459,SOUS-TASSE 140 BRUSH GREEN T,7.141,3840,0.145,6,FR,29.5,18.5,15.5,10026102995584,596.834,40026102995585,B8,,,13.9,13.9,1.8,0.87,0.336,26102560334
C3775,TEMPERED BRUSHGREEN SMALL BOWL 120,ARCOROC,Dinnerware,£2.70,,,,ARCOROC,BRUSH GREEN,RS6,PC,36,12.1,12.1,4.7,36,120.0,80.0,121.1,FLUO,DINNERWARE,DINNERWARE,SALADIER,11.123,SALADIER 120 BRUSH GREEN T,7.45,2880,0.2,6,FR,38.9,21.5,13.3,10026102805036,621.594,40026102805037,B6,,,12.1,12.1,4.7,1.2,0.688,26102000816
C3787,TEMPERED BRUSHORAN  SAUCER 140,ARCOROC,Hot Drinks / Breakfast – Beverage Service,£2.80,,,,ARCOROC,BRUSH ORANGE,RS6,PC,48,13.9,13.9,1.8,48,120.0,80.0,92.6,FLUO,HOT DRINKS / BREAKFA,HOT DRINKS / BREAKFA,TASSE / SOUS-TASSE,8.167,SOUS-TASSE 140 BRUSH ORANGE T,7.103,3840,0.145,6,FR,28.9,18.0,15.7,10026102996888,593.794,40026102996889,B8,,,14.0,14.0,4.7,0.873,0.921,26102105665
C3782,TEMPERED BRUSHORAN CUP 19,ARCOROC,Hot Drinks / Breakfast – Beverage Service,£3.15,,,,ARCOROC,BRUSH ORANGE,RB12,PC,48,8.1,8.1,5.8,48,120.0,80.0,102.9,FLUO,HOT DRINKS / BREAKFA,HOT DRINKS / BREAKFA,TASSE / SOUS-TASSE,20.498,TASSE 19 BRUSH ORANGE T,9.353,1728,0.185,12,FR,35.0,26.5,22.1,10026102834852,362.28,40026102834853,B4,,,25.5,16.6,10.3,2.261,4.36,26102105627
P3949,TEMPERED BRUSHORANGE PLATE 252,ARCOROC,Dinnerware,£4.36,,,,ARCOROC,BRUSH ORANGE,RS6,PC,12,25.3,25.3,2.5,12,120.0,80.0,68.3,FLUO,DINNERWARE,DINNERWARE,ASSIETTE,8.349,ASSIETTE 252 BRUSH ORANGE T,7.875,672,0.64,6,FR,26.4,11.8,26.8,10026102292089,466.623,40026102292080,B2,,,25.5,25.5,5.9,3.845,3.836,26102072462
C3776,TEMPERED BRUSHYELLOW BOWL 120,ARCOROC,Dinnerware,£2.70,,,,ARCOROC,BRUSH YELLOW,RS6,PC,36,12.1,12.1,4.7,36,120.0,80.0,120.9,FLUO,DINNERWARE,DINNERWARE,SALADIER,11.123,SALADIER 120 BRUSH YELLOW T,7.45,2880,0.2,6,FR,38.9,21.5,13.3,10026102805746,621.594,40026102805747,B6,,,12.0,12.0,11.7,1.204,1.685,26102000151
C3784,TEMPERED BRUSHYELLOW SAUCER 140,ARCOROC,Hot Drinks / Breakfast – Beverage Service,£2.80,,,,ARCOROC,BRUSH YELLOW,RS6,PC,48,13.9,13.9,1.8,48,120.0,80.0,92.6,FLUO,HOT DRINKS / BREAKFA,HOT DRINKS / BREAKFA,TASSE / SOUS-TASSE,8.459,SOUS-TASSE 140 BRUSH YELLOW T,7.141,3840,0.145,6,FR,29.5,18.5,15.5,10026102996543,596.844,40026102996544,B8,,,14.0,14.0,4.7,0.873,0.921,26102003695
37789,TEMPERED CADIX BOWL 12,LUMINARC,Dinnerware,£0.84,,,,LUMINARC,CADIX BL.,RS6,PC,36,12.0,12.0,5.3,36,120.0,80.0,110.4,FLUO,DINNERWARE,DINNERWARE,SALADIER,12.825,SALADIER 12 CADIX T,6.097,2268,0.16,6,FR,37.9,24.7,13.7,10026102377892,409.805,40026102377893,B6,26102377895,26102377895,12.0,12.0,11.2,0.969,1.613,
P4164,TEMPERED CADIX BOWL 24,LUMINARC,Dinnerware,£2.73,,,,LUMINARC,CADIX BL.,RS6,PC,6,24.0,24.0,9.9,6,120.0,80.0,118.0,FLUO,DINNERWARE,DINNERWARE,SALADIER,12.285,SALADIER 24 CADIX T,4.025,432,0.63,6,FR,25.6,18.6,25.8,10026102292560,315.394,40026102292561,B1,26102377888,26102377888,24.0,24.0,16.0,3.794,9.216,
X0962,TEMPERED CADIX CUP AND SAUCER 22,LUMINARC,Hot Drinks / Breakfast – Beverage Service,£13.18,,,,LUMINARC,CADIX BL.,PKB6,PKG,4,41.5,15.3,9.1,4,120.0,80.0,112.5,FLUO,HOT DRINKS / BREAKFA,HOT DRINKS / BREAKFA,TASSE / SOUS-TASSE,26.928,TASSE 22 +S.TASSE CADIX T            PKG,8.586,120,2.056,0,FR,42.8,32.1,19.6,10883314058625,282.963,40883314058626,B4,26102377840,26102377840,,,,,,
H4129,TEMPERED CADIX DESSERT PLATE,LUMINARC,Dinnerware,£0.84,,,,LUMINARC,CADIX BL.,RS6,PC,24,19.7,19.7,1.7,24,120.0,80.0,100.0,FLUO,DINNERWARE,DINNERWARE,ASSIETTE,6.085,ASSIETTE DESSERT 19 CADIX T,5.787,2688,0.235,6,FR,20.7,13.8,21.3,10026102255121,673.838,40026102255122,B4,26102377901,26102377901,19.6,19.6,4.0,1.418,1.537,
H4132,TEMPERED CADIX DINNER PLATE 25,LUMINARC,Dinnerware,£0.91,,,,LUMINARC,CADIX BL.,RS6,PC,24,25.0,25.0,2.4,24,120.0,80.0,95.1,FLUO,DINNERWARE,DINNERWARE,ASSIETTE,11.149,ASSIETTE PLATE 25 CADIX T,8.75,1656,0.355,6,FR,26.0,16.0,26.8,10026102255183,629.324,40026102255184,B4,26102377925,26102377925,25.0,25.0,4.8,2.14,1.5,
L0300,TEMPERED CADIX DINNER SCE 19 P.,LUMINARC,Dinnerware,£18.56,,,,LUMINARC,CADIX BL.,SS1,SET,52,30.0,23.1,26.2,1,120.0,80.0,120.1,FLUO,DINNERWARE,DINNERWARE,SERVICE VAISSELLE,18.157,SCE 19P TABLE CADIX T,7.226,52,7.226,0,FR,30.0,23.1,26.2,883314481037,402.878,40883314481035,,883314481037,883314481037,,,,,,
D7380,TEMPERED CADIX LARGE DINNER PLATE,LUMINARC,Dinnerware,£1.13,,,,LUMINARC,CADIX BL.,RS6,PC,24,27.5,27.5,2.5,24,120.0,80.0,101.7,FLUO,DINNERWARE,DINNERWARE,ASSIETTE,14.232,ASSIETTE GRANDE CADIX T,12.024,1152,0.49,6,FR,28.7,17.1,29.0,10026102945893,603.071,40026102945894,B4,26102377949,26102377949,27.5,27.5,5.2,2.95,3.933,
D7499,TEMPERED CADIX MULTI PURPOSE BOWL,LUMINARC,Dinnerware,£0.91,,,,LUMINARC,CADIX BL.,RS8,PC,48,16.0,16.0,5.1,48,121.5,80.0,107.0,FLUO,DINNERWARE,DINNERWARE,SALADIER,23.152,COUPELLE MULTI-USAGES CADIX T,11.983,1680,0.24,8,FR,51.5,24.3,18.5,10026102945930,444.779,40026102945931,B6,26102413920,26102413920,16.0,16.0,13.5,1.932,3.456,
J6691,TEMPERED CADIX PLUS SOUP PLATE 23,LUMINARC,Dinnerware,£0.91,,,,LUMINARC,CADIX BL.,RS6,PC,24,23.8,23.8,3.9,24,120.0,80.0,119.9,FLUO,DINNERWARE,DINNERWARE,ASSIETTE,15.591,ASSIETTE PLUS CREUSE 23 CADIX T,10.417,1440,0.42,6,FR,24.7,24.0,26.3,10883314449003,651.618,40883314449004,B4,883314449006,883314449006,23.8,23.8,7.5,2.53,4.248,
H4130,"TEMPERED CADIX SOUP PLATE 22,5",LUMINARC,Dinnerware,£0.91,,,,LUMINARC,CADIX BL.,RS6,PC,24,22.7,22.7,3.5,24,120.0,80.0,115.6,FLUO,DINNERWARE,DINNERWARE,ASSIETTE,11.875,"ASSIETTE CREUSE 22,5 CADIX T",8.776,1824,0.355,6,FR,23.8,19.8,25.2,10026102255169,692.67,40026102255160,B4,26102377918,26102377918,22.6,22.6,6.3,2.141,3.218,
V8553,TEMPERED CAMPUS H/B TUMBLER 22,ARCOROC,Drinkware – Hiballs,£0.87,,,,ARCOROC,CAMPUS TREMPE UNI,FA6,PC,48,6.4,6.4,9.7,48,120.0,80.0,104.9,SODO,DRINKWARE,DRINKWARE,GOBELET,30.374,GOBELET FH 22 CAMPUS T,8.585,1152,0.159,6,FR,44.8,30.0,22.6,10026102138318,231.411,40026102138319,B8,,,21.5,14.4,10.7,1.027,3.313,26102089583
N2184,TEMPERED CARINE 18 PC PLATES SET,LUMINARC,Dinnerware,£20.79,,,,LUMINARC,CARINE BLANC,SS1,SET,1,29.2,14.0,28.5,1,120.0,80.0,100.2,FLUO,DINNERWARE,DINNERWARE,SERVICE VAISSELLE,11.651,SCE 18P ASSIETTES CARINE T,6.981,60,6.981,0,FR,29.2,14.0,28.5,26102863831,445.464,40026102863839,,26102863831,26102863831,,,,,,
V8304,TEMPERED CARINE 19 PC DINNER.SET,LUMINARC,Dinnerware,£24.43,,,,LUMINARC,CARINE BLANC,SS1,SET,39,30.0,22.0,30.5,0,120.8,80.0,106.5,FLUO,DINNERWARE,DINNERWARE,SERVICE VAISSELLE,0.0,SCE 19P TABLE CARINE T,0.0,39,8.044,0,FR,,,,,340.408,40883314997246,,883314997248,883314997248,,,,,,
L9816,TEMPERED CARINE BLACK DESSERT PLATE 19,LUMINARC,Dinnerware,£1.18,https://latabledarc.com/en/products/assiette-plate-carree-noire-21-x-19-6-cm-carine,https://cdn.shopify.com/s/files/1/0943/3553/3393/files/c1fa5d20a67bd44eef91dbd7ac720c2e.webp?v=1782129686,"Discover the Carine black plate (21 x 19.6 cm) from Luminarc.
 This plate combines aesthetics and durability thanks to its glass composition. Designed for everyday use, it's equally suitable for a quick meal or a large family dinner, and will easily withstand numerous washes in the dishwasher.",LUMINARC,CARINE NOIR,RS6,PC,24,21.0,19.7,1.7,24,120.0,80.0,77.1,SODO,DINNERWARE,DINNERWARE,ASSIETTE,5.287,ASSIETTE DESSERT 19 CARINE NOIR T,6.572,2160,0.266,6,FR,20.5,12.4,20.8,10026102285944,617.318,40026102285945,B4,26102895184,26102895184,21.0,19.7,1.7,1.596,0.702,
L9817,TEMPERED CARINE BLACK DINNER PLATE 27,LUMINARC,Dinnerware,£1.27,https://latabledarc.com/en/products/assiette-plate-carree-noire-28-8-x-27-cm-carine,https://cdn.shopify.com/s/files/1/0943/3553/3393/files/cdd4cb6c2c8d87ca196d554ab2a9cead_bc447dea-7342-40d1-b1ab-5de10736d6a7.jpg?v=1762443790,"Discover the Carine black plate (28.8 x 27 cm) from Luminarc.
   This plate combines aesthetics and durability thanks to its glass composition. Designed for everyday use, it's equally suitable for a quick meal or a large family dinner, and will easily withstand numerous washes in the dishwasher.",LUMINARC,CARINE NOIR,RS6,PC,24,27.2,27.2,2.3,24,120.0,80.0,74.6,SODO,DINNERWARE,DINNERWARE,ASSIETTE,11.365,ASSIETTE 27 CARINE NOIR T,12.285,1152,0.495,6,FR,28.7,13.2,30.0,10026102285968,615.317,40026102285969,B4,26102895191,26102895191,27.2,27.2,2.3,2.97,1.702,
L9818,TEMPERED CARINE BLACK SOUP PLATE 21,LUMINARC,Dinnerware,£1.27,https://latabledarc.com/en/products/assiette-creuse-carree-noire-23-7-x-21-2-cm-carine,https://cdn.shopify.com/s/files/1/0943/3553/3393/files/cfd24fe15269f15cf1b625b344a030ab.webp?v=1776344003,"Choose the Carine black soup plate (23.7 x 21.2 cm) by Luminarc
   This soup plate is durable and lightweight, making it ideal for everyday use. From saucy dishes and soups to solid and liquid foods, its versatility allows it to be used for all kinds of servings; your imagination is the only limit!",LUMINARC,CARINE NOIR,RS6,PC,24,22.8,21.2,3.9,24,120.0,80.0,85.3,SODO,DINNERWARE,DINNERWARE,ASSIETTE,10.528,ASSIETTE CREUSE 21 CARINE NOIR T,9.546,1440,0.385,6,FR,22.4,20.0,23.5,10026102228705,598.204,40026102228706,B4,26102895207,26102895207,22.8,21.2,3.9,2.31,1.866,
H3672,TEMPERED CARINE BOWL 12,LUMINARC,Dinnerware,£1.10,https://latabledarc.com/en/products/coupelle-blanche-12-cm-carine-33-cl,https://cdn.shopify.com/s/files/1/0943/3553/3393/files/19db3f9174828eff99e062f304f69954_7b98678e-c713-49db-be00-06fd7ff59769.webp?v=1776144051,"Opt for the Carine 12cm white bowl by Luminarc
   This bowl is an essential item in your kitchen.",LUMINARC,CARINE BLANC,RS6,PC,24,12.0,12.0,5.3,24,120.0,80.0,107.2,FLUO,DINNERWARE,DINNERWARE,SALADIER,6.626,COUPELLE 12 CARINE BLANC T,4.038,3024,0.16,6,FR,25.1,20.0,13.2,10026102254773,534.457,40026102254774,B4,26102895153,26102895153,12.0,12.0,11.2,0.969,1.613,
H4998,TEMPERED CARINE NOIR BOWL 12,LUMINARC,Dinnerware,£1.18,https://latabledarc.com/en/products/coupelle-noire-12-cm-carine-33-cl,https://cdn.shopify.com/s/files/1/0943/3553/3393/files/a228e79f38f0cc2caac29bd412fb3900.webp?v=1776413931,"Opt for the 12cm Carine black bowl by Luminarc
 This bowl is an essential item in your kitchen.",LUMINARC,CARINE NOIR,RS6,PC,24,12.0,12.0,5.5,24,120.0,80.0,107.2,SODO,DINNERWARE,DINNERWARE,SALADIER,6.626,COUPELLE 12 CARINE NOIR T,4.538,3024,0.18,6,FR,25.1,20.0,13.2,10026102256098,597.457,40026102256099,B4,26102895214,26102895214,12.0,12.0,11.2,1.094,1.613,
L4454,TEMPERED CARINE WHITE DESSERT PLATE 19,LUMINARC,Dinnerware,£1.10,https://latabledarc.com/en/products/assiette-plate-carree-blanche-21-x-19-6-cm-carine,https://cdn.shopify.com/s/files/1/0943/3553/3393/files/64fd9f891ec3f48827aab12f35d162b9_1f7afca0-b3f5-45fd-b409-05c3656fb66c.webp?v=1773059871,"Discover the Carine white plate (21 x 19.6 cm) from the Luminarc brand.
   This plate combines aesthetics and durability thanks to its glass composition. Designed for everyday use, it's equally suitable for a quick meal or a large family dinner, and will easily withstand numerous washes in the dishwasher.",LUMINARC,CARINE BLANC,RS6,PC,24,21.0,19.6,1.7,24,120.0,80.0,76.5,FLUO,DINNERWARE,DINNERWARE,ASSIETTE,5.043,ASSIETTE DESSERT 19 CARINE BLANC T,6.256,2160,0.255,6,FR,20.4,12.0,20.6,10026102285005,588.878,40026102285006,B4,26102895122,26102895122,19.7,19.7,3.7,1.538,1.436,
H5604,TEMPERED CARINE WHITE DINNER PLATE 27,LUMINARC,Dinnerware,£1.18,https://latabledarc.com/en/products/assiette-plate-carree-blanche-29-1-x-27-cm-carine,https://cdn.shopify.com/s/files/1/0943/3553/3393/files/64fd9f891ec3f48827aab12f35d162b9.webp?v=1773059828,"Discover the Carine white plate (29.1 x 27 cm) from the Luminarc brand.
 This plate combines aesthetics and durability thanks to its glass composition. Designed for everyday use, it's equally suitable for a quick meal or a large family dinner, and will easily withstand numerous washes in the dishwasher.",LUMINARC,CARINE BLANC,RS6,PC,24,29.1,27.2,2.3,24,120.0,80.0,74.6,FLUO,DINNERWARE,DINNERWARE,ASSIETTE,11.365,ASSIETTE GRANDE 27 CARINE BLANC T,12.197,1152,0.495,6,FR,28.7,13.2,30.0,10026102285234,611.093,40026102285235,B4,26102895139,26102895139,27.2,27.2,4.2,2.98,1.82,
J0340,"TEMPERED CARINE WHITE M-PURPOSE BOWL16,5",LUMINARC,Dinnerware,£1.27,,,,LUMINARC,CARINE BLANC,RS6,PC,24,16.5,16.5,4.5,24,120.0,80.0,88.5,FLUO,DINNERWARE,DINNERWARE,SALADIER,6.327,"CPL MU 16,5 CARINE BLANC T",5.928,2304,0.24,6,FR,19.0,18.0,18.5,10883314373759,594.727,40883314373750,B4,883314121520,883314121520,16.5,16.5,4.5,1.44,1.225,
N1479,TEMPERED CARINE WHITE&BLACK 18 PC T SET,LUMINARC,Dinnerware,£22.36,,,,LUMINARC,CARINE NOIR & BLANC,SS1,SET,1,29.2,14.0,28.5,1,120.0,80.0,100.2,SODO,DINNERWARE,DINNERWARE,SERVICE VAISSELLE,11.651,SCE 18P TABLE CARINE WHITE & BLACK N ( T,7.077,60,7.077,0,FR,29.2,14.0,28.5,26102895252,451.248,40026102895250,,26102895252,26102895252,,,,,,
N1500,TEMPERED CARINE WHITE&BLACK 30PCTABLE S,LUMINARC,Dinnerware,£36.96,,,,LUMINARC,CARINE NOIR & BLANC,SS1,SET,42,37.0,16.8,29.1,1,120.0,80.0,102.4,SODO,DINNERWARE,DINNERWARE,SERVICE VAISSELLE,18.089,SCE 30P TABLE CARINE BLANC & NOIR T,9.134,42,9.134,0,FR,37.0,16.8,29.1,26102895283,409.975,40026102895281,,26102895283,26102895283,,,,,,
J4764,TEMPERED CHIQUITO OF TUMBLER 23,ARCOROC,Drinkware – Tumblers,£0.87,https://latabledarc.com/en/products/verre-bas-23-cl-chiquito,https://cdn.shopify.com/s/files/1/0943/3553/3393/files/3d6b70725ae4327141dd524aea29a347.jpg?v=1760539429,,ARCOROC,CHIQUITO,FA6,PC,6,8.2,8.2,5.9,6,120.0,80.0,114.0,SODO,DRINKWARE,DRINKWARE,GOBELET,2.926,GOBELET FB 23 CHIQUITO T,0.947,1782,0.145,0,FR,25.6,12.7,9.0,26102271650,308.445,40026102271658,,,,,,,,,
P0677,"TEMPERED COCKTAIL FUSION SHAKER 58,5",LUMINARC,Drinkware Accessories – Cocktails,£7.41,,,,LUMINARC,COCKTAIL FUSION,A6,PC,6,8.1,8.1,16.1,6,120.0,80.0,104.9,SODO CLEAR,DRINKWARE,DRINKWARE ACCESSORIE,ACCESSOIRE BOISSON,11.147,SHAKER COCKTAIL FUSION T,2.014,408,0.294,0,FR,27.1,18.2,22.6,883314617313,162.321,40883314742532,,883314521559,883314521559,,,,,,
41879,TEMPERED COCOON ARC BOWL 18,LUMINARC,Dinnerware,£3.57,https://latabledarc.com/en/products/saladier-18-cm-cocoon-150-cl,https://cdn.shopify.com/s/files/1/0943/3553/3393/files/e487a9c6868cd4013a432d2111e591df.jpg?v=1762446909,"Choose the 18cm Cocoon Salad Bowl from Luminarc
 This salad bowl proves to be both sturdy (an important characteristic for a product used often and regularly subjected to vigorous handling) and practical to use thanks to its light weight.",LUMINARC,COCOON,A6,PC,6,18.0,18.0,9.8,6,120.0,80.0,112.5,SODO,DINNERWARE,DINNERWARE,SALADIER,13.964,SALADIER 18 COCOON T,3.662,360,0.535,0,FR,37.3,19.1,19.6,10026102418793,245.202,40026102418794,,26102418796,26102418796,,,,,,
41882,TEMPERED COCOON BOWL 12,LUMINARC,Dinnerware,£1.37,https://latabledarc.com/en/products/coupelle-12-cm-cocoon-41-cl,https://cdn.shopify.com/s/files/1/0943/3553/3393/files/160303790e429b19722b5bad2a7a90d2.jpg?v=1762446889,"Choose the 12cm Cocoon Salad Bowl from Luminarc
 This salad bowl proves to be both sturdy (an important characteristic for a product used often and regularly subjected to vigorous handling) and practical to use thanks to its light weight.",LUMINARC,COCOON,RS6,PC,36,12.0,12.0,6.7,36,120.0,80.0,103.3,SODO,DINNERWARE,DINNERWARE,SALADIER,21.342,SALADIER 12 COCOON T,9.537,1296,0.25,6,FR,37.7,25.5,22.2,10026102418823,368.801,40026102418824,B6,26102418826,26102418826,12.0,12.0,20.4,1.526,2.938,
G1698,TEMPERED COCOON BOWL 24,LUMINARC,Dinnerware,£4.39,https://latabledarc.com/en/products/saladier-24-cm-cocoon-360-cl,https://cdn.shopify.com/s/files/1/0943/3553/3393/files/35bd36e825dca97e201b86f39d2fa9a3_35545e37-f14d-429f-9e2d-60895dda2308.jpg?v=1762446964,"Choose the 24cm Cocoon Salad Bowl from Luminarc
   This salad bowl proves to be both sturdy (an important characteristic for a product used often and regularly subjected to vigorous handling) and practical to use thanks to its light weight.",LUMINARC,COCOON,A4,PC,4,24.0,24.0,13.2,4,120.0,80.0,107.7,SODO,DINNERWARE,DINNERWARE,SALADIER,19.063,SALADIER 24 COCOON T,5.275,144,1.2,0,AE,25.1,24.5,31.0,10883314164456,215.764,,,883314164459,883314164459,,,,,,
41884,TEMPERED COCOON BOWL 6,LUMINARC,Dinnerware,£0.82,,,,LUMINARC,COCOON,RB6,PC,36,6.1,6.1,3.4,36,120.0,80.0,119.8,SODO,DINNERWARE,DINNERWARE,SALADIER,5.296,SALADIER 6 COCOON T,1.86,6480,0.045,6,FR,24.6,18.4,11.7,10026102418847,360.194,40026102418848,B6,,,6.1,6.1,3.4,0.27,0.123,26102252833
V8027,TEMPERED CONIQUE H/B TUMBLER 20 F6,ARCOROC,Drinkware – Hiballs,£0.95,,,,ARCOROC,CONIQUE,FA6,PC,48,6.6,6.6,10.5,48,120.0,80.0,114.5,SODO,DRINKWARE,DRINKWARE,GOBELET,34.342,GOBELET FH 20 CONIQUE T,9.191,1152,0.17,0,FR,44.6,30.8,25.0,10883314299462,245.97,40883314299463,B8,,,,,,,,
P2131,TEMPERED CONIQUE H/B TUMBLER 28,ARCOROC,Drinkware – Hiballs,£0.99,https://latabledarc.com/en/products/gobelet-forme-haute-28-cl-conique,https://cdn.shopify.com/s/files/1/0943/3553/3393/files/3437f4c607c31c9455e14749460e3bab.jpg?v=1760540418,"Découvrez le gobelet forme haute 28 cl 55968 Conique d'Arcoroc.
 C'est un incontournable pour un service rapide et efficace dans tous les bars et restaurants. Son design épuré et classique s'adaptera facilement à toutes les ambiances de salle. Il deviendra à votre convenance, gobelet à cocktail, à soda ou à bière. Fabriqué avec le plus grand soin, il bénéficie des atouts de la trempe qui sont une très haute résistance aux chocs mécaniques et thermiques, ainsi le gobelet Conique vous assurera un service sécurisé en toute circonstance, même aux heures les plus intensives. Le plus Arcoroc : Ses belles parois lisses mettront en valeur les créations étonnantes comme les jus de fruits maison ou les eaux aromatisées.",ARCOROC,CONIQUE,FA6,PC,24,7.0,7.0,11.9,24,120.0,80.0,96.1,SODO,DRINKWARE,DRINKWARE,GOBELET,23.26,GOBELET FH 28 CONIQUE T,4.788,720,0.171,6,FR,33.8,25.3,27.2,10026102291655,169.286,40026102291656,B4,,,23.6,16.0,12.8,1.12,4.833,26102299500
64089,TEMPERED COSMOS BOWL 12,LUMINARC,Dinnerware,£0.78,,,,LUMINARC,COSMOS,A12,PC,12,0.0,0.0,0.0,12,120.0,80.0,111.4,SODO,DINNERWARE,DINNERWARE,SALADIER,4.942,SALADIER 12 COSMOS T,2.585,2100,0.2,0,FR,25.4,14.1,13.8,10026102640897,478.057,40026102640898,,26102006719,26102006719,,,,,,
64091,TEMPERED COSMOS BOWL 14,LUMINARC,Dinnerware,£1.19,,,,LUMINARC,COSMOS,A12,PC,12,0.0,0.0,0.0,12,120.0,80.0,109.5,SODO,DINNERWARE,DINNERWARE,SALADIER,9.29,SALADIER 14 COSMOS T,3.229,1152,0.246,0,FR,30.0,19.6,15.8,10026102640910,335.563,40026102640911,,26102023884,26102023884,,,,,,
V6372,TEMPERED COSMOS BOWL 17,LUMINARC,Dinnerware,£1.35,,,,LUMINARC,COSMOS,RS6,PC,24,0.0,0.0,8.1,24,121.0,80.0,114.5,SODO,DINNERWARE,DINNERWARE,SALADIER,17.666,SALADIER 17 COSMOS T,10.235,1200,0.405,6,AE,36.5,24.2,20.0,10883314977520,537.336,40883314977521,B4,26102006559,26102006559,17.0,17.0,13.3,2.441,3.844,
E8859,TEMPERED COSMOS BOWL 23,LUMINARC,Dinnerware,£3.18,https://latabledarc.com/en/products/saladier-23-cm-cosmos-260-cl,https://cdn.shopify.com/s/files/1/0943/3553/3393/files/d0b743ffb39eaf6b6a557ead67abeb5b_e1502427-f3cd-45f2-ba65-4df0fe9535ce.jpg?v=1762446953,"Choose the 23cm Cosmos Salad Bowl from Luminarc
 This salad bowl proves to be both sturdy (an important characteristic for a product used often and regularly subjected to vigorous handling) and practical to use thanks to its light weight.",LUMINARC,COSMOS,RS6,PC,6,23.0,23.0,11.0,6,120.0,80.0,118.0,SODO,DINNERWARE,DINNERWARE,SALADIER,14.61,SALADIER 23 COSMOS T,5.386,360,0.845,6,FR,24.2,23.4,25.8,10026102232290,348.63,40026102232291,B1,26102006306,26102006306,23.0,23.0,21.8,5.135,11.532,
44029,TEMPERED COSMOS BOWL 28,LUMINARC,Dinnerware,£6.09,https://latabledarc.com/en/products/saladier-28-cm-cosmos-490-cl,https://cdn.shopify.com/s/files/1/0943/3553/3393/files/df7e68e50834971a7da9076af4d88e20.jpg?v=1762446984,"Choose the 28cm Cosmos Salad Bowl from Luminarc
 This salad bowl proves to be both sturdy (an important characteristic for a product used often and regularly subjected to vigorous handling) and practical to use thanks to its light weight.",LUMINARC,COSMOS,A6,PC,6,27.9,27.9,13.5,6,120.0,80.0,76.3,SODO,DINNERWARE,DINNERWARE,SALADIER,24.301,SALADIER 28 COSMOS T,9.375,144,1.46,0,FR,30.0,26.3,30.8,10026102440299,250.665,40026102440290,,26102440292,26102440292,,,,,,
Q4658,TEMPERED DESSERT PLATE 19 PAMPILLE WHITE,LUMINARC,Dinnerware,£1.10,https://latabledarc.com/en/products/assiette-a-dessert-blanche-19-cm-pampille,https://cdn.shopify.com/s/files/1/0943/3553/3393/files/9a3b07e08573664eb1db23fa4f996725.webp?v=1776350159,"Fall in love with the 19cm white dessert plate from the Pampille collection by Luminarc
 This plate combines aesthetics and durability thanks to its glass composition. Designed for everyday use, it is equally suitable for a meal",LUMINARC,PAMPILLE BLANC,RS6,PC,24,19.0,19.0,1.9,24,120.0,80.0,76.4,FLUO,DINNERWARE,DINNERWARE,ASSIETTE,5.938,ASSIETTE DESSERT 19 PAMPILLE BLANC T,6.041,2160,0.245,6,FR,20.4,14.2,20.5,10883314858751,569.017,40883314858752,B4,883314858754,883314858754,19.2,19.2,4.0,1.479,0.686,
H3662,TEMPERED DINNER PLATE 25 FESTON,LUMINARC,Dinnerware,£0.91,https://latabledarc.com/en/products/assiette-plate-blanche-25-cm-feston,https://cdn.shopify.com/s/files/1/0943/3553/3393/files/bbc06cb2305cb3acc39e6af897e40e4c.webp?v=1782727532,"Discover the 25cm Feston white plate from Luminarc
 This plate combines aesthetics and durability thanks to its glass composition. Designed for everyday use, it's equally suitable for a quick meal or a large family dinner, and will easily withstand numerous washes in the dishwasher.",LUMINARC,FESTON BL UNI,RS6,PC,24,25.0,25.0,2.3,24,120.0,80.0,95.4,FLUO,DINNERWARE,DINNERWARE,ASSIETTE,9.942,ASSIETTE PLATE 25 FESTON T,9.114,1440,0.37,6,FR,26.4,14.0,26.9,10026102254568,572.994,40026102254569,B4,26102292310,26102292310,25.0,25.0,4.2,2.23,2.625,
P0867,TEMPERED DIWALI BLACK DINNER PLATE 25,LUMINARC,Dinnerware,£1.27,https://latabledarc.com/en/products/assiette-plate-noire-25-cm-diwali,https://cdn.shopify.com/s/files/1/0943/3553/3393/files/2a1edfdae65ef5f48700014bef0c9852.webp?v=1776349000,"Discover the Diwali 25cm black plate from Luminarc.
 This plate combines aesthetics and durability thanks to its glass composition. Designed for everyday use, it's equally suitable for a quick meal or a large family dinner, and will easily withstand numerous washes in the dishwasher.",LUMINARC,DIWALI NOIR,RS6,PC,24,25.0,25.0,1.7,24,120.0,80.0,68.6,SODO,DINNERWARE,DINNERWARE,ASSIETTE,10.012,ASSIETTE PLATE 25 DIWALI NOIR T,10.621,1152,0.43,6,FR,26.3,14.1,27.0,10883314714620,535.435,40883314714621,B4,883314714623,883314714623,25.0,25.0,4.1,2.604,2.563,
P0786,TEMPERED DIWALI BLACK DINNER PLATE 27,LUMINARC,Dinnerware,£1.37,,,,LUMINARC,DIWALI NOIR,RS6,PC,24,27.3,27.3,1.8,24,120.0,80.0,72.8,SODO,DINNERWARE,DINNERWARE,ASSIETTE,11.941,ASSIETTE PLATE 27 DIWALI NOIR T,12.551,960,0.51,6,FR,28.3,14.5,29.1,10883314714637,527.672,40883314714638,B4,883314714630,883314714630,27.3,27.3,4.3,3.085,3.205,
L4604,TEMPERED DIWALI BOWL 18,LUMINARC,Dinnerware,£1.63,https://latabledarc.com/en/products/saladier-blanc-18-cm-diwali-100-cl,https://cdn.shopify.com/s/files/1/0943/3553/3393/files/e8d7e0604f41cae34642b8ac9098044b_71062d07-fb4d-430a-813f-9ae11af49fd6.jpg?v=1762445040,"Opt for the 18cm Diwali white bowl by Luminarc
 This bowl is an essential item in your kitchen.",LUMINARC,DIWALI,RS6,PC,24,17.8,17.8,7.5,24,120.0,80.0,111.5,FLUO,DINNERWARE,DINNERWARE,SALADIER,23.011,COUPELLE 18 DIWALI T,10.011,864,0.39,6,FR,37.3,19.1,32.3,10883314549222,385.88,40883314549223,B4,883314549225,883314549225,17.8,17.8,7.5,2.34,2.376,
D7410,TEMPERED DIWALI BOWL 21,LUMINARC,Dinnerware,£3.07,https://latabledarc.com/en/products/saladier-blanc-21-cm-diwali-210-cl,https://cdn.shopify.com/s/files/1/0943/3553/3393/files/3248b771f47c1ec990e68c42bc4c4ca2_b16a16dd-ed7e-4776-ae6b-dca19baa98e8.jpg?v=1762447016,"Choose the 21cm Diwali white salad bowl from Luminarc
 This salad bowl proves to be both sturdy (an important characteristic for a product used often and regularly subjected to vigorous handling) and practical to use thanks to its light weight.",LUMINARC,DIWALI,RS6,PC,12,21.1,21.1,9.3,12,120.0,80.0,108.5,FLUO,DINNERWARE,DINNERWARE,SALADIER,26.367,SALADIER 21 DIWALI T,7.909,336,0.61,6,FR,44.0,25.5,23.5,10026102944254,246.926,40026102944255,B2,26102944257,26102944257,21.0,21.0,23.7,3.74,4.14,
N4054,TEMPERED DIWALI BOWL 75,LUMINARC,Dinnerware,£1.59,https://latabledarc.com/en/products/bol-blanc-75-cl-diwali,https://cdn.shopify.com/s/files/1/0943/3553/3393/files/1593d3c4fa1ddd567937dfa38e0ce004.jpg?v=1776245192,"Discover the 14.5 cm Diwali white bowl from Luminarc
 This bowl is the perfect companion for your favorite hot drinks.",LUMINARC,DIWALI,RS4,PC,24,14.5,14.5,7.9,24,120.0,80.0,110.5,FLUO,DINNERWARE,DINNERWARE,COMPLEMENT DE TABLE,22.887,BOL 75 CL DIWALI T,8.709,720,0.34,4,FR,46.9,30.5,16.0,10883314641094,286.849,40883314641095,B6,883314641097,883314641097,14.5,14.5,18.0,1.387,3.785,
D7409,TEMPERED DIWALI BOWL 9,LUMINARC,Dinnerware,£1.10,https://latabledarc.com/en/products/ramequin-blanc-9-5-cm-diwali,https://cdn.shopify.com/s/files/1/0943/3553/3393/files/7611a8fd91b8c1102b5ef9bea68d0121.jpg?v=1762446868,"Choose the 9.5 cm Diwali white ramekin from Luminarc
   This ramekin showcases your sweet and savory dishes; all that's left is to stimulate your imagination.",LUMINARC,DIWALI,RS6,PC,36,9.5,9.5,4.6,36,120.0,80.0,119.7,FLUO,DINNERWARE,DINNERWARE,SALADIER,7.623,COUPELLE 9 DIWALI T,3.838,4680,0.1,6,FR,30.0,23.1,11.0,10026102944247,524.534,40026102944248,B6,26102944240,26102944240,9.5,9.5,11.5,0.608,1.038,
D6907,TEMPERED DIWALI CALOTTE PLATE 20,LUMINARC,Dinnerware,£1.18,https://latabledarc.com/en/products/assiette-creuse-blanche-20-cm-diwali,https://cdn.shopify.com/s/files/1/0943/3553/3393/files/a0437a2017aba6174d0e9b0a7e20df00.jpg?v=1762443502,"Choose the Diwali 20cm white soup plate by Luminarc
   This soup plate is durable and lightweight, making it ideal for everyday use. From saucy dishes and soups to solid and liquid foods, its versatility allows it to be used for all kinds of servings; your imagination is the only limit!",LUMINARC,DIWALI,RS6,PC,24,20.0,20.0,4.2,24,120.0,80.0,82.9,FLUO,DINNERWARE,DINNERWARE,ASSIETTE,9.519,ASSIETTE CALOTTE 20 DIWALI T,8.159,1440,0.33,6,FR,21.3,19.6,22.8,10026102289584,515.004,40026102289585,B4,26102289587,26102289587,20.1,20.1,7.3,1.989,2.949,
D8222,TEMPERED DIWALI CUP 22 AND SAUCER     P6,LUMINARC,Hot Drinks / Breakfast – Beverage Service,£16.10,,,,LUMINARC,DIWALI,PKB6,PKG,6,40.1,14.3,8.9,6,120.0,80.0,98.5,FLUO,HOT DRINKS / BREAKFA,HOT DRINKS / BREAKFA,TASSE / SOUS-TASSE,34.21,TASSE 22 +S.TASSE DIWALI T,11.852,108,1.91,0,FR,41.0,29.8,28.0,10026102955687,238.7,40026102955688,B6,26102955680,26102955680,,,,,,
D7358,TEMPERED DIWALI DESSERT PLATE 19,LUMINARC,Dinnerware,£1.10,https://latabledarc.com/en/products/assiette-dessert-blanche-19-cm-diwali,https://cdn.shopify.com/s/files/1/0943/3553/3393/files/3a7982d61dd85c5d4d0a91b0ac503401_741f8635-21a2-411e-8795-30556512d0c0.jpg?v=1762443688,"Discover the 19cm Diwali white plate from Luminarc.
 This plate combines aesthetics and durability thanks to its glass composition. Designed for everyday use, it's equally suitable for a quick meal or a large family dinner, and will easily withstand numerous washes in the dishwasher.",LUMINARC,DIWALI,RS6,PC,24,19.0,19.0,1.7,24,120.0,80.0,71.7,FLUO,DINNERWARE,DINNERWARE,ASSIETTE,5.826,ASSIETTE DESSERT 19 DIWALI T,6.169,2160,0.25,6,FR,20.2,13.8,20.9,10026102943530,581.19,40026102943531,B4,26102943533,26102943533,19.0,19.0,4.0,1.508,1.444,
D7360,TEMPERED DIWALI GRANDE PLATE 27,LUMINARC,Dinnerware,£1.27,,,,LUMINARC,DIWALI,RS6,PC,24,27.3,27.3,1.8,24,120.0,80.0,72.9,FLUO,DINNERWARE,DINNERWARE,ASSIETTE,11.734,ASSIETTE GRANDE 27 DIWALI T,12.24,960,0.5,6,FR,28.5,14.1,29.2,10026102943561,515.029,40026102943562,B4,26102943564,26102943564,27.3,27.3,4.2,3.01,1.342,
P1622,TEMPERED DIWALI N DINNER SCE 19P,LUMINARC,Dinnerware,£25.66,,,,LUMINARC,DIWALI NOIR,SS1,SET,1,28.0,22.0,26.3,1,120.0,80.0,120.0,SODO,DINNERWARE,DINNERWARE,SERVICE VAISSELLE,16.201,SCE 19P TABLE DIWALI NOIR T,7.289,56,7.289,0,FR,28.0,22.0,26.3,883314723649,435.27,40883314723647,,883314723649,883314723649,,,,,,
P0864,TEMPERED DIWALI NOIR BOWL 18,LUMINARC,Dinnerware,£1.76,https://latabledarc.com/en/products/saladier-noir-17-8-cm-diwali-100-cl,https://cdn.shopify.com/s/files/1/0943/3553/3393/files/f2c8b7e7c6741fcce8f8834c8fa59386_f02a4de0-2184-40d3-8a9d-da47d147f212.jpg?v=1762445095,"Opt for the 17.8 cm Diwali black bowl by Luminarc
 This bowl is an essential item in your kitchen.",LUMINARC,DIWALI NOIR,RS6,PC,12,17.8,17.8,7.5,12,120.0,80.0,111.4,SODO,DINNERWARE,DINNERWARE,COMPLEMENT DE TABLE,11.001,COUPELLE 18 DIWALI NOIR T,5.125,960,0.405,6,FR,30.0,19.0,19.3,10883314714569,436.661,40883314714560,B2,883314714562,883314714562,17.8,17.8,17.5,2.472,5.545,
P0789,TEMPERED DIWALI NOIR DESSERT PLATE 19,LUMINARC,Dinnerware,£1.18,https://latabledarc.com/en/products/assiette-dessert-noire-19-cm-diwali,https://cdn.shopify.com/s/files/1/0943/3553/3393/files/f011f7460df9dc93d3c1683d0bc4cc6f.jpg?v=1762443746,"Discover the Diwali 19cm black plate from Luminarc.
 This plate combines aesthetics and durability thanks to its glass composition. Designed for everyday use, it's equally suitable for a quick meal or a large family dinner, and will easily withstand numerous washes in the dishwasher.",LUMINARC,DIWALI NOIR,RS6,PC,24,19.0,19.0,1.7,24,120.0,80.0,77.4,SODO,DINNERWARE,DINNERWARE,ASSIETTE,5.826,ASSIETTE DESSERT 19 DIWALI NOIR T,6.455,2160,0.26,6,FR,20.2,13.8,20.9,10883314714606,606.514,40883314714607,B4,883314714609,883314714609,19.0,19.0,4.0,1.578,1.444,
P0790,TEMPERED DIWALI NOIR SALAD BOWL 21,LUMINARC,Dinnerware,£3.29,https://latabledarc.com/en/products/saladier-noir-21-cm-diwali-210-cl,https://cdn.shopify.com/s/files/1/0943/3553/3393/files/999f9997c68124142d4c1bb2d1daea4f_73528251-3671-49d4-8945-6e00ae4d16a6.jpg?v=1762447079,"Choose the 21cm Diwali black salad bowl from Luminarc
 This salad bowl proves to be both sturdy (an important characteristic for a product used often and regularly subjected to vigorous handling) and practical to use thanks to its light weight.",LUMINARC,DIWALI NOIR,RS6,PC,12,21.1,21.1,9.3,12,120.0,80.0,108.5,SODO,DINNERWARE,DINNERWARE,SALADIER,26.367,SALADIER 21 DIWALI NOIR T,8.329,336,0.645,6,FR,44.0,25.5,23.5,10883314714583,258.676,40883314714584,B2,883314714586,883314714586,21.0,21.0,23.7,3.95,10.452,
P0787,TEMPERED DIWALI NOIR SOUP PLATE 20,LUMINARC,Dinnerware,£1.27,https://latabledarc.com/en/products/assiette-creuse-noire-20-cm-diwali,https://cdn.shopify.com/s/files/1/0943/3553/3393/files/b555662f48f09e30de64377e1f0b8dc4.jpg?v=1762443599,"Choose the Diwali 20cm black soup plate by Luminarc
 This soup plate is durable and lightweight, making it ideal for everyday use. From saucy dishes and soups to solid and liquid foods, its versatility allows it to be used for all kinds of servings; your imagination is the only limit!",LUMINARC,DIWALI NOIR,RS6,PC,24,20.0,20.0,4.2,24,120.0,80.0,83.1,SODO,DINNERWARE,DINNERWARE,ASSIETTE,9.519,ASSIETTE CREUSE 20 DIWALI NOIR T,7.872,1440,0.315,6,FR,21.3,19.6,22.8,10883314714613,498.246,40883314714614,B4,883314714616,883314714616,20.1,20.1,7.3,1.915,2.949,
D7481,TEMPERED DIWALI OVAL DISH 33X25,LUMINARC,Dinnerware,£3.62,https://latabledarc.com/en/products/plat-blanc-33-x-25-cm-diwali,https://cdn.shopify.com/s/files/1/0943/3553/3393/files/5bb3fc2f5e44b2ca8900ef1deeb42a39.jpg?v=1762446634,"Choose the Diwali white platter, 33 x 25 cm, from Luminarc
   This dish is simply an essential item in your kitchen! Scratch-resistant, heat-resistant, and shock-resistant, yet remarkably lightweight for its size, this dish can be used daily for a wide variety of purposes! Its non-porous glass composition also makes it easy to clean (ingredients stick less) and perfectly hygienic!",LUMINARC,DIWALI,A12,PC,12,33.2,25.2,3.1,12,120.0,80.0,99.4,FLUO,DINNERWARE,DINNERWARE,PLAT,13.887,PLAT OVALE 33X25 DIWALI T,9.449,648,0.76,0,FR,35.3,14.0,28.1,10026102945459,535.81,40026102945450,,26102945452,26102945452,,,,,,
D6905,TEMPERED DIWALI PLATE 250,LUMINARC,Dinnerware,£1.18,https://latabledarc.com/en/products/assiette-plate-blanche-25-cm-diwali,https://cdn.shopify.com/s/files/1/0943/3553/3393/files/decdcdec449efc11e00e95b3245f79e9.webp?v=1768899757,"Discover the Diwali 25cm white plate from Luminarc.
  This plate combines aesthetics and durability thanks to its glass composition. Designed for everyday use, it's equally suitable for a quick meal or a large family dinner, and will easily withstand numerous washes in the dishwasher.",LUMINARC,DIWALI,RS6,PC,24,25.0,25.0,1.7,24,120.0,80.0,68.5,FLUO,DINNERWARE,DINNERWARE,ASSIETTE,10.012,ASSIETTE 250 DIWALI T,10.316,1152,0.42,6,FR,26.3,14.1,27.0,10026102289553,520.602,40026102289554,B4,26102289556,26102289556,25.0,25.0,4.1,2.53,2.563,
N6416,TEMPERED DIWALI SERVICE DISH 26,LUMINARC,Cookware – Crockery,£4.82,https://latabledarc.com/en/products/plat-de-cuisson-blanc-rond-26-cm-smart-cuisine-diwali,https://cdn.shopify.com/s/files/1/0943/3553/3393/files/36cf779b19b0b1e39ea9dcecb7d772e6_104418f7-d058-4325-9038-87c2d248ed10.jpg?v=1762446696,"Fall in love with the 26cm white Smart Cuisine Diwali baking dish developed by Luminarc
    This baking dish is the ideal companion for preparing and cooking all your dishes: spacious, practical, and sturdy; it's also easy to clean. The glass it's made of is a non-porous material, preventing food residue from sticking!",LUMINARC,SMART CUISINE DIWALI,A5,PC,5,26.0,26.0,6.8,5,120.0,80.0,96.8,OPALE CULINAIRE,KITCHENWARE,COOKWARE,CUISSON,19.224,PLAT ROND 26 SMART CUISINE DIWALI T,5.281,180,0.94,0,FR,27.4,25.7,27.3,10883314665922,216.444,40883314665923,,883314665925,883314665925,,,,,,
P6229,TEMPERED DIWALI WHITE SALAD BOWL 26,LUMINARC,Dinnerware,£4.19,https://latabledarc.com/en/products/saladier-blanc-26-cm-diwali-390-cl,https://cdn.shopify.com/s/files/1/0943/3553/3393/files/b1e430bf57b2e4fa4d00271d963515ed.jpg?v=1762447051,"Choose the Diwali 26cm white salad bowl from Luminarc
 This salad bowl proves to be both sturdy (an important characteristic for a product used often and regularly subjected to vigorous handling) and practical to use thanks to its light weight.",LUMINARC,DIWALI,A6,PC,6,25.9,25.9,11.4,6,120.0,83.4,99.1,FLUO,DINNERWARE,DINNERWARE,SALADIER,22.967,SALADIER 26 DIWALI BLANC T,6.584,216,1.02,0,FR,29.4,27.8,28.1,10883314769767,262.488,40883314769768,,883314769760,883314769760,,,,,,
L8535,TEMPERED DOMAINE STEMGLASS 27,ARCOROC,Drinkware – Wine,£1.97,,,,ARCOROC,DOMAINE,FA6,PC,24,7.6,7.6,18.2,24,120.0,80.0,94.2,SODO,DRINKWARE,DRINKWARE,VERRE A PIED,34.035,VERRE A PIED 27 DOMAINE T,4.277,480,0.142,6,FR,33.8,25.3,39.8,10883314592860,111.004,40883314592861,B4,,,23.6,16.0,19.1,0.973,1.051,883314592863
L7426,TEMPERED DOMAINE STEMGLASS 37,ARCOROC,Drinkware – Wine,£2.11,,,,ARCOROC,DOMAINE,FA6,PC,24,8.3,8.3,20.2,24,120.0,80.0,111.8,SODO,DRINKWARE,DRINKWARE,VERRE A PIED,54.677,VERRE A PIED 37 DOMAINE T,5.525,384,0.177,6,FR,57.4,39.2,24.3,10883314592884,113.884,40883314592885,B4,,,27.8,18.8,22.6,1.229,11.812,883314592887
L8904,TEMPERED DOMAINE STEMGLASS 47,ARCOROC,Drinkware – Wine,£2.24,,,,ARCOROC,DOMAINE,FA6,PC,12,9.1,9.1,22.0,12,120.0,80.0,111.8,SODO,DRINKWARE,DRINKWARE,VERRE A PIED,28.101,VERRE A PIED 47 DOMAINE T,3.113,384,0.201,6,FR,39.2,29.5,24.3,10883314592891,125.11,40883314592892,B2,,,9.1,9.1,22.0,1.206,1.802,883314592894
J4734,TEMPERED ELISA FLUTE 17,ARCOROC,Drinkware – Champagne,£1.97,,,,ARCOROC,ELISA,FA6,PC,1080,6.1,6.1,19.2,0,120.0,80.0,114.9,SODO,DRINKWARE,DRINKWARE,VERRE A PIED,0.0,FLUTE 17 ELISA T,0.0,1080,0.129,0,FR,,,,,184.247,40883314419892,,,,,,,,,
J4746,TEMPERED ELISA FLUTE 17,ARCOROC,Drinkware – Champagne,£1.97,,,,ARCOROC,ELISA,FA6,PC,24,6.1,6.1,19.2,24,120.0,80.0,96.8,SODO,DRINKWARE,DRINKWARE,VERRE A PIED,25.007,FLUTE 17 ELISA T,3.737,672,0.129,6,FR,28.3,21.5,41.1,10883314420101,130.08,40883314420102,B4,,,19.7,13.4,20.0,0.877,5.28,883314419894
J4591,TEMPERED ELISA O/F TUMBLER 23,ARCOROC,Drinkware – Rocks,£0.91,,,,ARCOROC,ELISA,FA6,PC,24,7.1,7.1,8.2,24,120.0,80.0,114.7,SODO,DRINKWARE,DRINKWARE,GOBELET,16.534,GOBELET FB 23 ELISA T,5.12,1200,0.19,6,FR,33.2,24.9,20.0,10026102271251,281.978,40026102271252,B4,,,23.6,16.0,9.4,1.219,3.549,26102277577
J4729,TEMPERED ELISA STEMMED GLASS 23,ARCOROC,Drinkware – Wine,£1.97,,,,ARCOROC,ELISA,FA6,PC,750,7.0,7.0,17.6,0,120.0,80.0,110.4,SODO,DRINKWARE,DRINKWARE,VERRE A PIED,0.0,VERRE A PIED 23 ELISA T,0.0,750,0.158,0,FR,,,,,161.021,40883314423493,,,,,,,,,
J4730,TEMPERED ELISA STEMMED GLASS 23,ARCOROC,Drinkware – Wine,£1.97,,,,ARCOROC,ELISA,FA6,PC,48,7.0,7.0,17.6,48,120.0,81.5,94.3,SODO,DRINKWARE,DRINKWARE,VERRE A PIED,63.982,VERRE A PIED 23 ELISA T,9.131,480,0.158,6,FR,48.3,33.2,39.9,10883314419877,116.667,40883314419878,B8,,,23.6,16.0,19.2,1.069,7.25,883314419870
J4727,TEMPERED ELISA STEMMED GLASS 30,ARCOROC,Drinkware – Wine,£2.11,,,,ARCOROC,ELISA,FA6,PC,504,7.7,7.7,19.4,0,120.0,80.0,98.8,SODO,DRINKWARE,DRINKWARE,VERRE A PIED,0.0,VERRE A PIED 30 ELISA T,0.0,504,0.19,0,FR,,,,,134.112,40883314423509,,,,,,,,,
J4726,TEMPERED ELISA STEMMED GLASS 42,ARCOROC,Drinkware – Wine,£2.24,,,,ARCOROC,ELISA,FA6,PC,48,8.5,8.5,21.2,48,120.0,80.0,108.5,SODO,DRINKWARE,DRINKWARE,VERRE A PIED,108.495,VERRE A PIED 42 ELISA T,13.538,384,0.237,6,FR,58.0,39.8,47.0,10883314419846,133.683,40883314419847,B8,,,27.9,18.8,22.7,1.589,11.907,883314419849
X1397,TEMPERED ELISA STEMMED GLASS 42,ARCOROC,Drinkware – Wine,£2.24,,,,ARCOROC,ELISA,FA6,PC,24,8.5,8.5,21.2,24,120.0,80.0,111.7,SODO,DRINKWARE,DRINKWARE,VERRE A PIED,54.582,VERRE A PIED 42 ELISA T,6.963,384,0.237,6,FR,57.3,39.2,24.3,10883314071068,136.89,40883314071069,B4,,,27.8,18.8,22.6,1.589,11.812,883314419849
J4728,TEMPERED ELISA STEMMEDGLASS 30,ARCOROC,Drinkware – Wine,£2.11,,,,ARCOROC,ELISA,FA6,PC,24,7.7,7.7,19.4,24,120.0,80.0,100.9,SODO,DRINKWARE,DRINKWARE,VERRE A PIED,41.024,VERRE A PIED 30 ELISA T,5.55,432,0.19,6,FR,35.7,26.6,43.2,10883314419860,125.379,40883314419861,B4,,,25.2,17.0,21.0,1.28,8.996,883314419863
L3751,TEMPERED ESKALE OF TUMBLER 18,ARCOROC,Drinkware – Tumblers,£1.14,,,,ARCOROC,ESKALE,FA6,PC,24,7.7,7.7,7.8,24,120.0,80.0,114.5,SODO,DRINKWARE,DRINKWARE,GOBELET,19.152,GOBELET FB 18 ESKALE T,5.199,1080,0.183,6,FR,36.0,26.6,20.0,10883314519836,259.923,40883314519837,B4,,,25.2,17.1,9.4,1.23,4.051,883314519839
L3750,TEMPERED ESKALE OF TUMBLER 31,ARCOROC,Drinkware – Tumblers,£1.42,,,,ARCOROC,ESKALE,FA6,PC,24,9.1,9.1,8.7,24,120.0,80.0,115.7,SODO,DRINKWARE,DRINKWARE,GOBELET,23.359,GOBELET FB 31 ESKALE T,6.852,960,0.248,6,FR,39.2,29.5,20.2,10883314519812,299.668,40883314519813,B4,,,27.8,18.8,9.3,1.629,4.861,883314519815
L7172,TEMPERED ESKALE TUMBLER 9,ARCOROC,Drinkware – Tumblers,£1.05,,https://static.wixstatic.com/media/042ed7_a3599358886b4f84b1bbc084df0386d5~mv2.webp,,ARCOROC,ESKALE,FA6,PC,24,6.2,6.2,6.5,24,120.0,80.0,114.7,SODO,DRINKWARE,DRINKWARE,GOBELET,12.442,GOBELET FB 9 ESKALE T,3.233,1680,0.11,6,FR,28.8,21.6,20.0,10883314570585,251.904,40883314570586,B4,,,6.2,6.2,6.5,0.66,0.248,883314570588
G0566,TEMPERED EVERYDAY 18 PC PLATE SET,LUMINARC,Dinnerware,£15.84,,,,LUMINARC,EVERYDAY,SS1,SET,1,26.6,14.8,26.2,1,120.0,80.0,119.6,FLUO,DINNERWARE,DINNERWARE,SERVICE VAISSELLE,10.314,SCE 18P TABLE EVERYDAY T,5.87,96,5.87,0,FR,26.6,14.8,26.2,883314151732,590.698,40883314151730,,883314151732,883314151732,,,,,,
G0567,TEMPERED EVERYDAY 19 PC DINER SET,LUMINARC,Dinnerware,£18.56,,,,LUMINARC,EVERYDAY,SS1,SET,1,28.0,22.0,26.3,1,120.0,80.0,120.6,FLUO,DINNERWARE,DINNERWARE,SERVICE VAISSELLE,16.201,SCE 19P TABLE EVERYDAY T,6.641,56,6.641,0,FR,28.0,22.0,26.3,883314151749,398.983,40883314151747,,883314151749,883314151749,,,,,,
H4122,TEMPERED EVERYDAY BOWL 12,LUMINARC,Dinnerware,£0.84,,,,LUMINARC,EVERYDAY,RS6,PC,24,12.0,12.0,5.3,24,120.0,80.0,107.2,FLUO,DINNERWARE,DINNERWARE,SALADIER,6.626,SALADIER 12 EVERYDAY T,3.918,3024,0.155,6,FR,25.1,20.0,13.2,10883314309932,519.337,40883314309933,B4,883314151695,883314151695,12.0,12.0,11.2,0.939,1.613,
G0570,TEMPERED EVERYDAY BOWL 24,LUMINARC,Dinnerware,£2.73,,,,LUMINARC,EVERYDAY,RS6,PC,6,23.9,23.9,9.8,6,120.0,80.0,117.4,FLUO,DINNERWARE,DINNERWARE,SALADIER,11.713,SALADIER 24 EVERYDAY T,4.0,360,0.63,6,FR,25.1,18.3,25.5,10883314151760,266.092,70883314151762,B1,883314151763,883314151763,24.0,24.0,16.5,3.794,9.504,
G0565,TEMPERED EVERYDAY DESSERT PLATE 19,LUMINARC,Dinnerware,£0.84,,,,LUMINARC,EVERYDAY,RS6,PC,24,19.0,19.0,1.6,24,120.0,80.0,100.2,FLUO,DINNERWARE,DINNERWARE,ASSIETTE,6.081,ASSIETTE DESSERT 19 EVERYDAY T,5.806,2496,0.235,6,FR,20.2,14.2,21.2,10883314151722,629.983,40883314151723,B4,883314151725,883314151725,19.0,19.0,3.9,1.419,1.408,883314181043
G0564,TEMPERED EVERYDAY DINNER PLATE 24,LUMINARC,Dinnerware,£0.91,,,,LUMINARC,EVERYDAY,RS6,PC,24,24.0,24.0,2.1,24,120.0,80.0,93.5,FLUO,DINNERWARE,DINNERWARE,ASSIETTE,10.564,ASSIETTE PLATE 24 EVERYDAY T,8.507,1656,0.345,6,FR,25.2,16.0,26.2,10883314151715,613.001,40883314151716,B4,883314151718,883314151718,24.0,24.0,4.6,2.08,2.65,883314181029
H9859,"TEMPERED EVERYDAY LARGE DINNER PLATE26,5",LUMINARC,Dinnerware,£1.13,,,,LUMINARC,EVERYDAY,RS6,PC,24,26.5,26.5,2.5,24,120.0,80.0,100.3,FLUO,DINNERWARE,DINNERWARE,ASSIETTE,13.134,"ASSIETTE GRANDE 26,5 EVERYDAY T",11.416,1152,0.465,6,FR,28.1,16.4,28.5,10883314368724,573.532,40883314368725,B4,883314368727,883314368727,26.5,26.5,5.0,2.8,3.511,
G0563,TEMPERED EVERYDAY SOUP PLATE 22,LUMINARC,Dinnerware,£0.91,,,,LUMINARC,EVERYDAY,RS6,PC,24,22.0,22.0,3.3,24,120.0,80.0,112.6,FLUO,DINNERWARE,DINNERWARE,ASSIETTE,11.219,ASSIETTE CREUSE 22 EVERYDAY T,8.402,1728,0.34,6,FR,23.2,19.9,24.3,10883314151708,631.21,40883314151709,B4,883314151701,883314151701,22.0,22.0,6.3,2.049,3.049,883314181104
63391,TEMPERED EVOLUTION PEPS MUG 32,LUMINARC,Hot Drinks / Breakfast – Beverage Service,£1.10,,,,LUMINARC,EVOLUTION BL UNI,RA6,PC,36,7.9,7.9,9.4,36,120.0,80.0,102.7,FLUO,HOT DRINKS / BREAKFA,HOT DRINKS / BREAKFA,BOL / MUG (PTT DEJEUNER),24.084,MUG 32 EVOLUTION PEPS T,10.329,1080,0.275,6,FR,33.3,24.6,29.4,10026102633912,335.339,40026102633913,B6,26102633915,26102633915,23.5,15.3,9.1,1.682,3.272,26102633939
P1131,TEMPERED EVOLUTIONS BLACK DES. PLATE 190,ARCOROC,Dinnerware,£1.18,,,,ARCOROC,EVOLUTIONS BLACK,RS6,PC,24,19.0,19.0,1.7,24,120.0,80.0,77.4,SODO,DINNERWARE,DINNERWARE,ASSIETTE,5.826,ASS CPE 190 EVOLUTIONS BLACK NOIR T,6.459,2160,0.26,6,FR,20.2,13.8,20.9,10883314717126,606.874,40883314717127,B4,883314717129,883314717129,19.0,19.0,4.0,1.579,1.444,883314717136
P1129,TEMPERED EVOLUTIONS BLACK DINNER PLAT250,ARCOROC,Dinnerware,£1.27,,,,ARCOROC,EVOLUTIONS BLACK,RS6,PC,24,25.0,25.0,1.7,24,120.0,80.0,68.6,SODO,DINNERWARE,DINNERWARE,ASSIETTE,10.012,ASS CPE 250 EVOLUTIONS BLACK NOIR T,10.625,1152,0.43,6,FR,26.3,14.1,27.0,10883314717072,535.627,40883314717073,B4,883314717075,883314717075,25.0,25.0,4.1,2.605,2.563,883314717099
P1128,TEMPERED EVOLUTIONS BLACK DINNER PLATE27,ARCOROC,Dinnerware,£1.37,,,,ARCOROC,EVOLUTIONS BLACK,RS6,PC,24,27.3,27.3,1.8,24,120.0,80.0,72.8,SODO,DINNERWARE,DINNERWARE,ASSIETTE,11.941,ASS CPE 270 EVOLUTIONS BLACK NOIR T,12.555,960,0.51,6,FR,28.3,14.5,29.1,10883314717058,527.832,40883314717059,B4,883314717051,883314717051,27.3,27.3,4.3,3.086,3.205,883314717068
P1130,TEMPERED EVOLUTIONS BLACK SOUP PLATE 200,ARCOROC,Dinnerware,£1.27,,,,ARCOROC,EVOLUTIONS BLACK,RS6,PC,24,20.0,20.0,4.2,24,120.0,80.0,83.1,SODO,DINNERWARE,DINNERWARE,ASSIETTE,9.519,ASS CREUSE 200 EVOLUTIONS BLACK NOIR T,7.876,1440,0.315,6,FR,21.3,19.6,22.8,10883314717102,498.489,40883314717103,B4,883314717105,883314717105,20.1,20.1,7.3,1.916,2.949,883314717112
P1141,TEMPERED EVOLUTIONS BLACK SOUP PLATE 260,ARCOROC,Dinnerware,£2.93,,,,ARCOROC,EVOLUTIONS BLACK,RS6,PC,24,26.0,26.0,4.5,24,120.0,80.0,97.5,SODO,DINNERWARE,DINNERWARE,ASSIETTE,12.114,ASS CREUSE 260 EVOLUTIONS BLACK NOIR T,10.281,1296,0.415,6,FR,26.6,16.5,27.6,10883314717317,581.098,40883314717318,B4,883314717310,883314717310,26.0,26.0,7.5,2.512,5.07,883314717327
P1140,TEMPERED EVOLUTIONS BLACK STEAK PLATE300,ARCOROC,Dinnerware,£2.93,,,,ARCOROC,EVOLUTIONS BLACK,RS6,PC,12,30.0,30.0,3.0,12,120.0,80.0,72.5,SODO,DINNERWARE,DINNERWARE,ASSIETTE,10.593,ASS STEAK 300X260 EVOLUTIONS BLACK N T,9.679,600,0.78,6,FR,31.5,11.4,29.5,10883314717294,509.645,40883314717295,B2,883314717297,883314717297,30.4,25.8,6.7,4.712,5.255,883314717303
L2805,TEMPERED EVOLUTIONS SOLUT PLATE 285   R6,ARCOROC,Dinnerware,£16.35,,,,ARCOROC,EVOLUTIONS SOLUTIONS,RS6,R6,2,28.6,28.6,7.2,2,120.0,80.0,74.2,FLUO,DINNERWARE,DINNERWARE,ASSIETTE,10.549,ASS A PATES 285 EVOLUTIONS SOLUTIO T R6,7.685,104,3.732,0,FR,29.5,12.0,29.8,10883314508618,425.266,40883314508619,B2,883314510737,883314510737,,,,,,
L2808,TEMPERED EVOLUTIONS SOLUT PLATE210X190R6,ARCOROC,Dinnerware,£9.55,,,,ARCOROC,EVOLUTIONS SOLUTIONS,RS6,R6,4,21.5,19.2,4.5,4,120.0,80.0,79.1,FLUO,DINNERWARE,DINNERWARE,ASSIETTE,8.159,ASS DT 215X190X19 EVOLUTIONS SOLUT T R6,8.601,252,2.11,0,FR,23.0,16.5,21.5,10883314508632,567.297,40883314508633,B4,883314510720,883314510720,,,,,,
N9395,TEMPERED EVOLUTIONS WHITE SALAD BOWL 145,ARCOROC,Dinnerware,£1.59,,,,ARCOROC,EVOLUTIONS WHITE,RS4,PC,24,14.5,14.5,7.9,24,120.0,80.0,110.5,FLUO,DINNERWARE,DINNERWARE,SALADIER,22.887,SALADIER 145 EVOLUTIONS WHITE T,8.715,720,0.34,4,FR,46.9,30.5,16.0,10883314698098,287.029,40883314698099,B6,883314698091,883314698091,14.5,14.5,18.0,1.388,3.785,883314807622
N9365,TEMPERED EVOLUTIONS WHITE SALAD BOWL 180,ARCOROC,Dinnerware,£1.63,,,,ARCOROC,EVOLUTIONS WHITE,RS6,PC,12,17.8,17.8,7.5,12,120.0,80.0,111.4,FLUO,DINNERWARE,DINNERWARE,SALADIER,11.001,SALADIER 180 EVOLUTIONS WHITE T,4.947,960,0.39,6,FR,30.0,19.0,19.3,10883314698074,422.421,40883314698075,B2,883314698077,883314698077,17.8,17.8,17.5,2.383,5.545,883314698084
50420,TEMPERED F.BORDEAUX BOWL 120,ARCOROC,Dinnerware,£2.25,,,,ARCOROC,F.BORDEAUX,RS6,PC,36,12.1,12.1,4.7,36,120.0,80.0,110.4,FLUO,DINNERWARE,DINNERWARE,SALADIER,11.303,SALADIER 120 FILET BORDEAUX T,7.421,2520,0.2,6,FR,37.5,22.0,13.7,10026102504205,545.154,40026102504206,B6,,,12.1,12.1,4.7,1.2,0.688,26102504215
17147,TEMPERED F.BORDEAUX BOWL 51,ARCOROC,Hot Drinks / Breakfast – Crockery,£2.80,,,,ARCOROC,F.BORDEAUX,RS6,PC,36,13.2,13.2,7.4,36,120.0,80.0,117.4,FLUO,HOT DRINKS / BREAKFA,HOT DRINKS / BREAKFA,BOL / MUG (PTT DEJEUNER),17.899,BOL 51 FILET BORDEAUX T,9.905,1512,0.265,6,FR,41.7,29.2,14.7,10026102171476,441.384,40026102171477,B6,,,13.2,13.2,7.4,1.59,1.289,26102502723
55856,TEMPERED F.DELFT BOWL 120,ARCOROC,Dinnerware,£2.25,,,,ARCOROC,F.DELFT REST/HOT BL,RS6,PC,36,12.1,12.1,4.7,36,120.0,80.0,110.4,FLUO,DINNERWARE,DINNERWARE,SALADIER,11.303,SALADIER ROND 120 F.DELFT T,7.421,2520,0.2,6,FR,37.5,22.0,13.7,10026102558567,545.154,40026102558568,B6,,,12.1,12.1,4.7,1.2,0.688,26102558577
22852,TEMPERED F.DELFT CUP 19,ARCOROC,Hot Drinks / Breakfast – Beverage Service,£2.14,,,,ARCOROC,F.DELFT REST/HOT BL,RB12,PC,48,7.8,7.8,6.5,48,120.0,80.0,108.7,FLUO,HOT DRINKS / BREAKFA,HOT DRINKS / BREAKFA,TASSE / SOUS-TASSE,19.739,TASSE 19 F.DELFT T,9.533,1920,0.19,12,FR,33.2,25.3,23.5,10026102228521,406.899,40026102228522,B4,,,23.8,15.7,11.0,2.314,4.11,26102558973
X2003,TEMPERED F.DELFT CUP 19,ARCOROC,Hot Drinks / Breakfast – Beverage Service,£2.14,,,,ARCOROC,F.DELFT REST/HOT BL,FA12,PC,12,7.8,7.8,6.5,12,120.0,80.0,109.4,FLUO,HOT DRINKS / BREAKFA,HOT DRINKS / BREAKFA,TASSE / SOUS-TASSE,6.724,TASSE 19 F.DELFT T,2.421,1500,0.19,0,FR,25.1,14.1,19.0,26102558973,329.367,40883314085523,,,,,,,,,
22613,TEMPERED F.DELFT PLATE 195,ARCOROC,Dinnerware,£3.15,,,,ARCOROC,F.DELFT REST/HOT BL,RS6,PC,24,19.3,19.3,2.2,24,120.0,80.0,76.3,FLUO,DINNERWARE,DINNERWARE,ASSIETTE,7.033,ASSIETTE RONDE 195 F.DELFT T,7.829,1728,0.32,6,FR,20.3,16.9,20.5,10026102226138,589.319,40026102226139,B4,,,19.3,19.3,5.3,1.923,1.974,26102557655
22597,TEMPERED F.DELFT PLATE 235,ARCOROC,Dinnerware,£3.47,,,,ARCOROC,F.DELFT REST/HOT BL,RS6,PC,24,23.6,23.6,2.6,24,120.0,80.0,90.6,FLUO,DINNERWARE,DINNERWARE,ASSIETTE,12.158,ASSIETTE PL 235 F.DELFT T,12.349,1152,0.505,6,FR,24.9,19.3,25.3,10026102225971,618.699,40026102225972,B4,,,23.6,23.6,5.9,3.034,3.286,26102557396
17145,TEMPERED F.DELFT ROUND BOWL 51,ARCOROC,Hot Drinks / Breakfast – Crockery,£2.80,,,,ARCOROC,F.DELFT REST/HOT BL,RS6,PC,36,13.2,13.2,7.4,36,120.0,80.0,117.4,FLUO,HOT DRINKS / BREAKFA,HOT DRINKS / BREAKFA,BOL / MUG (PTT DEJEUNER),17.899,BOL ROND 51 F.DELFT T,9.907,1512,0.265,6,FR,41.7,29.2,14.7,10026102171452,441.478,40026102171453,B6,,,13.2,13.2,7.4,1.59,1.289,26102558317
P3956,TEMPERED F.DELFT ROUND PLATE 252,ARCOROC,Dinnerware,£3.70,,,,ARCOROC,F.DELFT REST/HOT BL,RS6,PC,12,25.3,25.3,2.5,12,120.0,80.0,68.3,FLUO,DINNERWARE,DINNERWARE,ASSIETTE,8.349,ASSIETTE 252 F.DELFT T,7.879,672,0.64,6,FR,26.4,11.8,26.8,10026102292232,466.847,40026102292233,B2,,,25.5,25.5,5.9,3.845,3.836,26102557303
22555,TEMPERED F.DELFT. PLATE 155,ARCOROC,Dinnerware,£2.46,,,,ARCOROC,F.DELFT REST/HOT BL,RS6,PC,24,15.5,15.5,1.8,24,120.0,80.0,65.2,FLUO,DINNERWARE,DINNERWARE,ASSIETTE,5.022,ASSIETTE 155 F.DELFT T,5.287,2016,0.215,6,FR,17.9,16.7,16.8,10026102225551,469.709,40026102225552,B4,,,15.5,15.5,1.8,1.29,0.432,26102557747
14977,TEMPERED FESTON 19 PC TABLE SET,LUMINARC,Dinnerware,£18.56,,,,LUMINARC,FESTON BL UNI,SS1,SET,56,28.0,22.0,26.3,1,120.0,80.0,120.5,FLUO,DINNERWARE,DINNERWARE,SERVICE VAISSELLE,16.201,SCE 19P TABLE FESTON T,6.011,56,6.031,0,FR,28.0,22.0,26.3,26102115527,364.823,40026102149773,,26102115527,26102115527,,,,,,
H3663,TEMPERED FESTON BOWL 12,LUMINARC,Dinnerware,£0.84,https://latabledarc.com/en/products/coupelle-blanche-12-cm-feston-30-cl,https://cdn.shopify.com/s/files/1/0943/3553/3393/files/86c33925a1a2f3f6dbdd3df0db979b91.jpg?v=1762445016,"Opt for the 12cm White Festoon Bowl by Luminarc
 This bowl is an essential item in your kitchen.",LUMINARC,FESTON BL UNI,RS6,PC,24,12.5,12.5,5.2,24,120.0,80.0,110.7,FLUO,DINNERWARE,DINNERWARE,SALADIER,6.45,COUPELLE 12 FESTON T,3.782,3192,0.15,6,FR,26.3,17.9,13.7,10026102254582,529.359,40026102254583,B4,26102113707,26102113707,12.5,12.5,10.4,0.908,1.625,
E9657,TEMPERED FESTON BOWL 25,LUMINARC,Dinnerware,£2.73,https://latabledarc.com/en/products/saladier-blanc-25-cm-feston-240-cl,https://cdn.shopify.com/s/files/1/0943/3553/3393/files/67a105750e63859ec52f68c116160ec0_391e5b92-c8b2-4e55-ae5d-8c5f16fd276c.jpg?v=1762447037,"Choose the 25cm white Feston salad bowl from Luminarc
 This salad bowl proves to be both sturdy (an important characteristic for a product used often and regularly subjected to vigorous handling) and practical to use thanks to its light weight.",LUMINARC,FESTON BL UNI,RS6,PC,6,24.8,24.8,9.4,6,120.0,80.0,94.6,FLUO,DINNERWARE,DINNERWARE,SALADIER,12.029,SALADIER 25 FESTON T,4.062,378,0.64,6,FR,26.6,17.0,26.6,10026102237523,281.357,40026102237524,B1,26102113714,26102113714,25.0,25.0,15.5,3.855,9.688,
H4989,TEMPERED FESTON DEEP DISH 28,LUMINARC,Dinnerware,£3.41,https://latabledarc.com/en/products/plat-blanc-28-cm-feston,https://cdn.shopify.com/s/files/1/0943/3553/3393/files/7ca0abec5122735dc674240cdfc99b79.jpg?v=1762446599,"Choose the 28cm White Festoon Platter from Luminarc
   This dish is simply an essential item in your kitchen! Scratch-resistant, heat-resistant, and shock-resistant, yet remarkably lightweight for its size, this dish can be used daily for a wide variety of purposes! Its non-porous glass composition also makes it easy to clean (ingredients stick less) and perfectly hygienic!",LUMINARC,FESTON BL UNI,A4,PC,16,28.0,28.0,5.4,16,120.0,80.0,105.7,FLUO,DINNERWARE,DINNERWARE,PLAT,31.464,PLAT CREUX 28 FESTON T,10.783,384,0.615,4,FR,34.5,30.0,30.4,10026102113728,284.266,40026102113729,B4,26102113721,26102113721,28.0,28.0,5.4,2.46,4.234,
H4997,TEMPERED FESTON DESSERT PLATE 19,LUMINARC,Dinnerware,£0.84,https://latabledarc.com/en/products/assiette-dessert-blanche-19-cm-feston,https://cdn.shopify.com/s/files/1/0943/3553/3393/files/245cf516975b52292a45c5ec956ae3fe.jpg?v=1762443698,"Discover the 19cm Feston white plate from Luminarc.
 This plate combines aesthetics and durability thanks to its glass composition. Designed for everyday use, it's equally suitable for a quick meal or a large family dinner, and will easily withstand numerous washes in the dishwasher.",LUMINARC,FESTON BL UNI,RS6,PC,24,18.8,18.8,2.0,24,120.0,80.0,74.8,FLUO,DINNERWARE,DINNERWARE,ASSIETTE,5.174,ASSIETTE DESSERT 19 FESTON T,5.183,2592,0.21,6,FR,20.0,13.0,19.9,10026102255893,585.328,40026102255894,B4,26102113691,26102113691,18.8,18.8,4.2,1.269,1.484,
11367,TEMPERED FESTON DINNER PLATE 23,LUMINARC,Dinnerware,£0.91,,,,LUMINARC,FESTON BL UNI,RS6,PC,36,22.8,22.8,2.3,36,120.0,80.0,88.8,FLUO,DINNERWARE,DINNERWARE,ASSIETTE,10.967,ASSIETTE PLATE 23 FESTON T,11.054,2160,0.3,6,FR,24.0,18.5,24.7,10026102113674,688.804,40026102113675,B6,26102113677,26102113677,23.0,23.0,4.2,1.809,2.222,
X0507,TEMPERED FESTON LARGE DINNER PLATE 27,LUMINARC,Dinnerware,£1.13,https://latabledarc.com/en/products/assiette-plate-blanche-27-cm-feston,https://cdn.shopify.com/s/files/1/0943/3553/3393/files/55252965e4ea06abb21fb21acb5e8acb.jpg?v=1762443385,"Discover the 27cm Feston white plate from Luminarc
 This plate combines aesthetics and durability thanks to its glass composition. Designed for everyday use, it's equally suitable for a quick meal or a large family dinner, and will easily withstand numerous washes in the dishwasher.",LUMINARC,FESTON BL UNI,RS6,PC,24,27.3,27.3,2.3,24,120.0,80.0,73.3,FLUO,DINNERWARE,DINNERWARE,ASSIETTE,11.093,ASSIETTE GRANDE 27 FESTON T,10.581,1152,0.43,0,FR,28.9,13.1,29.3,10026102300487,533.567,40026102300488,B4,26102113653,26102113653,,,,,,
11364,TEMPERED FESTON MULTI-PURPOSE BOWL,LUMINARC,Dinnerware,£0.91,https://latabledarc.com/en/products/coupelle-blanche-18-cm-feston-47-cl,https://cdn.shopify.com/s/files/1/0943/3553/3393/files/7ca0abec5122735dc674240cdfc99b79_45693ee5-075e-4032-a60e-813fff9c61a4.jpg?v=1762445044,"Opt for the 18cm White Feston Bowl by Luminarc
 This bowl is an essential item in your kitchen.",LUMINARC,FESTON BL UNI,RS8,PC,48,18.0,18.0,3.6,48,120.0,80.0,95.8,FLUO,DINNERWARE,DINNERWARE,SALADIER,14.912,COUPELLE MULTI-USAGES FESTON T,11.369,2304,0.23,8,FR,37.1,19.8,20.3,10026102113643,571.176,40026102113644,B6,26102113646,26102113646,18.0,18.0,7.7,1.851,2.495,
E8862,TEMPERED FESTON OVAL PLATTER,LUMINARC,Dinnerware,£3.41,,,,LUMINARC,FESTON BL UNI,FA6,PC,6,33.0,25.0,2.3,6,120.0,80.0,95.2,FLUO,DINNERWARE,DINNERWARE,PLAT,4.941,PLAT OVALE 33 FESTON T,3.878,828,0.62,0,FR,33.9,5.5,26.5,10000000232378,563.432,40026102232376,,26102115565,26102115565,,,,,,
E9654,TEMPERED FESTON ROUND PLATTER 30,LUMINARC,Dinnerware,£3.41,https://latabledarc.com/en/products/plat-blanc-30-cm-feston,https://cdn.shopify.com/s/files/1/0943/3553/3393/files/ea491cf6e1a5212b6b3b6930ab146efd.webp?v=1762530078,"Choose the 30cm White Festoon Platter from Luminarc
 This dish is simply an essential item in your kitchen! Scratch-resistant, heat-resistant, and shock-resistant, yet remarkably lightweight for its size, this dish can be used daily for a wide variety of purposes! Its non-porous glass composition also makes it easy to clean (ingredients stick less) and perfectly hygienic!",LUMINARC,FESTON BL UNI,FA6,PC,6,30.0,30.0,2.4,6,120.0,80.0,108.4,FLUO,DINNERWARE,DINNERWARE,PLAT,5.574,PLAT ROND 30 FESTON T,3.919,864,0.625,0,FR,31.1,5.8,30.9,10026102237486,592.623,40026102237487,,26102115558,26102115558,,,,,,
11368,TEMPERED FESTON SOUP PLATE 21,LUMINARC,Dinnerware,£0.91,,,,LUMINARC,FESTON BL UNI,RS6,PC,36,20.8,20.8,3.1,36,120.0,80.0,84.3,FLUO,DINNERWARE,DINNERWARE,ASSIETTE,11.641,ASSIETTE CREUSE 21 FESTON T,10.533,1620,0.285,6,FR,22.4,22.4,23.2,10026102113681,499.519,40026102113682,B6,26102113684,26102113684,20.8,20.8,5.5,1.718,2.38,
H4991,TEMPERED FESTON SOUP PLATE 23,LUMINARC,Dinnerware,£0.91,https://latabledarc.com/en/products/assiette-creuse-blanche-23-cm-feston,https://cdn.shopify.com/s/files/1/0943/3553/3393/files/295d42f71e6055a941d6cfe9d8d23e83.webp?v=1776327549,"Opt for the 23cm Feston white soup plate by Luminarc
   This soup plate is durable and lightweight, making it ideal for everyday use. From saucy dishes and soups to solid and liquid foods, its versatility allows it to be used for all kinds of servings; your imagination is the only limit!",LUMINARC,FESTON BL UNI,RS6,PC,24,23.0,23.0,3.3,24,120.0,80.0,88.6,FLUO,DINNERWARE,DINNERWARE,ASSIETTE,9.965,ASSIETTE CREUSE 23 FESTON T,8.389,1440,0.34,6,FR,24.6,16.4,24.7,10026102255886,528.684,40026102255887,B4,26102292303,26102292303,23.0,23.0,5.6,2.049,2.962,
11874,TEMPERED FOOTED MUG 29,ARCOROC,Drinkware – Hot Drinks,£2.81,,,,ARCOROC,BOCK 29 TRANSP,FA4,PC,24,7.2,7.2,14.2,24,120.0,80.0,112.5,SODO,DRINKWARE,DRINKWARE,BOCK HORS CAFE/THE/PT.DEJ,23.898,BOCK SUR PIED 29 T,9.736,864,0.375,4,FR,49.2,29.8,16.3,10026102118747,376.087,40026102118748,B6,,,16.1,14.6,15.0,1.577,3.526,26102102398
V7999,"TEMPERED FORUM H/B TUMBLER 26,5",ARCOROC,Drinkware – Hiballs,£0.99,,,,ARCOROC,FORUM,FA6,PC,48,7.5,7.5,10.3,48,120.0,80.0,111.4,SODO,DRINKWARE,DRINKWARE,GOBELET,44.964,"GOBELET FH 26,5 FORUM T",10.88,768,0.2,0,FR,51.9,35.8,24.2,10026102299392,199.753,40026102299393,B8,,,,,,,,
N2177,TEMPERED FRIENDSTIME BLACK STEAK PLATE30,LUMINARC,Dinnerware,£2.93,https://latabledarc.com/en/products/assiette-a-steak-noire-30-cm-friends-time,https://cdn.shopify.com/s/files/1/0943/3553/3393/files/53e59ae30c43f5acc57da063016a5473_76b7892b-6ad6-444a-91c4-7a1e45a26f95.jpg?v=1762444267,"Discover the 30cm Friend's Time black steak plate from Luminarc.
 This plate combines aesthetics and durability thanks to its glass composition. Designed for everyday use, it's equally suitable for a quick meal or a large family dinner, and will easily withstand numerous washes in the dishwasher.",LUMINARC,FRIENDS' TIME BLACK,A12,PC,12,30.0,30.0,3.0,12,120.0,80.0,73.8,SODO,DINNERWARE,DINNERWARE,ASSIETTE,10.396,ASS STEAK 30 FRIENDS TIME N BLACK T,9.668,600,0.78,0,FR,31.4,11.3,29.3,10883314620297,509.053,40883314620298,,883314620283,883314620283,,,,,,
P8643,TEMPERED GRAND CENTRAL MUG 32,LUMINARC,Hot Drinks / Breakfast – Beverage Service,£1.37,https://latabledarc.com/en/products/mug-32-cl-grand-central,https://cdn.shopify.com/s/files/1/0943/3553/3393/files/ebbaa3873591fa8e43df390a7268bcb0.jpg?v=1762446538,"Fall in love with the Grand Central 32cl Mug, developed by Luminarc
   This mug is a breakfast and coffee break essential! Hot chocolate, coffee, or tea: this versatile mug caters to everyone's tastes, whether you're a guest or the host! No need to think twice: whatever the drink, this mug is perfect—just pour!",LUMINARC,GRAND CENTRAL,A6,PC,6,10.7,10.7,11.1,6,120.0,80.0,113.9,SODO,HOT DRINKS / BREAKFA,HOT DRINKS / BREAKFA,BOL / MUG (PTT DEJEUNER),5.442,MUG 32 GRAND CENTRAL T,1.839,1008,0.28,0,FR,26.6,16.5,12.4,10883314796060,309.539,40883314796061,,883314796063,883314796063,,,,,,
J2608,TEMPERED GRANITY H/B TUMBLER 20,ARCOROC,Drinkware – Hiballs,£1.08,,https://static.wixstatic.com/media/042ed7_61bd2cf971de409687fab6ce62c751f1~mv2.webp,,ARCOROC,GRANITY,FA6,PC,24,6.4,6.4,12.7,24,120.0,80.0,99.2,SODO,DRINKWARE,DRINKWARE,GOBELET,17.543,GOBELET TUBO 20 GRANITY T,6.195,1008,0.235,6,FR,28.8,21.6,28.2,10883314398455,285.554,40883314398456,B4,,,20.3,13.8,13.5,1.49,3.782,883314398458
J2604,TEMPERED GRANITY H/B TUMBLER 31,ARCOROC,Drinkware – Hiballs,£1.32,,,,ARCOROC,GRANITY,FA6,PC,1050,0.0,0.0,14.0,0,120.0,80.0,118.0,SODO,DRINKWARE,DRINKWARE,GOBELET,0.0,GOBELET FH 31 GRANITY T,0.0,1050,0.336,0,FR,,,,,397.855,40883314403693,,,,,,,,,
J2605,TEMPERED GRANITY H/B TUMBLER 31,ARCOROC,Drinkware – Hiballs,£1.32,,https://static.wixstatic.com/media/042ed7_3c3dbf05679d45da917117bb15e5bf5b~mv2.webp,,ARCOROC,GRANITY,FA6,PC,24,7.5,7.5,14.0,24,120.0,80.0,107.5,SODO,DRINKWARE,DRINKWARE,GOBELET,26.509,GOBELET FH 31 GRANITY T,8.806,720,0.336,6,FR,33.8,25.3,31.0,10883314398424,290.143,40883314398425,B4,,,23.6,16.0,14.7,2.119,0.788,883314398427
J2606,TEMPERED GRANITY H/B TUMBLER 35,ARCOROC,Drinkware – Hiballs,£1.32,,,,ARCOROC,GRANITY,FA6,PC,768,8.5,8.5,12.2,0,120.0,80.0,117.8,SODO,DRINKWARE,DRINKWARE,GOBELET,0.0,GOBELET FH 35 GRANITY T,0.0,768,0.365,0,FR,,,,,322.486,40883314403662,,,,,,,,,
J2602,TEMPERED GRANITY H/B TUMBLER 42,ARCOROC,Drinkware – Hiballs,£1.32,,,,ARCOROC,GRANITY,FA6,PC,672,8.9,8.9,13.0,0,120.0,80.0,110.7,SODO,DRINKWARE,DRINKWARE,GOBELET,0.0,GOBELET FH 42 GRANITY T,0.0,672,0.4,0,FR,,,,,309.5,40883314403648,,,,,,,,,
J2603,TEMPERED GRANITY H/B TUMBLER 42,ARCOROC,Drinkware – Hiballs,£1.32,,https://static.wixstatic.com/media/042ed7_c893c36d2e2d448da0d28fd4fdd13b35~mv2.webp,,ARCOROC,GRANITY,FA6,PC,24,8.9,8.9,13.0,24,120.0,80.0,102.2,SODO,DRINKWARE,DRINKWARE,GOBELET,33.767,GOBELET FH 42 GRANITY T,10.488,576,0.4,6,FR,39.2,29.5,29.2,10883314398417,277.076,40883314398418,B4,,,27.9,18.8,13.7,2.523,7.186,883314398410
J2599,TEMPERED GRANITY H/B TUMBLER 46,ARCOROC,Drinkware – Hiballs,£1.47,,,,ARCOROC,GRANITY,FA6,PC,576,0.0,0.0,0.0,0,120.0,80.0,115.3,SODO,DRINKWARE,DRINKWARE,GOBELET,0.0,GOBELET FH 46 GRANITY T,0.0,576,0.505,0,FR,,,,,330.984,40883314403341,,,,,,,,,
X1571,TEMPERED GRANITY H/B TUMBLER 46,ARCOROC,Drinkware – Hiballs,£1.47,,,,ARCOROC,GRANITY,FA6,PC,12,8.7,8.7,16.0,12,120.0,80.0,106.1,SODO,DRINKWARE,DRINKWARE,GOBELET,21.162,GOBELET H/BALL 46 GRANITY T,6.662,480,0.505,6,FR,39.2,29.5,18.3,10883314073222,291.953,40883314073223,B2,,,27.8,18.8,16.7,3.169,8.728,883314398403
J2598,TEMPERED GRANITY HB TUMBLER 65,ARCOROC,Drinkware – Hiballs,£2.13,,https://static.wixstatic.com/media/042ed7_28d4b42a2c344adcb4c080c172b09bd2~mv2.webp,,ARCOROC,GRANITY,FA6,PC,12,9.6,9.6,17.8,12,120.0,80.0,117.5,SODO,DRINKWARE,DRINKWARE,GOBELET,28.39,GOBELET FH 65 GRANITY T,7.806,360,0.59,6,FR,42.8,32.2,20.6,10883314398394,259.574,40883314398395,B2,,,30.5,20.6,19.0,3.71,11.938,883314398397
J2609,TEMPERED GRANITY O/F TUMBLER 16,ARCOROC,Drinkware – Rocks,£0.93,,,,ARCOROC,GRANITY,FA6,PC,1800,0.0,0.0,0.0,0,120.0,80.0,109.8,SODO,DRINKWARE,DRINKWARE,GOBELET,0.0,GOBELET FB 16 GRANITY T,0.0,1800,0.165,0,FR,,,,,345.357,40883314403624,,,,,,,,,
J2610,TEMPERED GRANITY O/F TUMBLER 16,ARCOROC,Drinkware – Rocks,£0.93,,https://static.wixstatic.com/media/042ed7_a56d9d3ddee241adb13860f11ea0e7cf~mv2.webp,,ARCOROC,GRANITY,FA6,PC,48,7.3,7.3,7.3,48,120.0,80.2,118.3,SODO,DRINKWARE,DRINKWARE,GOBELET,26.897,GOBELET FB 16 GRANITY T,8.858,1440,0.165,6,FR,47.4,32.8,17.3,10883314398462,291.718,40883314398463,B8,,,23.0,15.6,7.9,1.059,2.835,883314398465
J2611,TEMPERED GRANITY O/F TUMBLER 20,ARCOROC,Drinkware – Rocks,£1.08,,,,ARCOROC,GRANITY,FA6,PC,24,8.0,8.0,8.1,24,120.0,80.0,111.4,SODO,DRINKWARE,DRINKWARE,GOBELET,22.981,GOBELET FB 20 GRANITY T,5.85,864,0.215,6,FR,35.7,26.6,24.2,10883314398479,236.281,40883314398470,B4,,,25.2,17.0,11.3,1.386,4.841,883314398472
J2612,TEMPERED GRANITY O/F TUMBLER 27,ARCOROC,Drinkware – Rocks,£1.08,,,,ARCOROC,GRANITY,FA6,PC,864,0.0,0.0,9.8,0,120.0,80.0,99.1,SODO,DRINKWARE,DRINKWARE,GOBELET,0.0,GOBELET FB 27 GRANITY T,0.0,864,0.3,0,FR,,,,,302.121,40883314403600,,,,,,,,,
4755,"TEMPERED GRANITY SHOT GLASS 4,5",ARCOROC,Drinkware – Shot Glasses,£0.81,https://latabledarc.com/en/products/verre-a-shooter-4-5-cl-granity,https://cdn.shopify.com/s/files/1/0943/3553/3393/files/c02a1320dc2d1f3294f29351e020c337.jpg?v=1778156639,"Choisissez le gobelet forme basse 4,5 cl Granity 04755 d'Arcoroc.
 Incontournable des bars et discothèques, c'est le vrai shooter des soirées tendances. Son design a fait le tour du monde et vous pourrez jouer de son coté graphique. Il sera là pour que vous puissiez faire le show. Ultra résistant, il bénéficie de la technologie de la trempe. Idéal pour le service des vodka, liqueurs et autres mezcal, il permet aussi de servir des minis cocktails extra strong. Sa petite taille et son empilabilité seront de véritables atouts pour un gain de place sur les étagères. Le plus Arcoroc : détourné à souhait ce petit gobelet deviendra un contenant à sauce sur les tables ou une verrine sur les buffets.",ARCOROC,GRANITY,FA12,PC,48,5.0,5.0,5.7,48,120.0,80.0,119.5,SODO,DRINKWARE,DRINKWARE,GOBELET,9.947,"GOBELET FB 4,5 GRANITY T",3.495,4560,0.065,12,FR,24.8,19.1,21.0,10026102047559,357.711,40026102047550,B4,,,5.0,5.0,5.7,0.78,0.14,26102047613
L3270,TEMPERED HARENA 18 PC PLATES SET,LUMINARC,Dinnerware,£15.84,,,,LUMINARC,HARENA,SS1,SET,1,26.6,13.2,26.2,1,120.0,80.0,120.1,FLUO,DINNERWARE,DINNERWARE,SERVICE VAISSELLE,9.199,SCE 18P ASSIETTES HARENA T,5.959,96,5.959,0,FR,26.6,13.2,26.2,883314513912,599.078,40883314513910,,883314513912,883314513912,,,,,,
L3271,TEMPERED HARENA 19 PC TABLE SET,LUMINARC,Dinnerware,£18.56,,,,LUMINARC,HARENA,SS1,SET,1,30.0,20.0,29.2,1,120.0,80.0,102.7,FLUO,DINNERWARE,DINNERWARE,SERVICE VAISSELLE,17.52,SCE 19P TABLE HARENA T,6.94,48,6.94,0,FR,30.0,20.0,29.2,883314513929,359.882,40883314513927,,883314513929,883314513929,,,,,,
N1109,TEMPERED HARENA BLACK 19 PC TABLE SET,LUMINARC,Dinnerware,£19.96,,,,LUMINARC,HARENA BLACK,SS1,SET,1,30.0,20.0,29.2,1,120.0,80.0,102.3,SODO,DINNERWARE,DINNERWARE,SERVICE VAISSELLE,17.52,SCE 19P TABLE HARENA NOIR T,7.11,48,7.11,0,FR,30.0,20.0,29.2,883314607741,368.042,40883314607749,,883314607741,883314607741,,,,,,
L8805,TEMPERED HARENA BLACK BOWL 20,LUMINARC,Dinnerware,£1.47,https://latabledarc.com/en/products/bol-noir-88-cl-harena,https://cdn.shopify.com/s/files/1/0943/3553/3393/files/bd258d11a27679bb92ef4bf1322e0adf.webp?v=1776412679,"Discover the Harena 20cm black bowl from Luminarc.
 This bowl is the perfect companion for your favorite hot drinks.",LUMINARC,HARENA BLACK,RS6,PC,24,20.0,20.0,5.4,24,120.0,80.0,81.0,SODO,DINNERWARE,DINNERWARE,COMPLEMENT DE TABLE,10.501,BOL A CONSOMME 20 HARENA NOIR T,8.86,1080,0.356,6,FR,22.1,21.5,22.1,10883314579564,424.429,40883314579565,B4,883314579567,883314579567,20.0,20.0,8.6,2.161,3.44,
N1518,TEMPERED HARENA BLACK&WHITE 18 PC TA SET,LUMINARC,Dinnerware,£17.07,,,,LUMINARC,HARENA,SS1,SET,1,26.6,13.2,26.2,1,120.0,80.0,119.6,SODO,DINNERWARE,DINNERWARE,SERVICE VAISSELLE,9.199,SCE 18P TABLE HARENA NOIR & BLANC T,5.984,96,5.984,0,FR,26.6,13.2,26.2,883314613261,601.478,40883314613269,,883314613261,883314613261,,,,,,
L2970,TEMPERED HARENA BOWL 27,LUMINARC,Dinnerware,£2.73,https://latabledarc.com/en/products/saladier-blanc-27-cm-harena-300-cl,https://cdn.shopify.com/s/files/1/0943/3553/3393/files/2636cbd9c9e16b0d5548f686f0d7874a_c451348c-2e9b-4339-afe4-533ac6c27b01.jpg?v=1762447053,"Choose the Harena 27cm white salad bowl from Luminarc
   This salad bowl proves to be both sturdy (an important characteristic for a product used often and regularly subjected to vigorous handling) and practical to use thanks to its light weight.",LUMINARC,HARENA,RS6,PC,6,27.3,27.3,9.8,6,120.2,80.0,101.2,FLUO,DINNERWARE,DINNERWARE,SALADIER,14.085,SALADIER 27 HARENA T,4.685,342,0.74,6,FR,28.6,17.1,28.8,10883314512943,292.514,40883314512944,B1,883314512946,883314512946,27.3,27.3,9.8,4.44,7.304,
L2969,TEMPERED HARENA BOWL SOUP 20,LUMINARC,Dinnerware,£1.37,https://latabledarc.com/en/products/bol-blanc-88-cl-harena,https://cdn.shopify.com/s/files/1/0943/3553/3393/files/f0df05fd2487c20398c3caa5ee88f578_9aeee7cc-3d5d-48ac-a0e0-44bd78eb2b9a.jpg?v=1762444563,"Discover the Harena 20cm white bowl from Luminarc.
 This bowl is the perfect companion for your favorite hot drinks.",LUMINARC,HARENA,RS6,PC,24,20.0,20.0,5.4,24,120.0,80.0,81.0,FLUO,DINNERWARE,DINNERWARE,COMPLEMENT DE TABLE,10.501,BOL A SOUPE 20 HARENA T,8.647,1080,0.35,6,FR,22.1,21.5,22.1,10883314512950,414.889,40883314512951,B4,883314512953,883314512953,20.0,20.0,5.4,2.1,2.14,
L4919,TEMPERED HARENA BREAKFAST BOWL 13,LUMINARC,Hot Drinks / Breakfast – Crockery,£1.18,https://latabledarc.com/en/products/bol-blanc-50-cl-harena,https://cdn.shopify.com/s/files/1/0943/3553/3393/files/1593d3c4fa1ddd567937dfa38e0ce004_823f6212-0dbd-4ba3-a66c-a2b3a31a9e0a.jpg?v=1762444553,"Discover the Harena 13.2 cm white bowl from Luminarc.
 This bowl is the perfect companion for your favorite hot drinks.",LUMINARC,HARENA,RS6,PC,36,13.2,13.2,6.9,36,120.0,80.2,105.0,FLUO,HOT DRINKS / BREAKFA,HOT DRINKS / BREAKFA,BOL / MUG (PTT DEJEUNER),20.105,BOL A CEREALES 13 HARENA T,8.708,1440,0.23,6,FR,40.1,27.7,18.1,10883314534310,373.894,40883314534311,B6,883314534313,883314534313,13.2,13.2,16.6,1.4,2.892,
L2786,TEMPERED HARENA DESSERT PLATE 19,LUMINARC,Dinnerware,£0.84,https://latabledarc.com/en/products/assiette-dessert-blanche-19-cm-harena,https://cdn.shopify.com/s/files/1/0943/3553/3393/files/047e6cfc6236de2d05342523de1a0001.jpg?v=1762443702,"Discover the Harena 19cm white plate from Luminarc.
 This plate combines aesthetics and durability thanks to its glass composition. Designed for everyday use, it's equally suitable for a quick meal or a large family dinner, and will easily withstand numerous washes in the dishwasher.",LUMINARC,HARENA,RS6,PC,24,19.0,19.0,1.8,24,120.0,80.0,75.3,FLUO,DINNERWARE,DINNERWARE,ASSIETTE,5.373,ASSIETTE DESSERT 19 HARENA T,5.547,2592,0.225,6,FR,20.0,13.3,20.2,10883314509943,625.072,40883314509944,B4,883314509946,883314509946,19.0,19.0,4.1,1.359,1.48,
L1839,TEMPERED HARENA DINNER PLATE 25,LUMINARC,Dinnerware,£0.91,https://latabledarc.com/en/products/assiette-plate-blanche-25-cm-harena,https://cdn.shopify.com/s/files/1/0943/3553/3393/files/9f26330236c9192edb2002ed46036e99.jpg?v=1762443924,"Discover the Harena 25cm white plate from Luminarc.
 This plate combines aesthetics and durability thanks to its glass composition. Designed for everyday use, it's equally suitable for a quick meal or a large family dinner, and will easily withstand numerous washes in the dishwasher.",LUMINARC,HARENA,RS6,PC,24,25.0,25.0,2.3,24,120.0,80.0,95.6,FLUO,DINNERWARE,DINNERWARE,ASSIETTE,10.012,ASSIETTE PLATE 25 HARENA T,8.876,1584,0.36,6,FR,26.3,14.1,27.0,10883314509936,611.937,40883314509937,B4,883314509939,883314509939,25.0,25.0,4.5,2.17,2.813,
L3263,TEMPERED HARENA LARGE DINNER PLATE 27,LUMINARC,Dinnerware,£1.13,,,,LUMINARC,HARENA,RS6,PC,24,27.0,27.0,2.5,24,120.0,80.0,102.0,FLUO,DINNERWARE,DINNERWARE,ASSIETTE,11.941,ASSIETTE GRANDE 27 HARENA T,10.798,1368,0.44,6,FR,28.3,14.5,29.1,10883314513841,641.411,40883314513842,B4,883314513844,883314513844,27.0,27.0,4.7,2.649,3.426,
L2968,TEMPERED HARENA MULTI PURPOSE BOWL 16,LUMINARC,Dinnerware,£0.91,https://latabledarc.com/en/products/coupelle-blanche-16-cm-harena-45-cl,https://cdn.shopify.com/s/files/1/0943/3553/3393/files/ad9c9a623b53b2bdba04691619418bf5.jpg?v=1762445032,"Opt for the Harena 16cm white bowl by Luminarc
 This bowl is an essential item in your kitchen.",LUMINARC,HARENA,RS6,PC,24,16.0,16.0,4.4,24,120.1,80.0,83.7,FLUO,DINNERWARE,DINNERWARE,SALADIER,6.764,COUPELLE MULTI-USAGES 16 HARENA,6.168,2304,0.25,6,FR,23.0,17.0,17.3,10883314512967,617.468,40883314512968,B4,883314512960,883314512960,16.0,16.0,4.4,1.5,1.126,
L2785,TEMPERED HARENA SOUP PLATE 23,LUMINARC,Dinnerware,£0.91,https://latabledarc.com/en/products/assiette-creuse-blanche-23-cm-harena,https://cdn.shopify.com/s/files/1/0943/3553/3393/files/e1ad6403eaa3bb9da8906ebfdc1a1fb8.jpg?v=1762443528,"Choose the Harena 23cm white soup plate by Luminarc
 This soup plate is durable and lightweight, making it ideal for everyday use. From saucy dishes and soups to solid and liquid foods, its versatility allows it to be used for all kinds of servings; your imagination is the only limit!",LUMINARC,HARENA,RS6,PC,24,23.6,23.6,3.2,24,120.0,80.0,91.5,FLUO,DINNERWARE,DINNERWARE,ASSIETTE,10.645,ASSIETTE CREUSE 23 HARENA T,8.866,1440,0.36,6,FR,24.9,16.7,25.6,10883314509950,557.92,40883314509951,B4,883314509953,883314509953,23.6,23.6,5.6,2.169,3.119,
V9578,TEMPERED HEAT SYSTEM COMPARTMENT PL.23,ARCOROC,Dinnerware,£6.16,,,,ARCOROC,HEAT SYSTEM,RS6,PC,12,22.8,22.8,2.5,12,120.0,80.0,86.7,FLUO,DINNERWARE,DINNERWARE,ASSIETTE,7.93,ASSIETTE COMP 23 HEAT SYSTEM T,7.231,936,0.59,6,FR,23.9,14.0,23.7,10883314024996,589.562,40883314024997,B2,,,22.8,22.8,7.1,3.545,3.691,883314113488
58621,TEMPERED HOTELIERE PLATE 155,ARCOROC,Dinnerware,£1.92,,,,ARCOROC,HOTELIERE BL UNI,RS6,PC,24,15.5,15.5,1.5,24,120.0,80.0,81.7,FLUO,DINNERWARE,DINNERWARE,ASSIETTE,5.022,ASSIETTE 155 HOTELIERE T,5.405,2688,0.22,6,FR,17.9,16.7,16.8,10026102586218,631.019,40026102586219,B4,,,15.3,15.3,5.1,1.323,1.194,26102512081
N6393,TEMPERED HOTELIERE PLATE 258,ARCOROC,Dinnerware,£3.02,,,,ARCOROC,HOTELIERE BL UNI,RS6,PC,12,25.6,25.6,2.0,12,120.0,80.0,69.4,FLUO,DINNERWARE,DINNERWARE,ASSIETTE,7.916,ASSIETTE 258 HOTELIERE T,7.988,720,0.65,6,FR,27.0,10.7,27.4,10026102290535,504.951,40026102290536,B2,,,25.6,25.6,2.0,3.9,1.311,26102511916
57971,TEMPERED HOTELIERE SOUP PLATE 225,ARCOROC,Dinnerware,£2.80,,,,ARCOROC,HOTELIERE BL UNI,RS6,PC,24,22.6,22.6,3.0,24,120.0,80.0,90.2,FLUO,DINNERWARE,DINNERWARE,ASSIETTE,13.977,ASSIETTE CREUSE 225 HOTELIERE T,12.508,1080,0.51,6,FR,23.9,23.3,25.1,10026102579715,588.803,40026102579716,B4,,,22.7,22.7,6.9,3.065,3.556,26102511961
42438,TEMPERED IMP.PRINCESA H/B TUMBLER 6 OZ,ARCOROC,Drinkware – Hiballs,£0.85,,,,ARCOROC,PRINCESA,A48,PC,48,6.4,6.4,8.5,48,120.0,80.7,110.0,SODO,DRINKWARE,DRINKWARE,GOBELET,20.603,GOBELET FH 6 OZ PRINCESA IMP. T,9.137,1920,0.18,0,FR,40.1,26.9,19.1,26102502969,390.859,40026102424382,,,,,,,,,
43826,TEMPERED IMP.PRINCESA O/F TUMBLER 11 OZ,ARCOROC,Drinkware – Rocks,£0.99,,,,ARCOROC,PRINCESA,A48,PC,48,7.9,7.9,9.4,48,120.0,80.0,118.5,SODO,DRINKWARE,DRINKWARE,GOBELET,40.772,GOBELET FB 11 OZ PRINCESA IMP. T,14.092,960,0.275,0,FR,54.0,36.3,20.8,26102504420,307.433,40026102438266,,,,,,,,,
Q3635,TEMPERED INTENSITY BARIL SAUCER 140,ARCOROC,Hot Drinks / Breakfast – Beverage Service,£1.46,,,,ARCOROC,INTENSITY BARIL,RS6,PC,24,14.0,14.0,2.0,24,120.0,80.0,107.5,FLUO,HOT DRINKS / BREAKFA,HOT DRINKS / BREAKFA,TASSE / SOUS-TASSE,5.013,SOUS-TASSE 140 INTENSITY BARIL T,3.956,3744,0.16,6,FR,21.7,15.0,15.4,10883314847885,643.423,40883314847886,B4,,,14.0,14.0,6.3,0.962,1.235,883314847895
37684,TEMPERED IRISH COFFEE 24,ARCOROC,Hot Drinks / Breakfast – Hot Drinks,£3.32,,,,ARCOROC,IRISH COFFEE NT,FA6,PC,24,0.0,0.0,0.0,24,120.0,80.0,107.5,SODO,HOT DRINKS / BREAKFA,HOT DRINKS / BREAKFA,VERRE POUR HOT DRINKS,26.509,VERRE A PIED 24 IRISH COFFEE T,7.87,720,0.295,6,FR,33.8,25.3,31.0,10026102376840,261.574,40026102376841,B4,,,23.7,16.0,14.7,1.885,5.574,26102376850
9794,TEMPERED IRISH COFFEE 24              K2,LUMINARC,Hot Drinks / Breakfast – Hot Drinks,£5.73,,,,LUMINARC,IRISH COFFEE NT,KL2,K2,8,7.6,7.6,13.9,8,120.0,80.0,108.7,SODO,HOT DRINKS / BREAKFA,HOT DRINKS / BREAKFA,VERRE POUR HOT DRINKS,20.665,VERRE A PIED 24 IRISH COFFEE T       K2,5.313,288,0.59,0,FR,38.6,34.1,15.7,10026102097943,216.837,40026102097944,B8,26102374887,26102374887,,,,,,
Q4371,TEMPERED KEEP'N BOWL 28+LAGON LID,LUMINARC,Dinnerware,£7.98,https://latabledarc.com/en/products/saladier-avec-couvercle-28-cm-keepn-box,https://cdn.shopify.com/s/files/1/0943/3553/3393/files/a6f39ecd52c675aa41f0d3f881725f8d_0624f363-6c3c-4884-9127-fe51c3cf1abf.jpg?v=1762446997,,LUMINARC,KEEP'N,A4,PC,4,28.6,28.6,13.7,4,120.0,80.9,105.4,SODO,DINNERWARE,DINNERWARE,SALADIER,45.104,SALADIER 28 KEEP'N +CV LAGON T,6.864,72,1.57,0,FR,52.6,28.3,30.3,10883314855767,148.924,40883314855768,,883314199222,883314199222,,,,,,
G3871,TEMPERED LATINO MUG 29,ARCOROC,Hot Drinks / Breakfast – Beverage Service,£2.52,,,,ARCOROC,LATINO,FA6,PC,24,9.9,9.9,15.0,24,120.0,80.1,112.3,SODO,HOT DRINKS / BREAKFA,HOT DRINKS / BREAKFA,BOL / MUG (PTT DEJEUNER),31.77,BOCK 29 LATINO T,10.133,648,0.385,6,FR,36.5,26.7,32.6,10883314192893,299.055,40883314192894,B4,,,26.0,17.6,15.7,2.443,7.184,883314192896
C3571,TEMPERED LINEAL STEMMED GLASS 19,ARCOROC,Drinkware – Wine,£1.82,,,,ARCOROC,LINEAL,FA6,PC,24,7.0,7.0,16.5,24,120.0,80.0,110.2,SODO,DRINKWARE,DRINKWARE,VERRE A PIED,29.327,VERRE A PIED 19 LINEAL T,3.917,600,0.128,6,FR,47.1,32.6,19.1,10026102801977,123.505,40026102801978,B4,,,22.7,15.4,17.5,0.878,6.118,26102801970
V7967,TEMPERED LOG H/B TUMBLER 32,ARCOROC,Drinkware – Hiballs,£0.93,,,,ARCOROC,LOG,FA6,PC,24,7.0,7.0,12.0,24,120.0,80.0,96.2,SODO CLEAR,DRINKWARE,DRINKWARE,GOBELET,23.26,GOBELET FH 32 LOG T,5.124,720,0.185,6,FR,33.8,25.3,27.2,10883314993841,179.178,40883314993842,B4,,,23.6,16.0,12.8,1.204,4.833,883314594362
V7950,TEMPERED LOG O/F TUMBLER 27,ARCOROC,Drinkware – Rocks,£0.88,,,,ARCOROC,LOG,FA6,PC,48,7.7,7.7,9.3,48,120.0,80.0,97.2,SODO,DRINKWARE,DRINKWARE,GOBELET,36.617,GOBELET FB 27 LOG T,9.683,864,0.18,0,FR,34.1,26.0,41.3,10883314993711,199.568,40883314993712,B8,,,,,,,,
V7997,TEMPERED LOG TUMBLER 16,ARCOROC,Drinkware – Tumblers,£0.87,,,,ARCOROC,LOG,FA6,PC,48,6.3,6.3,8.0,48,120.0,80.0,114.5,SODO CLEAR,DRINKWARE,DRINKWARE,GOBELET,25.101,GOBELET FH 16 LOG T,6.846,1440,0.125,6,FR,42.4,29.6,20.0,10883314994114,230.766,40883314994115,B8,,,20.3,13.8,9.4,0.814,2.633,883314578454
X1283,TEMPERED MEASURING GLASS,LUMINARC,Drinkware – Tumblers,£2.34,https://latabledarc.com/en/products/verre-a-mesurer-58-cl-home-classic,https://cdn.shopify.com/s/files/1/0943/3553/3393/files/1426c63168a5d95255081bddff0ab226_81d3340c-96b8-4d18-939f-d15eca627f5e.jpg?v=1762448266,"Choose the 58 cl Home Classic measuring glass by Luminarc.
 This measuring cup is an essential item in your kitchen.",LUMINARC,"MESURE (VERRE,BROC)",FA6,PC,6,8.1,8.1,16.1,6,120.0,80.0,115.9,SODO CLEAR,DRINKWARE,DRINKWARE,GOBELET,7.169,VERRE A MESURE T,1.751,756,0.27,0,FR,25.1,17.0,16.8,,246.883,40026102733279,,26102733271,26102733271,,,,,,
P8859,TEMPERED NEW MORNING MUG 32,LUMINARC,Hot Drinks / Breakfast – Beverage Service,£1.17,https://latabledarc.com/en/products/mug-transparent-32-cl-new-morning,https://cdn.shopify.com/s/files/1/0943/3553/3393/files/71ec1bd0ba03ee590f530c89df9192f1.webp?v=1776417256,"Discover our 32cl clear glass mug from the New Morning collection by Luminarc.
   Ideal for your hot drinks: coffee, tea, cappuccino, or other creations. The New Morning mug will be useful at any time of day, whether for breakfast, lunch, or an evening infusion. This transparent mug will enhance your presentations thanks to its clarity. Made of tempered glass, it is also resistant to shocks and temperature variations. Discover the other colors in the New Morning collection.",LUMINARC,NEW MORNING,FA6,PC,6,11.2,11.2,11.1,6,120.0,80.0,110.0,SODO,HOT DRINKS / BREAKFA,HOT DRINKS / BREAKFA,BOL / MUG (PTT DEJEUNER),5.356,MUG 32 NEW MORNING T,1.915,912,0.3,0,FR,26.7,17.0,11.8,10026102293307,318.119,40026102293308,,26102670507,26102670507,,,,,,
J9392,TEMPERED NONIC H/B TUMBLER 58,LUMINARC,Drinkware – Beer,£1.50,,,,LUMINARC,NONIC,1/2 FA6,PC,24,8.7,8.7,15.1,24,120.0,80.0,106.2,SODO,DRINKWARE,DRINKWARE,GOBELET,41.176,GOBELET H/BALL 58 NONIC T,8.538,480,0.305,6,FR,57.4,39.2,18.3,10883314470069,196.354,40883314470060,B4,883314406580,883314406580,27.9,18.8,16.7,1.997,8.759,883314406573
13515,TEMPERED NORMANDIE FLUTE 14,ARCOROC,Drinkware – Champagne,£2.40,https://latabledarc.com/en/products/flute-a-champagne-14cl-normandie,https://cdn.shopify.com/s/files/1/0943/3553/3393/files/9cd84102e89d2ba01150f1fa120f6e01.jpg?v=1760538565,"Optez pour la flûte à champagne Normandie 14 cl 13515 d'Arcoroc.
 Ce verre à pied au style rétro et à la solidité inégalée trouvera sa place sur toutes vos tables : brasseries, restaurants traditionnels, buffets ... Normandie est une ligne emblématique de la marque Arcoroc, cette flûte à champagne ultra résistante accompagnera l'ensemble de vos événements et réceptions. Sa jambe courte et sa forme lyre en font un verre d'une grande maniabilité. Le plus Arcoroc : pour des tables aux accords parfaits, découvrez également les verres à vin 24 cl et 16 cl de la collection Normandie dont le verre est également trempé et parfaitement résistant aux chocs et aux usages quotidiens.",ARCOROC,NORMANDIE,FA12,PC,48,5.8,5.8,17.3,48,120.0,80.0,91.1,SODO,DRINKWARE,DRINKWARE,VERRE A PIED,37.551,FLUTE 14 NORMANDIE T,9.689,864,0.18,12,FR,38.6,25.4,38.3,10026102135157,199.756,40026102135158,B4,,,24.5,18.8,18.5,2.345,8.521,26102151358
59578,TEMPERED NORMANDIE FLUTE 14 MAXI PACK,ARCOROC,Drinkware – Champagne,£111.92,,,,ARCOROC,NORMANDIE,A48,CRN,20,49.0,37.0,19.7,1,120.0,80.0,113.2,SODO,DRINKWARE,DRINKWARE,VERRE A PIED,35.716,FLUTE 14 NORMANDIE MAXI PACK T       A48,9.561,20,9.561,0,FR,49.0,37.0,19.7,26102595787,216.789,40026102595785,,26102595787,26102595787,,,,,,
59092,TEMPERED NORMANDIE STEMMED GLASS 16,ARCOROC,Drinkware – Wine,£111.92,,,,ARCOROC,NORMANDIE,A48,CRN,1,42.0,28.3,32.1,1,120.0,80.0,110.8,SODO,DRINKWARE,DRINKWARE,VERRE A PIED,38.154,VAP 16 NORMANDIE MAXI PACK T         A48,9.368,18,9.368,0,FR,42.0,28.3,32.1,26102590928,194.108,40026102590926,,26102590928,26102590928,,,,,,
11392,TEMPERED NORMANDIE STEMMED GLASS 16,ARCOROC,Drinkware – Wine,£2.40,,https://static.wixstatic.com/media/042ed7_9335a40a900a4a1c8067d95c411ed181~mv2.webp,,ARCOROC,NORMANDIE,FA12,PC,48,6.7,6.7,14.5,48,120.0,80.0,111.7,SODO,DRINKWARE,DRINKWARE,VERRE A PIED,42.579,VERRE A PIED 16 NORMANDIE T,9.586,864,0.174,12,FR,44.1,29.8,32.4,10026102113926,197.882,40026102113927,B4,,,28.2,21.2,15.4,2.285,9.207,26102116869
7810,TEMPERED NORMANDIE STEMMED GLASS 24,ARCOROC,Drinkware – Wine,£2.52,,https://static.wixstatic.com/media/042ed7_c9ea62ea938c4739bdc22a109584ef22~mv2.webp,,ARCOROC,NORMANDIE,YP12,PC,48,7.4,7.4,16.2,48,120.0,80.0,85.7,SODO,DRINKWARE,DRINKWARE,VERRE A PIED,54.395,VERRE A PIED 24 NORMANDIE T,12.575,480,0.234,12,FR,47.6,32.1,35.6,10026102078102,151.094,40026102078103,B4,,,31.0,23.3,17.2,3.042,12.424,26102116784
64365,TEMPERED NORMANDIE WINE 2 STEMGLASS  A48,ARCOROC,Drinkware – Wine,£117.45,,,,ARCOROC,NORMANDIE,A48,CRN,1,47.0,31.5,35.3,1,120.0,80.0,85.1,SODO,DRINKWARE,DRINKWARE,VERRE A PIED,52.262,VAP 23 NORMANDIE MAXI PACK T         A48,12.546,10,12.546,0,ES,47.0,31.5,35.3,26102643655,150.804,40026102643653,,26102643655,26102643655,,,,,,
P8101,TEMPERED NOVA AQUITANIA PLATE 155,ARCOROC,Dinnerware,£0.79,,,,ARCOROC,NOVA AQUITANIA,A24,PC,24,15.5,15.5,1.4,24,120.0,80.0,82.8,FLUO,DINNERWARE,DINNERWARE,ASSIETTE,3.975,ASSIETTE 155 NOVA AQUITANIA T,3.693,3648,0.15,0,FR,16.7,14.0,17.0,10883314792581,586.778,40883314792582,,,,,,,,,
V7983,TEMPERED NUEVO CUP 22,LUMINARC,Hot Drinks / Breakfast – Beverage Service,£1.04,https://latabledarc.com/en/products/tasse-22-cl-nuevo,https://cdn.shopify.com/s/files/1/0943/3553/3393/files/0b45b39cbb2aa2f9099df4b16c784cdb_2fa7874f-fb15-4a25-b456-de37ecbf279a.jpg?v=1762447451,"Fall in love with the Nuevo 22cl Mug, developed by Luminarc
 This mug is the perfect accompaniment to your hot drinks, especially coffee! Sturdy yet lightweight thanks to its glass construction, this mug offers an easy grip, simple cleaning, and adds a stylish touch to your table and home décor!",LUMINARC,NUEVO,FA6,PC,6,8.2,8.2,7.1,6,120.0,80.0,114.4,SODO,HOT DRINKS / BREAKFA,HOT DRINKS / BREAKFA,TASSE / SOUS-TASSE,4.338,TASSE 22 NUEVO T,1.252,1152,0.19,0,FR,27.8,18.8,8.3,10883314993964,266.924,40883314993965,,883314521399,883314521399,,,,,,
V7984,TEMPERED NUEVO CUP 9,LUMINARC,Hot Drinks / Breakfast – Beverage Service,£0.95,https://latabledarc.com/en/products/tasse-9-cl-nuevo,https://cdn.shopify.com/s/files/1/0943/3553/3393/files/ca502e12e9349448d61c08bbd7171b9c.jpg?v=1762447506,"Fall in love with the Nuevo 9cl Cup, developed by Luminarc
 This mug is the perfect accompaniment to your hot drinks, especially coffee! Sturdy yet lightweight thanks to its glass construction, this mug offers an easy grip, simple cleaning, and adds a stylish touch to your table and home décor!",LUMINARC,NUEVO,FA6,PC,6,5.8,5.8,6.8,6,120.0,80.4,112.9,SODO,HOT DRINKS / BREAKFA,HOT DRINKS / BREAKFA,TASSE / SOUS-TASSE,1.997,TASSE 9 NUEVO T,0.878,2730,0.135,0,FR,20.8,12.8,7.5,10883314993971,426.59,40883314993972,,883314521405,883314521405,,,,,,
L3926,TEMPERED NUEVO JUMBO CUP 50,LUMINARC,Hot Drinks / Breakfast – Beverage Service,£2.60,,,,LUMINARC,NUEVO,A6,PC,6,14.5,14.5,7.4,6,120.0,80.0,113.9,SODO,HOT DRINKS / BREAKFA,HOT DRINKS / BREAKFA,TASSE / SOUS-TASSE,8.352,TASSE JUMBO 50 NUEVO T,2.225,630,0.335,0,FR,24.0,24.0,14.5,10883314521389,259.579,40883314521380,,883314521382,883314521382,,,,,,
J3231,TEMPERED OPALE SOUP BOWL 54,LUMINARC,Dinnerware,£10.73,,,,LUMINARC,BOL 132,KC4,K4,6,18.4,13.1,19.5,6,120.0,80.0,117.6,FLUO,DINNERWARE,DINNERWARE,COMPLEMENT DE TABLE,30.982,BOL A CONSOMME 54 OPALE T            K4,8.891,180,1.425,0,FR,40.0,37.6,20.6,10883314405054,292.188,40883314405055,B6,883314405057,883314405057,,,,,,
J3510,TEMPERED PINTA OF TUMBLER 36,ARCOROC,Drinkware – Tumblers,£0.89,,,,ARCOROC,PINTA,FA6,PC,1140,8.5,8.5,9.0,0,120.0,80.7,113.9,SODO,DRINKWARE,DRINKWARE,GOBELET,0.0,GOBELET FB 36 PINTA T,0.0,1140,0.18,0,FR,,,,,250.924,40883314409121,,,,,,,,,
J4167,TEMPERED PRINCESA FLUTE 15,ARCOROC,Drinkware – Champagne,£1.82,,,,ARCOROC,PRINCESA,FA6,PC,1080,6.1,6.1,19.6,0,120.0,80.0,118.5,SODO,DRINKWARE,DRINKWARE,VERRE A PIED,0.0,FLUTE 15 PRINCESA T,0.0,1080,0.134,0,FR,,,,,190.189,40883314419984,,,,,,,,,
P3999,TEMPERED PRINCESA FLUTE 15,ARCOROC,Drinkware – Champagne,£1.82,,,,ARCOROC,PRINCESA,FA6,PC,24,6.1,6.1,19.6,24,120.0,80.0,101.8,SODO,DRINKWARE,DRINKWARE,VERRE A PIED,24.416,FLUTE 15 PRINCESA T,3.875,768,0.134,6,FR,40.0,28.0,21.8,10883314746874,149.464,40883314746875,B4,,,6.1,6.1,19.6,0.804,0.716,883314419986
42440,TEMPERED PRINCESA H/B TUMBLER 10 OZ IMP.,ARCOROC,Drinkware – Hiballs,£0.89,,,,ARCOROC,PRINCESA,A48,PC,48,6.6,6.6,12.7,48,120.0,82.8,96.1,SODO,DRINKWARE,DRINKWARE,GOBELET,31.192,GOBELET FH 10 OZ. PRINCESA  IMP. T,12.224,1152,0.242,0,FR,41.4,27.7,27.2,26102502938,318.72,40026102424405,,,,,,,,,
J4079,TEMPERED PRINCESA H/B TUMBLER 12 OZ,ARCOROC,Drinkware – Hiballs,£0.99,,https://static.wixstatic.com/media/042ed7_e856c34cddb8476d873f32112e633f64~mv2.jpg,,ARCOROC,PRINCESA,FA6,PC,48,6.6,6.6,14.8,48,120.0,80.0,111.1,SODO,DRINKWARE,DRINKWARE,GOBELET,42.885,GOBELET FH 34 PRINCESA T,13.357,864,0.255,6,FR,44.1,30.2,32.2,10883314420026,265.795,40883314420027,B8,,,21.2,14.2,15.5,1.626,4.666,883314420012
42441,TEMPERED PRINCESA H/B TUMBLER 12 OZ IMP,ARCOROC,Drinkware – Hiballs,£0.99,,,,ARCOROC,PRINCESA,A48,PC,48,6.6,6.6,14.8,48,120.0,80.0,108.4,SODO,DRINKWARE,DRINKWARE,GOBELET,36.94,GOBELET FH 12OZ PRINCESA IMP. T,12.893,864,0.255,0,FR,42.0,28.1,31.3,26102291993,257.438,40026102424412,,,,,,,,,
55355,TEMPERED PRINCESA H/B TUMBLER 15 OZ IMP,ARCOROC,Drinkware – Hiballs,£1.27,,,,ARCOROC,PRINCESA,A48,PC,48,7.2,7.2,16.3,48,120.0,80.0,118.0,SODO,DRINKWARE,DRINKWARE,GOBELET,47.046,GOBELET FH 47 PRINCESA T,14.861,720,0.293,0,FR,45.4,30.3,34.2,26102845271,248.284,40026102553556,,,,,,,,,
J4170,TEMPERED PRINCESA H/B TUMBLER 23,ARCOROC,Drinkware – Hiballs,£0.85,,,,ARCOROC,PRINCESA,FA6,PC,48,6.5,6.5,11.0,48,120.0,80.0,114.5,SODO,DRINKWARE,DRINKWARE,GOBELET,34.342,GOBELET FH 23 PRINCESA T,11.119,1152,0.21,6,FR,44.6,30.8,25.0,10883314420033,292.24,40883314420034,B8,,,21.4,14.5,11.7,1.339,3.631,883314414264
16148,TEMPERED PRINCESA H/B TUMBLER 48,ARCOROC,Drinkware – Hiballs,£1.27,,,,ARCOROC,PRINCESA,A24,PC,24,7.2,7.2,16.3,24,120.0,80.0,105.5,SODO,DRINKWARE,DRINKWARE,GOBELET,24.57,GOBELET FH 48 PRINCESA T,7.485,720,0.293,0,FR,45.0,30.0,18.2,26102829646,249.924,40026102161485,,,,,,,,,
42439,TEMPERED PRINCESA H/B TUMBLER 8 OZ,ARCOROC,Drinkware – Hiballs,£0.85,,,,ARCOROC,PRINCESA,A48,PC,48,6.4,6.4,11.0,48,120.0,82.2,109.7,SODO,DRINKWARE,DRINKWARE,GOBELET,26.737,GOBELET FH 8OZ PRINCESA IMP. T,10.622,1536,0.21,0,FR,41.0,27.4,23.8,26102502945,365.253,40026102424399,,,,,,,,,
J4171,TEMPERED PRINCESA IMP. H/B TUMBLER 6 OZ,ARCOROC,Drinkware – Hiballs,£0.85,,,,ARCOROC,PRINCESA,FA6,PC,48,6.4,6.4,8.5,48,120.0,80.0,114.5,SODO,DRINKWARE,DRINKWARE,GOBELET,24.922,GOBELET FH 17 PRINCESA T,9.486,1680,0.18,6,FR,56.9,21.9,20.0,10883314420040,357.404,40883314420041,B8,,,20.3,13.8,9.4,1.155,2.633,883314414271
J4169,TEMPERED PRINCESA O/F TUMBLER 23,ARCOROC,Drinkware – Rocks,£0.85,,,,ARCOROC,PRINCESA,FA6,PC,24,7.0,7.0,8.5,24,120.0,80.0,114.7,SODO,DRINKWARE,DRINKWARE,GOBELET,16.534,GOBELET FB 23 PRINCESA T,5.764,1200,0.217,6,FR,33.2,24.9,20.0,10883314414254,313.886,40883314414255,B4,,,23.7,16.0,9.4,1.38,3.564,883314414240
J4168,TEMPERED PRINCESA O/F TUMBLER 31,ARCOROC,Drinkware – Rocks,£0.99,,,,ARCOROC,PRINCESA,FA6,PC,36,7.9,7.9,9.4,36,120.0,80.0,121.0,SODO,DRINKWARE,DRINKWARE,GOBELET,33.712,GOBELET FB 31 PRINCESA T,10.942,972,0.275,6,FR,35.7,26.6,35.5,10883314414223,320.929,40883314414224,B6,,,25.3,17.0,10.1,1.761,4.344,883314414226
J4158,TEMPERED PRINCESA STEMMED GLASS  31,ARCOROC,Drinkware – Wine,£2.11,,,,ARCOROC,PRINCESA,FA6,PC,630,8.2,8.2,19.7,0,120.0,80.0,119.9,SODO,DRINKWARE,DRINKWARE,VERRE A PIED,0.0,VERRE A PIED 31 PRINCESA T,0.0,630,0.18,0,FR,,,,,154.943,40883314419908,,,,,,,,,
J4161,TEMPERED PRINCESA STEMMED GLASS 19,ARCOROC,Drinkware – Wine,£1.82,,https://static.wixstatic.com/media/042ed7_711d3786b96843bca1659995ed71e166~mv2.webp,,ARCOROC,PRINCESA,FA6,PC,24,6.9,6.9,16.5,24,120.0,80.0,107.5,SODO,DRINKWARE,DRINKWARE,VERRE A PIED,25.379,VERRE A PIED 19 PRINCESA T,3.362,720,0.111,6,FR,44.3,30.8,18.6,10883314419952,126.229,40883314419953,B4,,,21.3,14.5,17.6,0.771,5.436,883314419948
J4162,TEMPERED PRINCESA STEMMED GLASS 19,ARCOROC,Drinkware – Wine,£1.82,,,,ARCOROC,PRINCESA,FA6,PC,1044,6.9,6.9,16.5,0,120.0,80.0,119.1,SODO,DRINKWARE,DRINKWARE,VERRE A PIED,0.0,VERRE A PIED 19 PRINCESA T,0.0,1044,0.111,0,FR,,,,,160.62,40883314419946,,,,,,,,,
J4159,TEMPERED PRINCESA STEMMED GLASS 23,ARCOROC,Drinkware – Wine,£1.97,,,,ARCOROC,PRINCESA,FA6,PC,24,7.5,7.5,17.4,24,120.0,80.0,94.2,SODO,DRINKWARE,DRINKWARE,VERRE A PIED,34.035,VERRE A PIED 23 PRINCESA T,4.061,480,0.133,6,FR,33.8,25.3,39.8,10883314419938,106.669,40883314419939,B4,,,23.6,16.0,19.2,0.919,7.25,883314419924
J4160,TEMPERED PRINCESA STEMMED GLASS 23,ARCOROC,Drinkware – Wine,£1.97,,,,ARCOROC,PRINCESA,FA6,PC,750,7.5,7.5,17.4,0,120.0,80.0,110.4,SODO,DRINKWARE,DRINKWARE,VERRE A PIED,0.0,VERRE A PIED 23 PRINCESA T,0.0,750,0.133,0,FR,,,,,141.88,40883314419922,,10883314419921,10883314419921,,,,,,
P4000,TEMPERED PRINCESA STEMMEDGLASS 42,ARCOROC,Drinkware – Wine,£2.24,,,,ARCOROC,PRINCESA,FA6,PC,24,8.9,8.9,21.2,24,120.0,80.0,111.8,SODO,DRINKWARE,DRINKWARE,VERRE A PIED,54.677,VERRE A PIED 42 PRINCESA T,6.509,384,0.218,6,FR,57.4,39.2,24.3,10883314746898,129.618,40883314746899,B4,,,27.8,18.8,22.7,1.475,11.864,883314414196
H7677,TEMPERED PURE BOX ACTIVE RECT 122+LID,LUMINARC,Storage,£4.98,https://latabledarc.com/en/products/boite-de-conservation-rectangulaire-122-cl-pure-box-active-1,https://cdn.shopify.com/s/files/1/0943/3553/3393/files/dff9782de3441bbd8d1c27c41c5c9abc_0ac25de9-ac03-4d00-bd49-d9a2f80cf9a0.jpg?v=1762444620,"Choose the 122cl Pure Box Active storage container by Luminarc
 This storage container is ideal for storing and preserving your food and culinary preparations. Its non-porous glass composition makes it perfectly hygienic and easy to clean, while also ensuring its robustness and resistance to shocks and scratches. Perfectly compatible with microwave use and dishwashers, this storage container has been designed for intensive daily use!",LUMINARC,PURE BOX ACTIVE,A6,PC,6,21.1,16.2,7.3,6,120.0,80.0,104.5,SODO,KITCHENWARE,STORAGE,CONSERVATION,17.364,BTE RECT R 122 PURE BOX ACTIVE +CAPS T,4.567,264,0.713,0,FR,33.7,22.9,22.5,10883314344209,226.427,40883314344200,,883314344196,883314344196,,,,,,
H7679,TEMPERED PURE BOX ACTIVE RECT 38 CL+LID,LUMINARC,Storage,£3.32,https://latabledarc.com/en/products/boite-de-conservation-rectangulaire-38-cl-pure-box-active,https://cdn.shopify.com/s/files/1/0943/3553/3393/files/d81d85011376d0e9aa83030ed622903b.jpg?v=1762444656,"Choose the 38cl Pure Box Active storage container by Luminarc
   This storage container is ideal for storing and preserving your food and culinary preparations. Its non-porous glass composition makes it perfectly hygienic and easy to clean, while also ensuring its robustness and resistance to shocks and scratches. Perfectly compatible with microwave use and dishwashers, this storage container has been designed for intensive daily use!",LUMINARC,PURE BOX ACTIVE,A6,PC,6,15.2,11.8,6.1,6,120.0,80.0,108.0,SODO,KITCHENWARE,STORAGE,CONSERVATION,7.181,BOITE RECT 38 PURE BOX ACTIVE +CV T,2.052,750,0.322,0,FR,24.0,16.0,18.7,10883314344247,282.077,40883314344248,,883314344233,883314344233,,,,,,
H7686,TEMPERED PURE BOX ACTIVE RECT SCE 3P+LID,LUMINARC,Storage,£12.52,,,,LUMINARC,PURE BOX ACTIVE,SS1,SET,4,18.7,14.0,23.0,4,120.0,80.0,110.9,SODO,KITCHENWARE,STORAGE,SERVICE CONSERVATION,26.93,SCE 3P BOITE RECT PURE BOX ACTIVE +CV T,7.749,128,1.606,0,FR,38.4,29.1,24.1,10883314344384,273.448,40883314344385,B4,883314344370,883314344370,,,,,,
L7696,TEMPERED PURE BOX ACTIVE REF BOX122+CAPS,LUMINARC,Storage,£5.88,,,,LUMINARC,PURE BOX ACTIVE,A6,PC,6,20.6,15.2,6.4,6,120.0,80.0,116.6,SODO,KITCHENWARE,STORAGE,CONSERVATION,21.701,BTE REFRIG 122 PURE BOX ACTIVE +CAPS T,5.873,240,0.924,0,FR,37.0,23.0,25.5,883314566635,260.414,40883314566633,,883314566628,883314566628,,,,,,
H7681,TEMPERED PURE BOX ACTIVE ROUND 42 +LID,LUMINARC,Storage,£3.31,https://latabledarc.com/en/products/boite-de-conservation-ronde-42-cl-pure-box-active,https://cdn.shopify.com/s/files/1/0943/3553/3393/files/0f64b67ba7494aa7ffa495529c271704.jpg?v=1762444674,"Choose the 42cl Pure Box Active storage container by Luminarc
   This storage container is ideal for storing and preserving your food and culinary preparations. Its non-porous glass composition makes it perfectly hygienic and easy to clean, while also ensuring its robustness and resistance to shocks and scratches. Perfectly compatible with microwave use and dishwashers, this storage container has been designed for intensive daily use!",LUMINARC,PURE BOX ACTIVE,A6,PC,6,15.0,15.0,6.0,6,120.0,80.0,107.0,SODO,KITCHENWARE,STORAGE,CONSERVATION,7.992,BOITE RONDE 42 PURE BOX ACTIVE +CV T,2.19,600,0.343,0,FR,28.8,15.0,18.5,10883314344285,244.579,40883314344286,,883314344271,883314344271,,,,,,
H7682,TEMPERED PURE BOX ACTIVE ROUND 67CL +LID,LUMINARC,Storage,£3.47,https://latabledarc.com/en/products/boite-de-conservation-ronde-67-cl-pure-box-active,https://cdn.shopify.com/s/files/1/0943/3553/3393/files/af1637ccf1289b249d6441f5221e3e65.jpg?v=1762444679,"Choose the 67cl Pure Box Active storage container by Luminarc
    This storage container is ideal for storing and preserving your food and culinary preparations. Its non-porous glass composition makes it perfectly hygienic and easy to clean, while also ensuring its robustness and resistance to shocks and scratches. Perfectly compatible with microwave use and dishwashers, this storage container has been designed for intensive daily use!",LUMINARC,PURE BOX ACTIVE,A6,PC,6,16.8,16.8,6.6,6,120.0,81.9,116.5,SODO,KITCHENWARE,STORAGE,CONSERVATION,11.106,BOITE RONDE 67 PURE BOX ACTIVE +CV T,2.882,510,0.453,0,FR,32.6,16.7,20.4,10883314344308,270.564,40883314344309,,883314344295,883314344295,,,,,,
H7683,TEMPERED PURE BOX ACTIVE ROUND 92+LID,LUMINARC,Storage,£4.04,https://latabledarc.com/en/products/boite-de-conservation-ronde-92-cl-pure-box-active,https://cdn.shopify.com/s/files/1/0943/3553/3393/files/a59df42feb5475288b6b2386e0d90b84.jpg?v=1762444725,"Choose the 92cl Pure Box Active storage container by Luminarc
   This storage container is ideal for storing and preserving your food and culinary preparations. Its non-porous glass composition makes it perfectly hygienic and easy to clean, while also ensuring its robustness and resistance to shocks and scratches. Perfectly compatible with microwave use and dishwashers, this storage container has been designed for intensive daily use!",LUMINARC,PURE BOX ACTIVE,A6,PC,6,18.8,18.8,7.4,6,120.0,80.0,104.9,SODO,KITCHENWARE,STORAGE,CONSERVATION,15.462,BOITE RONDE 92 PURE BOX ACTIVE +CV T,3.651,288,0.566,0,FR,36.2,18.9,22.6,10883314344322,200.727,40883314344323,,883314344318,883314344318,,,,,,
H7674,TEMPERED PURE BOX ACTIVE SQU 122 CL+LID,LUMINARC,Storage,£4.63,https://latabledarc.com/en/products/boite-de-conservation-carree-122-cl-pure-box-active,https://cdn.shopify.com/s/files/1/0943/3553/3393/files/7dd1c78839a716662ccd4b9a98babc34_6b57e1db-2856-43b7-8868-1fda7d942ae4.jpg?v=1762444612,"Choose the 122cl Pure Box Active storage container by Luminarc
 This storage container is ideal for storing and preserving your food and culinary preparations. Its non-porous glass composition makes it perfectly hygienic and easy to clean, while also ensuring its robustness and resistance to shocks and scratches. Perfectly compatible with microwave use and dishwashers, this storage container has been designed for intensive daily use!",LUMINARC,PURE BOX ACTIVE,A6,PC,6,19.0,19.0,7.3,6,120.0,80.0,104.9,SODO,KITCHENWARE,STORAGE,CONSERVATION,17.315,BOITE CARREE 122 PURE BOX ACTIVE +CV T,4.037,288,0.625,0,FR,38.5,19.9,22.6,10883314344148,219.255,40883314344149,,883314344134,883314344134,,,,,,
H7675,TEMPERED PURE BOX ACTIVE SQUARE 38+LID,LUMINARC,Storage,£3.02,https://latabledarc.com/en/products/boite-de-conservation-carree-38-cl-pure-box-active,https://cdn.shopify.com/s/files/1/0943/3553/3393/files/311dc2fe81d78661f88a5e0ad7d3ee77_455f9d9e-1d68-4c37-8535-79baf3c9ea0e.jpg?v=1762444660,"Choose the 38cl Pure Box Active storage container by Luminarc
   This storage container is ideal for storing and preserving your food and culinary preparations. Its non-porous glass composition makes it perfectly hygienic and easy to clean, while also ensuring its robustness and resistance to shocks and scratches. Perfectly compatible with microwave use and dishwashers, this storage container has been designed for intensive daily use!",LUMINARC,PURE BOX ACTIVE,A6,PC,6,13.0,13.0,6.0,6,120.0,80.1,107.0,SODO,KITCHENWARE,STORAGE,CONSERVATION,6.965,BOITE CARREE 38 PURE BOX ACTIVE +CV T,2.05,720,0.318,0,FR,26.7,14.1,18.5,10883314344162,271.579,40883314344163,,883314344158,883314344158,,,,,,
H7676,TEMPERED PURE BOX ACTIVE SQUARE 76CL+LID,LUMINARC,Storage,£3.96,https://latabledarc.com/en/products/boite-de-conservation-carree-76-cl-pure-box-active,https://cdn.shopify.com/s/files/1/0943/3553/3393/files/cc2b60bf32e6c97d7358fba755d7ac59.jpg?v=1762444706,"Choose the 76cl Pure Box Active storage container by Luminarc
   This storage container is ideal for storing and preserving your food and culinary preparations. Its non-porous glass composition makes it perfectly hygienic and easy to clean, while also ensuring its robustness and resistance to shocks and scratches. Perfectly compatible with microwave use and dishwashers, this storage container has been designed for intensive daily use!",LUMINARC,PURE BOX ACTIVE,A6,PC,6,16.0,16.0,6.6,6,120.0,81.9,116.5,SODO,KITCHENWARE,STORAGE,CONSERVATION,11.106,BOITE CARREE 76 PURE BOX ACTIVE +CV T,2.966,510,0.468,0,FR,32.6,16.7,20.4,10883314344186,277.589,40883314344187,,883314344172,883314344172,,,,,,
14611,TEMPERED RESTAU CUP 25,ARCOROC,Hot Drinks / Breakfast – Beverage Service,£1.58,,,,ARCOROC,RESTAURANT BL UNI,RB6,PC,36,11.4,11.4,7.0,36,120.0,81.0,115.2,FLUO,HOT DRINKS / BREAKFA,HOT DRINKS / BREAKFA,TASSE / SOUS-TASSE,20.331,TASSE 25 RESTAURANT T,7.941,1728,0.21,6,FR,30.0,27.0,25.1,10026102146115,406.662,40026102146116,B6,,,25.8,8.6,11.9,1.286,2.64,26102509210
X1987,TEMPERED RESTAU CUP 25,ARCOROC,Hot Drinks / Breakfast – Beverage Service,£1.58,,,,ARCOROC,RESTAURANT BL UNI,FA12,PC,12,11.4,11.4,7.0,12,120.0,80.0,118.9,FLUO,HOT DRINKS / BREAKFA,HOT DRINKS / BREAKFA,TASSE / SOUS-TASSE,8.33,TASSE 25 RESTAURANT T,2.681,1200,0.21,0,FR,26.7,15.0,20.8,883314301106,294.866,40883314301104,,,,,,,,,
55391,TEMPERED RESTAU RECTANGULAR DISH 140X90,ARCOROC,Dinnerware,£2.80,,,,ARCOROC,RESTAURANT BL UNI,RS6,PC,24,14.0,9.0,3.5,24,120.0,80.0,108.3,FLUO,DINNERWARE,DINNERWARE,SALADIER,8.081,RAVIER RECTANGULAIRE 140X90 RESTAURANT T,5.475,2592,0.22,6,FR,25.9,20.0,15.6,10026102553913,616.879,40026102553914,B4,,,14.0,9.0,12.4,1.325,1.562,26102510360
43317,TEMPERED RESTAURANT BOWL 140,ARCOROC,Dinnerware,£2.46,,,,ARCOROC,RESTAURANT BL UNI,RS6,PC,36,14.0,14.0,5.2,36,120.0,80.0,109.0,FLUO,DINNERWARE,DINNERWARE,SALADIER,16.331,SALADIER 140 RESTAURANT T,10.033,1512,0.27,6,FR,43.9,24.0,15.5,10026102433178,447.265,40026102433179,B6,,,14.0,14.0,12.8,1.624,2.509,26102433188
17144,TEMPERED RESTAURANT BOWL 51,ARCOROC,Hot Drinks / Breakfast – Crockery,£1.34,,,,ARCOROC,RESTAURANT BL UNI,RS6,PC,36,13.2,13.2,7.4,36,120.0,80.0,117.4,FLUO,HOT DRINKS / BREAKFA,HOT DRINKS / BREAKFA,BOL / MUG (PTT DEJEUNER),17.899,BOL 51 RESTAURANT T,9.905,1512,0.265,6,FR,41.7,29.2,14.7,10026102171445,441.394,40026102171446,B6,,,13.2,13.2,16.5,1.595,2.875,26102510988
22795,TEMPERED RESTAURANT CUP 13,ARCOROC,Hot Drinks / Breakfast – Beverage Service,£1.45,,,,ARCOROC,RESTAURANT BL UNI,RB12,PC,48,7.0,7.0,5.8,48,120.0,80.0,99.3,FLUO,HOT DRINKS / BREAKFA,HOT DRINKS / BREAKFA,TASSE / SOUS-TASSE,14.374,TASSE 13 RESTAURANT T,7.516,2496,0.15,12,FR,30.0,22.6,21.2,10026102227951,416.196,40000000227955,B4,,,21.5,14.4,10.0,1.831,3.096,26102246443
X2175,TEMPERED RESTAURANT CUP 13,ARCOROC,Hot Drinks / Breakfast – Beverage Service,£1.45,,,,ARCOROC,RESTAURANT BL UNI,FA12,PC,12,7.0,7.0,5.8,12,120.0,80.0,105.3,FLUO,HOT DRINKS / BREAKFA,HOT DRINKS / BREAKFA,TASSE / SOUS-TASSE,4.888,TASSE 13 RESTAURANT T,1.913,1980,0.15,0,FR,21.9,12.4,18.0,26102246443,342.936,40883314090329,,,,,,,,,
22837,TEMPERED RESTAURANT CUP 19,ARCOROC,Hot Drinks / Breakfast – Beverage Service,£1.46,,,,ARCOROC,RESTAURANT BL UNI,RB12,PC,48,7.8,7.8,6.5,48,120.0,80.0,108.7,FLUO,HOT DRINKS / BREAKFA,HOT DRINKS / BREAKFA,TASSE / SOUS-TASSE,19.739,TASSE 19 RESTAURANT T,9.533,1920,0.19,12,FR,33.2,25.3,23.5,10026102228378,406.899,40026102228379,B4,,,23.8,15.7,11.0,2.314,4.11,26102246498
25269,TEMPERED RESTAURANT CUP 22,ARCOROC,Hot Drinks / Breakfast – Beverage Service,£1.50,,,,ARCOROC,RESTAURANT BL UNI,RB12,PC,48,7.8,7.8,7.4,48,120.0,80.0,95.2,FLUO,HOT DRINKS / BREAKFA,HOT DRINKS / BREAKFA,TASSE / SOUS-TASSE,22.709,TASSE 22 RESTAURANT T,10.06,1440,0.2,12,FR,33.5,25.2,26.9,10026102252694,327.164,40026102252695,B4,,,23.6,15.7,12.7,2.435,4.706,26102509593
X2005,TEMPERED RESTAURANT CUP 22,ARCOROC,Hot Drinks / Breakfast – Beverage Service,£1.50,,,,ARCOROC,RESTAURANT BL UNI,FA12,PC,12,7.8,7.8,7.4,12,120.0,80.0,109.8,FLUO,HOT DRINKS / BREAKFA,HOT DRINKS / BREAKFA,TASSE / SOUS-TASSE,7.346,TASSE 22 RESTAURANT T,2.551,1380,0.2,0,FR,24.6,15.8,18.9,26102509593,320.686,40883314085578,,,,,,,,,
22662,TEMPERED RESTAURANT CUP 8,ARCOROC,Hot Drinks / Breakfast – Beverage Service,£1.14,,,,ARCOROC,RESTAURANT BL UNI,RB12,PC,48,6.0,6.0,5.0,48,120.0,80.0,107.5,FLUO,HOT DRINKS / BREAKFA,HOT DRINKS / BREAKFA,TASSE / SOUS-TASSE,9.382,TASSE 8 RESTAURANT T,5.041,4320,0.1,12,FR,26.0,19.4,18.6,10026102226626,479.259,40026102226627,B4,,,18.4,12.3,8.7,1.224,1.969,26102510230
X2187,TEMPERED RESTAURANT CUP 8,ARCOROC,Hot Drinks / Breakfast – Beverage Service,£1.14,,,,ARCOROC,RESTAURANT BL UNI,FA12,PC,12,6.0,6.0,5.0,12,120.0,80.0,111.5,FLUO,HOT DRINKS / BREAKFA,HOT DRINKS / BREAKFA,TASSE / SOUS-TASSE,3.366,TASSE 8 RESTAURANT T,1.291,3096,0.1,0,FR,19.3,10.9,16.0,26102510230,360.683,40883314090589,,,,,,,,,
22845,TEMPERED RESTAURANT F.BORDEAUX CUP 19,ARCOROC,Hot Drinks / Breakfast – Beverage Service,£2.14,,,,ARCOROC,F.BORDEAUX,RB12,PC,48,7.8,7.8,6.4,48,120.0,80.0,108.7,FLUO,HOT DRINKS / BREAKFA,HOT DRINKS / BREAKFA,TASSE / SOUS-TASSE,19.739,TASSE 19 RESTAURANT F.BORDEAUX T,9.533,1920,0.19,12,FR,33.2,25.3,23.5,10026102228453,406.884,40026102228454,B4,,,23.8,15.7,11.0,2.314,4.11,26102246504
22548,TEMPERED RESTAURANT F.BORDEAUX PLATE 155,ARCOROC,Dinnerware,£2.46,,,,ARCOROC,F.BORDEAUX,RS6,PC,24,15.5,15.5,1.8,24,120.0,80.0,65.2,FLUO,DINNERWARE,DINNERWARE,ASSIETTE,5.022,ASSIETTE 155 RESTAURANT F.BORDEAUX T,5.285,2016,0.215,6,FR,17.9,16.7,16.8,10026102225483,469.838,40026102225484,B4,,,15.5,15.5,1.8,1.29,0.432,26102501863
22605,TEMPERED RESTAURANT F.BORDEAUX PLATE 195,ARCOROC,Dinnerware,£3.15,,,,ARCOROC,F.BORDEAUX,RS6,PC,24,19.3,19.3,2.2,24,120.0,80.0,76.3,FLUO,DINNERWARE,DINNERWARE,ASSIETTE,7.033,ASS RONDE 195 FILET BORDEAUX RESTAURAN T,7.829,1728,0.32,6,FR,20.3,16.9,20.5,10026102226053,589.122,40026102226054,B4,,,19.3,19.3,5.3,1.923,1.974,26102501818
22589,TEMPERED RESTAURANT F.BORDEAUX PLATE 235,ARCOROC,Dinnerware,£3.47,,,,ARCOROC,F.BORDEAUX,RS6,PC,24,23.6,23.6,2.6,24,120.0,80.0,90.6,FLUO,DINNERWARE,DINNERWARE,ASSIETTE,12.158,ASSIETTE 235 RESTAURANT F.BORDEAUX T,12.349,1152,0.505,6,FR,24.9,19.3,25.3,10026102225896,618.27,40026102225897,B4,,,23.6,23.6,5.9,3.034,1.448,26102501733
P3955,TEMPERED RESTAURANT F.BORDEAUX PLATE 252,ARCOROC,Dinnerware,£3.70,,,,ARCOROC,F.BORDEAUX,RS6,PC,12,25.3,25.3,2.5,12,120.0,80.0,68.3,FLUO,DINNERWARE,DINNERWARE,ASSIETTE,8.349,ASSIETTE 252 RESTAURANT FILET BORDEAUX T,7.875,672,0.64,6,FR,26.4,11.8,26.8,10026102229214,466.623,40026102229215,B2,,,25.5,25.5,5.9,3.845,3.836,26102501689
50061,TEMPERED RESTAURANT M-PURPOSE BOWL 160,ARCOROC,Dinnerware,£2.01,,,,ARCOROC,RESTAURANT BL UNI,RS6,PC,24,16.0,16.0,5.1,24,120.0,80.0,107.0,FLUO,DINNERWARE,DINNERWARE,SALADIER,14.069,CPL RONDE MU 160 RESTAURANT T,8.684,1320,0.35,6,FR,33.8,22.5,18.5,10026102500610,504.298,40026102500611,B4,,,16.0,16.0,5.1,2.1,1.306,26102510766
36140,TEMPERED RESTAURANT MUG 25,ARCOROC,Hot Drinks / Breakfast – Beverage Service,£1.46,,,,ARCOROC,RESTAURANT BL UNI,RA6,PC,36,10.3,10.3,8.9,36,120.0,80.0,100.3,FLUO,HOT DRINKS / BREAKFA,HOT DRINKS / BREAKFA,BOL / MUG (PTT DEJEUNER),20.569,BOCK 25 RESTAURANT T,8.118,1296,0.215,6,FR,31.0,23.2,28.6,10026102361402,317.717,40026102361403,B6,,,22.0,14.7,9.2,1.314,2.975,26102567210
22506,TEMPERED RESTAURANT PLATE 155,ARCOROC,Dinnerware,£1.92,,,,ARCOROC,RESTAURANT BL UNI,RS6,PC,24,15.5,15.5,1.8,24,120.0,80.0,65.1,FLUO,DINNERWARE,DINNERWARE,ASSIETTE,5.022,ASSIETTE 155 RESTAURANT T,5.285,2016,0.215,6,FR,17.9,16.7,16.8,10026102225063,469.838,40026102225064,B4,,,15.5,15.5,4.9,1.293,1.177,26102511275
29337,TEMPERED RESTAURANT PLATE 225,ARCOROC,Dinnerware,£2.80,,,,ARCOROC,RESTAURANT BL UNI,RS6,PC,24,22.5,22.5,2.2,24,120.0,80.0,62.5,FLUO,DINNERWARE,DINNERWARE,ASSIETTE,10.932,ASSIETTE RONDE 225 RESTAURANT T,11.975,960,0.49,6,FR,23.6,19.3,24.0,10026102293376,504.434,40026102293377,B4,,,22.7,22.7,5.4,2.943,2.783,26102511602
22522,TEMPERED RESTAURANT PLATE 235,ARCOROC,Dinnerware,£2.80,,,,ARCOROC,RESTAURANT BL UNI,RS6,PC,24,23.6,23.6,2.6,24,120.0,80.0,65.1,FLUO,DINNERWARE,DINNERWARE,ASSIETTE,12.158,ASSIETTE 235 RESTAURANT T,12.349,912,0.505,6,FR,24.9,19.3,25.3,10026102225223,494.696,40026102225224,B4,,,23.6,23.6,5.9,3.034,3.286,26102511626
P3967,TEMPERED RESTAURANT PLATE 290,ARCOROC,Dinnerware,£3.36,,,,ARCOROC,RESTAURANT BL UNI,RS6,PC,12,29.8,21.4,2.5,12,120.0,80.0,83.7,FLUO,DINNERWARE,DINNERWARE,ASSIETTE,7.868,ASSIETTE 290 RESTAURANT T,7.871,828,0.64,6,FR,31.1,11.0,23.0,10026102292256,568.638,40026102292257,B2,,,29.5,21.3,5.9,3.845,3.707,26102511169
22530,TEMPERED RESTAURANT ROUND PLATE 195,ARCOROC,Dinnerware,£2.46,,,,ARCOROC,RESTAURANT BL UNI,RS6,PC,24,19.3,19.3,2.2,24,120.0,80.0,76.3,FLUO,DINNERWARE,DINNERWARE,ASSIETTE,7.033,ASSIETTE RONDE 195 RESTAURANT T,7.829,1728,0.32,6,FR,20.3,16.9,20.5,10026102225308,589.319,40026102225309,B4,,,19.3,19.3,5.3,1.923,1.974,26102511428
43319,TEMPERED RESTAURANT SALAD BOWL 120,ARCOROC,Dinnerware,£1.58,,,,ARCOROC,RESTAURANT BL UNI,RS6,PC,36,12.1,12.1,4.7,36,120.0,80.0,110.4,FLUO,DINNERWARE,DINNERWARE,SALADIER,11.303,SALADIER 120 RESTAURANT T,7.421,2520,0.2,6,CN,37.5,22.0,13.7,10026102433192,545.154,40026102433193,B6,,,12.1,12.1,11.2,1.203,1.64,26102433201
22670,TEMPERED RESTAURANT SAUCER 112,ARCOROC,Hot Drinks / Breakfast – Beverage Service,£0.91,,,,ARCOROC,RESTAURANT BL UNI,RS6,PC,48,11.1,11.1,1.6,48,120.0,80.0,76.0,FLUO,HOT DRINKS / BREAKFA,HOT DRINKS / BREAKFA,TASSE / SOUS-TASSE,5.232,SOUS-TASSE 112 RESTAURANT T,5.185,5040,0.105,6,FR,23.5,18.1,12.3,10026102226701,569.958,40026102226702,B8,,,11.2,11.2,4.9,0.632,0.615,26102510216
22738,TEMPERED RESTAURANT SAUCER 130,ARCOROC,Hot Drinks / Breakfast – Beverage Service,£0.99,,,,ARCOROC,RESTAURANT BL UNI,RS6,PC,48,13.0,13.0,1.8,48,120.0,80.0,87.0,FLUO,HOT DRINKS / BREAKFA,HOT DRINKS / BREAKFA,TASSE / SOUS-TASSE,7.572,SOUS-TASSE 130 RESTAURANT T,7.375,3840,0.15,6,FR,27.2,19.2,14.5,10026102227388,615.546,40026102227389,B8,,,13.0,13.0,5.0,0.902,0.845,26102509821
22720,TEMPERED RESTAURANT SAUCER 140,ARCOROC,Hot Drinks / Breakfast – Beverage Service,£1.12,,,,ARCOROC,RESTAURANT BL UNI,RS6,PC,48,14.4,14.4,2.0,48,120.0,80.0,77.8,FLUO,HOT DRINKS / BREAKFA,HOT DRINKS / BREAKFA,TASSE / SOUS-TASSE,9.29,SOUS-TASSE 140 RESTAURANT T,8.845,3072,0.18,6,FR,30.0,19.6,15.8,10026102227203,591.74,40026102227204,B8,,,14.4,14.4,5.2,1.083,1.078,26102509579
22712,TEMPERED RESTAURANT SAUCER 153,ARCOROC,Hot Drinks / Breakfast – Beverage Service,£1.25,,,,ARCOROC,RESTAURANT BL UNI,RS6,PC,36,15.2,15.2,2.1,36,120.0,80.0,96.5,FLUO,HOT DRINKS / BREAKFA,HOT DRINKS / BREAKFA,TASSE / SOUS-TASSE,7.956,SOUS-TASSE 153 RESTAURANT T,7.549,2700,0.205,6,FR,31.5,15.4,16.4,10026102227128,591.539,40026102227129,B6,,,15.2,15.2,2.1,1.23,0.485,26102509173
28891,TEMPERED RESTAURANT SOUP BOWL 31,ARCOROC,Dinnerware,£2.25,,,,ARCOROC,RESTAURANT BL UNI,RB6,PC,24,15.2,15.2,6.0,24,120.0,80.0,101.5,FLUO,DINNERWARE,DINNERWARE,COMPLEMENT DE TABLE,15.609,BOL ROND A CONSOMME 31 RESTAURANT T,6.32,1080,0.25,6,FR,23.2,23.2,29.0,10026102288914,309.965,40026102288915,B4,,,22.4,10.6,13.9,1.528,3.3,26102511084
18962,TEMPERED RESTAURANT SQUARE DISH 110X110,ARCOROC,Dinnerware,£2.70,,,,ARCOROC,RESTAURANT BL UNI,RS6,PC,24,11.0,11.0,3.6,24,120.0,80.0,88.3,FLUO,DINNERWARE,DINNERWARE,SALADIER,5.633,RAVIER CARRE 110X110 RESTAURANT T,4.805,2880,0.195,6,FR,22.9,20.0,12.3,10026102189624,602.144,40026102189625,B4,,,11.0,11.0,3.6,1.17,0.436,26102510384
X2315,TEMPERED RESTAURANT SQUARE PLATE 200,ARCOROC,Dinnerware,£4.04,,,,ARCOROC,RESTAURANT BL UNI,RS6,PC,12,20.0,20.0,3.0,12,120.0,80.0,100.5,FLUO,DINNERWARE,DINNERWARE,ASSIETTE,9.165,ASSIETTE CARREE 200X200 RESTAURANT T,6.423,720,0.52,6,FR,21.0,20.3,21.5,10883314094296,410.944,40883314094297,B2,,,20.0,20.0,10.5,3.125,1.2,
49145,TEMPERED RESTAURANT STEAK OV PL 300X260,ARCOROC,Dinnerware,£3.36,,,,ARCOROC,RESTAURANT BL UNI,RS6,PC,12,30.0,26.0,3.0,12,120.0,80.0,71.1,FLUO,DINNERWARE,DINNERWARE,ASSIETTE,9.802,ASS OV A STEAK 300X260 RESTAURANT T,9.852,600,0.8,6,FR,31.6,11.0,28.2,10026102491451,518.238,40026102491452,B2,,,30.4,25.8,6.7,4.805,5.255,26102491485
L6500,TEMPERED SIDRA GIGANTE H/B TUMBLER 50,ARCOROC,Drinkware – Hiballs,£1.14,https://latabledarc.com/en/products/verre-haut-50-cl-sidra-gigante,https://cdn.shopify.com/s/files/1/0943/3553/3393/files/6ba07372d4b44378dd040005db22a2cb.jpg?v=1760539718,"<h2>Select the Arcoroc J5781 Sidra 50 cl tall tumbler.</h2> <p>The purity and simplicity of its design are perfect for both trendy and classic bars and brasseries. It will be a valuable everyday companion. With it, you can dare to revisit the presentation of classic cocktails, such as a fresh gin and tonic with lots of ice cubes or a mojito with beautiful fresh mint leaves. Its classic conical shape is enhanced by a very thin base. Lightweight and very easy to handle, it is extra resistant thanks to the technicality of tempering. It will therefore not fear repeated mechanical shocks and thermal shocks, so you can use it for making hot drinks. The Arcoroc bonus: it will be the perfect container for showcasing colorful smoothies or for serving large, fresh sodas.</p>",ARCOROC,SIDRA GIGANTE,FA6,PC,24,8.9,8.9,12.3,24,120.0,80.0,96.1,SODO,DRINKWARE,DRINKWARE,GOBELET,31.454,GOBELET H/BALL 50 SIDRA GIGANTE T,6.494,576,0.235,6,FR,39.2,29.5,27.2,10883314551447,181.507,40883314551448,B4,,,27.5,18.6,12.8,1.527,0.974,883314432138
P4020,TEMPERED SMART CUISINE TRIANON RAMEKIN12,LUMINARC,Cookware – Crockery,£1.25,https://latabledarc.com/en/products/ramequin-blanc-12-cm-smart-cuisine-trianon,https://cdn.shopify.com/s/files/1/0943/3553/3393/files/6b7a89b84e51f9b4f2ad6a31fc05e6d5.jpg?v=1762446848,"Choose the 12cm white Smart Cuisine Trianon ramekin from Luminarc
 This ramekin showcases your sweet and savory dishes; all that's left is to stimulate your imagination.",LUMINARC,SMART CUISINE TRIANON,A12,PC,12,12.0,12.0,5.0,12,120.0,80.0,107.2,OPALE CULINAIRE,KITCHENWARE,COOKWARE,CUISSON,7.128,RAMEQUIN 12 SMART CUISINE TRIANON T,2.586,1260,0.19,0,FR,25.0,21.6,13.2,10883314747123,297.208,40883314747124,,883314747126,883314747126,,,,,,
32305,TEMPERED SOUP BOWL 54,LUMINARC,Dinnerware,£2.69,,,,LUMINARC,BOL DIVERS OPALE,YS6,PC,24,16.4,16.4,6.8,24,120.0,81.3,105.4,FLUO,DINNERWARE,DINNERWARE,COMPLEMENT DE TABLE,34.487,BOL A CONSOMME 54 T,8.821,576,0.33,6,FR,42.0,27.1,30.3,10026102323059,237.083,40026102323050,B4,26102323052,26102323052,40.4,26.4,7.3,2.139,7.786,
H7764,TEMPERED STACK UP H/B TUMBLER 29,ARCOROC,Drinkware – Hiballs,£1.32,,https://static.wixstatic.com/media/042ed7_082464533acd496c8cd70c3b7449c308~mv2.webp,,ARCOROC,STACK UP,FA6,PC,24,7.6,7.6,11.9,24,120.0,80.0,96.1,SODO,DRINKWARE,DRINKWARE,GOBELET,23.26,GOBELET FH 29 STACK UP T,7.884,720,0.3,6,FR,33.8,25.3,27.2,10883314345114,262.006,40883314345115,B4,,,0.0,0.0,0.0,1.894,0.0,883314345117
H7763,TEMPERED STACK UP H/B TUMBLER 35,ARCOROC,Drinkware – Hiballs,£1.32,,,,ARCOROC,STACK UP,FA6,PC,24,7.8,7.8,14.0,24,120.0,80.0,109.9,SODO,DRINKWARE,DRINKWARE,GOBELET,30.198,GOBELET FH 35 STACK UP T,8.374,648,0.315,6,FR,35.7,26.6,31.8,10883314345107,251.769,40883314345108,B4,,,25.1,17.0,15.1,2.003,6.443,883314345100
J8039,"TEMPERED STACK UP H/B TUMBLER 4,5",ARCOROC,Drinkware – Hiballs,£0.81,,https://static.wixstatic.com/media/042ed7_8304048754f9447e965f38e560e2d291~mv2.webp,,ARCOROC,STACK UP,FA12,PC,48,5.0,5.0,6.0,48,120.0,80.0,118.1,SODO,DRINKWARE,DRINKWARE,GOBELET,10.988,"GOBELET FH 4,5 STACK UP T",4.484,4032,0.085,12,FR,23.7,17.9,25.9,10883314452416,402.15,40883314452417,B4,,,5.0,5.0,6.0,1.02,0.149,883314452419
H5642,TEMPERED STACK UP H/B TUMBLER 40,ARCOROC,Drinkware – Hiballs,£1.32,,https://static.wixstatic.com/media/042ed7_63bd41f9c5d54e36ab4dc49b23ddf201~mv2.webp,,ARCOROC,STACK UP,FA6,PC,24,8.3,8.3,14.4,24,120.0,80.0,106.0,SODO,DRINKWARE,DRINKWARE,GOBELET,41.176,GOBELET FH 40 STACK UP T,9.506,480,0.35,6,FR,57.4,39.2,18.3,10883314349938,216.073,40883314349939,B4,,,27.8,18.8,16.7,2.239,8.728,883314349931
H5641,TEMPERED STACK UP H/B TUMBLER 47,ARCOROC,Drinkware – Hiballs,£1.47,,,,ARCOROC,STACK UP,FA6,PC,24,8.7,8.7,14.7,24,120.0,80.0,119.5,SODO,DRINKWARE,DRINKWARE,GOBELET,41.094,GOBELET FH 47 STACK UP T,9.87,576,0.37,6,FR,39.4,29.8,35.0,10883314349921,262.255,40883314349922,B4,,,27.8,18.8,16.7,2.359,8.728,883314349924
H5647,TEMPERED STACK UP O/F TUMBLER 21,ARCOROC,Drinkware – Rocks,£1.08,,https://static.wixstatic.com/media/042ed7_6232de2a0b7e4bc6ac267ba46c13e273~mv2.webp,,ARCOROC,STACK UP,FA6,PC,24,8.3,8.3,8.0,24,120.0,80.0,114.5,SODO,DRINKWARE,DRINKWARE,GOBELET,19.152,GOBELET FB 21 STACK UP T,6.383,1080,0.24,6,FR,36.0,26.6,20.0,10883314349969,312.629,40883314349960,B4,,,8.3,8.3,8.0,1.44,0.551,883314349962
H4702,TEMPERED STACKABLE BOWL 10,LUMINARC,Dinnerware,£0.62,,,,LUMINARC,EMPILABLE TRANSP (SALA),RS6,PC,24,10.3,10.3,4.5,24,120.0,80.0,109.2,SODO,DINNERWARE,DINNERWARE,SALADIER,6.676,SALADIER 10 EMPILABLE T,3.515,2880,0.14,6,FR,25.6,22.1,11.8,10026102255473,447.479,40026102255474,B4,26102140604,26102140604,10.3,10.3,4.5,0.84,0.477,10026102255473
H1149,TEMPERED STACKABLE BOWL 12+LID,LUMINARC,Dinnerware,£1.57,,,,LUMINARC,EMPILABLE TRANSP (SALA),A12,PC,12,12.8,12.8,5.6,12,120.0,80.0,111.4,SODO,DINNERWARE,DINNERWARE,SALADIER,11.18,SALADIER 12 EMPILABLE+COUVERCLE T,2.864,924,0.219,0,FR,31.4,25.8,13.8,10883314279396,246.2,40883314279397,,883314279382,883314279382,,,,,,
V8036,TEMPERED STACKABLE BOWL 14,LUMINARC,Dinnerware,£1.19,,,,LUMINARC,EMPILABLE TRANSP (SALA),RS6,PC,24,13.8,13.8,6.2,24,120.8,80.0,105.1,SODO,DINNERWARE,DINNERWARE,SALADIER,13.772,SALADIER 14 EMPILABLE T,6.8,1440,0.27,6,FR,30.2,30.2,15.1,10883314994428,433.572,40883314994429,B4,26102142271,26102142271,14.0,14.0,16.5,1.631,3.234,
H1150,TEMPERED STACKABLE BOWL 14+LID,LUMINARC,Dinnerware,£1.96,,,,LUMINARC,EMPILABLE TRANSP (SALA),A12,PC,12,13.9,13.9,6.2,12,120.0,80.0,109.5,SODO,DINNERWARE,DINNERWARE,SALADIER,17.128,SALADIER 14 EMPILABLE+COUVERCLE T,3.785,576,0.29,0,FR,36.5,29.7,15.8,10883314279419,207.594,40883314279410,,883314279405,883314279405,,,,,,
H1151,TEMPERED STACKABLE BOWL 17 + LID,LUMINARC,Dinnerware,£2.38,,,,LUMINARC,EMPILABLE TRANSP (SALA),A6,PC,6,17.0,17.0,7.8,6,120.0,80.0,97.0,SODO,DINNERWARE,DINNERWARE,SALADIER,16.609,SALADIER 17 EMPILABLE T+COUVERCLE,3.015,300,0.46,0,FR,36.5,23.7,19.2,10883314279433,176.304,40883314279434,,883314279429,883314279429,,,,,,
73112,TEMPERED STACKABLE BOWL 20,LUMINARC,Dinnerware,£2.47,https://latabledarc.com/en/products/saladier-20-cm-empilable-180-cl,https://cdn.shopify.com/s/files/1/0943/3553/3393/files/b77e3b828ddc1d5e19e9406a8ee3e556.jpg?v=1762446922,"Choose the 20cm Stackable Salad Bowl from Luminarc
 This salad bowl proves to be both sturdy (an important characteristic for a product used often and regularly subjected to vigorous handling) and practical to use thanks to its light weight.",LUMINARC,EMPILABLE TRANSP (SALA),A6,PC,6,0.0,0.0,0.0,6,120.0,80.0,103.7,SODO,DINNERWARE,DINNERWARE,SALADIER,14.307,SALADIER 20 EMPILABLE T,4.176,336,0.64,0,FR,28.9,22.2,22.3,10026102731120,259.727,40026102731121,,26102142431,26102142431,,,,,,
H1152,TEMPERED STACKABLE BOWL 20 + LID,LUMINARC,Dinnerware,£3.49,,,,LUMINARC,EMPILABLE TRANSP (SALA),A8,PC,8,19.9,19.9,9.2,8,120.0,80.0,100.9,SODO,DINNERWARE,DINNERWARE,SALADIER,32.594,SALADIER 20 EMPILABLE +CAPS T,5.926,192,0.685,0,FR,41.8,36.1,21.6,10883314279457,167.588,40883314279458,,883314279443,883314279443,,,,,,
73113,TEMPERED STACKABLE BOWL 23,LUMINARC,Dinnerware,£3.18,https://latabledarc.com/en/products/saladier-23-cm-empilable-290-cl,https://cdn.shopify.com/s/files/1/0943/3553/3393/files/c22b42abc38ca235345267b806a710f9.jpg?v=1762446958,"Choose the 23cm Stackable Salad Bowl from Luminarc
 This salad bowl proves to be both sturdy (an important characteristic for a product used often and regularly subjected to vigorous handling) and practical to use thanks to its light weight.",LUMINARC,EMPILABLE TRANSP (SALA),A6,PC,6,0.0,0.0,0.0,6,120.0,80.0,110.1,SODO,DINNERWARE,DINNERWARE,SALADIER,17.599,SALADIER 23 EMPILABLE T,6.291,270,0.98,0,FR,24.1,24.1,30.3,10026102731137,308.665,40026102731138,,26102503591,26102503591,,,,,,
14268,TEMPERED STACKABLE BOWL 26,LUMINARC,Dinnerware,£4.73,https://latabledarc.com/en/products/saladier-26-cm-empilable-430-cl,https://cdn.shopify.com/s/files/1/0943/3553/3393/files/9c3255ccd8d8feefabfa02afc70cc9d1.jpg?v=1762446975,"Choose the 26cm Stackable Salad Bowl from Luminarc
 This salad bowl proves to be both sturdy (an important characteristic for a product used often and regularly subjected to vigorous handling) and practical to use thanks to its light weight.",LUMINARC,EMPILABLE TRANSP (SALA),A6,PC,6,25.9,25.9,11.9,6,120.0,80.0,110.8,SODO,DINNERWARE,DINNERWARE,SALADIER,24.236,SALADIER 26 EMPILABLE T,7.746,216,1.2,0,FR,27.1,27.1,33.0,10026102142681,304.425,40026102142682,,26102142684,26102142684,,,,,,
V7655,TEMPERED STACKABLE BOWL 260,ARCOROC,Dinnerware,£4.73,,,,ARCOROC,EMPILABLE TRANSP (SALA),A6,PC,6,25.9,25.9,11.9,6,120.0,81.0,119.8,SODO,DINNERWARE,DINNERWARE,SALADIER,24.236,SALADIER 260 EMPILABLE T,7.746,216,1.2,0,FR,27.1,27.1,33.0,10883314990857,304.45,40883314990858,,26102800164,26102800164,,,,,,
23720,TEMPERED STACKABLE BOWL 29,LUMINARC,Dinnerware,£6.10,https://latabledarc.com/en/products/saladier-29-cm-empilable-600-cl,https://cdn.shopify.com/s/files/1/0943/3553/3393/files/103eaaa7c7b2f4b2135f70a1ebe4e304_bb8a780c-669e-4c25-bb10-90ecc4eabe41.jpg?v=1762446986,"Choose the 29cm Stackable Salad Bowl from Luminarc
   This salad bowl proves to be both sturdy (an important characteristic for a product used often and regularly subjected to vigorous handling) and practical to use thanks to its light weight.",LUMINARC,EMPILABLE TRANSP (SALA),A6,PC,6,29.0,29.0,13.3,6,120.0,80.0,109.0,SODO,DINNERWARE,DINNERWARE,SALADIER,36.95,SALADIER 29 EMPILABLE T,11.216,144,1.76,0,FR,39.1,30.0,31.5,10026102237202,294.56,40026102237203,,26102237205,26102237205,,,,,,
10029,TEMPERED STACKABLE BOWL 290,ARCOROC,Dinnerware,£6.10,,,,ARCOROC,EMPILABLE TRANSP (SALA),A6,PC,6,29.0,29.0,13.3,6,120.0,80.0,109.0,SODO,DINNERWARE,DINNERWARE,SALADIER,36.95,SALADIER ROND 29 EMPILABLE T,11.216,144,1.76,0,FR,39.1,30.0,31.5,10026102100292,294.56,40026102100293,,26102800096,26102800096,,,,,,
14193,TEMPERED STACKABLE BOWL 6,LUMINARC,Dinnerware,£0.50,,,,LUMINARC,EMPILABLE TRANSP (SALA),RS6,PC,36,6.0,6.0,2.7,36,120.0,80.0,111.1,SODO,DINNERWARE,DINNERWARE,SALADIER,2.112,SALADIER 6 EMPILABLE T,1.469,14256,0.039,6,FR,19.7,13.4,8.0,10026102141936,608.427,40026102141937,B6,,,6.0,6.0,7.1,0.235,0.256,26102805367
15026,TEMPERED STACKABLE BOWL 7,LUMINARC,Dinnerware,£0.54,,,,LUMINARC,EMPILABLE TRANSP (SALA),RS6,PC,36,7.5,7.5,3.4,36,121.3,80.0,114.5,SODO,DINNERWARE,DINNERWARE,SALADIER,3.913,SALADIER 7 EMPILABLE T,2.728,7920,0.072,6,FR,24.1,16.4,9.9,10026102150266,602.426,40026102150267,B6,26102150269,26102150269,7.5,7.5,9.8,0.44,0.551,26102267028
V9762,TEMPERED STACKABLE CUP 14,LUMINARC,Hot Drinks / Breakfast – Beverage Service,£1.22,https://latabledarc.com/en/products/tasse-blanche-14-cl-empilable,https://cdn.shopify.com/s/files/1/0943/3553/3393/files/59531e47a58cce1d5209ca11d1bba7cc.jpg?v=1762447536,"Fall in love with the 14cl Stackable White Cup, developed by Luminarc
   This mug is the perfect accompaniment to your hot drinks, especially coffee! Sturdy yet lightweight thanks to its glass construction, this mug offers an easy grip, simple cleaning, and adds a stylish touch to your table and home décor!",LUMINARC,EMPILABLE,FA6,PC,6,9.9,9.9,4.9,6,120.0,80.0,117.0,FLUO,HOT DRINKS / BREAKFA,HOT DRINKS / BREAKFA,TASSE / SOUS-TASSE,2.311,TASSE 14 EMPILABLE T,0.945,2376,0.145,0,FR,23.7,10.6,9.2,26102260302,401.964,40026102300266,,26102008584,26102008584,,,,,,
V9519,TEMPERED STACKABLE CUP 14,ARCOROC,Hot Drinks / Breakfast – Beverage Service,£1.22,,,,ARCOROC,EMPILABLE,FA6,PC,6,9.9,9.9,4.9,6,120.0,80.0,117.0,FLUO,HOT DRINKS / BREAKFA,HOT DRINKS / BREAKFA,TASSE / SOUS-TASSE,2.311,TASSE 14 EMPILABLE T,0.936,2376,0.145,0,FR,23.7,10.6,9.2,883314178074,398.4,40883314022757,,,,,,,,,
V9497,TEMPERED STACKABLE CUP 22,LUMINARC,Hot Drinks / Breakfast – Beverage Service,£1.34,https://latabledarc.com/en/products/tasse-blanche-22-cl-empilable,https://cdn.shopify.com/s/files/1/0943/3553/3393/files/5f1552d4d3bdaedfb1a4ad55fd4788fb.jpg?v=1762447544,"Fall in love with the 22cl Stackable White Cup, developed by Luminarc
 This mug is the perfect accompaniment to your hot drinks, especially coffee! Sturdy yet lightweight thanks to its glass construction, this mug offers an easy grip, simple cleaning, and adds a stylish touch to your table and home décor!",LUMINARC,EMPILABLE,FA6,PC,6,7.9,7.9,6.5,6,120.0,80.0,116.5,FLUO,HOT DRINKS / BREAKFA,HOT DRINKS / BREAKFA,TASSE / SOUS-TASSE,3.072,TASSE 22 EMPILABLE T,1.294,1764,0.2,0,FR,25.1,17.0,7.2,26102260265,407.866,40026102300174,,26102015421,26102015421,,,,,,
X1204,TEMPERED STACKABLE CUP 28,LUMINARC,Hot Drinks / Breakfast – Beverage Service,£1.83,https://latabledarc.com/en/products/tasse-blanche-28-cl-empilable,https://cdn.shopify.com/s/files/1/0943/3553/3393/files/6825c15da60e02cc662daff775a19727.jpg?v=1762447548,"Fall in love with the 28cl Stackable White Cup, developed by Luminarc
   This mug is the perfect accompaniment to your hot drinks, especially coffee! Sturdy yet lightweight thanks to its glass construction, this mug offers an easy grip, simple cleaning, and adds a stylish touch to your table and home décor!",LUMINARC,EMPILABLE,FA6,PC,6,9.2,9.2,6.0,6,120.0,80.0,116.5,FLUO,HOT DRINKS / BREAKFA,HOT DRINKS / BREAKFA,TASSE / SOUS-TASSE,4.182,TASSE 28 EMPILABLE T,1.545,1296,0.24,0,FR,28.5,13.1,11.2,26102260227,361.075,40026102300952,,26102015599,26102015599,,,,,,
V9495,TEMPERED STACKABLE CUP 28,ARCOROC,Hot Drinks / Breakfast – Beverage Service,£1.83,,,,ARCOROC,EMPILABLE,FA6,PC,6,9.2,9.2,6.0,6,120.0,80.0,116.5,FLUO,HOT DRINKS / BREAKFA,HOT DRINKS / BREAKFA,TASSE / SOUS-TASSE,4.182,TASSE 28 EMPILABLE T,1.536,1296,0.24,0,FR,28.5,13.1,11.2,883314178081,359.131,40883314022542,,,,,,,,,
64473,TEMPERED STACKABLE DISH 140           R3,ARCOROC,Dinnerware,£8.23,,,,ARCOROC,EMPILABLE,RS3,R3,8,14.0,9.0,7.1,8,120.0,80.0,111.6,SODO,DINNERWARE,DINNERWARE,SALADIER,9.33,RAVIER 140 EMPILABLE T               R3,5.421,720,0.649,0,FR,30.5,19.0,16.1,10026102644734,513.359,40026102644735,B8,26102644737,26102644737,,,,,,
V7812,TEMPERED STACKABLE ROUND BOWL 120,ARCOROC,Dinnerware,£0.77,,,,ARCOROC,EMPILABLE TRANSP (SALA),RS6,PC,36,11.8,11.8,5.4,36,120.0,80.0,111.2,SODO,DINNERWARE,DINNERWARE,SALADIER,14.683,SALADIER 12 EMPILABLE T,7.748,2016,0.205,6,FR,38.0,28.0,13.8,10883314992578,459.567,40883314992579,B6,26102972175,26102972175,11.8,11.8,5.4,1.23,0.752,26102168745
10003,TEMPERED STACKABLE ROUND BOWL 140,ARCOROC,Dinnerware,£1.19,https://latabledarc.com/en/products/coupelle-ronde-en-verre-13-8-cm-empilable-62-5-cl,https://cdn.shopify.com/s/files/1/0943/3553/3393/files/7248e61467195d88bf247093496ba126.jpg?v=1760538502,"Profitez du saladier rond 13.8 cm Empilable 62.5 cl 10003 de la marque Arcoroc.
 Ce petit saladier transparent au design épuré est parfaitement adapté aux présentations de buffet, brunch ou petit-déjeuner. D’une faible capacité, ce saladier 12 cl est idéal pour le service d’entrées, de desserts ou de salades. Ce saladier en verre trempé répond aux problématiques de fragilité et permet une utilisation intensive que ce soit en cuisine ou au lave-vaisselle. Ce saladier a été pensé et conçu pour répondre aux exigences de résistance et d’ergonomie des professionnels de l’hôtellerie-restauration.  Le plus Arcoroc : Un saladier empilable qui facilite la manipulation et le rangement.",ARCOROC,EMPILABLE TRANSP (SALA),RS6,PC,36,0.0,0.0,6.2,36,120.0,80.0,114.7,SODO,DINNERWARE,DINNERWARE,SALADIER,23.42,SALADIER ROND 140 EMPILABLE T,10.267,1296,0.27,6,FR,44.1,31.8,16.7,10026102100032,394.996,40026102100033,B6,26102972182,26102972182,13.9,13.9,6.2,1.62,1.205,26102168844
V7515,TEMPERED STACKABLE ROUND BOWL 60,ARCOROC,Dinnerware,£0.50,,,,ARCOROC,EMPILABLE TRANSP (SALA),RS6,PC,36,6.0,6.0,2.7,36,120.0,80.0,111.1,SODO,DINNERWARE,DINNERWARE,SALADIER,2.112,SALADIER ROND 60 EMPILABLE T,1.469,14256,0.039,6,FR,19.7,13.4,8.0,10026102298685,608.417,40026102298686,B6,,,6.0,6.0,7.1,0.235,0.256,26102168066
10040,TEMPERED STACKABLE ROUND BOWL 90,ARCOROC,Dinnerware,£0.61,,,,ARCOROC,EMPILABLE TRANSP (SALA),RS6,PC,36,8.8,8.8,3.9,36,120.0,80.0,116.6,SODO,DINNERWARE,DINNERWARE,SALADIER,5.635,SALADIER 90 EMPILABLE T,3.762,5760,0.1,6,FR,27.9,19.8,10.2,10026102100407,627.614,40026102100408,B6,26102972144,26102972144,9.0,9.0,10.7,0.609,0.867,26102168257
1526,TEMPERED STACKABLE SAUCER 14,LUMINARC,Hot Drinks / Breakfast – Beverage Service,£1.47,,,,LUMINARC,CYL EMP OPALE (P/TASSE),RS6,PC,72,13.9,13.9,1.9,72,120.0,80.0,91.0,FLUO,HOT DRINKS / BREAKFA,HOT DRINKS / BREAKFA,TASSE / SOUS-TASSE,11.137,SOUS-TASSE 14 EMPILABLE T,11.461,4320,0.155,6,FR,29.0,25.1,15.3,10026102015268,713.193,40026102015269,B12,26102015261,26102015261,14.0,14.0,5.0,0.938,0.98,
E9570,TEMPERED STACKABLE SAUCER 16,LUMINARC,Hot Drinks / Breakfast – Beverage Service,£1.59,,,,LUMINARC,CYL EMP OPALE (P/TASSE),RS6,PC,48,15.9,15.9,2.2,48,120.0,80.0,84.1,FLUO,HOT DRINKS / BREAKFA,HOT DRINKS / BREAKFA,TASSE / SOUS-TASSE,10.17,SOUS-TASSE 16 EMP T,10.577,2688,0.215,6,FR,33.4,17.5,17.4,10026102236694,617.756,40026102236695,B8,26102015346,26102015346,16.0,16.0,5.0,1.299,1.28,26102245521
G2722,TEMPERED STACKABLE SAUCER 160,ARCOROC,Hot Drinks / Breakfast – Beverage Service,£1.47,,,,ARCOROC,EMPILABLE,RS6,PC,48,15.9,15.9,2.2,48,120.0,80.0,84.1,FLUO,HOT DRINKS / BREAKFA,HOT DRINKS / BREAKFA,TASSE / SOUS-TASSE,10.17,SOUS-TASSE 160 EMPILABLE T,10.529,2688,0.215,6,FR,33.4,17.5,17.4,10883314178057,615.068,40883314178058,B8,,,16.0,16.0,5.0,1.293,1.28,883314178050
H1154,TEMPERED STACKATEBLE BOWL 23 + LID,LUMINARC,Dinnerware,£4.33,,,,LUMINARC,EMPILABLE TRANSP (SALA),A6,PC,6,23.0,23.0,10.5,6,120.0,80.0,113.6,SODO,DINNERWARE,DINNERWARE,SALADIER,35.633,SALADIER 23 EMPILABLE +CAPS T,6.688,120,1.044,0,FR,47.3,30.5,24.7,10883314279495,159.144,40883314279496,,883314279481,883314279481,,,,,,
L3579,TEMPERED STAIRO DESSERT PLATE 190,ARCOROC,Dinnerware,£0.84,,,,ARCOROC,STAIRO,RS6,PC,24,19.0,19.0,1.8,24,120.0,80.0,75.7,FLUO,DINNERWARE,DINNERWARE,ASSIETTE,5.373,ASSIETTE DESSERT 190 STAIRO T,5.551,2592,0.225,6,FR,20.0,13.3,20.2,10883314517405,625.504,40883314517406,B4,883314523935,883314523935,19.0,19.0,4.1,1.36,1.48,883314517408
L5271,TEMPERED STAIRO DINNER PLATE 235,ARCOROC,Dinnerware,£0.85,,,,ARCOROC,STAIRO,RS6,PC,24,23.5,23.5,2.2,24,120.0,80.0,91.8,FLUO,DINNERWARE,DINNERWARE,ASSIETTE,9.243,ASSIETTE PLATE 235 STAIRO T,8.4,1656,0.34,6,FR,24.3,14.8,25.7,10883314540069,605.53,40883314540060,B4,883314540055,883314540055,23.5,23.5,4.4,2.05,2.43,883314540062
L3578,TEMPERED STAIRO SOUP PLATE 230,ARCOROC,Dinnerware,£0.91,,,,ARCOROC,STAIRO,RS6,PC,24,23.6,23.6,3.2,24,120.0,80.0,91.5,FLUO,DINNERWARE,DINNERWARE,ASSIETTE,10.645,ASSIETTE CREUSE 230 STAIRO T,8.87,1440,0.36,6,FR,24.9,16.7,25.6,10883314517382,558.168,40883314517383,B4,883314523911,883314523911,23.6,23.6,5.6,2.17,3.119,883314517385
L2811,TEMPERED STEAK PLATE 300X260 EVOLUTIONR6,ARCOROC,Dinnerware,£16.35,,,,ARCOROC,EVOLUTIONS SOLUTIONS,RS6,R6,2,30.4,25.8,6.7,2,120.0,80.0,71.2,FLUO,DINNERWARE,DINNERWARE,ASSIETTE,9.802,ASS STEAK 300X260X26 EVOLUTIONS SO T R6,9.864,100,4.811,0,FR,31.6,11.0,28.2,10883314508656,518.838,40883314508657,B2,883314510065,883314510065,,,,,,
J0561,TEMPERED SWEET LINE WHITE DESSERT PLATE,LUMINARC,Dinnerware,£1.59,,,,LUMINARC,SWEET LINE WHITE,RS6,PC,24,21.5,19.0,2.1,24,120.0,80.0,79.1,FLUO,DINNERWARE,DINNERWARE,ASSIETTE,8.159,ASSIETTE DESSERT 21 SWEET LINE BLANC T,8.597,1512,0.35,6,FR,23.0,16.5,21.5,10883314376064,567.045,40883314376065,B4,883314121490,883314121490,21.5,19.0,2.1,2.1,0.858,
E8007,TEMPERED SWEET LINE WHITE SERVICE PLATE,LUMINARC,Dinnerware,£3.87,,,,LUMINARC,SWEET LINE WHITE,FA6,PC,6,34.3,24.1,1.9,6,120.0,80.0,66.6,FLUO,DINNERWARE,DINNERWARE,ASSIETTE,5.122,ASS PRES 34 SWEET LINE BLANC T,5.265,516,0.85,0,FR,35.1,5.7,25.6,10883314121510,480.335,40883314121511,,883314121513,883314121513,,,,,,
47580,TEMPERED TEA MUG 23,ARCOROC,Hot Drinks / Breakfast – Beverage Service,£1.82,,https://static.wixstatic.com/media/042ed7_5d3774c6de1c49748d192c379034c4eb~mv2.webp,,ARCOROC,THE TRANSP TREMPE,RA6,PC,24,10.5,10.5,10.6,24,120.0,80.0,105.4,SODO,HOT DRINKS / BREAKFA,HOT DRINKS / BREAKFA,BOL / MUG (PTT DEJEUNER),17.197,BOCK A THE 23 THE T,6.07,1152,0.24,6,FR,32.1,23.6,22.7,10026102475802,316.831,40026102475803,B4,,,22.3,15.4,10.8,1.465,3.709,26102510728
47602,TEMPERED TEA MUG 23,ARCOROC,Hot Drinks / Breakfast – Beverage Service,£1.82,,,,ARCOROC,THE TRANSP TREMPE,RA6,PC,1350,10.5,10.5,10.6,0,120.0,80.0,113.0,SODO,HOT DRINKS / BREAKFA,HOT DRINKS / BREAKFA,BOL / MUG (PTT DEJEUNER),0.0,BOCK A THE 23 T,0.0,1350,0.24,0,FR,,,,,356.78,40026102476022,,,,,,,,,
D7501,TEMPERED TRAINON SIDE PLATE,LUMINARC,Dinnerware,£0.91,,,,LUMINARC,TRIANON BL UNI,RS6,PC,36,15.5,15.5,1.4,36,120.0,80.0,82.8,FLUO,DINNERWARE,DINNERWARE,ASSIETTE,5.552,ASSIETTE A PAIN TRIANON T,6.111,3888,0.165,6,FR,19.1,17.1,17.0,10026102945923,686.251,40026102945924,B6,26102094150,26102094150,15.5,15.5,1.4,0.99,0.324,
144,TEMPERED TRIANON 19 PC DINNER SET,LUMINARC,Dinnerware,£22.96,,,,LUMINARC,TRIANON BL UNI,SS1,SET,1,28.0,22.0,26.3,1,120.0,80.0,120.6,FLUO,DINNERWARE,DINNERWARE,SERVICE VAISSELLE,16.201,SCE 19P TABLE TRIANON T,7.036,56,7.036,0,FR,28.0,22.0,26.3,26102001448,421.102,40026102001446,,26102001448,26102001448,,,,,,
P7773,TEMPERED TRIANON 3 PC OVAL DISH,LUMINARC,Cookware – Crockery,£14.91,,,,LUMINARC,SMART CUISINE TRIANON,KC1,SET,4,36.9,29.0,8.3,4,120.0,80.0,109.3,OPALE CULINAIRE,KITCHENWARE,COOKWARE,CUISSON,42.741,SCE 3P PLAT TRIANON T,12.115,72,2.892,0,FR,38.1,35.5,31.6,10883314784777,243.549,40883314784778,B4,883314784770,883314784770,,,,,,
J3190,TEMPERED TRIANON 5 PC BOWL SET,LUMINARC,Dinnerware,£7.23,,,,LUMINARC,TRIANON BL UNI,SS1,SET,3,0.0,0.0,0.0,3,120.0,80.0,118.9,FLUO,DINNERWARE,DINNERWARE,SERVICE VAISSELLE,23.955,SCE 5P SALADIERS TRIANON T,5.159,108,1.38,0,FR,35.3,26.0,26.1,10883314404699,211.118,40883314404690,B3,883314404692,883314404692,,,,,,
H4917,TEMPERED TRIANON BOWL 12,LUMINARC,Dinnerware,£1.04,,,,LUMINARC,TRIANON BL UNI,RS6,PC,24,12.6,12.6,5.6,24,120.0,80.0,112.4,FLUO,DINNERWARE,DINNERWARE,SALADIER,7.146,SALADIER 12 TRIANON T,4.152,3024,0.165,6,FR,26.5,19.4,13.9,10026102255787,548.736,40026102255788,B4,26102587416,26102587416,13.0,13.0,11.5,0.999,1.944,
V8502,TEMPERED TRIANON BOWL 120,ARCOROC,Dinnerware,,,,,ARCOROC,TRIANON BL UNI,RS6,PC,36,12.6,12.6,5.6,36,120.0,80.0,112.8,FLUO,DINNERWARE,DINNERWARE,SALADIER,11.12,SALADIER 120 TRIANON T,6.215,3024,0.165,6,FR,40.0,20.0,13.9,10883314999331,547.744,40883314999332,B6,26102282724,26102282724,12.5,12.5,11.8,0.999,1.844,
H4918,TEMPERED TRIANON BOWL 18,LUMINARC,Dinnerware,£2.26,,,,LUMINARC,TRIANON BL UNI,RS6,PC,24,17.9,17.9,7.8,24,120.0,80.0,111.6,FLUO,DINNERWARE,DINNERWARE,SALADIER,16.733,SALADIER 18 TRIANON T,10.158,1200,0.41,6,FR,37.5,23.0,19.4,10026102255794,533.384,40026102255795,B4,26102053485,26102053485,18.0,18.0,14.0,2.471,4.536,
D6882,TEMPERED TRIANON BOWL 180,ARCOROC,Dinnerware,£2.26,,,,ARCOROC,TRIANON BL UNI,RS6,PC,12,17.9,17.9,7.8,12,120.0,80.0,111.7,FLUO,DINNERWARE,DINNERWARE,SALADIER,8.397,SALADIER 180 TRIANON T,5.095,1260,0.41,6,FR,22.9,18.9,19.4,10026102255374,560.985,40026102255375,B2,26102255377,26102255377,14.5,14.5,4.8,2.47,1.009,
54455,TEMPERED TRIANON BOWL 24,LUMINARC,Dinnerware,£3.07,,,,LUMINARC,TRIANON BL UNI,RS6,PC,6,23.9,23.9,9.8,6,120.0,80.0,118.0,FLUO,DINNERWARE,DINNERWARE,SALADIER,12.285,SALADIER 24 TRIANON T,4.565,432,0.72,6,FR,25.6,18.6,25.8,10026102544553,354.174,40026102544554,B1,26102587454,26102587454,24.0,24.0,16.5,4.334,9.504,
D6881,TEMPERED TRIANON BOWL 240,ARCOROC,Dinnerware,£3.07,,,,ARCOROC,TRIANON BL UNI,RS6,PC,6,23.9,23.9,9.8,6,120.0,80.0,118.0,FLUO,DINNERWARE,DINNERWARE,SALADIER,12.285,SALADIER 240 TRIANON T,4.565,432,0.72,6,FR,25.6,18.6,25.8,10026102253509,354.158,40026102253500,B1,26102253502,26102253502,24.0,24.0,16.5,4.334,9.504,
E9563,TEMPERED TRIANON BOWL 46,LUMINARC,Hot Drinks / Breakfast – Crockery,£1.71,,,,LUMINARC,TRIANON BL UNI,RS6,PC,6,13.1,13.1,7.1,6,120.0,80.0,117.6,FLUO,HOT DRINKS / BREAKFA,HOT DRINKS / BREAKFA,BOL / MUG (PTT DEJEUNER),3.373,BOL 46 TRIANON T,1.684,1680,0.265,6,FR,16.5,14.0,14.6,10026102237080,497.114,40026102237081,B1,26102519295,26102519295,13.2,13.2,14.3,1.6,2.492,
D6921,TEMPERED TRIANON CUP 22,ARCOROC,Hot Drinks / Breakfast – Beverage Service,£1.30,,,,ARCOROC,TRIANON BL UNI,RA6,PC,36,9.0,9.0,6.8,36,120.0,80.0,104.1,FLUO,HOT DRINKS / BREAKFA,HOT DRINKS / BREAKFA,TASSE / SOUS-TASSE,19.841,TASSE 22 TRIANON T,6.071,1440,0.16,6,FR,34.2,25.9,22.4,10026102291716,268.309,40026102291717,B6,26102291719,26102291719,24.1,16.1,6.9,0.965,2.677,
X2681,TEMPERED TRIANON CUP 22,ARCOROC,Hot Drinks / Breakfast – Beverage Service,£1.30,,,,ARCOROC,TRIANON BL UNI,#N/A,PC,6,9.0,9.0,6.8,6,120.0,80.0,110.2,FLUO,HOT DRINKS / BREAKFA,HOT DRINKS / BREAKFA,TASSE / SOUS-TASSE,4.205,TASSE 22 TRIANON T,1.031,1080,0.155,0,FR,26.7,15.0,10.5,883314100914,212.731,40883314100912,#N/A,,,,,,,,
D6922,TEMPERED TRIANON CUP 28,ARCOROC,Hot Drinks / Breakfast – Beverage Service,£1.61,,,,ARCOROC,TRIANON BL UNI,RA6,PC,36,9.5,9.5,7.5,36,120.0,80.0,111.3,FLUO,HOT DRINKS / BREAKFA,HOT DRINKS / BREAKFA,TASSE / SOUS-TASSE,23.455,TASSE 28 TRIANON T,7.82,1296,0.205,6,FR,36.3,26.7,24.2,10026102291952,307.002,40026102291953,B6,26102291955,26102291955,25.8,17.5,7.3,1.263,3.296,
X3152,TEMPERED TRIANON CUP 28,ARCOROC,Hot Drinks / Breakfast – Beverage Service,£1.61,,,,ARCOROC,TRIANON BL UNI,#N/A,PC,6,9.5,9.5,7.5,6,120.0,80.0,109.8,FLUO,HOT DRINKS / BREAKFA,HOT DRINKS / BREAKFA,TASSE / SOUS-TASSE,4.738,TASSE 28 TRIANON T,1.34,1080,0.205,0,FR,29.3,15.4,10.5,883314301649,268.391,40883314301647,#N/A,26102291955,26102291955,,,,,,
E8845,TEMPERED TRIANON CUP AND SAUCER 22,LUMINARC,Hot Drinks / Breakfast – Beverage Service,£14.56,,,,LUMINARC,TRIANON BL UNI,PKB6,PKG,4,41.6,14.6,9.1,4,120.0,80.0,111.0,FLUO,HOT DRINKS / BREAKFA,HOT DRINKS / BREAKFA,TASSE / SOUS-TASSE,25.795,TASSE 22 +S.TASSE TRIANON T          P6,8.257,120,1.975,0,FR,42.7,31.3,19.3,10026102231989,273.089,40026102231980,B4,26102519479,26102519479,,,,,,
67530,TEMPERED TRIANON CUP AND SAUCER 28,LUMINARC,Hot Drinks / Breakfast – Beverage Service,£11.72,,,,LUMINARC,TRIANON BL UNI,PKB4,PKG,6,0.0,0.0,0.0,6,120.0,80.0,103.9,FLUO,HOT DRINKS / BREAKFA,HOT DRINKS / BREAKFA,TASSE / SOUS-TASSE,38.554,TASSE 28 +S.TASSE TRIANON T,10.788,108,1.6,0,FR,37.5,34.5,29.8,10026102675301,219.553,40026102675302,B6,26102519486,26102519486,,,,,,
X0508,TEMPERED TRIANON DEEP SOUP PLATE 22,ARCOROC,Dinnerware,£1.13,,,,ARCOROC,TRIANON BL UNI,RS6,PC,24,22.6,22.6,3.5,24,120.0,80.0,89.5,FLUO,DINNERWARE,DINNERWARE,ASSIETTE,11.305,ASSIETTE 22 TRIANON + CREUSE T,9.021,1440,0.365,6,FR,23.8,19.0,25.0,10026102300630,566.805,40026102300631,B4,26102285954,26102285954,22.6,22.6,6.7,2.2,3.422,
H4124,TEMPERED TRIANON DESSERT PLATE 19,LUMINARC,Dinnerware,£1.04,,,,LUMINARC,TRIANON BL UNI,RS6,PC,24,19.6,19.6,1.6,24,120.0,80.0,77.8,FLUO,DINNERWARE,DINNERWARE,ASSIETTE,5.865,ASSIETTE DESSERT 19 TRIANON T,6.03,2160,0.245,6,FR,21.1,13.3,20.9,10026102255008,568.234,40026102255009,B4,26102521083,26102521083,19.6,19.6,4.0,1.479,1.537,
H3665,TEMPERED TRIANON DINNER PLATE,LUMINARC,Dinnerware,£1.13,,,,LUMINARC,TRIANON BL UNI,RS6,PC,24,24.6,24.6,2.4,24,120.0,80.0,95.1,FLUO,DINNERWARE,DINNERWARE,ASSIETTE,11.869,ASSIETTE PLATE 24 TRIANON T,8.886,1296,0.36,6,FR,25.9,17.1,26.8,10026102254612,505.732,40026102254613,B4,26102521076,26102521076,24.6,24.6,4.7,2.17,2.844,
D6886,TEMPERED TRIANON DINNER PLATE 155,ARCOROC,Dinnerware,£0.91,,,,ARCOROC,TRIANON BL UNI,RS6,PC,36,15.5,15.5,1.3,36,120.0,80.0,82.8,FLUO,DINNERWARE,DINNERWARE,ASSIETTE,5.552,ASSIETTE 155 TRIANON T,6.111,3888,0.165,6,FR,19.1,17.1,17.0,10026102284800,686.233,40026102284801,B6,26102284803,26102284803,15.7,15.7,3.8,0.998,0.937,
V9579,TEMPERED TRIANON DINNER PLATE 245,ARCOROC,Dinnerware,£1.13,,,,ARCOROC,TRIANON BL UNI,RS6,PC,24,24.6,24.6,2.4,24,120.0,80.0,95.1,FLUO,DINNERWARE,DINNERWARE,ASSIETTE,11.869,ASSIETTE PLATE 245 TRIANON T,8.886,1296,0.36,6,FR,25.9,17.1,26.8,10026102300180,505.735,40026102300181,B4,26102286838,26102286838,24.6,24.6,4.7,2.17,2.844,
H4126,TEMPERED TRIANON DISH,LUMINARC,Dinnerware,£2.26,,,,LUMINARC,TRIANON BL UNI,RS6,PC,24,22.0,13.6,2.8,24,120.0,80.0,107.7,FLUO,DINNERWARE,DINNERWARE,SALADIER,8.706,RAVIER 22 TRIANON T,6.1,2160,0.245,6,FR,23.7,23.7,15.5,10026102255077,574.949,40026102255078,B4,26102631188,26102631188,22.0,13.6,2.8,1.47,0.838,
D6878,TEMPERED TRIANON FOOTED BOWL 46,ARCOROC,Hot Drinks / Breakfast – Crockery,£1.59,,,,ARCOROC,TRIANON BL UNI,RS6,PC,36,13.1,13.1,7.1,36,120.0,80.0,117.6,FLUO,HOT DRINKS / BREAKFA,HOT DRINKS / BREAKFA,BOL / MUG (PTT DEJEUNER),17.078,BOL 46 TRIANON T,9.927,1512,0.265,6,FR,40.9,28.6,14.6,10026102251529,442.816,40026102251520,B6,26102251522,26102251522,13.2,13.2,14.3,1.6,2.492,
X2680,TEMPERED TRIANON FOOTED BOWL 46,ARCOROC,Hot Drinks / Breakfast – Crockery,£1.59,,,,ARCOROC,TRIANON BL UNI,#N/A,PC,6,13.1,13.1,7.1,6,120.0,80.0,84.3,FLUO,HOT DRINKS / BREAKFA,HOT DRINKS / BREAKFA,BOL / MUG (PTT DEJEUNER),2.937,BOL 46 TRIANON T,1.647,1170,0.265,0,FR,16.0,13.4,13.7,883314301472,348.244,40883314301470,#N/A,,,,,,,,
V8353,TEMPERED TRIANON LARGE DINNER PLATE 27,LUMINARC,Dinnerware,£1.59,,,,LUMINARC,TRIANON BL UNI,RS6,PC,24,27.3,27.3,2.4,24,120.0,80.0,102.6,FLUO,DINNERWARE,DINNERWARE,ASSIETTE,15.603,ASSIETTE GRANDE 27 TRIANON T,12.063,1152,0.49,0,FR,29.1,18.3,29.3,10883314997771,604.988,40883314997772,B4,26102689776,26102689776,,,,,,
68978,TEMPERED TRIANON MUG 29,LUMINARC,Hot Drinks / Breakfast – Beverage Service,£1.02,,,,LUMINARC,TRIANON BL UNI,RA6,PC,36,8.2,8.2,9.0,36,120.0,80.0,100.3,FLUO,HOT DRINKS / BREAKFA,HOT DRINKS / BREAKFA,BOL / MUG (PTT DEJEUNER),23.429,MUG 29 TRIANON T,9.448,1080,0.25,6,FR,33.3,24.6,28.6,10026102689780,309.004,40026102689781,B6,26102689783,26102689783,23.5,15.3,9.1,1.53,3.272,26102293911
D6880,TEMPERED TRIANON MUG 29,ARCOROC,Hot Drinks / Breakfast – Beverage Service,£1.02,,,,ARCOROC,TRIANON BL UNI,RA6,PC,36,8.2,8.2,9.0,36,120.0,80.0,100.3,FLUO,HOT DRINKS / BREAKFA,HOT DRINKS / BREAKFA,BOL / MUG (PTT DEJEUNER),23.429,BOCK 29 TRIANON T,9.448,1080,0.25,6,FR,33.3,24.6,28.6,10026102252793,309.004,40026102252794,B6,26102252796,26102252796,23.5,15.3,9.1,1.53,3.272,
X2724,TEMPERED TRIANON MUG 29,ARCOROC,Hot Drinks / Breakfast – Beverage Service,£1.02,,,,ARCOROC,TRIANON BL UNI,#N/A,PC,6,8.2,8.2,9.0,6,120.0,80.0,112.5,FLUO,HOT DRINKS / BREAKFA,HOT DRINKS / BREAKFA,BOL / MUG (PTT DEJEUNER),4.455,BOCK 29 TRIANON T,1.594,1080,0.25,0,FR,26.7,17.2,9.7,883314102277,314.037,40883314102275,#N/A,,,,,,,,
D6883,TEMPERED TRIANON MULTI PURPOSE BOWL,ARCOROC,Dinnerware,£1.13,,,,ARCOROC,TRIANON BL UNI,RS8,PC,48,16.0,16.0,5.2,48,120.0,80.0,108.5,FLUO,DINNERWARE,DINNERWARE,SALADIER,22.225,COUPELLE 160 TRIANON T,11.962,1680,0.24,8,FR,51.4,23.0,18.8,10026102259570,444.059,40026102259571,B6,26102259573,26102259573,16.0,16.0,12.6,1.932,3.226,
50065,TEMPERED TRIANON MULTI-PURPOSE BOWL,LUMINARC,Dinnerware,£1.13,,,,LUMINARC,TRIANON BL UNI,RS8,PC,48,16.0,16.0,5.2,48,120.0,80.0,108.5,FLUO,DINNERWARE,DINNERWARE,SALADIER,22.225,COUPELLE MULTI-USAGES TRIANON T,11.962,1680,0.24,8,FR,51.4,23.0,18.8,10026102500658,444.059,40026102500659,B6,26102689790,26102689790,16.0,16.0,12.6,1.932,1.331,
D6885,TEMPERED TRIANON OVAL DISH 220X140,ARCOROC,Dinnerware,£2.26,,,,ARCOROC,TRIANON BL UNI,RS6,PC,36,22.0,13.6,2.8,36,120.0,80.0,109.8,FLUO,DINNERWARE,DINNERWARE,SALADIER,12.735,RAVIER OVALE 220X140 TRIANON T,9.086,2304,0.245,6,FR,29.4,18.2,23.8,10026102282851,606.983,40026102282852,B6,26102282854,26102282854,22.0,14.0,6.6,1.479,2.033,
D6891,TEMPERED TRIANON OVAL DISH 290,ARCOROC,Dinnerware,£3.87,,,,ARCOROC,TRIANON BL UNI,RS4,PC,16,29.0,21.4,2.2,16,120.4,80.0,83.8,FLUO,DINNERWARE,DINNERWARE,PLAT,8.969,PLAT OVALE 290 TRIANON T,8.23,1152,0.5,4,FR,30.1,12.9,23.1,10026102287436,618.099,40026102287437,B4,26102287439,26102287439,29.0,21.5,4.0,2.007,2.494,
9392,TEMPERED TRIANON OVAL PLATTER 29X21,LUMINARC,Dinnerware,£3.87,,,,LUMINARC,TRIANON BL UNI,RS4,PC,16,29.0,21.4,2.2,16,120.0,80.0,84.2,FLUO,DINNERWARE,DINNERWARE,PLAT,8.969,PLAT OVALE 29X21 TRIANON T,8.226,1056,0.5,4,FR,30.1,12.9,23.1,10026102093921,568.898,40026102093922,B4,26102093924,26102093924,29.0,21.4,2.2,2.0,1.365,
D6877,TEMPERED TRIANON OVAL PLATTER 350,ARCOROC,Dinnerware,£4.55,,,,ARCOROC,TRIANON BL UNI,RS4,PC,16,34.8,25.8,2.6,16,120.0,80.0,97.4,FLUO,DINNERWARE,DINNERWARE,PLAT,12.355,PLAT OVALE 350 TRIANON T,10.2,864,0.62,4,FR,36.1,12.4,27.6,10026102247690,576.264,40026102247691,B4,26102247693,26102247693,34.8,26.2,4.6,2.489,4.194,
E9667,TEMPERED TRIANON OVAL PLATTER 35X25,LUMINARC,Dinnerware,£4.55,,,,LUMINARC,TRIANON BL UNI,FA6,PC,6,34.8,25.8,2.6,6,120.0,80.0,95.5,FLUO,DINNERWARE,DINNERWARE,PLAT,5.932,PLAT OVALE 35X25 TRIANON T,3.897,684,0.62,0,FR,35.4,6.3,26.6,10026102237912,472.53,40026102237913,,26102519172,26102519172,,,,,,
D6887,TEMPERED TRIANON PLATE 196,ARCOROC,Dinnerware,£1.04,,,,ARCOROC,TRIANON BL UNI,RS6,PC,36,19.6,19.6,1.6,36,120.0,80.0,77.6,FLUO,DINNERWARE,DINNERWARE,ASSIETTE,9.405,ASSIETTE DESSERT 196 TRIANON T,9.063,2160,0.245,6,FR,20.9,20.0,22.5,10026102285241,569.234,40026102285242,B6,26102285244,26102285244,19.6,19.6,4.0,1.479,1.537,
N8244,TEMPERED TRIANON PLATE 273,ARCOROC,Dinnerware,£1.59,,,,ARCOROC,TRIANON BL UNI,RS6,PC,24,27.3,27.3,2.4,24,120.0,80.0,102.7,FLUO,DINNERWARE,DINNERWARE,ASSIETTE,15.347,ASSIETTE PLATE 273 TRIANON T,12.037,1152,0.49,6,FR,29.1,18.0,29.3,10026102291099,603.23,40026102291090,B4,26102285930,26102285930,27.3,27.3,4.8,2.949,3.577,
P4366,TEMPERED TRIANON ROUND PLATTER 31,LUMINARC,Dinnerware,£3.87,,,,LUMINARC,TRIANON BL UNI,FA4,PC,4,31.7,31.7,2.5,4,120.0,80.0,113.5,FLUO,DINNERWARE,DINNERWARE,PLAT,5.581,PLAT ROND 31 TRIANON T,2.973,600,0.7,0,FR,32.3,5.3,32.6,10026102292614,474.252,40026102292615,,26102519165,26102519165,,,,,,
D6925,TEMPERED TRIANON SAUCER 145,ARCOROC,Hot Drinks / Breakfast – Beverage Service,£0.97,,,,ARCOROC,TRIANON BL UNI,RS6,PC,48,14.1,14.1,1.6,48,120.0,80.0,77.7,FLUO,HOT DRINKS / BREAKFA,HOT DRINKS / BREAKFA,TASSE / SOUS-TASSE,7.442,SOUS-TASSE 145 TRIANON T,7.656,3840,0.155,6,FR,30.0,15.7,15.8,10026102293079,637.914,40026102293070,B8,26102293072,26102293072,14.5,14.5,4.8,0.938,1.009,
14661,TEMPERED TRIANON SOUP BOWL 30,LUMINARC,Dinnerware,£2.05,,,,LUMINARC,TRIANON BL UNI,RB6,PC,24,14.4,0.0,5.9,24,120.0,80.0,106.9,FLUO,DINNERWARE,DINNERWARE,COMPLEMENT DE TABLE,17.416,BOL A CONSOMME 30 TRIANON T,6.482,1152,0.25,6,FR,30.4,24.8,23.1,10026102146610,336.515,40026102146611,B4,26102146613,26102146613,14.5,14.5,5.9,1.5,1.232,
D6879,TEMPERED TRIANON SOUP BOWL 30,ARCOROC,Dinnerware,£2.05,,,,ARCOROC,TRIANON BL UNI,RB6,PC,24,14.4,0.0,5.9,24,120.0,80.0,106.9,FLUO,DINNERWARE,DINNERWARE,COMPLEMENT DE TABLE,17.416,BOL A CONSOMME 30 TRIANON T,6.486,1152,0.25,6,FR,30.4,24.8,23.1,10026102252045,336.707,40026102252046,B4,26102252048,26102252048,29.7,12.0,11.0,1.558,3.92,26102229668
X2433,TEMPERED TRIANON SOUP BOWL 30,ARCOROC,Dinnerware,£2.05,,,,ARCOROC,TRIANON BL UNI,FA6,PC,6,14.4,0.0,5.9,6,120.0,80.0,115.0,FLUO,DINNERWARE,DINNERWARE,COMPLEMENT DE TABLE,4.922,BOL A CONSOMME 30 TRIANON T,1.62,1080,0.25,0,FR,23.8,18.8,11.0,883314097153,318.942,40883314097151,,26102252048,26102252048,,,,,,
H4123,TEMPERED TRIANON SOUP PLATE 22,LUMINARC,Dinnerware,£1.13,,,,LUMINARC,TRIANON BL UNI,RS6,PC,24,22.6,22.6,3.5,24,120.0,80.0,86.8,FLUO,DINNERWARE,DINNERWARE,ASSIETTE,10.738,ASSIETTE CREUSE 22 TRIANON T,8.998,1440,0.365,6,FR,23.7,18.8,24.1,10026102254957,565.419,40026102254958,B4,26102521045,26102521045,22.6,22.6,6.7,2.2,3.422,
15012,TEMPERED TUBO H/B TUMBLER 31,ARCOROC,Drinkware – Hiballs,£0.95,,,,ARCOROC,TUBO TRANSP NT UNI,A24,PC,24,6.0,6.0,16.3,24,120.0,80.0,119.5,SODO,DRINKWARE,DRINKWARE,GOBELET,16.559,GOBELET FH 31 TUBO T,5.23,1296,0.204,0,FR,37.4,25.3,17.5,26102150122,307.964,40026102150120,,,,,,,,,
P3008,TEMPERED TULIP H/B TUMBLER 58,ARCOROC,Drinkware – Hiballs,£1.25,,,,ARCOROC,TULIP,A24,PC,24,8.4,8.4,16.2,24,120.0,80.0,117.7,SODO,DRINKWARE,DRINKWARE,GOBELET,26.144,GOBELET FH 58 TULIP T,8.106,720,0.318,0,FR,47.5,32.0,17.2,26102291986,269.427,40026102291984,,,,,,,,,
V7949,TEMPERED VOLUTO CUP 22,ARCOROC,Hot Drinks / Breakfast – Beverage Service,£1.04,,,,ARCOROC,VOLUTO,FA6,PC,6,8.2,8.2,7.1,6,120.0,80.0,115.6,SODO,HOT DRINKS / BREAKFA,HOT DRINKS / BREAKFA,TASSE / SOUS-TASSE,4.338,TASSE 22 VOLUTO T,1.251,1152,0.19,0,FR,27.8,18.8,8.3,883314518696,267.663,40883314993705,,883314518689,883314518689,,,,,,
71119,TEMPERED WHITE JUMBO CUP 72,LUMINARC,Hot Drinks / Breakfast – Beverage Service,£3.42,,,,LUMINARC,JUMBO OPALE UNI,A6,PC,6,15.4,15.4,9.0,6,120.0,80.0,108.4,FLUO,HOT DRINKS / BREAKFA,HOT DRINKS / BREAKFA,TASSE / SOUS-TASSE,11.194,TASSE 72 JUMBO BLANC T,2.692,432,0.41,0,FR,37.9,28.4,10.4,10026102711191,219.493,40026102711192,,26102711194,26102711194,,,,,,
P8858,TEMPERED WHITE NEW MORNING MUG 32,LUMINARC,Hot Drinks / Breakfast – Beverage Service,£1.10,,,,LUMINARC,NEW MORNING BLANC,A6,PC,6,11.2,11.2,11.1,6,120.0,80.0,113.8,FLUO,HOT DRINKS / BREAKFA,HOT DRINKS / BREAKFA,BOL / MUG (PTT DEJEUNER),5.125,MUG 32 NEW MORNING BLANC T,1.802,1008,0.28,0,FR,24.8,16.8,12.3,10026102293284,328.42,40026102293285,,26102670514,26102670514,,,,,,
V3792,TEMPERED ZELIE DINNERWARE 19PC SET,LUMINARC,Dinnerware,£18.56,,,,LUMINARC,ZELIE,SS1,SET,1,28.0,19.0,26.3,1,120.0,80.0,120.0,FLUO,DINNERWARE,DINNERWARE,SERVICE VAISSELLE,13.992,SCE 19P TABLE ZELIE T,6.39,64,6.39,0,FR,28.0,19.0,26.3,883314524710,436.402,40883314953464,,883314524710,883314524710,,,,,,
J0317,TEMPRED STACK UP O/F TUMBLER 26,ARCOROC,Drinkware – Rocks,£1.08,,,,ARCOROC,STACK UP,FA6,PC,24,8.5,8.5,9.2,24,120.0,80.0,104.9,SODO,DRINKWARE,DRINKWARE,GOBELET,26.135,GOBELET FB 26 STACK UP T,6.487,768,0.238,6,FR,39.2,29.5,22.6,10883314389200,233.241,40883314389201,B4,,,27.8,18.8,10.5,1.533,5.488,883314389203
Q9924,TEMPT PLUMI BLACK SOUP PLATE 22,LUMINARC,Dinnerware,£0.97,,,,LUMINARC,PLUMI,A24,PC,24,22.0,22.0,3.3,24,120.0,80.0,87.8,SODO,DINNERWARE,DINNERWARE,ASSIETTE,12.121,ASSIETTE CREUSE 22 PLUMI NOIR T,8.517,1080,0.34,0,FR,23.2,21.5,24.3,10883314918349,409.39,40883314918340,,883314918342,883314918342,,,,,,
X1870,TILEA FB TUMBLER 34,LUMINARC,Drinkware – Tumblers,£1.42,,,,LUMINARC,TILEA,FA6,PC,24,0.0,0.0,0.0,24,120.0,80.0,111.6,SODO,DRINKWARE,DRINKWARE,GOBELET,23.806,GOBELET FB 34 TILEA,6.838,768,0.27,6,AE,36.3,27.1,24.2,10883314094531,244.497,40883314094532,B4,883314094534,883314094534,25.6,17.4,11.3,1.626,5.033,883314097665
X1871,TILEA HB TUMBLER 38,LUMINARC,Drinkware – Hiballs,£1.42,,,,LUMINARC,TILEA,FA6,PC,24,0.0,0.0,0.0,24,120.0,80.0,14.5,SODO,DRINKWARE,DRINKWARE,GOBELET,0.0,GOBELET FH 38 TILEA,8.64,24,0.36,6,AE,0.0,0.0,0.0,10883314109594,8.64,40883314109595,B4,883314109597,883314109597,0.0,0.0,0.0,2.16,0.0,883314109603
28438,"TIVOLI JUG 2,3L",LUMINARC,"Drinkware Accessories – Jugs, Pitchers & Carafes",£5.20,,,,LUMINARC,TIVOLI,A6,PC,6,0.0,0.0,0.0,6,120.0,80.0,207.7,SODO,DRINKWARE,DRINKWARE ACCESSORIE,BROC CARAFE,36.863,"BROC 2,3L TIVOLI",7.538,252,1.16,0,AE,46.7,28.6,27.6,10026102284381,342.865,40026102284382,,26102284384,26102284384,,,,,,
V8035,TUBO HB TUMBLER 31,ARCOROC,Drinkware – Hiballs,£0.88,,,,ARCOROC,TUBO TRANSP NT UNI,A24,PC,24,0.0,0.0,16.4,24,120.0,80.0,119.5,SODO,DRINKWARE,DRINKWARE,GOBELET,16.559,GOBELET FH 31 TUBO,5.849,1296,0.23,0,FR,37.4,25.3,17.5,10883314994411,341.44,40883314994412,,,,,,,,,
D0795,TULIPE CABERNET STEMMED GLASS 75,C&S,Drinkware – Wine,£2.98,,,,C&S,CABERNET,FA6,PC,12,10.1,10.1,25.5,12,120.0,80.0,100.2,KRYSTA,DRINKWARE,DRINKWARE,VERRE A PIED,43.799,VERRE A PIED TULIPE 75 CABERNET,4.023,180,0.229,6,FR,45.2,34.0,28.5,10026102879181,85.914,40026102879182,B2,26102259801,26102259801,32.4,21.8,26.9,1.711,19.0,26102879184
P7634,ULTIME BORD OR FLUTE 21              F4,CRISTAL D'ARQUES,Drinkware – Champagne,£15.21,https://latabledarc.com/en/products/flute-23-cl-ultime-bord-or,https://cdn.shopify.com/s/files/1/0943/3553/3393/files/f4bf500d500dfa84266ee988307ff25e_6cbc17d9-04bf-46d6-811e-edad88e9e5c6.jpg?v=1762446117,"Fall in love with the 23cl Ultimate Gold Rim Flute, developed by Cristal d'Arques
 This flute is specifically designed for tasting sparkling wines, while also being able to enhance any carbonated beverage. Indeed, in addition to its shape and elegance, the glass from which it is made has been specially crafted to optimize the release of bubbles, while its enhanced transparency allows for a better view and appreciation of them.",CRISTAL D'ARQUES,ULTIME BORD OR,FF4,F4,2,14.8,14.8,24.2,2,120.0,80.0,117.0,CRYSTAL GLASS,DRINKWARE,DRINKWARE,VERRE A PIED,12.939,FLUTE 23 ULTIME BORD OR              F4,1.577,136,0.647,0,FR,31.2,16.2,25.6,10883314783305,132.726,40883314783306,B2,883314783308,883314783308,,,,,,
P7630,ULTIME BORD OR STEMMED GLASS 38      F4,CRISTAL D'ARQUES,Drinkware – Wine,£15.21,https://latabledarc.com/en/products/verre-a-pied-38-cl-ultime-bord-or,https://cdn.shopify.com/s/files/1/0943/3553/3393/files/c349f3cc8b110e088d9ee703af85b90c.jpg?v=1762448590,"Fall in love with the 38cl Ultimate Gold Rim Stemmed Glass, developed by Cristal d'Arques
   This stemmed glass, like all stemmed glasses, is an essential element of French tableware! Its shape has been carefully designed to offer the perfect balance between appearance, durability, and ease of use. Furthermore, the Arc Group's expertise in glassmaking ensures the robust construction of these stemmed glasses, guaranteeing their longevity.",CRISTAL D'ARQUES,ULTIME BORD OR,FA4,F4,2,19.4,19.4,22.6,2,120.0,80.0,109.7,CRYSTAL GLASS,DRINKWARE,DRINKWARE,VERRE A PIED,19.04,VERRE A PIED 38 ULTIME BORD OR       F4,2.031,96,0.889,0,FR,40.0,20.0,23.8,10883314783237,122.952,40883314783238,B2,883314783230,883314783230,,,,,,
P7631,ULTIME BORD OR STEMMED GLASS 47      F4,CRISTAL D'ARQUES,Drinkware – Wine,£16.00,,,,CRISTAL D'ARQUES,ULTIME BORD OR,F4,F4,2,20.8,20.8,24.6,2,120.0,80.0,118.3,CRYSTAL GLASS,DRINKWARE,DRINKWARE,VERRE A PIED,24.293,VERRE A PIED 47 ULTIME BORD OR       F4,2.444,56,1.016,0,FR,42.8,22.0,25.8,10883314783251,95.343,40883314783252,B2,883314783254,883314783254,,,,,,
X0167,ULTIME BORD OR STEMMED GLASS 47  F4,CRISTAL D'ARQUES,Drinkware – Wine,£16.00,https://latabledarc.com/en/products/verre-a-pied-47-cl-ultime-bord-or,https://cdn.shopify.com/s/files/1/0943/3553/3393/files/9add5b6aef1af1b400a92948fdbfaa7e.jpg?v=1762449096,"Fall in love with the 47cl Ultimate Gold Rim Stemmed Glass, developed by Cristal d'Arques
 This stemmed glass, like all stemmed glasses, is an essential element of French tableware! Its shape has been carefully designed to offer the perfect balance between appearance, durability, and ease of use. Furthermore, the Arc Group's expertise in glassmaking ensures the robust construction of these stemmed glasses, guaranteeing their longevity.",CRISTAL D'ARQUES,ULTIME BORD OR,FF4,F4,2,19.8,19.8,24.2,2,120.0,81.6,115.8,CRYSTAL GLASS,DRINKWARE,DRINKWARE,VERRE A PIED,21.677,VERRE A PIED 47 ULTIME BORD OR       F4,2.347,80,0.983,0,FR,40.8,21.0,25.3,10883314036623,119.368,40883314036624,B2,883314783254,883314783254,,,,,,
P7632,ULTIME BORD OR TUMBLER HB 40         F4,CRISTAL D'ARQUES,Drinkware – Hiballs,£13.64,https://latabledarc.com/en/products/verre-haut-40-cl-ultime-bord-or,https://cdn.shopify.com/s/files/1/0943/3553/3393/files/5911c6a7e9fb766b98ccb8dcc6285435.jpg?v=1762448151,"Opt for the 40cl Ultimate Gold Rim Glass, by Cristal d'Arques
 This glass is a 100% recyclable glass product, odorless.",CRISTAL D'ARQUES,ULTIME BORD OR,FA4,F4,2,16.4,16.4,14.0,2,120.0,80.0,105.9,CRYSTAL GLASS,DRINKWARE,DRINKWARE,GOBELET,9.22,GOBELET H/BALL 40 ULTIME BORD OR     F4,2.314,168,1.075,0,FR,33.7,18.0,15.2,10883314783275,219.94,40883314783276,B2,883314783278,883314783278,,,,,,
V8105,ULTIME HB TUMBLER 45                  F4,CRISTAL D'ARQUES,Drinkware – Hiballs,£7.81,,,,CRISTAL D'ARQUES,ULTIME,FF4,F4,2,16.6,16.6,16.8,2,120.0,80.0,104.7,CRYSTAL GLASS,DRINKWARE,DRINKWARE,GOBELET,10.955,GOBELET H/BALL 45 ULTIME             F4,2.492,140,1.159,0,FR,34.0,17.9,18.0,10883314995692,200.011,40883314995693,B2,883314995695,883314995695,,,,,,
V4480,ULTIME OF TUMBLER 35                 F4,CRISTAL D'ARQUES,Drinkware – Tumblers,£6.78,https://latabledarc.com/en/products/verre-bas-35-cl-ultime-f4,https://cdn.shopify.com/s/files/1/0943/3553/3393/files/1b7b28c1b69855e55bc1597ef415016f.jpg?v=1762443247,,CRISTAL D'ARQUES,ULTIME,FF4,F4,2,19.2,19.2,9.3,2,120.0,80.0,113.7,CRYSTAL GLASS,DRINKWARE,DRINKWARE,GOBELET,7.92,GOBELET FB 35 ULTIME                 F4,2.132,240,1.007,0,FR,20.0,20.0,19.8,10883314959847,281.425,40883314959848,B2,883314959840,883314959840,,,,,,
V4479,ULTIME STEMGLASS 23 F4,CRISTAL D'ARQUES,Drinkware – Wine,£9.90,https://latabledarc.com/en/products/flute-21-cl-ultime-f4,https://cdn.shopify.com/s/files/1/0943/3553/3393/files/4e631674b4da54a41868046549106998_816d05e6-66b0-439c-9e6f-7ef3c16f4baf.jpg?v=1765294457,,CRISTAL D'ARQUES,ULTIME,FF4,F4,2,14.8,14.8,24.4,2,120.0,80.0,117.0,CRYSTAL GLASS,DRINKWARE,DRINKWARE,VERRE A PIED,12.939,FLUTE 23 ULTIME                      F4,1.585,136,0.651,0,FR,31.2,16.2,25.6,10883314959830,133.27,40883314959831,B2,883314959833,883314959833,,,,,,
V4478,ULTIME STEMGLASS 28 F4,CRISTAL D'ARQUES,Drinkware – Wine,£9.90,https://latabledarc.com/en/products/verre-a-pied-28-cl-ultime-f4,https://cdn.shopify.com/s/files/1/0943/3553/3393/files/7f942593cbf35fa0ef8a3f159e8cfe8a.jpg?v=1765294479,,CRISTAL D'ARQUES,ULTIME,FF4,F4,2,18.6,18.6,22.0,2,120.0,80.0,107.0,CRYSTAL GLASS,DRINKWARE,DRINKWARE,VERRE A PIED,17.741,VERRE A PIED 28 ULTIME               F4,1.801,96,0.782,0,FR,38.4,20.0,23.1,10883314959823,111.923,40883314959824,B2,883314959826,883314959826,,,,,,
V4477,ULTIME STEMGLASS 38 F4,CRISTAL D'ARQUES,Drinkware – Wine,£10.43,https://latabledarc.com/en/products/verre-a-pied-38-cl-ultime-f4,https://cdn.shopify.com/s/files/1/0943/3553/3393/files/bea8b7e804fa831d1c3b69d2402b2237_44666840-6e28-4b11-a6d6-1ca0a7e5526c.jpg?v=1762443296,,CRISTAL D'ARQUES,ULTIME,FF4,F4,2,18.6,18.6,22.8,2,120.0,80.0,110.2,CRYSTAL GLASS,DRINKWARE,DRINKWARE,VERRE A PIED,18.355,VERRE A PIED 38 ULTIME               F4,2.08,96,0.866,0,FR,38.4,20.0,23.9,10883314959816,125.319,40883314959817,B2,883314959819,883314959819,,,,,,
V4706,ULTIME STEMGLASS 47                   F4,CRISTAL D'ARQUES,Drinkware – Wine,£11.32,,,,CRISTAL D'ARQUES,ULTIME,FF4,F4,2,19.8,19.8,24.2,2,120.0,81.6,115.8,CRYSTAL GLASS,DRINKWARE,DRINKWARE,VERRE A PIED,21.677,VERRE A PIED 47 ULTIME               F4,2.236,80,0.983,0,FR,40.8,21.0,25.3,10883314961895,114.928,40883314961896,B2,883314961898,883314961898,,,,,,
V7388,ULTIME STEMMED GLASS 42        F4,CRISTAL D'ARQUES,Drinkware – Wine,£10.43,https://latabledarc.com/en/products/verre-a-pied-42-cl-ultime-f4,https://cdn.shopify.com/s/files/1/0943/3553/3393/files/f8c92222c7fbb433156defcf8ef8ca2c_8471be49-805c-4941-baac-779554e2941d.jpg?v=1765294487,,CRISTAL D'ARQUES,ULTIME,FF4,F4,2,22.6,22.6,22.1,2,120.0,80.0,107.7,CRYSTAL GLASS,DRINKWARE,DRINKWARE,VERRE A PIED,25.675,VERRE A PIED 42 ULTIME               F4,2.245,56,0.967,0,FR,46.3,23.8,23.3,10883314988311,88.236,40883314988312,B2,883314988314,883314988314,,,,,,
N5995,V. JULIETTE OF TUMBLER 35,ARCOROC,Drinkware – Tumblers,£1.22,,https://static.wixstatic.com/media/042ed7_7dcf3c79998c431385751bf4d6074637~mv2.webp,,ARCOROC,V.JULIETTE,FA6,PC,24,9.3,9.3,8.3,24,120.0,80.0,118.5,CRYSTAL GLASS,DRINKWARE,DRINKWARE,GOBELET,28.488,GOBELET DOF 35 V. JULIETTE,5.005,720,0.16,6,FR,42.8,32.0,20.8,10883314661436,175.544,40883314661437,B4,,,30.5,20.6,9.6,1.125,6.032,883314661439
N5082,V.JULIETTE FLUTE 23,ARCOROC,Drinkware – Champagne,£1.97,https://latabledarc.com/en/products/flute-a-champagne-23-cl-v-juliette,https://cdn.shopify.com/s/files/1/0943/3553/3393/files/95b5c309e100f484b1894c199a35ae2b.webp?v=1775203183,"Sublimez vos tables avec la flûte à champagne 23 cl N5082 V. Juliette d'Arcoroc.
 Les lignes anguleuses de cette flûte viennent souligner le cachet intemporel de vos plus belles tables. Sa jambe sans couture lui confère une allure élégante et une solidité remarquable. Avec sa paraison étirée et son buvant d’une grande finesse, elle élève la dégustation des vins effervescents. Les professionnels de la restauration apprécient ce verre à champagne dont le matériau ""High transparency"" lui confère un éclat extrême. Facile d’entretien, elle conserve sa brillance et sa transparence originelle, lavage après lavage. Le plus Arcoroc : sa technologie ""Effervescence Plus"" est conçue pour ouvrir les arômes des vins effervescents et maintenir un certain niveau de bulles tout au long de la dégustation.",ARCOROC,V.JULIETTE,FA6,PC,24,0.0,0.0,21.7,24,120.0,80.0,109.3,CRYSTAL GLASS,DRINKWARE,DRINKWARE,VERRE A PIED,40.534,FLUTE 23 V. JULIETTE,4.546,480,0.135,6,FR,33.8,25.3,47.4,10883314661412,116.399,40883314661413,B4,,,23.6,16.0,22.9,1.007,8.647,883314661415
N5163,V.JULIETTE STEMMED GLASS 30,ARCOROC,Drinkware – Wine,£1.97,https://latabledarc.com/en/products/verre-a-pied-30-cl-v-juliette,https://cdn.shopify.com/s/files/1/0943/3553/3393/files/74b0db78f857e67ed89e7b887aa91267.jpg?v=1760540042,"Craquez pour le verre à vin V. Juliette 30 cl N5163 d'Arcoroc.
 Son design géométrique et moderne, sa jambe élancée ainsi que la finesse de sa paraison, confèrent au verre à pied V. Juliette un style digne des plus grands. Sa contenance universelle de 30 cl, en fait un classique du genre qui s’adaptera à tous les styles de tables : restaurants traditionnels, brasseries, néo-bistrot… Sa paraison généreuse et angulaire offre des conditions idéales pour la dégustations des vins rouges mais également pour les vins blancs (Chardonnay, Gewurztraminer, Riesling, Roussanne, Sauvignon, Viognier...) et autres rosés. De fabrication 100% française, ce verre à vin allie élégance et technicité pour répondre pleinement aux attentes des professionnels de la restauration et du bar. Fabriqué en verre ultra transparent, le Verre à pied Vina Juliette est d'une transparence sans égale, vous permettant ainsi de profiter pleinement de la palette chromatique de vos meilleurs crus. Son buvant fin et son col resserré mais suffisamment large pour laisser passer le nez vous assurerons un confort et une qualité de dégustation optimale.",ARCOROC,V.JULIETTE,FA6,PC,24,7.9,7.9,18.8,24,120.0,80.0,101.8,HIGH TRANSPARENCY,DRINKWARE,DRINKWARE,VERRE A PIED,41.403,VERRE A PIED 30 V. JULIETTE,4.928,432,0.15,6,FR,35.7,26.6,43.6,10883314661405,114.17,40883314661406,B4,,,25.1,17.0,21.0,1.099,8.961,883314661408
N5994,V.JULIETTE TUMBLER H/B 40,ARCOROC,Drinkware – Hiballs,£1.22,,https://static.wixstatic.com/media/042ed7_42827894675b4a59bcd20c8086a2281c~mv2.webp,,ARCOROC,V.JULIETTE,FA6,PC,24,8.8,8.8,11.0,24,120.0,80.0,96.2,CRYSTAL GLASS,DRINKWARE,DRINKWARE,GOBELET,31.454,GOBELET H/BALL 40 V. JULIETTE,5.123,576,0.165,6,FR,39.2,29.5,27.2,10883314661429,148.411,40883314661420,B4,,,27.5,18.6,12.8,1.157,6.547,883314661422
P8575,V.JULIETTE VIN AU VERRE GRAPPE S/GLAS 30,ARCOROC,Drinkware – Wine,£2.30,https://latabledarc.com/en/products/verre-a-pied-jauge-30-cl-v-juliette,https://cdn.shopify.com/s/files/1/0943/3553/3393/files/ed0294dca8f478620f0f99675d79b610.jpg?v=1760540651,"Optez pour le verre à pied jaugé 30 cl V.Juliette P8575, développé par Arcoroc.  
Son design élégant s'adapte à tous les styles de tables : bar à vin, restaurants traditionnels, brasseries, néo-bistrot! Ce verre à vin jaugé est conçu pour déguster les meilleurs crus. D'une contenance de 30cl, ce verre propose trois niveaux de jauge: à 10 cl, 12,5 cl et à 15 cl. Sa forme angulaire et son buvant légèrement serré permettront d'en capter les arâmes pour offrir à vos clients une agréable dégustation. De plus, ce verre est doté de la technologie ""sheer rim"" qui lui confère un buvant d'une grande finesse pour accroitre le plaisir à la dégustation. Fabriqué en verre ultra-transparent, le verre à pied jaugé V.Juliette assure un aspect visuel irréprochable. D'une capacité de 30 cl, sa jauge indiqu  Le plus Arcoroc : Découvrez l'ensemble de la collection V.Juliette.",ARCOROC,VIN AU VERRE,FA6,PC,24,7.9,7.9,18.8,24,120.0,80.0,101.8,CRYSTAL GLASS,DRINKWARE,DRINKWARE,VERRE A PIED,41.403,VAP 30 VIN AU VERRE VINA JULIETTE GRAPPE,4.692,432,0.15,6,FR,35.7,26.6,43.6,10883314795414,109.922,40883314795415,B4,,,25.1,17.0,21.0,1.04,8.961,883314795417
X2618,VAP WELLS HALF PINT  28cl - 10oz,ARCOROC,Drinkware – Beer,£2.13,,,,ARCOROC,WELLS,F6,PC,24,7.0,0.0,16.0,24,120.0,80.0,94.1,CRYSTAL GLASS,DRINKWARE,DRINKWARE,BIERGLASS,34.034572,,5.06,480,,,,33.8,25.3,39.8,"1,08833E+13",126.3,,B4,,,23.6,16.0,19.2,0.0,7.24992,0883314100105
X2356,VERRE A PIED 62 CABERNET SUPREME,C&S,Drinkware – Wine,£2.73,,,,C&S,CABERNET,FA6,PC,12,9.5,9.5,24.0,12,120.0,80.0,124.1,KRYSTA,DRINKWARE,DRINKWARE,VERRE A PIED,37.641,,3.829,288,0.253,6,SK,42.4,32.4,27.4,10883314505006,117.896,40883314505007,B2,883314505009,883314505009,29.6,19.8,24.8,1.518,14.535,883314504996
V8530,VERSAILLES HB TUMBLER 37              F6,LUMINARC,Drinkware – Hiballs,£6.26,,,,LUMINARC,VERSAILLES,FA6,F6,4,23.6,16.0,12.8,4,120.0,80.0,96.3,SODO,DRINKWARE,DRINKWARE,GOBELET,23.26,GOBELET FH 37 VERSAILLES             F6,5.66,120,1.338,0,FR,33.8,25.3,27.2,10883314000372,195.748,40883314000373,B4,883314163773,883314163773,,,,,,
G1651,VERSAILLES O/F TUMBLER 35             F6,LUMINARC,Drinkware – Rocks,£6.26,,,,LUMINARC,VERSAILLES,FA6,F6,4,27.9,18.8,10.5,4,120.0,80.0,105.0,SODO,DRINKWARE,DRINKWARE,GOBELET,26.135,GOBELET FB 35 VERSAILLES             F6,5.519,128,1.264,0,FR,39.2,29.5,22.6,10883314241157,202.279,40883314241158,B4,883314241150,883314241150,,,,,,
N1041,VERSAILLES STEMGLASS 72              F6,LUMINARC,Drinkware – Wine,£15.64,,,,LUMINARC,VERSAILLES,FA6,F6,2,10.1,10.1,24.5,2,120.0,80.0,100.0,SODO CLEAR,DRINKWARE,DRINKWARE,VERRE A PIED,43.799,VERRE A PIED 72 VERSAILLES           F6,3.986,30,1.416,0,FR,45.2,34.0,28.5,10883314622109,85.154,40883314622100,B2,883314163605,883314163605,,,,,,
G1509,VERSAILLES STEMMED GLASS 27           F6,LUMINARC,Drinkware – Wine,£12.36,,,,LUMINARC,VERSAILLES,FA6,F6,4,23.7,16.0,22.9,4,120.0,80.0,109.4,SODO CLEAR,DRINKWARE,DRINKWARE,VERRE A PIED,40.534,VERRE A PIED 27 VERSAILLES           F6,4.76,80,1.085,0,FR,33.8,25.3,47.4,10883314163756,120.674,70883314163758,B4,883314163759,883314163759,,,,,,
G1483,VERSAILLES STEMMED GLASS 36           F6,LUMINARC,Drinkware – Wine,£13.18,,,,LUMINARC,VERSAILLES,FA6,F6,4,7.9,7.9,21.3,4,120.0,80.0,110.9,SODO CLEAR,DRINKWARE,DRINKWARE,VERRE A PIED,45.772,VERRE A PIED 36 VERSAILLES           F6,5.595,72,1.062,0,FR,35.7,26.6,48.2,10883314163732,126.194,40883314163733,B4,883314163735,883314163735,,,,,,
V7032,VERSATILE ICE CREAM BOWL 4,ARCOROC,Dinnerware,£0.82,,,,ARCOROC,VERSATILE,FA6,PC,24,6.6,6.6,6.2,24,120.0,80.0,108.9,SODO,DINNERWARE,DINNERWARE,COUPE DESSERT,8.979,COUPE A GLACE 4 VERSATILE,1.542,2160,0.048,6,FR,26.6,21.5,15.7,10883314998990,164.357,40883314998991,B4,,,20.3,12.8,7.3,0.344,1.897,883314998993
V7214,VERSATILE ICE CREAM SUNDAE 12,LUMINARC,Dinnerware,£1.33,https://latabledarc.com/en/products/coupe-a-glace-en-verre-12-cl-versatile,https://cdn.shopify.com/s/files/1/0943/3553/3393/files/5e21723279fc5fbcdee4a78e9e7b519e.jpg?v=1762449331,"Discover the Versatile 12cl Glass Bottle, by Luminarc
   This verrine is a must-have for modern meals and tables. A truly versatile container, verrines allow you to serve both savory and sweet dishes, hot and cold, making them suitable for any type of gathering! Their elegant shape allows them to contribute fully to the table setting, while the high level of transparency of the glass showcases their contents, a delight for both the eyes and the palate!",LUMINARC,VERSATILE,FA6,PC,24,9.8,9.8,8.8,24,120.0,80.0,103.4,SODO,DINNERWARE,DINNERWARE,COUPE DESSERT,26.64,COUPE A GLACE 12 VERSATILE,3.622,768,0.115,6,FR,40.0,30.0,22.2,10883314985785,141.373,40883314985786,B4,883314359015,883314359015,28.8,19.4,10.5,0.82,5.867,883314314915
V7216,VERSATILE ICE CREAM SUNDAE 12,ARCOROC,Dinnerware,£1.35,,,,ARCOROC,VERSATILE,FA6,PC,24,9.8,9.8,8.8,24,120.0,80.0,103.4,SODO,DINNERWARE,DINNERWARE,COUPE DESSERT,26.64,COUPE A GLACE 12 VERSATILE,3.598,768,0.115,6,FR,40.0,30.0,22.2,10883314985808,140.605,40883314985809,B4,,,28.8,19.4,10.5,0.814,5.867,883314314861
V7218,VERSATILE ICE CREAM SUNDAE 4     F6,LUMINARC,Dinnerware,£4.95,https://latabledarc.com/en/products/coupe-a-glace-en-verre-4-cl-versatile,https://cdn.shopify.com/s/files/1/0943/3553/3393/files/b4db8ddea20bc06c9c616c4fd911dd0a.jpg?v=1762444910,"Fall for the originality of the 4 cl Versatile v7218 ice cream cup by Luminarc.
  Its size and opening offer the perfect capacity for enjoying the finest desserts. This round ice cream bowl, made of ultra-clear glass, is equally at home on a table or buffet, creating a convivial atmosphere. The high-transparency glass gives this ice cream bowl a perfect sparkle and illuminates your creatively conceived recipes. It's the simplicity of this glass bowl, combined with its round shape, that will charm and enhance your table settings. The Arcoroc advantage: the Versatile collection offers different materials, shapes, and capacities to suit the presentation of your appetizers, starters, or desserts.",LUMINARC,VERSATILE,FA6,F6,4,20.3,12.8,7.3,4,120.0,80.0,108.9,SODO,DINNERWARE,DINNERWARE,COUPE DESSERT,8.979,COUPE A GLACE 4 VERSATILE            F6,1.542,360,0.344,0,FR,26.6,21.5,15.7,10883314985822,164.357,40883314985823,B4,883314305494,883314305494,,,,,,
T3125,VESCA  SOUP LADLE,ARCOROC,Cutlery,£11.21,,,,ARCOROC,VESCA,CP1,C1,6,30.0,9.5,6.3,6,0.0,0.0,0.0,INOX,FLATWARE,CUTLERY,COUVERTS DE SERVICE,14.233,LOUCHE A SOUPE VESCA,1.85,0,0.269,0,CN,32.4,32.3,13.6,10026102904043,,,B6,26102816837,26102816837,,,,,,
T3120,VESCA CAKE FORK,ARCOROC,Cutlery,£1.46,,,,ARCOROC,VESCA,C12,PC,24,0.0,0.0,0.0,24,0.0,0.0,0.0,INOX,FLATWARE,CUTLERY,COUVERTS,2.97,FOURCHETTE A GATEAU VESCA,0.456,0,0.019,12,CN,22.5,16.5,8.0,10026102904463,,,B2,,,18.5,6.2,4.8,0.27,0.551,26102816745
T3111,VESCA COFFEE/DEMI SPOON 1.8MM,ARCOROC,Cutlery,£1.19,,,,ARCOROC,VESCA,C12,PC,48,0.0,0.0,0.0,48,0.0,0.0,0.0,INOX,FLATWARE,CUTLERY,COUVERTS,2.338,CUILLERE A MOKA VESCA,0.69,0,0.003,12,CN,17.0,12.5,11.0,10026102896775,,,B4,,,13.1,4.0,3.5,0.156,0.183,26102816561
T3105,VESCA DESSERT FORK,ARCOROC,Cutlery,£2.01,,,,ARCOROC,VESCA,C12,PC,48,0.0,0.0,0.0,48,0.0,0.0,0.0,INOX,FLATWARE,CUTLERY,COUVERTS,5.508,FOURCHETTE A DESSERT VESCA,1.785,0,0.032,12,CN,25.5,16.0,13.5,10026102896676,,,B4,,,21.5,6.5,4.8,0.416,0.671,26102816462
T3108,VESCA DESSERT KNIFE,ARCOROC,Cutlery,£2.67,https://latabledarc.com/en/products/couteau-a-dessert-vesca-20-7-cm,https://cdn.shopify.com/s/files/1/0943/3553/3393/files/a60b4283a18d669dd7532c2dfc75ab0f_2d122118-5ca3-425d-964e-dc4901101fc8.jpg?v=1762445118,"Treat your guests to a pleasant tasting experience with the Vesca 20.7 cm T3108 dessert knife by Arcoroc.
  Its polished finish gives this knife an elegant design that will enhance any restaurant table. Made of 18/10 stainless steel, bending and torsion tests have proven its high resistance to impacts and up to 2000 cycles in an industrial dishwasher. Combining simplicity, aesthetics, and functionality, this dessert knife will allow your guests to fully appreciate your finest desserts. The Arcoroc advantage: elegant and timeless, the Vesca collection elevates convivial tables with its understated design.",ARCOROC,VESCA,C12,PC,48,0.0,0.0,0.0,48,0.0,0.0,0.0,INOX,FLATWARE,CUTLERY,COUVERTS,6.426,COUTEAU A DESSERT VESCA,4.162,0,0.079,12,CN,27.0,17.0,14.0,10026102896737,,,B4,,,0.0,0.0,0.0,0.948,0.0,26102816509
T3106,VESCA DESSERT SPOON,ARCOROC,Cutlery,£2.01,,,,ARCOROC,VESCA,C12,PC,48,0.0,0.0,0.0,48,0.0,0.0,0.0,INOX,FLATWARE,CUTLERY,COUVERTS,4.06,CUILLERE A DESSERT VESCA,2.121,0,0.039,12,CN,23.9,14.9,11.4,10026102903909,,,B4,,,21.5,6.2,4.8,0.5,0.64,26102816486
T3112,VESCA FISH FORK,ARCOROC,Cutlery,£2.01,https://latabledarc.com/en/products/fourchette-a-poisson-vesca-18-1-cm,https://cdn.shopify.com/s/files/1/0943/3553/3393/files/e8aa3625a214ba36b2ee01e2dc214e98_d2b76006-0b9a-4248-8a4c-33da663c6b44.jpg?v=1762446191,"Showcase your expertise with the Vesca T3112 fish fork by Arcoroc.
  Crafted from 18/10 stainless steel, the subtle design and elegant curves will delight restaurateurs and make this cutlery a valuable asset for enjoying your fish dishes. Combining simplicity, aesthetics, and functionality, this fork with its polished finish will enhance the presentation of your tables. The Arcoroc advantage: elegant and timeless, the Vesca collection elevates convivial dining with its understated design.",ARCOROC,VESCA,C12,PC,48,0.0,0.0,0.0,48,0.0,0.0,0.0,INOX,FLATWARE,CUTLERY,COUVERTS,5.4,FOURCHETTE A POISSON VESCA,1.867,0,0.035,12,CN,25.0,16.0,13.5,10026102903992,,,B4,,,21.5,6.5,4.8,0.42,0.671,26102816608
T3113,VESCA FISH KNIFE,ARCOROC,Cutlery,£2.17,,,,ARCOROC,VESCA,C12,PC,48,0.0,0.0,0.0,48,0.0,0.0,0.0,INOX,FLATWARE,CUTLERY,COUVERTS,5.4,COUTEAU A POISSON VESCA,2.482,0,0.044,12,CN,25.0,16.0,13.5,10026102904005,,,B4,,,21.5,6.2,4.8,0.601,0.64,26102816622
T3116,VESCA FORK,ARCOROC,Cutlery,£6.16,,,,ARCOROC,VESCA,C12,PC,24,0.0,0.0,0.0,24,0.0,0.0,0.0,INOX,FLATWARE,CUTLERY,COUVERTS,5.985,FOURCHETTE A SERVIR VESCA,2.352,0,0.098,12,CN,31.5,20.0,9.5,10026102904555,,,B2,,,28.0,8.0,6.0,1.236,1.344,26102816684
T3104,VESCA KNIFE,ARCOROC,Cutlery,£3.09,,,,ARCOROC,VESCA,C12,PC,48,0.0,0.0,0.0,48,0.0,0.0,0.0,INOX,FLATWARE,CUTLERY,COUVERTS,7.29,COUTEAU DE TABLE VESCA,5.794,0,0.099,12,CN,30.0,18.0,13.5,10026102896614,,,B4,,,26.5,6.8,5.1,1.356,0.919,26102816431
T3121,VESCA OYSTER FORK,ARCOROC,Cutlery,£1.59,,,,ARCOROC,VESCA,C12,PC,24,0.0,0.0,0.0,24,0.0,0.0,0.0,INOX,FLATWARE,CUTLERY,COUVERTS,2.904,FOURCHETTE A HUITRES VESCA,0.601,0,0.018,12,CN,22.0,16.5,8.0,10026102904500,,,B2,,,18.5,6.2,4.8,0.272,0.551,26102816769
T3114,VESCA SALAD FORK,ARCOROC,Cutlery,£1.59,,,,ARCOROC,VESCA,C12,PC,48,0.0,0.0,0.0,48,0.0,0.0,0.0,INOX,FLATWARE,CUTLERY,COUVERTS,3.307,FOURCHETTE A SALADE VESCA,1.033,0,0.018,12,CN,20.8,15.0,10.6,10026102904012,,,B4,,,18.5,6.2,4.8,0.216,0.551,26102816585
T3115,VESCA SALAD KNIFE,ARCOROC,Cutlery,£2.47,,,,ARCOROC,VESCA,C12,PC,48,0.0,0.0,0.0,48,0.0,0.0,0.0,INOX,FLATWARE,CUTLERY,COUVERTS,5.68,COUTEAU A SALADE VESCA,3.77,0,0.071,12,CN,25.5,16.5,13.5,10026102904029,,,B4,,,18.5,6.2,4.8,0.924,0.551,26102816646
T3124,VESCA SAUCE LADLE,ARCOROC,Cutlery,£5.47,,,,ARCOROC,VESCA,C1,PKG,6,19.5,6.5,6.0,6,0.0,0.0,0.0,INOX,FLATWARE,CUTLERY,COUVERTS DE SERVICE,6.121,LOUCHE A SAUCE VESCA,0.42,0,0.163,0,CN,21.8,20.8,13.5,10026102904050,,,B6,26102816851,26102816851,,,,,,
T3122,VESCA SAUCE SPOON,ARCOROC,Cutlery,£2.14,,,,ARCOROC,VESCA,C12,PC,48,0.0,0.0,0.0,48,0.0,0.0,0.0,INOX,FLATWARE,CUTLERY,COUVERTS,5.363,CUILLERE A SAUCE VESCA,2.27,0,0.04,12,CN,25.0,16.5,13.0,10026102904517,,,B4,,,21.5,6.5,4.8,0.552,0.671,26102816790
T3119,VESCA SNAIL FORK,ARCOROC,Cutlery,£1.46,,,,ARCOROC,VESCA,C12,PC,24,0.0,0.0,0.0,24,0.0,0.0,0.0,INOX,FLATWARE,CUTLERY,COUVERTS,2.904,FOURCHETTE A ESCARGOT VESCA,0.408,0,0.017,12,CN,22.0,16.5,8.0,10026102904494,,,B2,,,20.8,15.0,5.3,0.204,1.654,26102816721
T3109,VESCA SOUP SPOON,ARCOROC,Cutlery,£2.01,,,,ARCOROC,VESCA,C12,PC,48,0.0,0.0,0.0,48,0.0,0.0,0.0,INOX,FLATWARE,CUTLERY,COUVERTS,5.363,CUILLERE A SOUPE VESCA,2.351,0,0.039,12,CN,25.0,16.5,13.0,10026102903954,,,B4,,,21.5,6.5,4.8,0.541,0.671,26102816523
T3117,VESCA SPOON,ARCOROC,Cutlery,£6.16,https://latabledarc.com/en/products/cuillere-a-servir-26-cm-vesca,https://cdn.shopify.com/s/files/1/0943/3553/3393/files/e90ae2c44986a0c7cee81d0fc722b935_a4bed80c-42a8-46d9-b303-bb79c0cf625a.jpg?v=1762445177,"Play the elegance card with the 26cm Vesca T3117 serving spoon from the Arcoroc brand.
  Its slim, slender handle gives it a refined design and a comfortable grip. Made of 18/10 stainless steel, the Vesca serving spoon will be very useful every day. Designed to withstand intensive use, its resistance to mechanical shocks ensures a long lifespan and appeals to restaurateurs and hoteliers. The cutlery in the Vesca collection combines simplicity, aesthetics, and functionality. The Arcoroc advantage: elegant and timeless, Vesca enhances any table setting with its understated design. Discover the other spoons in this collection: dinner spoons, dessert spoons, soup spoons, teaspoons, ice cream spoons, and sauce spoons.",ARCOROC,VESCA,C12,PC,24,0.0,0.0,0.0,24,0.0,0.0,0.0,INOX,FLATWARE,CUTLERY,COUVERTS,5.67,CUILLERE A SERVIR VESCA,2.808,0,0.117,12,CN,31.5,20.0,9.0,10026102903862,,,B2,,,28.0,8.0,6.0,1.524,1.344,26102816660
T3101,VESCA TABLE FORK,ARCOROC,Cutlery,£2.63,,,,ARCOROC,VESCA,C12,PC,48,0.0,0.0,0.0,48,0.0,0.0,0.0,INOX,FLATWARE,CUTLERY,COUVERTS,5.058,FOURCHETTE DE TABLE VESCA,2.643,0,0.049,12,CN,25.9,15.5,12.6,10026102896522,,,B4,,,0.0,0.0,0.0,0.588,0.0,26102816370
T3102,VESCA TABLE SPOON,ARCOROC,Cutlery,£2.63,,,,ARCOROC,VESCA,C12,PC,48,0.0,0.0,0.0,48,0.0,0.0,0.0,INOX,FLATWARE,CUTLERY,COUVERTS,5.058,CUILLERE DE TABLE VESCA,2.976,0,0.051,12,CN,25.9,15.5,12.6,10026102896553,,,B4,,,0.0,0.0,0.0,0.612,0.0,26102816394
T3123,VESCA TART SLICE,ARCOROC,Cutlery,£4.20,,,,ARCOROC,VESCA,C12,PC,24,0.0,0.0,0.0,24,0.0,0.0,0.0,INOX,FLATWARE,CUTLERY,COUVERTS DE SERVICE,5.985,PELLE A TARTE VESCA,2.25,0,0.082,12,CN,31.5,20.0,9.5,10026102903985,,,B2,,,28.0,8.0,6.0,1.104,1.344,26102816813
T3110,VESCA TEA SPOON,ARCOROC,Cutlery,£1.36,,,,ARCOROC,VESCA,C12,PC,48,0.0,0.0,0.0,48,0.0,0.0,0.0,INOX,FLATWARE,CUTLERY,COUVERTS,2.352,CUILLERE A CAFE VESCA,0.912,0,0.019,12,CN,18.0,12.1,10.8,10026102896768,,,B4,,,0.0,0.0,0.0,0.228,0.0,26102816547
G3658,VIGNE H/B TUMBLER 22,C&S,Drinkware – Hiballs,£1.59,https://latabledarc.com/en/products/verre-haut-22-cl-vigne,https://cdn.shopify.com/s/files/1/0943/3553/3393/files/585a7ccac04a2bbfb9c02f9888487f2b.jpg?v=1762447586,"Opt for the 22cl Vine Glass, by Chef&Sommelier
 This glass is a 100% recyclable glass product, odorless.",C&S,VIGNE,FA6,PC,24,6.1,6.1,11.1,24,120.0,80.0,117.7,KRYSTA,DRINKWARE,DRINKWARE,GOBELET,17.72,GOBELET FH 22 VIGNE,5.358,1152,0.186,6,FR,44.6,30.8,12.9,10026102192624,282.574,40026102192625,B4,26102259269,26102259269,21.4,14.5,11.7,1.233,3.631,26102466988
G3674,VIGNE H/B TUMBLER 33,C&S,Drinkware – Hiballs,£1.71,https://latabledarc.com/en/products/verre-haut-33-cl-vigne,https://cdn.shopify.com/s/files/1/0943/3553/3393/files/a62531635eb8a9d26985cecfcdcad327.jpg?v=1762448038,"Opt for the 33cl Vine Glass, by Chef&Sommelier
 This glass is a 100% recyclable glass product, odorless.",C&S,VIGNE,FA6,PC,24,6.9,6.9,12.6,24,120.0,80.0,107.7,KRYSTA,DRINKWARE,DRINKWARE,GOBELET,26.509,GOBELET FH 33 VIGNE,6.728,720,0.237,6,FR,33.8,25.3,31.0,10026102192631,227.409,40026102192632,B4,26102258927,26102258927,23.7,16.0,14.7,1.575,5.574,26102468050
L2369,VIGNE H/B TUMBLER 45,C&S,Drinkware – Hiballs,£1.85,https://latabledarc.com/en/products/verre-haut-45-cl-vigne,https://cdn.shopify.com/s/files/1/0943/3553/3393/files/154a05e4e88d2c4c9f9e62f993a7d4fe.jpg?v=1762448196,"Opt for the 45cl Vine Glass, by Chef&Sommelier
 This glass is a 100% recyclable glass product, odorless.",C&S,VIGNE,FA6,PC,24,7.0,7.0,16.2,24,120.0,80.0,129.1,KRYSTA,DRINKWARE,DRINKWARE,GOBELET,29.327,GOBELET FH 45 VIGNE,8.066,720,0.29,6,FR,47.1,32.6,19.1,10883314503675,267.591,40883314503676,B4,883314503678,883314503678,7.0,7.0,16.2,1.74,0.794,883314503685
V3308,VIGNE HB TUMBLER 33,LUMINARC,Drinkware – Hiballs,£1.17,,,,LUMINARC,VIGNE,1/2 FA6,PC,24,0.0,0.0,12.6,24,120.0,80.0,96.2,SODO,DRINKWARE,DRINKWARE,GOBELET,23.26,GOBELET FH 33 VIGNE,6.721,720,0.248,6,FR,33.8,25.3,27.2,10883314948940,227.087,40883314948941,B4,883314948943,883314948943,23.7,16.0,12.8,1.603,4.854,
G3659,VIGNE O/F TUMBLER 20,C&S,Drinkware – Rocks,£1.50,https://latabledarc.com/en/products/verre-bas-20-cl-vigne,https://cdn.shopify.com/s/files/1/0943/3553/3393/files/230dd2127f955e21e1ade91f955dec12_88bd5af3-bb75-4237-bc06-892c2d73792a.jpg?v=1762447856,"Opt for the 20cl Vine Glass, by Chef&Sommelier
 This glass is a 100% recyclable glass product, odorless.",C&S,VIGNE,FA6,PC,24,7.5,7.5,7.4,24,120.0,80.0,116.7,KRYSTA,DRINKWARE,DRINKWARE,GOBELET,13.675,GOBELET FB 20 VIGNE,5.737,1440,0.212,6,FR,32.7,24.6,17.0,10026102245382,369.809,40026102245383,B4,26102259221,26102259221,23.0,15.6,7.9,1.377,2.835,26102467534
G3666,VIGNE O/F TUMBLER 31,C&S,Drinkware – Rocks,£1.71,https://latabledarc.com/en/products/verre-bas-31-cl-vigne,https://cdn.shopify.com/s/files/1/0943/3553/3393/files/10d03c13fc62c33ce7a14814afe65fcf.jpg?v=1762447914,"Opt for the 31cl Vine Glass, by Chef&Sommelier
 This glass is a 100% recyclable glass product, odorless.",C&S,VIGNE,FA6,PC,24,8.4,8.4,8.3,24,120.0,80.0,115.6,KRYSTA,DRINKWARE,DRINKWARE,GOBELET,23.359,GOBELET FB 31 VIGNE,7.105,960,0.253,6,FR,39.2,29.5,20.2,10026102245320,309.694,40026102245321,B4,26102258941,26102258941,27.9,18.8,9.3,1.665,4.878,26102472149
L2370,VIGNE O/F TUMBLER 37,C&S,Drinkware – Rocks,£1.71,https://latabledarc.com/en/products/verre-bas-37-cl-vigne,https://cdn.shopify.com/s/files/1/0943/3553/3393/files/c3bd405af4576d90386dcf80c480d4e7.webp?v=1775208422,"Prefer the low-shaped 37cl L2370 Vigne glass from Chef&Sommelier.
  Its simple yet contemporary design will make it a must-have in trendy and sophisticated bars and restaurants. Its strong, rounded shape reveals a beautifully weighted base that provides a truly satisfying feel from the moment you hold it. The wide opening of the rim allows for easy addition of ice cubes, perfect for serving whisky or other aperitifs, according to your customers' preferences. The exceptional clarity of the crystal material will enhance the presentation of your drinks. The Vigne tumbler meets all the demands of professionals: extreme purity, intense brilliance, and exceptional durability. Its very thin rim provides unparalleled comfort during tasting. The Chef&Sommelier bonus: the Vigne tumbler can withstand up to 2000 cycles in an industrial dishwasher without any damage.",C&S,VIGNE,FA6,PC,24,9.2,9.2,8.7,24,120.0,80.0,118.5,KRYSTA,DRINKWARE,DRINKWARE,GOBELET,28.488,GOBELET FB 37 VIGNE,9.217,720,0.335,6,FR,42.8,32.0,20.8,10883314503699,301.904,40883314503690,B4,883314503692,883314503692,9.2,9.2,8.7,2.01,0.736,883314503715
V3309,VIGNE OF TUMBLER 31,LUMINARC,Drinkware – Tumblers,£1.17,,,,LUMINARC,VIGNE,1/2 FA6,PC,24,8.4,8.4,8.3,24,120.0,80.0,115.7,SODO,DRINKWARE,DRINKWARE,GOBELET,23.359,GOBELET FB 31 VIGNE,6.977,960,0.253,6,FR,39.2,29.5,20.2,10883314948957,304.669,40883314948958,B4,883314948950,883314948950,27.9,18.8,9.3,1.633,4.878,
47346,VIGNE SHOT GLASS 6,ARCOROC,Drinkware – Shot Glasses,£0.85,https://latabledarc.com/en/products/verre-haut-6-cl-vigne,https://cdn.shopify.com/s/files/1/0943/3553/3393/files/cbe78d6a0e43125ecd2bddcb7b6c7900_d1d157b9-eba8-4bff-81b7-3aee69857ba8.jpg?v=1762448215,"Succombez aux qualités du gobelet forme haute 6cl 47346 Vigne de la marque Arcoroc.
 C'est en pensant à son usage et en écoutant les demandes des professionnels que les designers d'Arcoroc ont imaginé cet article. Ce gobelet sublime le contenu et s'efface pour laisser transparaitre les couleurs et textures. Les designers ont donc imaginé un article simple, cylindrique, une forme légèrement baril pour donner une idée de générosité et un fond lourd. Ce fond lourd le rend stable pour un dressage rapide et optimal du buffet mais aussi lors du transport du buffet à la table par le client. Son diamètre de buvant bien proportionné est idéal pour la préparation des verrines et mises en bouche les plus sophistiquées. Le plus : Les cuillères à Moka des collections de couverts Arcoroc, sont idéales pour déguster les mises en bouches et verrines servies dans ce gobelet.",ARCOROC,VIGNE,FA6,PC,48,4.2,4.2,9.0,48,120.0,80.0,117.5,SODO,DRINKWARE,DRINKWARE,GOBELET,13.163,GOBELET FH 6 VIGNE,5.085,2880,0.096,6,FR,30.0,21.3,20.6,10026102473464,330.494,40026102473465,B8,,,4.2,4.2,9.6,0.616,0.155,26102473504
X3045,VIN AU VERRE CABERNET ELLIPSE STGLASS 35,C&S,Drinkware – Wine,£2.86,https://latabledarc.com/en/products/verre-a-pied-35-cl-cabernet-tulipe-jauge,https://cdn.shopify.com/s/files/1/0943/3553/3393/files/08fa39147000f0d5c01b14505a66ae0d.webp?v=1770824024,"Opt for the 35cl graduated tulip stem glass J4587 Cabernet from Chef&Sommelier.
 This graduated wine glass is designed for tasting the finest wines and has become a classic in the world of glassware thanks to its effectiveness for tasting. Offered in a 35 cl capacity with two fill lines, one at 12.5 cl and the other at 14.5 cl, this glass allows you to fully appreciate the subtle aromas and flavors of the wine for an optimal tasting experience. Traditional brasseries and restaurants can use this stemmed glass to offer their guests a truly exceptional wine experience. The Chef&Sommelier advantage: its thin rim provides both comfort during tasting and an impeccable visual appeal.",C&S,VIN AU VERRE,#N/A,PC,24,8.1,8.1,20.2,24,120.0,80.0,101.7,KRYSTA,DRINKWARE,DRINKWARE,VERRE A PIED,41.403,VAP 35 VIN AU VERRE CABERNET ELLIPSE,5.436,432,0.181,6,FR,35.7,26.6,43.6,10883314418412,123.317,40883314418413,#N/A,883314418415,883314418415,25.1,17.0,21.0,1.226,8.961,883314526875
N2760,VINA  COCKTAIL STEMGLASS 70,ARCOROC,Drinkware – Cocktails,£2.52,,https://static.wixstatic.com/media/042ed7_ecbdc6020d8c4cd1aa23ec95efaddc1d~mv2.webp,,ARCOROC,VINA,FA6,PC,12,0.0,0.0,0.0,12,120.0,80.0,104.2,SODO,DRINKWARE,DRINKWARE,VERRE A PIED,42.779,VERRE A PIED 70 VINA COCKTAIL,4.237,216,0.25,6,FR,37.3,25.6,44.8,10883314543565,101.74,40883314543566,B2,,,35.6,24.0,21.6,1.848,18.455,883314543568
V1308,VINA DECANTER 1L5 WITHOUT STOPPER,ARCOROC,"Drinkware Accessories – Jugs, Pitchers & Carafes",£20.81,https://latabledarc.com/en/products/carafe-a-decanter-150-cl-vina,https://cdn.shopify.com/s/files/1/0943/3553/3393/files/315de321f6140318ef2bf315b27a8904.jpg?v=1760540437,"Optez pour la carafe à décanter 150 cl de la collection Vina V3108, créée par Arcoroc.
  Ses courbes rebondies accompagnées d'un col élancé et resserré permettent au vin de s'aérer et de libérer pleinement tous ses arômes. La carafe à décanter Vina est l'élément indispensable pour sublimer un vin. De plus son design raffiné trouvera parfaitement sa place sur toutes les tables de restaurant. Résistante et élégante, cette carafe a été pensée pour répondre aux attentes des professionnels.  Le plus Arcoroc : Découvrez l'ensemble de la gamme Vina pour service complet.",ARCOROC,VINA,FA1,F1,2,16.0,16.0,24.9,2,120.0,80.0,126.9,SODO,DRINKWARE,DRINKWARE ACCESSORIE,BROC CARAFE,17.519,"CARAFE 1,5L VINA SANS BOUCHON",1.685,112,0.78,0,SK,33.7,18.5,28.1,10883314928881,120.0,40883314928882,B2,883314743340,883314743340,,,,,,
P3604,VINA DECANTER 1L5 WITHOUT STOPPER,ARCOROC,"Drinkware Accessories – Jugs, Pitchers & Carafes",£20.81,,,,ARCOROC,VINA,A6,PC,6,15.6,15.6,24.3,6,120.0,80.0,118.0,SODO,DRINKWARE,DRINKWARE ACCESSORIE,BROC CARAFE,41.928,CARAFE 1L5 VINA SANS BOUCHON,5.31,120,0.77,0,SK,48.5,32.5,26.6,883314743685,133.2,40883314743683,,883314743340,883314743340,,,,,,
L1351,VINA FLUTE 19,ARCOROC,Drinkware – Champagne,£1.80,https://latabledarc.com/en/products/flute-a-champagne-19-cl-vina,https://cdn.shopify.com/s/files/1/0943/3553/3393/files/3fda359b52778b64d949bdec55833642.jpg?v=1760539528,"Optez pour la flûte à champagne 19 cl L1351 Vina, dessinée par les experts Arcoroc.
 Les lignes élancées de cette flûte viennent souligner le cachet de vos tables. Sa jambe longue et sans couture lui confère une allure élégante et racée. Les professionnels de la restauration et du bar apprécient ce verre à champagne pour son design épuré et son efficacité. La flûte Vina est parfaite pour porter un toast et faire de vos célébrations un moment unique. Le plus Arcoroc : cette flûte à champagne pourra être accompagnée des verres à vin et des verres à eau de la même collection Vina, afin d'harmoniser vos plus belles tables.",ARCOROC,VINA,FA6,PC,24,7.0,7.0,22.5,24,120.0,80.0,116.9,SODO,DRINKWARE,DRINKWARE,VERRE A PIED,39.315,FLUTE 19 VINA,4.432,480,0.143,6,FR,47.4,32.4,25.6,10883314493488,114.01,40883314493489,B4,,,23.0,15.6,24.4,0.999,8.755,883314493481
L1346,VINA H/B TUMBLER 36,ARCOROC,Drinkware – Hiballs,£1.09,https://latabledarc.com/en/products/verre-haut-36-cl-vina,https://cdn.shopify.com/s/files/1/0943/3553/3393/files/eb4dc4af4ccdbe9463b3fe34b6ccee77.jpg?v=1760539501,"Optez pour la simplicité du gobelet forme haute 36 cl L1346 Vina de la marque Arcoroc.
 La rondeur et la sobriété de ce verre à eau, lui permettent de trouver idéalement sa place sur de nombreuses tables de restaurants au style varié. De plus, sa forme ronde permet une prise en main facile. Ce gobelet à eau d'une finesse uniforme reste léger même une fois rempli. Ce verre Vina est également très prisé par les bars pour le service de jus de fruits ou sodas. Le plus : la rondeur de ce gobelet lui permet d'être associé à des verres à pied de forme tulipe pour assurer une belle harmonie ou de forme anguleuse afin de créer des contrastes. Notre recommandation est de l'assortir au verre à pied 35 cl de la même collection Vina, pour assurer un parfait équilibre sur la table.",ARCOROC,VINA,FA6,PC,24,7.6,7.6,12.1,24,120.0,80.0,96.1,SODO,DRINKWARE,DRINKWARE,GOBELET,23.26,GOBELET FH 36 VINA,5.436,720,0.198,6,FR,33.8,25.3,27.2,10883314493440,188.734,40883314493441,B4,,,23.6,16.0,12.8,1.282,4.833,883314493443
N4907,VINA JULIETTE STEMMED GLASS 40,ARCOROC,Drinkware – Wine,£2.14,,https://static.wixstatic.com/media/042ed7_d38d7d5b2f974e7eaf4da7c451771ba3~mv2.webp,,ARCOROC,V.JULIETTE,FA6,PC,24,8.5,8.5,20.6,24,120.0,80.0,111.7,CRYSTAL GLASS,DRINKWARE,DRINKWARE,VERRE A PIED,54.677,VERRE A PIED 40 V. JULIETTE,6.266,384,0.19,6,FR,57.4,39.2,24.3,10883314661399,125.74,40883314661390,B4,,,27.8,18.8,22.7,1.378,11.864,883314661392
N5993,VINA JULIETTE STEMMED GLASS 49,ARCOROC,Drinkware – Wine,£2.14,https://latabledarc.com/en/products/verre-a-pied-49-cl-v-juliette,https://cdn.shopify.com/s/files/1/0943/3553/3393/files/ed1de3f5d68ae6b6cddb300f8208da0f.jpg?v=1760540064,"Optez pour le verre à pied V. Juliette 49 cl N5993 d'Arcoroc.
 Dernier né de la collection de verres de table Arcoroc, ce verre à vin est d'ores et déjà un incontournable et une référence dans les brasseries, néo-bistrot et autres restaurants traditionnels. Sa paraison anguleuse donne à ce verre à vin un look contemporain et élégant. Sa jambe élancée a été travaillée de manière à être en parfaite adéquation avec le design de la paraison et du pied. Sa contenance de 49 cl permet de faire du service de vins rouges son utilisation principale, cependant son usage peut être détourné, il devient alors un excellent verre à cocktail. Le plus Arcoroc : le verre à pied 49 cl V. Juliette est certifié ""High Transparency"", il garantie une extrême transparence, durable dans le temps.",ARCOROC,V.JULIETTE,FA6,PC,24,9.2,9.2,21.7,24,120.0,80.0,111.8,CRYSTAL GLASS,DRINKWARE,DRINKWARE,VERRE A PIED,54.677,VERRE A PIED 49 V. JULIETTE,7.322,384,0.234,6,FR,57.4,39.2,24.3,10883314661382,142.646,40883314661383,B4,,,27.8,18.8,22.7,1.642,11.864,883314661385
L1347,VINA O/F TUMBLER 34,ARCOROC,Drinkware – Rocks,£1.09,https://latabledarc.com/en/products/verre-bas-34-cl-vina,https://cdn.shopify.com/s/files/1/0943/3553/3393/files/4afe5064ebde6a66b387c2479e603477.jpg?v=1760539509,"Optez pour une forme baril simple et intemporelle pour votre gobelet de table et découvrez le gobelet forme basse 34cl L1347 Vina de la marque Arcoroc.
 De forme ronde, généreuse et singulière ce gobelet à eau en verre s'adapte parfaitement à toutes les ambiances de restaurants et brasseries. Ce gobelet à eau sera idéal seul, au dressage de la table mais pourra aussi parfaitement accompagner un verre à pied de la même collection, de même forme ronde ou de forme anguleuse pour casser les codes. C'est sa simplicité et sa grande qualité qui ont guidé plusieurs grandes chaînes d'hôtels dans le choix de ce gobelet. Le plus : son large buvant permet un remplissage facile. Ce gobelet en verre peut donc se transformer en coupelle originale pour le service d'entrées ou de desserts.",ARCOROC,VINA,FA6,PC,24,9.0,9.0,8.4,24,120.0,80.0,115.7,SODO,DRINKWARE,DRINKWARE,GOBELET,23.359,GOBELET FB 34 VINA,5.172,960,0.185,6,FR,39.2,29.5,20.2,10883314493457,232.858,40883314493458,B4,,,27.8,18.8,9.3,1.209,4.861,883314493450
P7908,VINA SPLENDID STEMGLASS 58,ARCOROC,Drinkware – Wine,£2.20,https://latabledarc.com/en/products/verre-a-pied-58-cl-vina-splendid,https://cdn.shopify.com/s/files/1/0943/3553/3393/files/94ca02a9280134af8d56872fe18ef778.jpg?v=1760540634,,ARCOROC,VINA,FA6,PC,24,10.6,10.6,20.9,24,120.0,80.0,114.3,SODO,DRINKWARE,DRINKWARE,VERRE A PIED,78.219,VERRE A PIED 58 VINA BALLON,6.623,240,0.212,6,FR,45.7,34.3,49.9,10883314787884,91.624,40883314787885,B4,,,32.7,22.1,24.1,1.492,17.416,883314787887
L1967,VINA STEMMED GLASS 26,ARCOROC,Drinkware – Wine,£1.80,https://latabledarc.com/en/products/verre-a-pied-26-cl-vina,https://cdn.shopify.com/s/files/1/0943/3553/3393/files/3d7541da7ef663a5f4fd63055dd3a219.jpg?v=1760539539,"Affichez un style intemporel avec le verre à pied 26 cl L1967 Vina d’Arcoroc.
 Dans un bar à vin, à la table d’une brasserie ou d’un banquet, le design classique et élégant de ce verre à vin universel séduit autant les amateurs que les connaisseurs. La forme tulipe de ce verre à vins blancs met à l’honneur un Chardonnay, un Sémillon ou un Viognier dont elle fait ressortir les notes florales et fruitées. Ce verre à pied convient également au service d’un vin rosé ou d’un Gamay, dont il permet de libérer et d’apprécier tous les arômes. Sa transparence est idéale pour observer la subtilité de la robe des vins. Fonctionnel et résistant, les professionnels de la restauration choisissent ce verre à vin pour sa grande facilité d’usage et d’entretien. Le plus Arcoroc : La cheminée rétrécie du verre à pied Vina facilite l’analyse olfactive du vin avant d’entamer la dégustation.",ARCOROC,VINA,FA6,PC,24,7.2,7.2,18.0,24,120.0,80.0,114.0,SODO,DRINKWARE,DRINKWARE,VERRE A PIED,30.78,VERRE A PIED 26 VINA,4.095,600,0.138,6,FR,47.3,32.7,19.9,10883314499374,127.749,40883314499375,B4,,,23.0,15.6,18.6,0.945,0.933,883314499377
L1349,VINA STEMMED GLASS 36,ARCOROC,Drinkware – Wine,£1.92,https://latabledarc.com/en/products/verre-a-pied-36-cl-vina,https://cdn.shopify.com/s/files/1/0943/3553/3393/files/dab87c260676742ad77dc80f7e302340.jpg?v=1760539522,"Optez pour le verre à pied 36 cl L1349 Vina d'Arcoroc.
 Ce verre à vin 36 cl est élaboré et conçu pour permettre la dégustation de l'ensemble des crus et millésimes, ce qui en fait un excellent verre à vin universel. Proposé en contenance de 36 cl, ce verre à vin permet de restituer toute la subtilité des arômes et du goût grâce à sa forme tulipe. Professionnel du bar ou de la restauration, n'hésitez pas à servir vos convives avec ce verre à pied 36 cl, spécialement conçu pour libérer tous les arômes de vos vins préférés et plus particulièrement des vins blancs. Le plus Arcoroc : découvrez également le Ballon 70 cl de la même collection pour le Gin.",ARCOROC,VINA,FA6,PC,24,7.9,7.9,20.2,24,120.0,80.0,101.7,SODO,DRINKWARE,DRINKWARE,VERRE A PIED,41.403,VERRE A PIED 36 VINA,5.335,432,0.181,6,FR,35.7,26.6,43.6,10883314493471,121.499,40883314493472,B4,,,25.1,17.0,21.0,1.226,8.961,883314493474
L1348,VINA STEMMED GLASS 48,ARCOROC,Drinkware – Wine,£1.92,https://latabledarc.com/en/products/verre-a-pied-48-cl-vina,https://cdn.shopify.com/s/files/1/0943/3553/3393/files/d8d84c02f1aa1f9a7d3c01707cf9cfd8.jpg?v=1760539514,"Sélectionnez le verre à pied 48 cl L1348 Vina d'Arcoroc.
 Ce verre à vin contribue au raffinement des tables de la restauration, de l'hôtellerie et des bars, grâce à sa paraison de forme tulipe. Ce verre à pied possède une large chambre aromatique qui étire le vin verticalement, ainsi qu'une fermeture du buvant pour mieux en concentrer les arômes. Ainsi ce verre à pied contribue à une dégustation œnologique, afin de satisfaire aussi bien les professionnels que les amateurs. Le verre à pied 48 cl est idéal pour le service de vin rouge : Cabernet, Carignan, Cinsault... Le plus Arcoroc : la collection Vina est composée de verres à pied, d'une flûte, de deux gobelets, mais également d'un verre à pied pour le Gin.",ARCOROC,VINA,FA6,PC,24,0.0,0.0,21.8,24,120.0,80.0,111.7,SODO,DRINKWARE,DRINKWARE,VERRE A PIED,54.677,VERRE A PIED 48 VINA,6.126,384,0.202,6,FR,57.4,39.2,24.3,10883314493464,123.51,40883314493465,B4,,,27.8,18.8,22.6,1.379,11.812,883314493467
L3605,VINA STEMMED GLASS 58,ARCOROC,Drinkware – Wine,£2.20,,,,ARCOROC,VINA,FA6,PC,24,9.4,9.4,23.0,24,120.0,80.0,117.8,SODO,DRINKWARE,DRINKWARE,VERRE A PIED,59.557,VERRE A PIED 58 VINA,6.977,384,0.234,6,FR,58.0,39.8,25.8,10883314517610,137.006,40883314517611,B4,,,28.1,19.0,24.2,1.587,12.92,883314517613
V7578,VINETIS FLUTE 23                      F4,LUMINARC,Drinkware – Champagne,£7.89,,,,LUMINARC,VINETIS,FF4,F4,6,15.4,15.4,22.8,6,120.0,80.0,110.5,CRYSTAL GLASS,DRINKWARE,DRINKWARE,VERRE A PIED,36.977,FLUTE 23 VINETIS                     F4,4.55,120,0.667,0,FR,47.7,32.3,24.0,10883314993780,116.379,40883314993781,B6,883314993783,883314993783,,,,,,
V7575,VINETIS H/BALL TUMBLER 40             F4,LUMINARC,Drinkware – Tumblers,£4.89,,,,LUMINARC,VINETIS,FF4,F4,6,18.2,18.2,11.8,6,120.0,80.0,118.8,CRYSTAL GLASS,DRINKWARE,DRINKWARE,GOBELET,27.273,GOBELET H/BALL 40 VINETIS            F4,5.211,192,0.771,0,FR,55.5,37.8,13.0,10883314992905,192.444,40883314992906,B6,883314992908,883314992908,,,,,,
V7577,VINETIS OF TUMBLER 36                 F4,LUMINARC,Drinkware – Tumblers,£4.89,,,,LUMINARC,VINETIS,FF4,F4,6,19.2,19.2,9.3,6,120.0,80.0,101.9,CRYSTAL GLASS,DRINKWARE,DRINKWARE,GOBELET,23.219,GOBELET FB 36 VINETIS                F4,4.868,198,0.747,0,FR,39.5,20.2,29.1,10883314992912,186.111,40883314992913,B6,883314992915,883314992915,,,,,,
V7581,VINETIS STEMGLASS 30                  F4,LUMINARC,Drinkware – Wine,£7.89,,,,LUMINARC,VINETIS,FF4,F4,4,16.4,16.4,19.8,4,120.0,80.0,119.8,CRYSTAL GLASS,DRINKWARE,DRINKWARE,VERRE A PIED,24.16,VERRE A PIED 30 VINETIS              F4,3.19,120,0.729,0,FR,34.0,34.0,20.9,10883314993803,122.645,40883314993804,B4,883314993806,883314993806,,,,,,
V7579,VINETIS STEMGLASS 40                  F4,LUMINARC,Drinkware – Wine,£8.57,,,,LUMINARC,VINETIS,FF4,F4,6,17.6,17.6,21.8,6,120.0,80.0,108.7,CRYSTAL GLASS,DRINKWARE,DRINKWARE,VERRE A PIED,48.427,VERRE A PIED 40 VINETIS              F4,6.134,96,0.906,0,FR,55.1,37.4,23.5,10883314993797,123.721,40883314993798,B6,883314993790,883314993790,,,,,,
V7580,VINETIS STEMGLASS 50                  F4,LUMINARC,Drinkware – Wine,£8.57,,,,LUMINARC,VINETIS,FF4,F4,6,19.2,19.2,22.4,6,120.0,80.0,111.5,CRYSTAL GLASS,DRINKWARE,DRINKWARE,VERRE A PIED,57.79,VERRE A PIED 50 VINETIS .            F4,7.304,96,1.111,0,FR,59.7,40.0,24.2,10883314992929,142.445,40883314992920,B6,883314992922,883314992922,,,,,,
X3042,VINS JEUNES VIN AU VERRE GR S/GLASS 35,C&S,Drinkware – Wine,£2.86,https://latabledarc.com/en/products/verre-a-pied-jauge-35-cl-cabernet-vins-jeunes,https://cdn.shopify.com/s/files/1/0943/3553/3393/files/25ba41c1a3ad4830df0225b736a1da07_c3cd337a-2846-40b6-a86b-c0f7184a7e62.jpg?v=1762449302,"Discover the 35cl graduated stemmed glass for Cabernet Young Wines P8619 by the Chef&Sommelier brand.
 This stemmed glass allows you to fully appreciate the subtle aromas of your wine, ensuring an optimal tasting experience for the finest vintages. Its angular shape and slightly tapered rim capture the aromas of your red, white, or rosé wines. With a 35 cl capacity, this glass features two fill lines: 12.5 cl and 15 cl, for precise pouring. Furthermore, this glass incorporates ""sheer rim"" technology, giving it an exceptionally thin rim to enhance the tasting experience. Made of Krysta, the Cabernet Young Wines stemmed glass offers high resistance to impacts and the rigors of daily use in professional settings. Chef&Sommelier Tip: Explore the entire Cabernet Young Wines collection.",C&S,VIN AU VERRE,#N/A,PC,24,9.0,9.0,20.0,24,120.0,80.0,103.3,KRYSTA,DRINKWARE,DRINKWARE,VERRE A PIED,49.952,VAP 35 VIN AU VERRE VINS JEUNES GRAPPE,5.275,384,0.163,6,FR,57.4,39.2,22.2,10883314795834,109.87,40883314795835,#N/A,883314795837,883314795837,27.9,18.8,20.6,1.136,10.805,883314795844
P8619,VINS JEUNES VIN AU VERRE GR. S/GLASS 35,C&S,Drinkware – Wine,£2.86,,,,C&S,VIN AU VERRE,FA6,PC,24,9.0,9.0,20.0,24,120.0,80.0,103.3,KRYSTA,DRINKWARE,DRINKWARE,VERRE A PIED,49.952,VAP 35 VIN AU VERRE VINS JEUNES GRAPPE,5.571,384,0.163,6,FR,57.4,39.2,22.2,10883314795834,114.606,40883314795835,B4,883314795837,883314795837,27.9,18.8,20.6,1.21,1.62,883314795844
X1446,VITALE DECANTER 1 L WHITOUT STOPPER,LUMINARC,"Drinkware Accessories – Jugs, Pitchers & Carafes",£3.64,https://latabledarc.com/en/products/carafe-vitale-1l,https://cdn.shopify.com/s/files/1/0943/3553/3393/files/e329a4f0c59351c46e1811960d255700.webp?v=1770801764,"Glass transparency and dynamic lines to refresh your tables.
Add a touch of elegance and lightness to your table setting with this captivatingly designed glass carafe. Its slender silhouette features a subtle optical relief with twisted lines that catches the light and creates beautiful plays of reflections as soon as you fill it with water, juice, or iced infusions.
Crafted from high-clarity transparent glass, it combines a pleasant grip with refined aesthetics, ideal for your daily meals as well as your summer receptions.
Key features:
• Capacity: 1 L (practical size for everyday use).
• Material: Healthy, pure, and 100% sustainably recyclable transparent glass.
• Design: Striated and twisted relief pattern offering luminous reflections and a non-slip grip.
• Shape: Ergonomic tapered neck for easy, drip-free pouring.
• Care: Dishwasher safe (retains its clarity wash after wash).
Why you'll love it:
• Play of light: The diagonal striations visually enhance the content, whether it's clear water with a few lemon slices or homemade lemonade.
• Secure grip: The textured relief offers excellent natural grip when serving.
• Healthy & eco-friendly material: Glass does not retain any taste or odor, ensuring perfect neutrality for all your beverages.
Pairing suggestion:
Pair this carafe with textured transparent glass tumblers for a matching drink service, or combine it with a more colorful table setting where its transparency will bring balance and sparkle!",LUMINARC,VITALE,A6,PC,6,8.8,8.8,25.0,6,120.0,80.0,120.1,SODO,DRINKWARE,DRINKWARE ACCESSORIE,BROC CARAFE,13.705,CARAFE 1L VITALE SANS BOUCHON,3.336,408,0.006,0,FR,27.7,18.6,26.6,883314071764,253.298,40883314071755,,883314071757,883314071757,,,,,,
42258,VITICOLE STEMMED GLASS 12,ARCOROC,Drinkware – Wine,£1.42,https://latabledarc.com/en/products/verre-a-pied-12-cl-viticole,https://cdn.shopify.com/s/files/1/0943/3553/3393/files/a0d84bc84fbf3fb318153073b916f58d.jpg?v=1760538702,"Sélectionnez le verre à pied 12 cl 42258 Viticole d'Arcoroc.
 Ce verre à vin, dont la paraison est un classique intemporel, conviendra parfaitement à la dégustation des vins liquoreux et autres alcools de poire et spiritueux. Sa jambe courte favorise une grande maniabilité et sa paraison légèrement scratchée lui permet de se démarquer sur les tables de bars et restaurants. Les bars à vin, les brasseries seront les principaux adeptes de sa forme et de son design. Le plus Arcoroc : ce verre existe en version 21.5 cl avec une jauge pour le service du vin au verre, avec une limite à 12,5 cl et 14,5cl.",ARCOROC,VITICOLE,FA6,PC,24,5.4,5.4,13.1,24,120.0,80.0,117.6,SODO,DRINKWARE,DRINKWARE,VERRE A PIED,12.641,VERRE A PIED 12 VITICOLE,2.705,1680,0.093,6,FR,35.1,24.5,14.7,10026102422585,189.942,40026102422586,B4,,,5.4,5.4,13.1,0.622,0.378,26102422595
42260,VITICOLE STEMMED GLASS 12,ARCOROC,Drinkware – Wine,£1.42,,,,ARCOROC,VITICOLE,FA6,PC,1974,5.4,5.4,13.1,0,120.0,80.0,110.3,SODO,DRINKWARE,DRINKWARE,VERRE A PIED,0.0,VERRE A PIED 12 VITICOLE,0.0,1974,0.093,0,FR,,,,,231.356,40026102422609,,,,,,,,,
37260,"VITICOLE STEMMED GLASS 21,5",ARCOROC,Drinkware – Wine,£1.53,https://latabledarc.com/en/products/verre-a-pied-21-5-cl-viticole,https://cdn.shopify.com/s/files/1/0943/3553/3393/files/820192be9de798ac96db2c70c6606a86.jpg?v=1774345610,"Choisissez le verre à pied 21.5 cl 37260 Viticole d'Arcoroc.
 Ce verre à vin est un véritable classique intemporel. Sa paraison élégante sur une jambe courte le rend très fonctionnel pour l'ensemble des restaurateurs, bars à vin et autres brasseries. Le vin rouge, blanc peut y être servi, tout comme des vins liquoreux. Sa forme tulipe et son buvant serré permettront d'en capter les arômes afin de proposer une agréable expérience de dégustation. Ce verre affiche une excellente tenue au lave-vaisselle professionnel et sa jambe courte permet de faciliter l'insertion de l'article dans les bacs de lavage. Le plus Arcoroc : ce verre existe aussi en version jaugée pour service du vin au verre, avec une limite à 12,5 cl et 14,5 cl.",ARCOROC,VITICOLE,FA6,PC,24,6.5,6.5,15.5,24,120.0,80.0,117.1,SODO,DRINKWARE,DRINKWARE,VERRE A PIED,22.146,"VERRE A PIED 21,5 VITICOLE",3.606,936,0.123,6,FR,29.3,22.1,34.2,10026102372606,166.126,40026102372607,B4,,,20.3,13.8,16.3,0.831,4.566,26102372654
37266,"VITICOLE STEMMED GLASS 21,5",ARCOROC,Drinkware – Wine,£1.53,,,,ARCOROC,VITICOLE,FA6,PC,1116,6.5,6.5,15.5,0,120.0,80.0,112.5,SODO,DRINKWARE,DRINKWARE,VERRE A PIED,0.0,"VERRE A PIED 21,5 VITICOLE",0.0,1116,0.123,0,FR,,,,,181.265,40026102372669,,,,,,,,,
42250,VITICOLE STEMMED GLASS 31,ARCOROC,Drinkware – Wine,£1.92,https://latabledarc.com/en/products/verre-a-pied-31-cl-viticole,https://cdn.shopify.com/s/files/1/0943/3553/3393/files/9231c7047128d4eab44d4d78c31f67af.jpg?v=1760538696,"Optez pour le verre à pied 31 cl 42250 Viticole d'Arcoroc.
 Ses courbes et sa contenance de 31 cl en font un excellent verre de dégustation pour les vins blancs, rouge et vin liquoreux. La paraison haute permet une restitution en bouche de tous les arômes du vin. Sa jambe courte améliore la maniabilité et sa cuvette lui confère une bonne stabilité. Son design classique intemporel s'adaptera parfaitement aux tables des restaurants, brasseries ou bars à vins et conviendra parfaitement aux amateurs et professionnels du vin. Le plus Arcoroc : ce verre existe en version 21.5 cl avec une jauge pour le service du vin au verre, avec une limite à 12,5 cl et 14,5cl.",ARCOROC,VITICOLE,FA6,PC,24,7.2,7.2,17.5,24,120.0,80.0,94.2,SODO,DRINKWARE,DRINKWARE,VERRE A PIED,34.035,VERRE A PIED 31 VITICOLE,4.613,480,0.156,6,FR,33.8,25.3,39.8,10026102422509,117.709,40026102422500,B4,,,7.2,7.2,17.5,0.936,0.907,26102422519
42257,VITICOLE STEMMED GLASS 31,ARCOROC,Drinkware – Wine,£1.92,,,,ARCOROC,VITICOLE,FA6,PC,6,7.2,7.2,17.5,6,120.0,80.0,110.4,SODO,DRINKWARE,DRINKWARE,VERRE A PIED,7.243,VERRE A PIED 31 VITICOLE,1.057,750,0.156,0,FR,23.7,16.0,19.1,26102422519,159.454,40026102422579,,,,,,,,,
C6308,VITICOLE VIN AU VERRE ELLIPSE S/GLASS 21,ARCOROC,Drinkware – Wine,£1.92,https://latabledarc.com/en/products/verre-a-pied-21-5-cl-viticole-jauge,https://cdn.shopify.com/s/files/1/0943/3553/3393/files/8e1e319cc6b001d544506930b644bddb.jpg?v=1760538995,,ARCOROC,VIN AU VERRE,FA12,PC,48,6.5,6.5,15.5,48,120.0,80.0,117.7,SODO,DRINKWARE,DRINKWARE,VERRE A PIED,46.592,"VAP VITICOLE 21,5 VIN AU VERRE ELLIPSE",7.176,864,0.123,12,FR,44.7,30.3,34.4,10026102819873,154.559,40026102819874,B4,,,28.6,21.5,16.4,1.676,0.655,26102819876
T7510,VOLUTO COFFEE SPOON,ARCOROC,Cutlery,£0.80,,,,ARCOROC,VOLUTO,C12,PC,48,13.5,2.1,13.5,48,0.0,0.0,0.0,INOX 18/0,FLATWARE,CUTLERY,COUVERTS,3.581,CUILLERE A CAFE VOLUTO,1.025,0,0.018,12,VN,19.8,13.6,13.3,10883314353102,,,B4,,,17.0,5.5,4.5,0.235,0.421,883314353105
T7511,VOLUTO MOKA SPOON,ARCOROC,Cutlery,£0.70,,,,ARCOROC,VOLUTO,C12,PC,48,11.5,1.8,11.5,48,0.0,0.0,0.0,INOX 18/0,FLATWARE,CUTLERY,COUVERTS,2.332,CUILLERE A MOKA VOLUTO,0.72,0,0.003,12,VN,17.2,12.0,11.3,10883314353096,,,B4,,,11.5,1.8,11.5,0.156,0.242,883314353099
X2619,WELLS BEERGLASS   38cl,ARCOROC,Drinkware – Beer,£2.26,,,,ARCOROC,WELLS,F6,PC,24,7.5,0.0,17.0,24,120.0,80.0,0.0,CRYSTAL GLASS,DRINKWARE,DRINKWARE,BIERGLASS,0.0,VAP WELLS 38cl,,,,,,0.0,0.0,0.0,"1,08833E+13",,,B4,,,0.0,0.0,0.0,0.0,0.0,0883314100112
X2608,WELLS BEERGLASS PINT 57cl - 20 oz,ARCOROC,Drinkware – Beer,£2.54,,,,ARCOROC,WELLS,F6,PC,24,8.5,0.0,20.0,24,120.0,80.0,100.4,CRYSTAL GLASS,DRINKWARE,DRINKWARE,BIERGLASS,42.87276,VAP WELLS PINT 57cl - 20oz,6.72,384,,,,54.0,37.1,21.4,"1,08833E+13",132.52,,B4,,,0.0,0.0,0.0,0.0,0.0,0883314099904
X3069,"WELLS BEERGLASSE 42,5cl",ARCOROC,Drinkware – Beer,£2.54,,,,ARCOROC,WELLS,F6,PC,24,7.5,0.0,18.0,24,120.0,80.0,0.0,CRYSTAL GLASS,DRINKWARE,DRINKWARE,BIERGLASS,,"VAP WELLS 42,5CL",,,,,,0.0,0.0,0.0,"1,08833E+13",,,B4,,,0.0,0.0,0.0,0.0,,0883314112573
P9913,WEST LOOP FLUTE 12 STEMGLASS,ARCOROC,Drinkware – Champagne,£2.75,,,,ARCOROC,WEST LOOP,FA6,PC,12,6.2,6.2,20.7,12,120.0,80.0,112.1,SODO,DRINKWARE,DRINKWARE,VERRE A PIED,16.415,FLUTE 12 WEST LOOP,3.802,624,0.264,6,FR,29.9,22.5,24.4,10883314809821,223.088,40883314809822,B2,,,21.2,14.4,23.2,1.763,7.082,883314809824
P9950,WEST LOOP H/B TUMBLER 36,ARCOROC,Drinkware – Hiballs,£2.36,,,,ARCOROC,WEST LOOP,FA6,PC,12,7.5,7.5,13.5,12,120.0,80.0,103.0,CRYSTAL GLASS,DRINKWARE,DRINKWARE,GOBELET,15.136,GOBELET FH 36 WEST LOOP,5.371,600,0.401,6,FR,33.8,25.3,17.7,10883314810353,294.129,40883314810354,B2,,,23.7,16.0,16.1,2.562,0.759,883314810356
P9958,WEST LOOP O/F TUMBLER 32,ARCOROC,Drinkware – Rocks,£2.13,,,,ARCOROC,WEST LOOP,FA6,PC,12,8.3,0.0,9.5,12,120.0,80.0,111.3,CRYSTAL GLASS,DRINKWARE,DRINKWARE,GOBELET,13.992,GOBELET FB 32 WEST LOOP,3.983,768,0.283,6,FR,39.2,29.5,12.1,10883314810384,280.596,40883314810385,B2,,,27.9,18.8,10.5,1.851,5.507,883314810387
P9912,WEST LOOP STEMGLASS 24,ARCOROC,Drinkware – Wine,£2.75,,,,ARCOROC,WEST LOOP,FA6,PC,12,7.4,7.2,18.2,12,120.0,80.0,118.2,CRYSTAL GLASS,DRINKWARE,DRINKWARE,VERRE A PIED,17.701,VERRE A PIED 24 WEST LOOP,4.237,600,0.293,6,FR,33.8,25.3,20.7,10883314809807,237.444,40883314809808,B2,,,23.6,16.0,19.0,1.935,0.949,883314809800
Q4027,WEST LOOP STEMMED GLASS 27,ARCOROC,Drinkware – Wine,£3.45,,,,ARCOROC,WEST LOOP,FA6,PC,12,11.5,11.3,17.0,12,120.0,80.0,113.2,HIGH TRANSPARENCY,DRINKWARE,DRINKWARE,VERRE A PIED,36.741,VERRE A PIED 27 WEST LOOP,3.849,240,0.236,6,FR,50.0,37.3,19.7,10883314852513,102.562,40883314852514,B2,,,11.5,11.3,17.0,1.416,2.209,883314852516
24670,WILLI BECHER H/B TUMBLER 33,ARCOROC,Drinkware – Hiballs,£0.74,,,,ARCOROC,WILLI BECHER,FA12,PC,1080,6.7,6.7,14.3,0,120.0,80.0,107.5,SODO,DRINKWARE,DRINKWARE,GOBELET,0.0,GOBELET FH 33 WILLI BECHER,0.0,1080,0.206,0,FR,,,,,266.431,40026102246700,,,,,,,,,
V7445,WILLI BECHER HB TUMBLER 40,ARCOROC,Drinkware – Hiballs,£0.81,,,,ARCOROC,WILLI BECHER,FA12,PC,936,7.3,7.3,14.9,0,120.0,80.0,108.1,SODO,DRINKWARE,DRINKWARE,GOBELET,0.0,GOBELET FH 40 WILLI BECHER,0.0,936,0.268,0,FR,,,,,293.153,40026102298518,,,,,,,,,
J9194,WILLY BECHER WORLD BEER H/B TUMBLER 48,LUMINARC,Drinkware – Beer,£1.50,,,,LUMINARC,WORLD BEER EXPERIENCE,1/2 FA6,PC,24,7.5,7.5,16.5,24,120.0,80.0,84.9,SODO,DRINKWARE,DRINKWARE,GOBELET,30.101,GOBELET HBALL 48 WORLD BEER WILLY BECHER,7.647,480,0.281,6,FR,33.8,25.3,35.2,10883314467670,178.389,40883314467671,B4,883314406603,883314406603,7.5,7.5,16.5,1.686,0.925,883314406597
V4712,WINE EMOTIONS RED WINE STEMGL 47 F4,CRISTAL D'ARQUES,Drinkware – Wine,£9.44,,,,CRISTAL D'ARQUES,WINE EMOTIONS,FF4,F4,2,19.8,19.8,23.7,2,120.0,82.0,114.2,CRYSTAL GLASS,DRINKWARE,DRINKWARE,VERRE A PIED,21.439,VAP VIN ROUGE 47 WINE EMOTIONS       F4,2.339,80,0.98,0,FR,41.0,21.0,24.9,10883314961956,119.045,40883314961957,B2,883314961959,883314961959,,,,,,
V4708,WINE EMOTIONS RED WINE STEMGLASS 35 F4,CRISTAL D'ARQUES,Drinkware – Wine,£8.66,,,,CRISTAL D'ARQUES,WINE EMOTIONS,FF4,F4,2,17.6,17.6,21.8,2,120.0,80.0,107.0,CRYSTAL GLASS,DRINKWARE,DRINKWARE,VERRE A PIED,15.907,VAP VIN ROUGE 35 WINE EMOTIONS       F4,1.703,96,0.766,0,FR,36.4,19.0,23.0,10883314961918,107.219,40883314961919,B2,883314961911,883314961911,,,,,,
V4711,WINE EMOTIONS STEMGL 24 F4,CRISTAL D'ARQUES,Drinkware – Wine,£8.65,,,,CRISTAL D'ARQUES,WINE EMOTIONS,FF4,F4,2,14.8,14.8,24.4,2,120.0,80.0,117.1,CRYSTAL GLASS,DRINKWARE,DRINKWARE,VERRE A PIED,12.939,FLUTE 24 WINE EMOTIONS               F4,1.613,136,0.711,0,FR,31.2,16.2,25.6,10883314961949,135.274,40883314961940,B2,883314961942,883314961942,,,,,,
V4710,WINE EMOTIONS WHITE WINE STEMGL 35 F4,CRISTAL D'ARQUES,Drinkware – Wine,£8.66,,,,CRISTAL D'ARQUES,WINE EMOTIONS,FF4,F4,2,9.0,9.0,21.0,2,120.0,80.0,107.0,CRYSTAL GLASS,DRINKWARE,DRINKWARE,VERRE A PIED,17.741,VAP VIN BLANC 35 WINE EMOTIONS       F4,1.825,96,0.632,0,FR,38.4,20.0,23.1,10883314961932,113.075,40883314961933,B2,883314961935,883314961935,,,,,,
V4709,WINE EMOTIONS WHITE WINE STEMGL 47 F4,CRISTAL D'ARQUES,Drinkware – Wine,£9.44,,,,CRISTAL D'ARQUES,WINE EMOTIONS,FF4,F4,2,9.7,9.7,22.7,2,120.0,82.0,114.2,CRYSTAL GLASS,DRINKWARE,DRINKWARE,VERRE A PIED,21.439,VAP VIN BLANC 47 WINE EMOTIONS       F4,2.068,80,0.716,0,FR,41.0,21.0,24.9,10883314961925,108.205,40883314961926,B2,883314961928,883314961928,,,,,,
