Part,Description,Brand,Category,List Price,Web URL,Image,Intro,Country of origin,Import Code number,WG,OCR,SHAPE,PACKAGING,Weight of the carton (G),Length of the carton (mm),Width of the carton (mm),Height of the carton (mm),Text EN,ITEM (numeric),M.S.P. € ex VAT 2026,WEIGHT (G),MEASURE (mm),GTIN Nber,Qty Pallet,GTIN Carton,SECTION,CONTENT (L),PATTERN,PATTERN 1,PATTERN 2,New / Discontinued,Article Always Available,CONCEPT,Comments,Collection
12-6403-3530,2 Knife rests,Villeroy & Boch,Cutlery – Cutlery,£9.25,,https://static.wixstatic.com/media/042ed7_d894994dc0c345d5bf5d9015697b69fc~mv2.png,,ID,73239300,6403,3530,Daily Line,1,46,265,80,30,2 Knife rests,1264033530,10.34,40g,56x16x14,4003686200098,1120,,Cutlery,,,,,,,,,Daily Line
12-6403-3710,2 Napkin rings,Villeroy & Boch,Cutlery – Cutlery,£14.48,,https://static.wixstatic.com/media/042ed7_c2452c31e1354fba905a9d5a0bc61fd9~mv2.png,,ID,73239300,6403,3710,Daily Line,1,46,265,80,30,2 Napkin rings,1264033710,16.19,80g,56x16x28,4003686200104,1120,,Cutlery,,,,,,,,,Daily Line
14-8602-9598,Advent Calendar 3D tree,Villeroy & Boch,Decoration & Gifts,£261.02,,https://static.wixstatic.com/media/042ed7_fbe885d76f4c4298ade71983a977050b~mv2.png,,CN,95051090,8602,9598,Christmas Toys Memory,1,1550,485,375,435,Advent Calendar 3D tree,1486029598,291.85,5615g,250x320x430,4003686357853,6,,Decoration & Gifts,,,,,,,,,Christmas Toys
14-8602-9599,Advent calendar 2025,Villeroy & Boch,Decoration & Gifts,£202.89,,https://static.wixstatic.com/media/042ed7_696c25fa5f6046bda6f187cd3a6907ea~mv2.png,,CN,95051090,8602,9599,Christmas Toys Memory,1,2780,495,410,170,Advent calendar 2025,1486029599,226.85,3870g,485x400x150,4003686450257,0,,Decoration & Gifts,,,,,,,,,Christmas Toys
14-8671-9407,Advent wreath,Villeroy & Boch,Decoration & Gifts,£36.57,,https://static.wixstatic.com/media/042ed7_648c361954df43c3a6240056132c3bbd~mv2.png,,CN,94055000,8671,9407,Winter Glow,1,260,275,275,70,Advent wreath,1486719407,40.89,1235g,262x262x55,4003686430464,132,,Decoration & Gifts,,,,,Discontinued 30.06.2026,,,,Winter Glow
12-6387-0160,After dinner tea spoon,Villeroy & Boch,Hospitality – Cutlery,£2.61,,https://static.wixstatic.com/media/042ed7_82649ae9dcdd460f8e4308ddf078a717~mv2.png,,VN,82159910,6387,0160,Blacksmith,6,30,161,50,35,After dinner tea spoon,1263870160,2.91,30g,145x32x18,4003683483654,9600,4057743019345,,,Blacksmith,Blacksmith,Novelties 2017,,Yes,,,Blacksmith
16-6248-0160,After dinner tea spoon,Villeroy & Boch,Hospitality – Cutlery,£3.30,,,,VN,82159910,6248,0160,Coupole,6,17,161,35,35,After dinner tea spoon,1662480160,3.69,27g,134x29x18,4011417048451,9600,4057743054728,,,Coupole,Coupole,Cutlery,,,,,Coupole
12-6243-0160,After dinner tea spoon,Villeroy & Boch,Hospitality – Cutlery,£4.33,,https://static.wixstatic.com/media/042ed7_34a2dbaf11ae4e1bafe77b6ddc3ab5c5~mv2.png,,VN,82159910,6243,0160,Kreuzband,6,30,161,50,35,After dinner tea spoon,1262430160,4.84,28g,142x30x21,4011417043920,9600,4057743017372,,,Kreuzband,Kreuzband,Cutlery,,,,,Kreuzband
12-6338-0160,After dinner tea spoon,Villeroy & Boch,Hospitality – Cutlery,£2.70,,https://static.wixstatic.com/media/042ed7_69f7e6418a8e4e7e97c6429dcaf926ed~mv2.png,,ID,82159910,6338,0160,NewWave Cutlery,6,13,160,35,30,After dinner tea spoon,1263380160,3.02,28g,145x30x18,4003683246839,9000,4057743018171,,,NewWave Cutlery,NewWave Cutlery,Cutlery,,,,,NewWave
12-6339-0160,After dinner tea spoon,Villeroy & Boch,Hospitality – Cutlery,£1.72,,https://static.wixstatic.com/media/042ed7_4a584df4d53d4972a5d22071c5e36442~mv2.png,,ID,82159910,6339,0160,Oscar,6,14,160,30,35,After dinner tea spoon,1263390160,1.93,30g,145x31x17,4003683247072,5760,4057743018348,,,Oscar,Oscar,Cutlery,,Yes,,,Oscar
12-6264-0160,After dinner tea spoon,Villeroy & Boch,Hospitality – Cutlery,£3.03,,https://static.wixstatic.com/media/042ed7_634103393de84cd392067bddf7205bb9~mv2.png,,VN,82159910,6264,0160,Piemont,6,13,160,35,30,After dinner tea spoon,1262640160,3.39,25g,145x30x16,4011417052427,9000,4057743017518,,,Piemont,Piemont,Cutlery,,Yes,,,Piemont
12-6347-0160,After dinner tea spoon,Villeroy & Boch,Hospitality – Cutlery,£2.60,,https://static.wixstatic.com/media/042ed7_fac8badae12e438c848dc485f1c3b487~mv2.png,,VN,82159910,6347,0160,Udine,6,17,161,35,35,After dinner tea spoon,1263470160,2.91,27g,140x29x17,4003683285357,9600,4057743018485,,,Udine,Udine,Novelties Winter 2009,,,,,Udine
12-6350-0160,After dinner tea spoon,Villeroy & Boch,Hospitality – Cutlery,£1.61,,https://static.wixstatic.com/media/042ed7_65909afd94a644cea3c5ddb1b74151a1~mv2.png,,VN,82159910,6350,0160,Victor,6,49,150,35,28,After dinner tea spoon,1263500160,1.8,24g,142x30x18,4003683330705,9994,4057743018638,,,Victor,Victor,Cutlery,,Yes,,,Victor
16-3272-3596,Amuse-bouche,Villeroy & Boch,Hospitality,£10.12,,,,DE,69111000,3272,3596,Stella Hotel,6,103,160,120,160,Amuse-bouche,1632723596,11.32,150g,160x110x55,5450523038823,1260,4057743032542,,,Stella Hotel,Stella Hotel,Stella Hotel,,,,,Stella
14-8662-6321,Anna,Villeroy & Boch,Decoration & Gifts,£15.06,,https://static.wixstatic.com/media/042ed7_c0e95179f65c4dde942b08db937c1ea8~mv2.png,,CN,69131000,8662,6321,Bunny Tales,1,50,90,85,155,Anna,1486626321,16.84,100g,50x60x125,4003686355972,540,,Decoration & Gifts,,,,,,,,,Bunny Tales
14-8662-6329,"Anna, large",Villeroy & Boch,Decoration & Gifts,£29.01,,https://static.wixstatic.com/media/042ed7_8a4aae6e632b4d46b8f4821b7349ac5b~mv2.png,,CN,69131000,8662,6329,Bunny Tales,1,130,140,140,265,"Anna, large",1486626329,32.44,485g,105x110x220,4003686387058,120,,Decoration & Gifts,,,,,,,,,Bunny Tales
14-8585-8490,Anniversary Bowl set 4pcs,Villeroy & Boch,Decoration & Gifts – Crockery,£58.08,,https://static.wixstatic.com/media/042ed7_bb2c4182735f484591786e5b6e8693f2~mv2.png,,CN,69111000,8585,8490,Toy's Delight,1,170,155,155,120,Anniversary Bowl set 4pcs,1485858490,64.94,1175g,149x149x60,4003686450189,0,,Decoration & Gifts,,,,,NEW,,,,Toy's Delight
14-8585-8407,Anniversary Mug set 4pcs,Villeroy & Boch,Decoration & Gifts – Beverage Service,£58.08,,https://static.wixstatic.com/media/042ed7_2c9b9af6db824c2ca3f9e78c6ec65bb5~mv2.png,,DE,69111000,8585,8407,Toy's Delight,1,245,245,245,105,Anniversary Mug set 4pcs,1485858407,64.94,1110g,137x96x101,4003686450479,0,,Decoration & Gifts,0.47,,,,NEW,,,,Toy's Delight
14-8585-8815,Anniversary Plate set 4pcs,Villeroy & Boch,Decoration & Gifts – Crockery,£58.08,,https://static.wixstatic.com/media/042ed7_e71f3553e7804678bd94d8cff2631c92~mv2.png,,CN,69111000,8585,8815,Toy's Delight,1,215,245,245,65,Anniversary Plate set 4pcs,1485858815,64.94,1900g,244x244x30,4003686450172,0,,Decoration & Gifts,,,,,NEW,,,,Toy's Delight
14-8585-6119,Anniversary Set Gobelin Placemat 4pcs,Villeroy & Boch,Decoration & Gifts – Accessories,£24.94,,https://static.wixstatic.com/media/042ed7_1f14cda6a4a7407ea0e4690c1ddac697~mv2.png,,IN,63025100,8585,6119,Toy's Delight,3,25,340,260,75,Anniversary Set Gobelin Placemat 4pcs,1485856119,27.89,410g,480x320x2,4003686455092,,4057743196305,Decoration & Gifts,,,,,NEW,,,,Toy's Delight
10-4130-8058,Antipasti platter,Villeroy & Boch,Hospitality – Crockery,£18.62,,https://static.wixstatic.com/media/042ed7_115970e6f0f2442a88d692dda23fc881~mv2.png,,CN,44192090,4130,8058,Artesano Professionale,1,119,295,315,20,Antipasti platter,1041308058,20.82,668g,350x290x16,4003686210080,336,,,,Artesano Original,Artesano Original,Novelties 2015,,,Artesano,,Artesano
10-4173-7535,Asia spoon Set 2 pcs.,Villeroy & Boch,Porcelain – Cutlery,£15.06,,https://static.wixstatic.com/media/042ed7_f09b4e6460d24d54a0ce9c1050fb49d0~mv2.png,,CN,69111000,4173,7535,Soup Passion,1,33,160,55,50,Asia spoon Set 2 pcs.,1041737535,16.84,66g,141x43x39,4003686317215,1728,,Porcelain,0.01,,,,,,,,Soup Passion
14-8659-6851,Ball Ornament,Villeroy & Boch,Decoration & Gifts,£12.74,,https://static.wixstatic.com/media/042ed7_b6442507a47e4c888869179d3227045e~mv2.png,,CN,69131000,8659,6851,Toy's Delight Decoration,6,234,245,145,121,Ball Ornament,1486596851,14.24,50g,63x63x78,4003686327986,756,4057743083308,Decoration & Gifts,,,,,,,,,Toy's Delight
11-3785-8160,Beer goblet,Villeroy & Boch,Hospitality – Beer,£13.46,,https://static.wixstatic.com/media/042ed7_f4a809461aa4405c966df99662c052e2~mv2.png,,SK,70132890,3785,8160,Purismo,1,1,162,85,187,Beer goblet,1137858160,15.05,444g,75x75x175,4003686456501,0,,,0.36,Purismo Beer,Purismo Beer,,,,,"Set 2pcs. Orders only by 2 pieces, prices per set",Purismo
14-8659-6852,Bell,Villeroy & Boch,Decoration & Gifts,£12.74,,https://static.wixstatic.com/media/042ed7_8de925ed292f4546aab588152b93597c~mv2.png,,CN,69131000,8659,6852,Toy's Delight Decoration,6,234,245,145,121,Bell,1486596852,14.24,45g,54x54x65,4003686327993,756,4057743083315,Decoration & Gifts,,,,,,,,,Toy's Delight
16-2040-2771,Bento partyplate,Villeroy & Boch,Hospitality – Crockery,£8.18,,,,DE,69111000,2040,2771,Universal,6,118,320,215,95,Bento partyplate,1620402771,9.14,545g,260x190,5450523048501,588,4057743024097,,,Universal,Bento,,,,Big Buffet,,Universal
35-9391-0080,Berry Tree M,Villeroy & Boch,Decoration & Gifts,£29.01,,https://static.wixstatic.com/media/042ed7_0ee49873ff8e41f19cd47cafbd7e2741~mv2.png,,CN,67021000,9391,0080,Winter Collage Accessoires,2,205,175,480,140,Berry Tree M,3593910080,32.44,400g,135x135x460,4003686406766,108,4057743169101,Decoration & Gifts,,,,,,,,,Winter Collage Accessoires
14-8658-4501,Biscuit box,Villeroy & Boch,Decoration & Gifts,£31.92,,https://static.wixstatic.com/media/042ed7_d29083ea02694ddd82be7c99997ad510~mv2.png,,CN,69111000,8658,4501,Toy's Delight Royal Classic,1,300,245,245,200,Biscuit box,1486584501,35.69,1500g,200x200x153,4003686393080,,,Decoration & Gifts,2.2,,,,NEW,,,,Toy's Delight Royal Classic
35-9391-0089,Biscuit box set,Villeroy & Boch,Decoration & Gifts,£14.48,,https://static.wixstatic.com/media/042ed7_518244dc7dcf4559afd8b7d1b1cc5b62~mv2.png,,CN,73239300,9391,0089,Winter Collage Accessoires,4,190,410,215,210,Biscuit box set,3593910089,16.19,580g,200x200x96,4003686440555,160,4057743186139,Decoration & Gifts,,,,,,,,,Winter Collage Accessoires
10-3460-1932,Bol,Villeroy & Boch,Porcelain – Crockery,£10.99,,https://static.wixstatic.com/media/042ed7_7bd7b5d6be10427c9e21f7ee4506c435~mv2.png,,DE,69111000,3460,1932,New Cottage Basic,6,90,160,120,160,Bol,1034601932,12.29,210g,155x126x47,4003686291560,1260,4057743006659,Porcelain,0.23,,,,,,,,New Cottage
14-8644-1900,Bol,Villeroy & Boch,Decoration & Gifts – Crockery,£14.48,,https://static.wixstatic.com/media/042ed7_ff25d0663bf142149438ee424a8c8f25~mv2.png,,CN,69111000,8644,1900,Spring Fantasy,1,119,180,180,80,Bol,1486441900,16.19,530g,175x175x70,4003686409309,240,,Decoration & Gifts,0.9,,,,,,,,Spring Fantasy
11-3731-8110,Bordeaux wine glass,Villeroy & Boch,Hospitality – Wine,£19.37,,https://static.wixstatic.com/media/042ed7_acf3d2fb086d4fc298ea49a4ddadab30~mv2.png,,SK,70132890,3731,8110,Maxima,1,233,200,200,250,Bordeaux wine glass,1137318110,21.66,845g,97x97x252,4003686427099,45,,,0.65,Maxima,Maxima,Maxima,,,,"Set 4pcs. Orders only by 4 pieces, prices per set",Maxima
16-4004-1900,Bowl,Villeroy & Boch,Hospitality – Crockery,£8.76,,,,DE,69111000,4004,1900,Affinity,6,312,460,280,95,Bowl,1640041900,9.79,422g,140x140x80,5450523054946,360,4057743046600,,0.72,Affinity,Affinity,Novelties Spring 2013,,,,,Affinity
16-4004-1905,Bowl,Villeroy & Boch,Hospitality – Crockery,£7.65,,,,DE,69111000,4004,1905,Affinity,6,283,455,280,90,Bowl,1640041905,8.55,327g,120x120x80,5450523054953,360,4057743046617,,0.48,Affinity,Affinity,Novelties Spring 2013,,,,,Affinity
16-4004-2535,Bowl,Villeroy & Boch,Hospitality – Crockery,£9.88,,,,DE,69111000,4004,2535,Affinity,6,113,180,185,228,Bowl,1640042535,11.05,597g,170x170x80,5450523054922,480,4057743046662,,1.1,Affinity,Affinity,Novelties Spring 2013,,,,,Affinity
10-4293-1900,Bowl,Villeroy & Boch,Hospitality – Crockery,£9.27,,https://static.wixstatic.com/media/042ed7_d9b2b924dd854c71b22167d877b1b869~mv2.png,,DE,69111000,4293,1900,Afina,4,172,295,180,165,Bowl,1042931900,10.36,392g,150x150x70,4003686436145,320,4057743183756,,0.75,Afina,Afina,Novelties 2024,,,,,Afina
10-4293-1905,Bowl,Villeroy & Boch,Hospitality – Crockery,£7.66,,https://static.wixstatic.com/media/042ed7_50ec38e90baf49629aafa1815dcf5bc3~mv2.png,,DE,69111000,4293,1905,Afina,4,191,225,225,75,Bowl,1042931905,8.57,190g,110x110x65,4003686436152,600,4057743193427,,0.32,Afina,Afina,Novelties Autumn 2024,,,,,Afina
10-4293-2535,Bowl,Villeroy & Boch,Hospitality – Crockery,£8.43,,https://static.wixstatic.com/media/042ed7_36a66540358e474f9141a2e072240773~mv2.png,,DE,69111000,4293,2535,Afina,4,104,160,160,180,Bowl,1042932535,9.43,264g,130x130x65,4003686436169,560,4057743193434,,0.52,Afina,Afina,Novelties Autumn 2024,,,,,Afina
10-4293-2700,Bowl,Villeroy & Boch,Hospitality – Crockery,£12.04,,https://static.wixstatic.com/media/042ed7_88dceee78c7f4fbdbce39f5d1c024427~mv2.png,,DE,69111000,4293,2700,Afina,6,288,270,270,150,Bowl,1042932700,13.46,711g,250x250x60,4003686436220,288,4057743183824,,1.4,Afina,Afina,Novelties 2024,,,,,Afina
10-4293-2701,Bowl,Villeroy & Boch,Hospitality – Crockery,£15.19,,https://static.wixstatic.com/media/042ed7_c6a0e7fe42074c129f248c3a67a910e5~mv2.png,,DE,69111000,4293,2701,Afina,4,333,318,318,123,Bowl,1042932701,16.98,1066g,290x290x55,4003686436213,200,4057743189215,,1.8,Afina,Afina,Novelties 2024,,,,,Afina
16-4025-1900,Bowl,Villeroy & Boch,Hospitality – Crockery,£9.96,,,,DE,69111000,4025,1900,Artesano Professionale,4,168,295,180,165,Bowl,1640251900,11.14,414g,140x140x70,5450523062330,320,4057743050904,,0.62,Artesano Professionale,Artesano Professionale,Novelties 2015,,Yes,Artesano,,Artesano
16-2238-1900,Bowl,Villeroy & Boch,Hospitality – Crockery,£13.48,,,,DE,69111000,2238,1900,Bella,4,168,295,180,165,Bowl,1622381900,15.07,380g,140x140x75,5450102386369,320,4057743031569,,0.72,Bella,Bella,,,,,,Bella
11-7299-0770,Bowl,Villeroy & Boch,Hospitality – Crockery,£13.17,,https://static.wixstatic.com/media/042ed7_f0777d7ce95e427d9824c034c98dcb9e~mv2.png,,DE,70134999,7299,0770,Boston,2,100,165,95,170,Bowl,1172990770,14.73,570g,169x169x55,4003686439887,384,4057743185590,,0.695,Boston,Boston,Boston,,,,,Boston
19-5167-1900,Bowl,Villeroy & Boch,Hospitality – Crockery,£8.06,,https://static.wixstatic.com/media/042ed7_77bbbea076794297ad16cc15bad74eeb~mv2.png,,TH,69111000,5167,1900,Crafted Breeze,6,183,174,174,280,Bowl,1951671900,9.01,510g,160x160x60,4003686397019,360,4057743164748,,0.75,Crafted Breeze,Crafted Breeze,Novelties 2020,,,,,Crafted
19-5183-1900,Bowl,Villeroy & Boch,Hospitality – Crockery,£8.06,,https://static.wixstatic.com/media/042ed7_55753804ca7a44ec8fa44b5bf7636ad9~mv2.png,,TH,69111000,5183,1900,Crafted Cotton,6,190,295,171,165,Bowl,1951831900,9.01,575g,160x160x60,4003686437555,360,4057743184913,,0.75,Crafted Cotton,Crafted Cotton,Novelties 2024,,,,,Crafted
19-5168-1900,Bowl,Villeroy & Boch,Hospitality – Crockery,£8.06,,https://static.wixstatic.com/media/042ed7_c81ecb8d9e5142e3a352518635f2d4dc~mv2.png,,TH,69111000,5168,1900,Crafted Denim,6,183,174,174,280,Bowl,1951681900,9.01,510g,160x160x60,4003686397651,360,4057743165424,,0.75,Crafted Denim,Crafted Denim,Novelties 2020,,,,,Crafted
10-3420-2535,Bowl,Villeroy & Boch,Hospitality – Crockery,£14.55,,https://static.wixstatic.com/media/042ed7_6acca10889e942d8ae781c81e8ef9bad~mv2.png,,DE,69111000,3420,2535,Flow,6,113,220,220,142,Bowl,1034202535,16.27,510g,210x200,4003683349691,558,4057743006291,,0.6,Flow,Flow,Flow,,,,,Flow
10-4652-1900,Bowl,Villeroy & Boch,Hospitality – Crockery,£28.50,,https://static.wixstatic.com/media/042ed7_9680124a8b3b4fa2adb7d4d886302984~mv2.png,,DE,69111000,4652,1900,MetroChic,4,116,293,175,163,Bowl,1046521900,31.86,215g,155x155x65,4003686366589,320,4057743111452,,0.65,MetroChic,MetroChic,MetroChic,,,,,MetroChic
10-4264-1900,Bowl,Villeroy & Boch,Hospitality – Crockery,£11.23,,https://static.wixstatic.com/media/042ed7_48d1b846c42b41788916ae53c920fc15~mv2.png,,DE,69111000,4264,1900,NewMoon,4,125,180,180,160,Bowl,1042641900,12.56,450g,165x165x65,4003686386570,384,4057743160856,,0.75,NewMoon,NewMoon,Novelties 2020,,,Novelties 2020,,NewMoon
10-2525-1900,Bowl,Villeroy & Boch,Hospitality – Crockery,£11.14,,https://static.wixstatic.com/media/042ed7_3c59ef4a84f14f4a885f705649369f59~mv2.png,,DE,69111000,2525,1900,NewWave,4,95,185,186,170,Bowl,1025251900,12.45,430g,175x165x75,4003686163416,384,4057743005300,,0.6,NewWave,NewWave,NewWave,,,Novelties 2011,,NewWave
10-2525-1909,Bowl,Villeroy & Boch,Hospitality – Crockery,£10.87,,https://static.wixstatic.com/media/042ed7_51bc28f0aea047929c63f44ad10d7c7c~mv2.png,,DE,69111000,2525,1909,NewWave,4,95,185,186,170,Bowl,1025251909,12.15,435g,170x170x68,4003683209391,384,4057743005324,,0.55,NewWave,NewWave,,,,Big Buffet,,NewWave
19-5174-1900,Bowl,Villeroy & Boch,Hospitality – Crockery,£9.35,,https://static.wixstatic.com/media/042ed7_4c06da7d2d3d4013bc98aa613a027783~mv2.png,,DE,69111000,5174,1900,Perlemor Alga,4,125,180,180,160,Bowl,1951741900,10.46,431g,170x170x65,4003686412439,384,4057743174792,,0.9,Perlemor Alga,Perlemor Alga,Novelties 2024,,,,,Perlemor
19-5174-1901,Bowl,Villeroy & Boch,Hospitality – Crockery,£8.73,,https://static.wixstatic.com/media/042ed7_68d726a5a7d8466dad4549b2182d4280~mv2.png,,DE,69111000,5174,1901,Perlemor Alga,4,125,180,180,160,Bowl,1951741901,9.75,361g,150x150x65,4003686450622,384,4057743193151,,0.77,Perlemor Alga,Perlemor Alga,Novelties 2025,NEW,,,,Perlemor
19-5174-3760,Bowl,Villeroy & Boch,Hospitality – Crockery,£18.55,,https://static.wixstatic.com/media/042ed7_a8f0ddfe472c4fcbab9494b7b9343077~mv2.png,,DE,69111000,5174,3760,Perlemor Alga,1,256,295,295,85,Bowl,1951743760,20.74,793g,260x260x70,4003686412514,88,,,2.25,Perlemor Alga,Perlemor Alga,Novelties 2024,,,,,Perlemor
19-5172-1900,Bowl,Villeroy & Boch,Hospitality – Crockery,£9.35,,https://static.wixstatic.com/media/042ed7_77072cf077ca4db999f09149d493ca4b~mv2.png,,DE,69111000,5172,1900,Perlemor Sand,4,125,180,180,160,Bowl,1951721900,10.46,431g,170x170x65,4003686410770,384,4057743173672,,0.9,Perlemor Sand,Perlemor Sand,Novelties 2023,,,,,Perlemor
19-5172-1901,Bowl,Villeroy & Boch,Hospitality – Crockery,£8.73,,https://static.wixstatic.com/media/042ed7_36edd3f6468a4afe970caa5145b5b3b9~mv2.png,,DE,69111000,5172,1901,Perlemor Sand,4,125,180,180,160,Bowl,1951721901,9.75,361g,150x150x65,4003686450493,384,4057743193120,,0.77,Perlemor Sand,Perlemor Sand,Novelties 2025,NEW,,,,Perlemor
19-5172-3760,Bowl,Villeroy & Boch,Hospitality – Crockery,£18.55,,https://static.wixstatic.com/media/042ed7_e0dc3fb1d86a4bc3bf801aee39226591~mv2.png,,DE,69111000,5172,3760,Perlemor Sand,1,256,295,295,85,Bowl,1951723760,20.74,793g,260x260x70,4003686410855,88,,,2.2,Perlemor Sand,Perlemor Sand,Novelties 2023,,,,,Perlemor
19-5172-3933,Bowl,Villeroy & Boch,Hospitality – Crockery,£5.64,,https://static.wixstatic.com/media/042ed7_45fbfbf9d74243ea92fca592099e61e0~mv2.png,,DE,69111000,5172,3933,Perlemor Sand,4,49,118,120,135,Bowl,1951723933,6.3,97g,80x80x35,4003686456280,1440,4057743195988,,0.1,Perlemor Sand,Perlemor Sand,Novelties 2025,NEW,,,,Perlemor
16-4033-1900,Bowl,Villeroy & Boch,Hospitality – Crockery,£13.04,,,,DE,69111000,4033,1900,Stella Blossom,4,1,0,0,0,Bowl,1640331900,14.58,302g,160x155x65,5450523168605,0,4057743199771,,0.67,Stella Blossom,Stella Blossom,Novelties 2026,NEW,,,,Stella
16-4074-1900,Bowl,Villeroy & Boch,Hospitality – Crockery,£12.46,,,,DE,69111000,4074,1900,The Rock Black Shale,4,108,160,160,180,Bowl,1640741900,13.93,340g,140x140x70,5450523145699,560,4057743155777,,0.65,The Rock Black Shale,The Rock Black Shale,Novelties 2019,,,,,The Rock
16-4074-1950,Bowl,Villeroy & Boch,Hospitality – Crockery,£7.13,,,,DE,69111000,4074,1950,The Rock Black Shale,6,60,115,115,90,Bowl,1640741950,7.98,40g,48x48x27,5450523164232,3360,4057743195124,,0.02,The Rock Black Shale,The Rock Black Shale,Novelties 2025,,,,,The Rock
16-4074-3810,Bowl,Villeroy & Boch,Hospitality – Crockery,£9.83,,,,DE,69111000,4074,3810,The Rock Black Shale,6,80,130,140,140,Bowl,1640743810,10.99,207g,132x132x38,5450523164249,1440,4057743195131,,0.25,The Rock Black Shale,The Rock Black Shale,Novelties 2025,,,,,The Rock
16-4074-3932,Bowl,Villeroy & Boch,Hospitality – Crockery,£8.85,,,,DE,69111000,4074,3932,The Rock Black Shale,6,121,290,165,83,Bowl,1640743932,9.89,95g,80x80x40,5450523148423,864,4057743165103,,0.1,The Rock Black Shale,The Rock Black Shale,Novelties 2020,,,,,The Rock
16-4077-1900,Bowl,Villeroy & Boch,Hospitality – Crockery,£12.46,,,,DE,69111000,4077,1900,The Rock White Glacier,4,108,160,160,180,Bowl,1640771900,13.93,340g,140x140x70,5450523145767,560,4057743155555,,0.65,The Rock White Glacier,The Rock White Glacier,Novelties 2019,,,,,The Rock
16-4077-1950,Bowl,Villeroy & Boch,Hospitality – Crockery,£7.13,,,,DE,69111000,4077,1950,The Rock White Glacier,6,60,115,115,90,Bowl,1640771950,7.98,40g,48x48x27,5450523164256,3360,4057743195148,,0.02,The Rock White Glacier,The Rock White Glacier,Novelties 2025,,,,,The Rock
16-4077-3170,Bowl,Villeroy & Boch,Hospitality – Crockery,£18.12,,,,DE,69111000,4077,3170,The Rock White Glacier,1,264,270,270,150,Bowl,1640773170,20.26,1058g,240x240x117,5450523164270,48,,,3.3,The Rock White Glacier,The Rock White Glacier,Novelties 2025,,,,,The Rock
16-4077-3810,Bowl,Villeroy & Boch,Hospitality – Crockery,£9.83,,,,DE,69111000,4077,3810,The Rock White Glacier,6,80,130,140,140,Bowl,1640773810,10.99,193g,132x132x38,5450523164263,1440,4057743195155,,0.25,The Rock White Glacier,The Rock White Glacier,Novelties 2025,,,,,The Rock
16-4077-3932,Bowl,Villeroy & Boch,Hospitality – Crockery,£8.85,,,,DE,69111000,4077,3932,The Rock White Glacier,6,121,290,165,83,Bowl,1640773932,9.89,95g,80x80x40,5450523148539,864,4057743164151,,0.1,The Rock White Glacier,The Rock White Glacier,Novelties 2020,,,,,The Rock
16-2954-1900,Bowl,Villeroy & Boch,Hospitality – Crockery,£12.83,,,,DE,69111000,2954,1900,The Rock White Glazed,4,108,160,160,180,Bowl,1629541900,14.35,340g,140x140x70,5450523168490,560,4057743199665,,0.65,The Rock White Glazed,The Rock White Glazed,Novelties 2026,NEW,,,,The Rock
16-2954-3810,Bowl,Villeroy & Boch,Hospitality – Crockery,£10.13,,,,DE,69111000,2954,3810,The Rock White Glazed,6,80,130,140,140,Bowl,1629543810,11.32,193g,132x132x38,5450523168544,1440,4057743199719,,0.25,The Rock White Glazed,The Rock White Glazed,Novelties 2026,NEW,,,,The Rock
16-2040-1900,Bowl,Villeroy & Boch,Hospitality – Crockery,£9.00,,,,DE,69111000,2040,1900,Universal,4,168,295,180,165,Bowl,1620401900,10.06,403g,140x140x80,5450102350971,320,4057743024004,,0.68,Universal,Universal,white,,,Big Buffet,,Universal
16-2040-1906,Bowl,Villeroy & Boch,Hospitality – Crockery,£7.26,,,,DE,69111000,2040,1906,Universal,6,312,460,280,95,Bowl,1620401906,8.11,250g,140x120x70,5450523158552,360,4057743187044,,0.42,Universal,Universal,Universal,,,Neufchatel,,Universal
10-3514-3864,Bowl,Villeroy & Boch,Porcelain – Crockery,£150.57,,https://static.wixstatic.com/media/042ed7_2b25ed248476427c942287794765e02f~mv2.png,,DE,69111000,3514,3864,Amazonia,1,1805,495,405,160,Bowl,1035143864,168.35,2125g,483x395x148,4003686295247,22,,Porcelain,1.8,,,,,,,,Amazonia
10-4381-1900,Bowl,Villeroy & Boch,Porcelain – Crockery,£27.85,,https://static.wixstatic.com/media/042ed7_10ae05077ef74e50adc7ef2032dbd751~mv2.png,,DE,69111000,4381,1900,Amazonia Anmut,4,111,293,175,163,Bowl,1043811900,31.14,320g,149x149x81,4003686265325,320,4057743011264,Porcelain,0.75,,,,,,,,Amazonia
10-1067-1900,Bowl,Villeroy & Boch,Porcelain – Crockery,£19.13,,https://static.wixstatic.com/media/042ed7_fdbbe46bfd384d37b0c26ca9f39bfd04~mv2.png,,DE,69111000,1067,1900,Audun Ferme,4,168,295,180,165,Bowl,1010671900,21.39,403g,140x140x78,4003683108922,320,4057743002088,Porcelain,0.65,,,,,,,,Audun
10-4655-1900,Bowl,Villeroy & Boch,Porcelain – Crockery,£27.27,,https://static.wixstatic.com/media/042ed7_46067c5a82c94359993b3ec71fde7426~mv2.png,,DE,69111000,4655,1900,Avarua,4,109,160,160,180,Bowl,1046551900,30.49,228g,153x153x63,4003686393691,560,4057743163260,Porcelain,0.65,,,,,,,,Avarua
11-7299-0779,Bowl,Villeroy & Boch,Glass – Crockery,£29.01,,https://static.wixstatic.com/media/042ed7_652bb50b01be4c8290a849f9da211aed~mv2.png,,DE,70134999,7299,0779,Boston,1,155,225,225,165,Bowl,1172990779,32.44,2150g,218x218x158,4003686388369,60,,Glass,3.4,,,,,,,,Boston
10-4600-1900,Bowl,Villeroy & Boch,Porcelain – Crockery,£15.06,,https://static.wixstatic.com/media/042ed7_600a4833283b466ab0d80a48b18bdf85~mv2.png,,DE,69111000,4600,1900,Cellini,4,168,295,180,165,Bowl,1046001900,16.84,360g,145x145x77,4003686135567,320,4057743013992,Porcelain,0.7,,,,,,,,Cellini
14-8663-1906,Bowl,Villeroy & Boch,Decoration & Gifts – Crockery,£14.48,,https://static.wixstatic.com/media/042ed7_7e7871472b604cfe9a716d6f3fb272be~mv2.png,,DE,69111000,8663,1906,Colourful Spring,4,168,295,180,165,Bowl,1486631906,16.19,285g,138x138x78,4003686394841,320,4057743163505,Decoration & Gifts,0.65,,,,,,,,Colourful Spring
14-8663-1945,Bowl,Villeroy & Boch,Decoration & Gifts – Crockery,£12.15,,https://static.wixstatic.com/media/042ed7_191ead5c56b5471da943e223b3b8564e~mv2.png,,DE,69111000,8663,1945,Colourful Spring,4,191,225,225,75,Bowl,1486631945,13.59,150g,110x110x53,4003686394834,600,4057743163390,Decoration & Gifts,0.27,,,,,,,,Colourful Spring
10-2337-1900,Bowl,Villeroy & Boch,Porcelain – Crockery,£22.04,,https://static.wixstatic.com/media/042ed7_a1b671648e8c4b45927b9ffd06aae520~mv2.png,,DE,69111000,2337,1900,Design Naif,4,168,295,180,165,Bowl,1023371900,24.64,403g,140x140x78,5450102032808,320,4057743004082,Porcelain,0.65,,,,,,,,Design Naif
14-8676-3870,Bowl,Villeroy & Boch,Decoration & Gifts – Crockery,£11.57,,https://static.wixstatic.com/media/042ed7_0b8cac1760d24d5db366eb9b378ae2bc~mv2.png,,ID,69111000,8676,3870,Easter Delight,1,1,170,175,50,Bowl,1486763870,12.94,270g,158x158x39,4003686457935,,,Decoration & Gifts,0.35,,,,NEW,,,,Easter Delight
10-4153-1901,Bowl,Villeroy & Boch,Porcelain – Crockery,£15.06,,https://static.wixstatic.com/media/042ed7_4b651ce4bfe74754b21ad6a0e74ef91f~mv2.png,,DE,69111000,4153,1901,For Me,4,119,200,200,115,Bowl,1041531901,16.84,380g,177x177x56,4003686390751,516,4057743162539,Porcelain,0.8,,,,,,,,For Me
10-2281-1900,Bowl,Villeroy & Boch,Porcelain – Crockery,£15.64,,https://static.wixstatic.com/media/042ed7_58a66d9b87544355899931c8e91abbdf~mv2.png,,DE,69111000,2281,1900,French Garden Fleurence,4,168,295,180,165,Bowl,1022811900,17.49,403g,140x140x78,5450102344987,320,4057743003603,Porcelain,0.65,,,,,,,,French Garden
10-2281-1902,Bowl,Villeroy & Boch,Porcelain – Crockery,£15.64,,https://static.wixstatic.com/media/042ed7_288155e080904d85845cd9123aa7f05c~mv2.png,,DE,69111000,2281,1902,French Garden Fleurence,4,172,295,180,165,Bowl,1022811902,17.49,365g,141x141x81,4003686358461,320,4057743105260,Porcelain,0.7,,,,,,,,French Garden
10-4281-1900,Bowl,Villeroy & Boch,Porcelain – Crockery,£13.32,,https://static.wixstatic.com/media/042ed7_f060245aa2cd4387853f5a160669cb92~mv2.png,,PT,69120025,4281,1900,Lave beige,6,335,515,180,135,Bowl,1042811900,14.89,465g,174x167x54,4003686403468,576,4057743168050,Porcelain,0.65,,,,,,,,Lave
10-4281-3160,Bowl,Villeroy & Boch,Porcelain – Crockery,£29.59,,https://static.wixstatic.com/media/042ed7_cc23a857e35f44dd89df8821de3f5f5d~mv2.png,,PT,69120025,4281,3160,Lave beige,2,426,285,265,195,Bowl,1042813160,33.09,1353g,255x254x107,4003686429321,64,4057743181615,Porcelain,3.1,,,,,,,,Lave
10-4281-3820,Bowl,Villeroy & Boch,Porcelain – Crockery,£7.50,,https://static.wixstatic.com/media/042ed7_8038196174d04f998850cbe6bccb9914~mv2.png,,PT,69120025,4281,3820,Lave beige,6,239,370,260,65,Bowl,1042813820,8.39,145g,105x98x32,4003686433120,594,4057743181950,Porcelain,0.12,,,,,,,,Lave
10-4282-1900,Bowl,Villeroy & Boch,Porcelain – Crockery,£13.32,,https://static.wixstatic.com/media/042ed7_b9c2206d8f5a41d29094ae05935280aa~mv2.png,,PT,69120025,4282,1900,Lave glacé,6,335,515,180,135,Bowl,1042821900,14.89,460g,174x167x54,4003686403604,576,4057743168173,Porcelain,0.65,,,,,,,,Lave
10-4282-3160,Bowl,Villeroy & Boch,Porcelain – Crockery,£29.59,,https://static.wixstatic.com/media/042ed7_8921f6b399b440688b23d8e3f474bb68~mv2.png,,PT,69120025,4282,3160,Lave glacé,2,426,285,265,195,Bowl,1042823160,33.09,1353g,255x254x107,4003686429338,64,4057743181622,Porcelain,3.1,,,,,,,,Lave
10-4282-3820,Bowl,Villeroy & Boch,Porcelain – Crockery,£7.50,,https://static.wixstatic.com/media/042ed7_b402672a8c39415f88f945c68413ea39~mv2.png,,PT,69120025,4282,3820,Lave glacé,6,239,370,260,65,Bowl,1042823820,8.39,145g,105x98x32,4003686433151,594,4057743181981,Porcelain,0.12,,,,,,,,Lave
10-4259-1900,Bowl,Villeroy & Boch,Porcelain – Crockery,£13.32,,https://static.wixstatic.com/media/042ed7_c2c9211fc6b14033b156e8b7a8a60c06~mv2.png,,PT,69120025,4259,1900,Lave gris,6,335,515,180,135,Bowl,1042591900,14.89,460g,174x167x54,4003686373402,576,4057743142036,Porcelain,0.65,,,,,,,,Lave
10-4259-3160,Bowl,Villeroy & Boch,Porcelain – Crockery,£29.59,,https://static.wixstatic.com/media/042ed7_91e3103f473548acadb317e6aafd0cae~mv2.png,,PT,69120025,4259,3160,Lave gris,2,426,285,265,195,Bowl,1042593160,33.09,1353g,255x254x107,4003686429314,64,4057743181608,Porcelain,3.1,,,,,,,,Lave
10-4259-3820,Bowl,Villeroy & Boch,Porcelain – Crockery,£7.50,,https://static.wixstatic.com/media/042ed7_db14afb699f3412394b9249ba4ebddc1~mv2.png,,PT,69120025,4259,3820,Lave gris,6,239,370,260,65,Bowl,1042593820,8.39,145g,105x98x32,4003686432796,594,4057743181929,Porcelain,0.12,,,,,,,,Lave
10-4295-1900,Bowl,Villeroy & Boch,Porcelain – Crockery,£13.32,,https://static.wixstatic.com/media/042ed7_896485ce60dc4aa086ce703991e3491c~mv2.png,,PT,69120025,4295,1900,Lave Vert,6,335,515,180,135,Bowl,1042951900,14.89,480g,170x170x55,4003686437388,0,4057743184746,Porcelain,0.65,,,,,,,,Lave
10-4295-3160,Bowl,Villeroy & Boch,Porcelain – Crockery,£29.59,,https://static.wixstatic.com/media/042ed7_ab67e6a576fc463685991d759fdfb4b3~mv2.png,,PT,69120025,4295,3160,Lave Vert,2,426,285,265,195,Bowl,1042953160,33.09,1410g,255x254x107,4003686437432,0,4057743184791,Porcelain,3.1,,,,,,,,Lave
10-4295-3820,Bowl,Villeroy & Boch,Porcelain – Crockery,£7.50,,https://static.wixstatic.com/media/042ed7_cf3803d1ad0c45cba35f0a2a05cd6b7b~mv2.png,,PT,69120025,4295,3820,Lave Vert,6,239,370,260,65,Bowl,1042953820,8.39,140g,105x100x33,4003686437463,0,4057743184821,Porcelain,0.12,,,,,,,,Lave
10-1690-3810,Bowl,Villeroy & Boch,Porcelain – Crockery,£23.20,,https://static.wixstatic.com/media/042ed7_275b43d0284a4f29ac89658eb9b7f60b~mv2.png,,DE,69111000,1690,3810,Memphis Collection,6,226,240,240,125,Bowl,1016903810,25.94,502g,217x217x66,4003686449541,0,,Porcelain,1.1,,,,NEW,,,,Memphis
10-1690-3821,Bowl,Villeroy & Boch,Porcelain – Crockery,£14.48,,https://static.wixstatic.com/media/042ed7_68c9f0f2b77345d688d8fddd36abf7fc~mv2.png,,DE,69111000,1690,3821,Memphis Collection,6,108,160,160,180,Bowl,1016903821,16.19,258g,138x138x39,4003686449572,0,,Porcelain,0.38,,,,NEW,,,,Memphis
10-2341-1900,Bowl,Villeroy & Boch,Porcelain – Crockery,£15.64,,https://static.wixstatic.com/media/042ed7_e75dbe7fa7a34d49bdfa0bf096111567~mv2.png,,DE,69111000,2341,1900,Old Luxembourg,4,168,295,180,165,Bowl,1023411900,17.49,403g,140x140x78,5450102328154,320,4057743004563,Porcelain,0.65,,,,,,,,Vieux Luxembourg
10-2341-1906,Bowl,Villeroy & Boch,Porcelain – Crockery,£15.64,,https://static.wixstatic.com/media/042ed7_a579b41147d047a6a94a063e2c4c8030~mv2.png,,DE,69111000,2341,1906,Old Luxembourg,4,168,295,180,165,Bowl,1023411906,17.49,285g,138x138x78,4003686238374,320,4057743004570,Porcelain,0.65,,,,,,,,Vieux Luxembourg
10-2395-1900,Bowl,Villeroy & Boch,Porcelain – Crockery,£15.64,,https://static.wixstatic.com/media/042ed7_73e03ef6de1849079806ebb7799486fc~mv2.png,,DE,69111000,2395,1900,Petite Fleur,4,168,295,180,165,Bowl,1023951900,17.49,403g,140x140x78,5450102329083,320,4057743004808,Porcelain,0.65,,,,,,,,Petite Fleur
10-4412-1900,Bowl,Villeroy & Boch,Porcelain – Crockery,£16.22,,https://static.wixstatic.com/media/042ed7_7a12275b674f478ab0a4ee5c57b07fe1~mv2.png,,DE,69111000,4412,1900,Royal,4,168,295,180,165,Bowl,1044121900,18.14,320g,149x149x81,4003683431747,320,4057743011936,Porcelain,0.75,,,,,,,,Royal
14-8585-1900,Bowl,Villeroy & Boch,Decoration & Gifts – Crockery,£17.39,,https://static.wixstatic.com/media/042ed7_65281b0b4bee439ea7dbd38325a582c4~mv2.png,,CN,69111000,8585,1900,Toy's Delight,6,260,200,195,175,Bowl,1485851900,19.44,440g,195x190x73,4003683490645,480,4057743001012,Decoration & Gifts,0.95,,,,,,,,Toy's Delight
14-8658-1900,Bowl,Villeroy & Boch,Decoration & Gifts – Crockery,£14.48,,https://static.wixstatic.com/media/042ed7_71c4399b94a9485aa08e1e3a9a7c18bf~mv2.png,,DE,69111000,8658,1900,Toy's Delight Royal Classic,4,172,295,180,165,Bowl,1486581900,16.19,325g,143x143x67,4003686328655,320,4057743099927,Decoration & Gifts,0.5,,,,,,,,Toy's Delight Royal Classic
14-8643-1900,Bowl,Villeroy & Boch,Decoration & Gifts – Crockery,£14.48,,https://static.wixstatic.com/media/042ed7_be226bc1f28740ea9449a661cbf1faae~mv2.png,,DE,69111000,8643,1900,Toy's Delight Specials,6,140,185,185,230,Bowl,1486431900,16.19,403g,140x140x78,4003686441002,,4057743186672,Decoration & Gifts,0.68,,,,,,,,Toy's Delight
14-8643-2620,Bowl,Villeroy & Boch,Decoration & Gifts – Crockery,£16.22,,https://static.wixstatic.com/media/042ed7_e8b6300cd918489181aa1f2d32f8eaa8~mv2.png,,DE,69111000,8643,2620,Toy's Delight Specials,6,272,295,295,85,Bowl,1486432620,18.14,550g,268x268x23,4003686440982,,4057743186658,Decoration & Gifts,,,,,,,,,Toy's Delight
14-8671-1900,Bowl,Villeroy & Boch,Decoration & Gifts – Crockery,£13.90,,https://static.wixstatic.com/media/042ed7_1018342876f7447caefd5be708814b51~mv2.png,,CN,69111000,8671,1900,Winter Glow,6,330,320,170,150,Bowl,1486711900,15.54,340g,150x150x62,4003686430433,448,4057743185132,Decoration & Gifts,0.7,,,,Discontinued 30.06.2026,,,,Winter Glow
10-2281-1901,Bowl - New,Villeroy & Boch,Porcelain – Crockery,£15.64,,https://static.wixstatic.com/media/042ed7_10ee0cc692204dd1ac29a29cfdc27466~mv2.png,,DE,69111000,2281,1901,French Garden Fleurence,4,95,185,186,170,Bowl - New,1022811901,17.49,365g,181x181x69,4003683443528,384,4057743003610,Porcelain,0.7,,,,,,,,French Garden
14-8627-3863,Bowl 2026,Villeroy & Boch,Decoration & Gifts – Crockery,£17.39,,https://static.wixstatic.com/media/042ed7_75123dd61e614734836a30202b6828b5~mv2.png,,CN,69111000,8627,3863,Annual Easter Edition,4,1,215,200,205,Bowl 2026,1486273863,19.44,225g,162x150x37,4003686457133,,4057743196619,Decoration & Gifts,0.3,,,,NEW,,,,Annual Easter Edition
10-1621-6253,Bowl Amazing not perfect,Villeroy & Boch,Decoration & Gifts – Crockery,£8.67,,https://static.wixstatic.com/media/042ed7_906a63681f2a4e00ac495c5355c97402~mv2.png,,DE,69111000,1621,6253,Statement,4,108,160,160,180,Bowl Amazing not perfect,1016216253,9.69,285g,138x138x78,4003686433915,560,4057743182322,Decoration & Gifts,0.65,,,,,,,,Statement
10-1629-6250,Bowl Family,Villeroy & Boch,Decoration & Gifts – Crockery,£8.67,,https://static.wixstatic.com/media/042ed7_816e3f95947f497cb3b9672452a7d815~mv2.png,,DE,69111000,1629,6250,Statement Lines,4,108,160,160,180,Bowl Family,1016296250,9.69,285g,138x138x78,4003686439085,560,4057743185279,Decoration & Gifts,0.65,,,,,,,,Statement
10-1621-6251,Bowl Good Morning Sunshine,Villeroy & Boch,Decoration & Gifts – Crockery,£8.67,,https://static.wixstatic.com/media/042ed7_69c8ec0816b949cfa30e236358e4bceb~mv2.png,,DE,69111000,1621,6251,Statement,4,108,160,160,180,Bowl Good Morning Sunshine,1016216251,9.69,285g,138x138x78,4003686433892,560,4057743182308,Decoration & Gifts,0.65,,,,,,,,Statement
10-1621-6252,Bowl Je t'aime,Villeroy & Boch,Decoration & Gifts – Crockery,£8.67,,https://static.wixstatic.com/media/042ed7_616410a6cc7b49a7acbeafe3ff0ec1e4~mv2.png,,DE,69111000,1621,6252,Statement,4,108,160,160,180,Bowl Je t'aime,1016216252,9.69,285g,138x138x78,4003686433908,560,4057743182315,Decoration & Gifts,0.65,,,,,,,,Statement
10-1621-6250,Bowl Lieblingsmensch,Villeroy & Boch,Decoration & Gifts – Crockery,£8.67,,https://static.wixstatic.com/media/042ed7_b04321e11e804527b9b9fc6c0c84ed52~mv2.png,,DE,69111000,1621,6250,Statement,4,108,160,160,180,Bowl Lieblingsmensch,1016216250,9.69,285g,138x138x78,4003686433885,560,4057743182292,Decoration & Gifts,0.65,,,,,,,,Statement
16-2040-2450,Bowl Lion,Villeroy & Boch,Hospitality – Crockery,£15.16,,,,DE,69111000,2040,2450,Universal,6,276,390,280,123,Bowl Lion,1620402450,16.95,304g,,5450102355754,288,4057743024042,,0.55,Universal,Universal,white,,,Big Buffet,,Universal
10-1067-2450,Bowl Lion,Villeroy & Boch,Porcelain – Crockery,£37.73,,https://static.wixstatic.com/media/042ed7_e6e801c5b2ff4895807c9ef39d6f80d4~mv2.png,,DE,69111000,1067,2450,Audun Ferme,1,80,130,140,140,Bowl Lion,1010672450,42.19,335g,158x125x84,4003683109004,240,,Porcelain,0.5,,,,,,,,Audun
14-8612-3760,Bowl Tree large,Villeroy & Boch,Decoration & Gifts – Crockery,£23.20,,https://static.wixstatic.com/media/042ed7_2ed095ecf71243b1b21d5ed5ac67e70b~mv2.png,,ID,69111000,8612,3760,Winter Bakery Delight,1,271,322,322,75,Bowl Tree large,1486123760,25.94,550g,322x322x75,4003686289123,72,,Decoration & Gifts,0.65,,,,,,,,Winter Bakery Delight
14-8612-3870,Bowl Tree small,Villeroy & Boch,Decoration & Gifts – Crockery,£15.64,,https://static.wixstatic.com/media/042ed7_636ba1d116434b0f9cba9771791ea16a~mv2.png,,ID,69111000,8612,3870,Winter Bakery Delight,1,155,200,190,70,Bowl Tree small,1486123870,17.49,215g,170x163x24,4003686289130,240,,Decoration & Gifts,0.23,,,,,,,,Winter Bakery Delight
10-1665-6005,Bowl black,Villeroy & Boch,Hospitality – Crockery,£18.93,,https://static.wixstatic.com/media/042ed7_ff439bc519654f22b3ef972d52997156~mv2.png,,DE,69111000,1665,6005,Iconic,6,226,240,240,125,Bowl black,1016656005,21.17,512g,215x215x65,4003686388673,486,4057743161679,,1.1,Iconic,Iconic La Boule black,Novelties 2020,,,,,Iconic
11-7299-1800,Bowl flat,Villeroy & Boch,Hospitality – Crockery,£22.61,,https://static.wixstatic.com/media/042ed7_13eef64bf69f4696ba53c8a198052067~mv2.png,,DE,70134999,7299,1800,Boston,1,105,245,60,245,Bowl flat,1172991800,25.29,1035g,239x239x50,4003686439870,156,,,1.3,Boston,Boston,Boston,,,,,Boston
16-4033-2701,Bowl flat,Villeroy & Boch,Hospitality – Crockery,£13.47,,,,DE,69111000,4033,2701,Stella Blossom,6,1,0,0,0,Bowl flat,1640332701,15.06,543g,250x250x50,5450523168582,0,4057743199757,,1.2,Stella Blossom,Stella Blossom,Novelties 2026,NEW,,,,Stella
16-4033-3900,Bowl flat,Villeroy & Boch,Hospitality – Crockery,£8.73,,,,DE,69111000,4033,3900,Stella Blossom,6,1,0,0,0,Bowl flat,1640333900,9.77,160g,150x150x30,5450523168599,0,4057743199764,,0.25,Stella Blossom,Stella Blossom,Novelties 2026,NEW,,,,Stella
14-8663-3381,Bowl flat,Villeroy & Boch,Decoration & Gifts – Crockery,£15.64,,https://static.wixstatic.com/media/042ed7_ea671507c12f4f19af9529f7edb4c81a~mv2.png,,DE,69111000,8663,3381,Colourful Spring,6,226,240,240,125,Bowl flat,1486633381,17.49,588g,240x240x51,4003686386853,486,4057743160986,Decoration & Gifts,1.2,,,,,,,,Colourful Spring
10-4153-3381,Bowl flat,Villeroy & Boch,Porcelain – Crockery,£13.32,,https://static.wixstatic.com/media/042ed7_db7bfacd112d420794d329c533128313~mv2.png,,DE,69111000,4153,3381,For Me,6,226,240,240,125,Bowl flat,1041533381,14.89,588g,240x240x51,4003686357884,486,4057743107172,Porcelain,1.2,,,,,,,,For Me
10-2281-3381,Bowl flat,Villeroy & Boch,Porcelain – Crockery,£18.55,,https://static.wixstatic.com/media/042ed7_ed86384d607441ef876178f4ad53f534~mv2.png,,DE,69111000,2281,3381,French Garden Fleurence,6,226,240,240,125,Bowl flat,1022813381,20.74,720g,235x235x52,4003686358508,486,4057743105284,Porcelain,1.2,,,,,,,,French Garden
10-4281-3800,Bowl flat,Villeroy & Boch,Porcelain – Crockery,£14.48,,https://static.wixstatic.com/media/042ed7_f321dd32bf7e4ca384748f56eec56559~mv2.png,,PT,69120025,4281,3800,Lave beige,6,595,280,285,270,Bowl flat,1042813800,16.19,765g,279x265x44,4003686403499,144,4057743168081,Porcelain,1.3,,,,,,,,Lave
10-4282-3800,Bowl flat,Villeroy & Boch,Porcelain – Crockery,£14.48,,https://static.wixstatic.com/media/042ed7_38d49c37a0fb4c2981111031458b208d~mv2.png,,PT,69120025,4282,3800,Lave glacé,6,595,280,285,270,Bowl flat,1042823800,16.19,765g,279x265x44,4003686403635,144,4057743168203,Porcelain,1.3,,,,,,,,Lave
10-4259-3800,Bowl flat,Villeroy & Boch,Porcelain – Crockery,£14.48,,https://static.wixstatic.com/media/042ed7_f435e8c924144b3087d9323cd12c6ddc~mv2.png,,PT,69120025,4259,3800,Lave gris,6,595,280,285,270,Bowl flat,1042593800,16.19,765g,279x265x44,4003686373440,144,4057743142074,Porcelain,1.3,,,,,,,,Lave
10-4295-3800,Bowl flat,Villeroy & Boch,Porcelain – Crockery,£14.48,,https://static.wixstatic.com/media/042ed7_4edaa47d95f04b929324b01156a6704c~mv2.png,,PT,69120025,4295,3800,Lave Vert,6,300,260,265,265,Bowl flat,1042953800,16.19,905g,280x270x43,4003686437449,0,4057743184807,Porcelain,1.3,,,,,,,,Lave
10-4105-3380,Bowl flat,Villeroy & Boch,Porcelain – Crockery,£21.46,,https://static.wixstatic.com/media/042ed7_b2c79ce63dbf446d87ed1e856e76803c~mv2.png,,DE,69111000,4105,3380,Mariefleur Gris Serve & Salad,6,219,290,290,98,Bowl flat,1041053380,23.99,700g,340x260x40,4003686188969,480,4057743008196,Porcelain,,,,,,,,,Mariefleur
10-4101-3380,Bowl flat,Villeroy & Boch,Porcelain – Crockery,£21.46,,https://static.wixstatic.com/media/042ed7_67be6266b9da4eabbf64c694253ec263~mv2.png,,DE,69111000,4101,3380,Mariefleur Serve & Salad,6,219,290,290,98,Bowl flat,1041013380,23.99,700g,340x260x40,4003686179967,480,4057743007991,Porcelain,,,,,,,,,Mariefleur
10-3461-3380,Bowl flat,Villeroy & Boch,Porcelain – Crockery,£20.29,,https://static.wixstatic.com/media/042ed7_8485847a7e3b4adaa4152937cd251c8f~mv2.png,,DE,69111000,3461,3380,New Cottage Special Serve Salad,6,219,290,290,98,Bowl flat,1034613380,22.69,700g,340x260x40,4003683459239,480,4057743006734,Porcelain,,,,,,,,,New Cottage
10-1629-6500,Bowl flat Family,Villeroy & Boch,Decoration & Gifts – Crockery,£8.67,,https://static.wixstatic.com/media/042ed7_b6ec099945164bbda6f7efb0a9a7b643~mv2.png,,DE,69111000,1629,6500,Statement Lines,6,119,200,200,115,Bowl flat Family,1016296500,9.69,386g,187x187x45,4003686439122,774,4057743185316,Decoration & Gifts,0.7,,,,,,,,Statement
10-1621-6503,Bowl flat Good morning Sunshine,Villeroy & Boch,Decoration & Gifts – Crockery,£8.67,,https://static.wixstatic.com/media/042ed7_e00d1b624e1841449409e18a32afa3fa~mv2.png,,DE,69111000,1621,6503,Statement,6,119,200,200,115,Bowl flat Good morning Sunshine,1016216503,9.69,386g,187x187x45,4003686439047,774,4057743185231,Decoration & Gifts,0.7,,,,,,,,Statement
10-1621-6501,Bowl flat Lieblingsmensch,Villeroy & Boch,Decoration & Gifts – Crockery,£8.67,,https://static.wixstatic.com/media/042ed7_57090631289a447cad8e4a3370019cb3~mv2.png,,DE,69111000,1621,6501,Statement,6,119,200,200,115,Bowl flat Lieblingsmensch,1016216501,9.69,386g,187x187x45,4003686439023,774,4057743185217,Decoration & Gifts,0.7,,,,,,,,Statement
10-1621-6502,Bowl flat amazing not perfect,Villeroy & Boch,Decoration & Gifts – Crockery,£8.67,,https://static.wixstatic.com/media/042ed7_53415d89152e4306be3596eb71535fcc~mv2.png,,DE,69111000,1621,6502,Statement,6,119,200,200,115,Bowl flat amazing not perfect,1016216502,9.69,386g,187x187x45,4003686439030,774,4057743185224,Decoration & Gifts,0.7,,,,,,,,Statement
10-1665-6021,Bowl flat beige,Villeroy & Boch,Hospitality – Crockery,£18.93,,https://static.wixstatic.com/media/042ed7_d3fe6e015f4a4864b455f94f6513088f~mv2.png,,DE,69111000,1665,6021,Iconic,6,288,270,270,150,Bowl flat beige,1016656021,21.17,670g,240x240x40,4003686413832,288,4057743175492,,1.2,Iconic,Iconic La Boule beige,Novelties 2022,,,,,Iconic
10-1665-6040,Bowl flat beige matt,Villeroy & Boch,Hospitality – Crockery,£18.93,,https://static.wixstatic.com/media/042ed7_282d38fd9587468abf9cae6be03229e4~mv2.png,,DE,69111000,1665,6040,Iconic,6,288,270,270,150,Bowl flat beige matt,1016656040,21.17,670g,240x240x40,4003686413870,288,4057743175539,,1.2,Iconic,Iconic La Boule beige,Novelties 2022,,,,,Iconic
10-1665-6006,Bowl flat black,Villeroy & Boch,Hospitality – Crockery,£18.93,,https://static.wixstatic.com/media/042ed7_973fbfc85d1f450a8c5e9a4ea9cd21f4~mv2.png,,DE,69111000,1665,6006,Iconic,6,288,270,270,150,Bowl flat black,1016656006,21.17,662g,240x240x40,4003686388680,288,4057743161686,,1.2,Iconic,Iconic La Boule black,Novelties 2020,,,,,Iconic
10-1621-6500,Bowl flat je t'aime,Villeroy & Boch,Decoration & Gifts – Crockery,£8.67,,https://static.wixstatic.com/media/042ed7_3b01ea59994a474cbb03225690892290~mv2.png,,DE,69111000,1621,6500,Statement,6,119,200,200,115,Bowl flat je t'aime,1016216500,9.69,386g,187x187x45,4003686439016,774,4057743185200,Decoration & Gifts,0.7,,,,,,,,Statement
10-4281-3810,Bowl flat small,Villeroy & Boch,Porcelain – Crockery,£13.32,,https://static.wixstatic.com/media/042ed7_b90d1fcdb7c74b3b9514d1e59f0c019a~mv2.png,,PT,69120025,4281,3810,Lave beige,6,250,235,235,155,Bowl flat small,1042813810,14.89,580g,218x210x47,4003686403505,450,4057743168098,Porcelain,0.9,,,,,,,,Lave
10-4282-3810,Bowl flat small,Villeroy & Boch,Porcelain – Crockery,£13.32,,https://static.wixstatic.com/media/042ed7_1e34d01de88043af855fb23fa8b2cc2c~mv2.png,,PT,69120025,4282,3810,Lave glacé,6,250,235,235,155,Bowl flat small,1042823810,14.89,580g,218x210x47,4003686403642,450,4057743168210,Porcelain,0.9,,,,,,,,Lave
10-4259-3810,Bowl flat small,Villeroy & Boch,Porcelain – Crockery,£13.32,,https://static.wixstatic.com/media/042ed7_7781e8a2107b4ec5904cbc95f647c087~mv2.png,,PT,69120025,4259,3810,Lave gris,6,265,220,220,170,Bowl flat small,1042593810,14.89,580g,218x210x47,4003686373457,450,4057743142081,Porcelain,0.9,,,,,,,,Lave
10-4295-3810,Bowl flat small,Villeroy & Boch,Porcelain – Crockery,£13.32,,https://static.wixstatic.com/media/042ed7_8b4afdd081b04329ba3966dc6ccd52ac~mv2.png,,PT,69120025,4295,3810,Lave Vert,6,198,250,250,125,Bowl flat small,1042953810,14.89,585g,220x210x42,4003686437456,0,4057743184814,Porcelain,0.9,,,,,,,,Lave
10-1665-6002,Bowl flat white,Villeroy & Boch,Hospitality – Crockery,£18.93,,https://static.wixstatic.com/media/042ed7_74c57a8914eb4b639f83879dfb447a0e~mv2.png,,DE,69111000,1665,6002,Iconic,6,288,270,270,150,Bowl flat white,1016656002,21.17,676g,240x240x40,4003686388253,288,4057743161617,,1.2,Iconic,Iconic La Boule white,Novelties 2020,,,,,Iconic
10-1665-6031,Bowl grey,Villeroy & Boch,Hospitality – Crockery,£18.93,,,,DE,69111000,1665,6031,Iconic,6,226,240,240,125,Bowl grey,1016656031,21.17,490g,215x215x65,4003686413863,486,4057743175522,,1.1,Iconic,Iconic La Boule beige,Novelties 2022,,,,,Iconic
14-8638-3772,Bowl large,Villeroy & Boch,Decoration & Gifts – Crockery,£29.01,,https://static.wixstatic.com/media/042ed7_cb18b54d0b2444238772c24894e17928~mv2.png,,CN,69111000,8638,3772,Spring Awakening,1,210,290,60,325,Bowl large,1486383772,32.44,1020g,304x304x51,4003686357433,100,,Decoration & Gifts,1.6,,,,,,,,Spring Awakening
14-8585-3640,Bowl large,Villeroy & Boch,Decoration & Gifts – Crockery,£17.39,,https://static.wixstatic.com/media/042ed7_a8a6f28d825640c694470f17d587c252~mv2.png,,CN,69111000,8585,3640,Toy's Delight,1,155,260,260,50,Bowl large,1485853640,19.44,693g,250x250x43,4003686328266,189,,Decoration & Gifts,1.1,,,,,,,,Toy's Delight
14-8658-1960,Bowl large,Villeroy & Boch,Decoration & Gifts – Crockery,£17.39,,https://static.wixstatic.com/media/042ed7_20285ba591044d3b825e31379ccf64f8~mv2.png,,DE,69111000,8658,1960,Toy's Delight Royal Classic,1,108,205,205,115,Bowl large,1486581960,19.44,494g,175x175x80,4003686364257,129,,Decoration & Gifts,1,,,,,,,,Toy's Delight Royal Classic
14-8658-3640,Bowl large,Villeroy & Boch,Decoration & Gifts – Crockery,£17.39,,https://static.wixstatic.com/media/042ed7_657a03c3d74e4b2f87069c7126478015~mv2.png,,DE,69111000,8658,3640,Toy's Delight Royal Classic,1,126,310,310,55,Bowl large,1486583640,19.44,660g,245x245x43,4003686328679,128,,Decoration & Gifts,,,,,,,,,Toy's Delight Royal Classic
14-8644-3777,"Bowl large, Emma",Villeroy & Boch,Decoration & Gifts – Crockery,£29.01,,https://static.wixstatic.com/media/042ed7_093865cdf20341ffb6aa211d1699c63e~mv2.png,,CN,69111000,8644,3777,Spring Fantasy,1,210,290,60,325,"Bowl large, Emma",1486443777,32.44,1156g,300x300x59,4003686387102,96,,Decoration & Gifts,2.1,,,,,,,,Spring Fantasy
14-8644-3778,"Bowl large, Flower Meadow",Villeroy & Boch,Decoration & Gifts – Crockery,£29.01,,https://static.wixstatic.com/media/042ed7_a1c984b6467944cd8a1ca1ea7319a3cc~mv2.png,,CN,69111000,8644,3778,Spring Fantasy,1,210,290,60,325,"Bowl large, Flower Meadow",1486443778,32.44,916g,305x305x50,4003686409477,96,,Decoration & Gifts,1.6,,,,,,,,Spring Fantasy
14-8332-3635,"Bowl large, Santa reads wish lists",Villeroy & Boch,Decoration & Gifts – Crockery,£17.39,,https://static.wixstatic.com/media/042ed7_8f8377fdfd4d46afaad30b3a7a2790ce~mv2.png,,CN,69111000,8332,3635,Toy's Fantasy,1,170,250,250,50,"Bowl large, Santa reads wish lists",1483323635,19.44,610g,250x250x43,4003686410978,180,,Decoration & Gifts,0.95,,,,,,,,Toy's Fantasy
14-8332-3631,"Bowl large, distributing presents",Villeroy & Boch,Decoration & Gifts – Crockery,£17.39,,https://static.wixstatic.com/media/042ed7_b0f887056c1e4228aeb59c86f2d49e0d~mv2.png,,CN,69111000,8333,3631,Toy's Fantasy,1,170,250,250,55,"Bowl large, distributing presents",1483323631,19.44,750g,252x252x46,4003686419407,189,,Decoration & Gifts,0.9,,,,,,,,Toy's Fantasy
14-8638-3882,Bowl medium,Villeroy & Boch,Decoration & Gifts – Crockery,£22.62,,https://static.wixstatic.com/media/042ed7_c6c6ee602de545f89b7d166e44fa0eff~mv2.png,,CN,69111000,8638,3882,Spring Awakening,1,121,244,252,50,Bowl medium,1486383882,25.29,550g,244x244x45,4003686357440,192,,Decoration & Gifts,0.85,,,,,,,,Spring Awakening
14-8585-3822,Bowl medium,Villeroy & Boch,Decoration & Gifts – Crockery,£29.01,,https://static.wixstatic.com/media/042ed7_bc78da5e874d4c8d85fa29a8477301fb~mv2.png,,CN,69111000,8585,3822,Toy's Delight,1,264,262,262,101,Bowl medium,1485853822,32.44,1042g,258x258x94,4003686240155,90,,Decoration & Gifts,2.1,,,,,,,,Toy's Delight
14-8644-3828,"Bowl medium, Anna",Villeroy & Boch,Decoration & Gifts – Crockery,£22.62,,https://static.wixstatic.com/media/042ed7_39c937ba2bfa4413b1c366b202b4186d~mv2.png,,CN,69111000,8644,3828,Spring Fantasy,1,170,250,250,55,"Bowl medium, Anna",1486443828,25.29,604g,236x236x47,4003686409187,156,,Decoration & Gifts,1.2,,,,,,,,Spring Fantasy
14-8644-3827,"Bowl medium, Max",Villeroy & Boch,Decoration & Gifts – Crockery,£22.62,,https://static.wixstatic.com/media/042ed7_5dc04313bcbe42c69bbae826675ae2f9~mv2.png,,CN,69111000,8644,3827,Spring Fantasy,1,170,250,250,55,"Bowl medium, Max",1486443827,25.29,632g,236x236x47,4003686387119,168,,Decoration & Gifts,1.2,,,,,,,,Spring Fantasy
14-8644-3820,"Bowl medium, Picnic",Villeroy & Boch,Decoration & Gifts – Crockery,£22.62,,https://static.wixstatic.com/media/042ed7_b12558b4623d4b89884b76a2bd44d9a1~mv2.png,,CN,69111000,8644,3820,Spring Fantasy,1,149,247,247,48,"Bowl medium, Picnic",1486443820,25.29,576g,250x250x40,4003686409484,156,,Decoration & Gifts,0.75,,,,,,,,Spring Fantasy
14-8332-2556,"Bowl oval large, Santa and Kids",Villeroy & Boch,Decoration & Gifts – Crockery,£23.20,,https://static.wixstatic.com/media/042ed7_24248820ec02400cb284300faed5dc0b~mv2.png,,CN,69111000,8332,2556,Toy's Fantasy,1,185,305,205,55,"Bowl oval large, Santa and Kids",1483322556,25.94,830g,303x198x49,4003686410916,173,,Decoration & Gifts,1.1,,,,,,,,Toy's Fantasy
10-1634-3846,Bowl rectangular,Villeroy & Boch,Porcelain – Crockery,£27.85,,https://static.wixstatic.com/media/042ed7_ddbe848608bf4f70b43b7cc73559827d~mv2.png,,DE,69111000,1634,3846,Design Naif Gifts,1,86,233,184,71,Bowl rectangular,1016343846,31.14,334g,238x100x25,4003686275690,200,,Porcelain,,,,,,,,,Design Naif
10-1632-3846,Bowl rectangular,Villeroy & Boch,Porcelain – Crockery,£24.36,,https://static.wixstatic.com/media/042ed7_a332a277838a46e2a8865b2b9b0483bb~mv2.png,,DE,69111000,1632,3846,Mariefleur Gifts,1,86,233,184,71,Bowl rectangular,1016323846,27.24,320g,238x100x25,4003686275577,200,,Porcelain,,,,,,,,,Mariefleur
14-8638-3190,Bowl small,Villeroy & Boch,Decoration & Gifts – Crockery,£15.64,,https://static.wixstatic.com/media/042ed7_87497a27fbc24436835ca7fb486c0bea~mv2.png,,CN,69111000,8638,3190,Spring Awakening,6,304,290,145,150,Bowl small,1486383190,17.49,300g,145x145x75,4003686355477,360,4057743166377,Decoration & Gifts,0.6,,,,,,,,Spring Awakening
14-8638-3872,Bowl small,Villeroy & Boch,Decoration & Gifts – Crockery,£16.81,,https://static.wixstatic.com/media/042ed7_dcdc8e112ae44b70aa970ba6c0e57f76~mv2.png,,CN,69111000,8638,3872,Spring Awakening,1,76,168,172,47,Bowl small,1486383872,18.79,230g,162x150x37,4003686357457,476,,Decoration & Gifts,0.3,,,,,,,,Spring Awakening
14-8585-1902,Bowl small,Villeroy & Boch,Decoration & Gifts – Crockery,£14.48,,https://static.wixstatic.com/media/042ed7_325af87eaf4b40d2abdc6ccc6027133f~mv2.png,,CN,69111000,8585,1902,Toy's Delight,6,125,155,150,165,Bowl small,1485851902,16.19,270g,149x149x60,4003686234970,1050,4057743001029,Decoration & Gifts,0.47,,,,,,,,Toy's Delight
14-8585-3690,Bowl small,Villeroy & Boch,Decoration & Gifts – Crockery,£14.48,,https://static.wixstatic.com/media/042ed7_778c1232547b445d8780b8e070fb9542~mv2.png,,CN,69111000,8585,3690,Toy's Delight,6,125,170,170,100,Bowl small,1485853690,16.19,250g,163x163x33,4003686328273,1116,4057743083858,Decoration & Gifts,0.35,,,,,,,,Toy's Delight
14-8658-3690,Bowl small,Villeroy & Boch,Decoration & Gifts – Crockery,£14.48,,https://static.wixstatic.com/media/042ed7_22557df9c1c44a78b5c9fa86c42b8081~mv2.png,,DE,69111000,8658,3690,Toy's Delight Royal Classic,6,119,200,200,115,Bowl small,1486583690,16.19,250g,160x160x37,4003686328686,774,4057743083933,Decoration & Gifts,,,,,,,,,Toy's Delight Royal Classic
10-1666-6312,Bowl small black,Villeroy & Boch,Hospitality – Crockery,£12.36,,,,DE,69111000,1666,6312,Iconic,1,104,160,160,180,Bowl small black,1016666312,13.82,249g,140x140x40,4003686440159,840,,,0.38,Iconic,Iconic,Novelties 2024,NEW,,,,Iconic
10-1666-6302,Bowl small white,Villeroy & Boch,Hospitality – Crockery,£12.36,,,,DE,69111000,1666,6302,Iconic,1,104,160,160,180,Bowl small white,1016666302,13.82,258g,140x140x40,4003686439818,840,,,0.38,Iconic,Iconic,Novelties 2024,NEW,,,,Iconic
14-8644-3875,"Bowl small, Anna & Paul",Villeroy & Boch,Decoration & Gifts – Crockery,£16.81,,https://static.wixstatic.com/media/042ed7_4c74e49a0e5a4c77b9c6dfdfd059042f~mv2.png,,CN,69111000,8644,3875,Spring Fantasy,1,70,165,45,165,"Bowl small, Anna & Paul",1486443875,18.79,242g,160x160x35,4003686409491,480,,Decoration & Gifts,,,,,,,,,Spring Fantasy
14-8332-3688,"Bowl small, Gifts",Villeroy & Boch,Decoration & Gifts – Crockery,£14.48,,https://static.wixstatic.com/media/042ed7_9ca2cf47738644fba66b9700ecf13d8f~mv2.png,,CN,69111000,8332,3688,Toy's Fantasy,6,410,240,180,180,"Bowl small, Gifts",1483323688,16.19,248g,166x166x35,4003686410985,432,4057743173573,Decoration & Gifts,0.33,,,,,,,,Toy's Fantasy
14-8644-3874,"Bowl small, Paul",Villeroy & Boch,Decoration & Gifts – Crockery,£16.81,,https://static.wixstatic.com/media/042ed7_77920cf464054bdfb9622872af24cc1b~mv2.png,,CN,69111000,8644,3874,Spring Fantasy,1,70,165,45,165,"Bowl small, Paul",1486443874,18.79,276g,159x159x38,4003686387126,476,,Decoration & Gifts,,,,,,,,,Spring Fantasy
14-8332-3718,"Bowl square, Santa",Villeroy & Boch,Decoration & Gifts – Crockery,£20.29,,https://static.wixstatic.com/media/042ed7_ce4a8e03c5204ad39a14db3de1f6f4db~mv2.png,,CN,69111000,8332,3718,Toy's Fantasy,1,160,250,40,250,"Bowl square, Santa",1483323718,22.69,695g,236x236x34,4003686411029,234,,Decoration & Gifts,0.8,,,,,,,,Toy's Fantasy
10-1665-6001,Bowl white,Villeroy & Boch,Hospitality – Crockery,£18.93,,https://static.wixstatic.com/media/042ed7_7e3b6ef3fb6e4f279c774357ac1bc245~mv2.png,,DE,69111000,1665,6001,Iconic,6,226,240,240,125,Bowl white,1016656001,21.17,502g,215x215x65,4003686388246,486,4057743161600,,1.1,Iconic,Iconic La Boule white,Novelties 2020,,,,,Iconic
14-8332-3614,"Bowl with Santa relief, wish list",Villeroy & Boch,Decoration & Gifts – Crockery,£23.20,,https://static.wixstatic.com/media/042ed7_35e95b5e43824ce8a3dea49b6cf3f724~mv2.png,,CN,69111000,8332,3614,Toy's Fantasy,1,170,250,250,55,"Bowl with Santa relief, wish list",1483323614,25.94,725g,248x245x49,4003686410923,189,,Decoration & Gifts,0.9,,,,,,,,Toy's Fantasy
10-3420-1925,Bowl with handle,Villeroy & Boch,Hospitality – Crockery,£14.78,,https://static.wixstatic.com/media/042ed7_c6a6fb6e25d74339827e070d3d54053f~mv2.png,,DE,69111000,3420,1925,Flow,1,95,185,186,170,Bowl with handle,1034201925,16.53,670g,237x160x90,4003683412418,96,,,0.65,Flow,Flow,Novelties Autumn 2008,,,Big Buffet,,Flow
10-3420-4880,Bowl with handle,Villeroy & Boch,Hospitality – Crockery,£10.99,,https://static.wixstatic.com/media/042ed7_45f2cf83921b44fa9637888620a3cdea~mv2.png,,DE,69111000,3420,4880,Flow,1,103,160,120,160,Bowl with handle,1034204880,12.29,420g,190x122x95,4003683412401,210,,,0.48,Flow,Flow,Novelties Autumn 2008,,,Big Buffet,,Flow
10-1634-1925,Bowl with handles,Villeroy & Boch,Porcelain – Crockery,£27.85,,https://static.wixstatic.com/media/042ed7_298e949ff64c4e2faed06e8b93b5ac3d~mv2.png,,DE,69111000,1634,1925,Design Naif Gifts,1,100,265,180,105,Bowl with handles,1016341925,31.14,605g,237x160x90,4003686275676,138,,Porcelain,0.65,,,,,,,,Design Naif
10-1632-1925,Bowl with handles,Villeroy & Boch,Porcelain – Crockery,£24.36,,https://static.wixstatic.com/media/042ed7_89b3d5ca65fd4139bffa4e97ef2b7e52~mv2.png,,DE,69111000,1632,1925,Mariefleur Gifts,1,100,265,180,105,Bowl with handles,1016321925,27.24,610g,237x160x90,4003686275553,138,,Porcelain,0.65,,,,,,,,Mariefleur
14-8332-3615,Bowl with tree relief,Villeroy & Boch,Decoration & Gifts – Crockery,£23.20,,https://static.wixstatic.com/media/042ed7_8144339d2e8d4bee9755301b326d46cc~mv2.png,,CN,69111000,8332,3615,Toy's Fantasy,1,150,250,270,55,Bowl with tree relief,1483323615,25.94,703g,255x255x32,4003686410930,252,,Decoration & Gifts,0.75,,,,,,,,Toy's Fantasy
10-4257-8549,"Bowls-trio, 6 pcs",Villeroy & Boch,Porcelain – Crockery,£50.52,,https://static.wixstatic.com/media/042ed7_5ad20abb79cd444198e2a5247fa8b998~mv2.png,,DE,69111000,4257,8549,Vapiano,1,237,261,210,162,"Bowls-trio, 6 pcs",1042578549,56.49,3150g,261x210x162,4003686364806,60,,Porcelain,,,,,,,,,Vapiano
14-8662-6487,Box Easter egg Anna painting,Villeroy & Boch,Decoration & Gifts,£23.20,,https://static.wixstatic.com/media/042ed7_c88661dd83b146f28eeb46b5ed60e406~mv2.png,,CN,69131000,8662,6487,Bunny Tales,1,85,164,124,144,Box Easter egg Anna painting,1486626487,25.94,270g,110x65x100,4003686387027,275,,Decoration & Gifts,0.09,,,,,,,,Bunny Tales
14-8662-6486,Box Easter egg Max with carrot,Villeroy & Boch,Decoration & Gifts,£23.20,,https://static.wixstatic.com/media/042ed7_d4b1c3fe07804119a9cebc3422b51066~mv2.png,,CN,69131000,8662,6486,Bunny Tales,1,85,164,124,144,Box Easter egg Max with carrot,1486626486,25.94,254g,110x65x95,4003686387010,275,,Decoration & Gifts,0.09,,,,,,,,Bunny Tales
14-8585-4557,Box large,Villeroy & Boch,Decoration & Gifts,£52.27,,https://static.wixstatic.com/media/042ed7_f29e74aeb2cd4c64addc795c76a648af~mv2.png,,CN,69111000,8585,4557,Toy's Delight,1,318,265,265,250,Box large,1485854557,58.44,1622g,214x214x192,4003686267534,36,,Decoration & Gifts,3.5,,,,,,,,Toy's Delight
14-8585-4558,Box medium,Villeroy & Boch,Decoration & Gifts,£40.64,,https://static.wixstatic.com/media/042ed7_c43a14a63f51493785ff246bfd19b74f~mv2.png,,CN,69111000,8585,4558,Toy's Delight,1,277,270,270,185,Box medium,1485854558,45.44,1340g,205x205x144,4003686267541,48,,Decoration & Gifts,2.3,,,,,,,,Toy's Delight
14-8585-4556,Box small,Villeroy & Boch,Decoration & Gifts,£29.01,,https://static.wixstatic.com/media/042ed7_2f3e297fa1e346808a5103cbee41c5d2~mv2.png,,CN,69111000,8585,4556,Toy's Delight,1,160,175,175,100,Box small,1485854556,32.44,460g,136x136x95,4003686267558,120,,Decoration & Gifts,0.55,,,,,,,,Toy's Delight
14-8671-4471,Box tree,Villeroy & Boch,Decoration & Gifts,£42.38,,https://static.wixstatic.com/media/042ed7_521d4aab1a184867ade7f9a50168b669~mv2.png,,CN,69111000,8671,4471,Winter Glow,1,200,188,188,155,Box tree,1486714471,47.39,1210g,179x179x224,4003686430488,120,,Decoration & Gifts,1.7,,,,Discontinued 30.06.2026,,,,Winter Glow
14-8671-4557,"Box, 1.3l",Villeroy & Boch,Decoration & Gifts,£30.18,,https://static.wixstatic.com/media/042ed7_2142753625ca4072b165e9bdfbfff948~mv2.png,,CN,69111000,8671,4557,Winter Glow,1,130,180,125,135,"Box, 1.3l",1486714557,33.74,840g,180x125x135,4003686439542,192,,Decoration & Gifts,1.3,,,,Discontinued 30.06.2026,,,,Winter Glow
14-8671-4558,"Box, 1.7l",Villeroy & Boch,Decoration & Gifts,£30.18,,https://static.wixstatic.com/media/042ed7_3702988691e94331b679def2cc69ea1e~mv2.png,,CN,69111000,8671,4558,Winter Glow,1,220,200,200,135,"Box, 1.7l",1486714558,33.74,1440g,200x200x135,4003686439559,124,,Decoration & Gifts,1.7,,,,Discontinued 30.06.2026,,,,Winter Glow
14-8663-4557,"Box, big",Villeroy & Boch,Decoration & Gifts,£34.25,,https://static.wixstatic.com/media/042ed7_0f4ab7012e6f484e880740b3666d90a1~mv2.png,,CN,69111000,8663,4557,Colourful Spring,1,230,185,185,160,"Box, big",1486634557,38.29,1320g,177x177x160,4003686357143,54,,Decoration & Gifts,1.7,,,,,,,,Colourful Spring
14-8663-4556,"Box, small",Villeroy & Boch,Decoration & Gifts,£26.69,,https://static.wixstatic.com/media/042ed7_93c3edbe04204711beeb25062b2755af~mv2.png,,CN,69111000,8663,4556,Colourful Spring,1,130,125,125,140,"Box, small",1486634556,29.84,535g,110x110x140,4003686357136,140,,Decoration & Gifts,0.55,,,,,,,,Colourful Spring
10-4392-2660,Bread & butter plate,Villeroy & Boch,Hospitality – Crockery,£24.52,,https://static.wixstatic.com/media/042ed7_82c018a2e4b045508e8f2b779cf4f79e~mv2.png,,DE,69111000,4392,2660,Gray Pearl,6,140,185,185,95,Bread & butter plate,1043922660,27.41,230g,180x180x15,4003683201418,1152,4057743011806,,,Gray Pearl,Gray Pearl,Gray Pearl,,,,,Gray Pearl
10-4390-2660,Bread & butter plate,Villeroy & Boch,Hospitality – Crockery,£26.37,,https://static.wixstatic.com/media/042ed7_a24d8e37f755480c9c0821e43c240ab4~mv2.png,,DE,69111000,4390,2660,Ivoire,6,127,185,185,95,Bread & butter plate,1043902660,29.49,230g,180x180x15,4003686131781,1152,4057743011677,,,Ivoire,Ivoire,Ivoire,,,,,Ivoire
10-4652-2660,Bread & butter plate,Villeroy & Boch,Hospitality – Crockery,£25.10,,https://static.wixstatic.com/media/042ed7_6691c2508712400bb5df7d4b2a242fb3~mv2.png,,DE,69111000,4652,2660,MetroChic,6,108,180,170,80,Bread & butter plate,1046522660,28.07,180g,160x160x15,4003686365421,1680,4057743110226,,,MetroChic,MetroChic,MetroChic,,,,,MetroChic
10-4381-2660,Bread & butter plate,Villeroy & Boch,Porcelain – Crockery,£31.92,,https://static.wixstatic.com/media/042ed7_e56c97289933426ebd20b5f209c191c7~mv2.png,,DE,69111000,4381,2660,Amazonia Anmut,6,108,180,170,80,Bread & butter plate,1043812660,35.69,185g,164x164x13,4003686260191,1680,4057743011295,Porcelain,,,,,,,,,Amazonia
10-4545-2660,Bread & butter plate,Villeroy & Boch,Porcelain – Crockery,£20.29,,https://static.wixstatic.com/media/042ed7_28e6b5f5edb747b4a1236e97ae861e92~mv2.png,,DE,69111000,4545,2660,Anmut,6,121,180,170,80,Bread & butter plate,1045452660,22.69,185g,164x164x13,4003683226688,1680,4057743013862,Porcelain,,,,,,,,,Anmut
10-1070-2660,Bread & butter plate,Villeroy & Boch,Porcelain – Crockery,£30.76,,https://static.wixstatic.com/media/042ed7_849bb687ab2b428dbbf7d88be9526cbc~mv2.png,,DE,69111000,1070,2660,Audun Chasse,6,140,185,185,95,Bread & butter plate,1010702660,34.39,240g,178x178x14,4003683111007,1152,4057743002323,Porcelain,,,,,,,,,Audun
10-1067-2660,Bread & butter plate,Villeroy & Boch,Porcelain – Crockery,£30.76,,https://static.wixstatic.com/media/042ed7_75d8dc1dfbf34e99a90ace79eeb91025~mv2.png,,DE,69111000,1067,2660,Audun Ferme,6,140,185,185,95,Bread & butter plate,1010672660,34.39,240g,178x178x14,4003683109066,1152,4057743002163,Porcelain,,,,,,,,,Audun
10-1068-2660,Bread & butter plate,Villeroy & Boch,Porcelain – Crockery,£30.76,,https://static.wixstatic.com/media/042ed7_42090ffc0eb04ac0be3e82b203d0fdbb~mv2.png,,DE,69111000,1068,2660,Audun Fleur,6,140,185,185,95,Bread & butter plate,1010682660,34.39,240g,178x178x14,4003683109608,1152,4057743002231,Porcelain,,,,,,,,,Audun
10-1069-2660,Bread & butter plate,Villeroy & Boch,Porcelain – Crockery,£30.76,,https://static.wixstatic.com/media/042ed7_987d0b5268b14d67888da4a88b486fe5~mv2.png,,DE,69111000,1069,2660,Audun Promenade,6,140,185,185,95,Bread & butter plate,1010692660,34.39,240g,178x178x14,4003683109813,1152,4057743002279,Porcelain,,,,,,,,,Audun
10-4655-2660,Bread & butter plate,Villeroy & Boch,Porcelain – Crockery,£31.92,,https://static.wixstatic.com/media/042ed7_3467a0517bf047f98254b118e4d7789d~mv2.png,,DE,69111000,4655,2660,Avarua,6,108,180,170,80,Bread & butter plate,1046552660,35.69,180g,160x160x17,4003686393738,1680,4057743163307,Porcelain,,,,,,,,,Avarua
10-4600-2660,Bread & butter plate,Villeroy & Boch,Porcelain – Crockery,£16.22,,https://static.wixstatic.com/media/042ed7_04170f4bfc1d43a2b9439b950dfa321d~mv2.png,,DE,69111000,4600,2660,Cellini,6,140,185,185,95,Bread & butter plate,1046002660,18.14,243g,175x175x14,4003686135666,1152,4057743014029,Porcelain,,,,,,,,,Cellini
14-8663-2660,Bread & butter plate,Villeroy & Boch,Decoration & Gifts – Crockery,£13.32,,https://static.wixstatic.com/media/042ed7_58f935e144d54096a9cdcd6f82a6429e~mv2.png,,DE,69111000,8663,2660,Colourful Spring,6,121,180,170,80,Bread & butter plate,1486632660,14.89,180g,159x159x16,4003686394827,1680,4057743163383,Decoration & Gifts,,,,,,,,,Colourful Spring
10-4153-2660,Bread & butter plate,Villeroy & Boch,Porcelain – Crockery,£10.41,,https://static.wixstatic.com/media/042ed7_d181bdca15394bc7bf54604d478ae7c6~mv2.png,,DE,69111000,4153,2660,For Me,6,121,180,170,80,Bread & butter plate,1041532660,11.64,180g,159x159x16,4003686259393,1680,4057743009766,Porcelain,,,,,,,,,For Me
10-2281-2660,Bread & butter plate,Villeroy & Boch,Porcelain – Crockery,£16.22,,https://static.wixstatic.com/media/042ed7_7b3c317131384ccaa63b62f63afc83b5~mv2.png,,DE,69111000,2281,2660,French Garden Fleurence,6,140,185,185,95,Bread & butter plate,1022812660,18.14,219g,174x174x19,5450102345090,1152,4057743003658,Porcelain,,,,,,,,,French Garden
10-2284-2660,Bread & butter plate,Villeroy & Boch,Porcelain – Crockery,£16.22,,https://static.wixstatic.com/media/042ed7_ea55d7bc37574d3cb6ffcd79dc7572d7~mv2.png,,DE,69111000,2284,2660,French Garden Orange,6,140,185,185,95,Bread & butter plate,1022842660,18.14,219g,174x174x19,5450102345427,1152,4057743003887,Porcelain,,,,,,,,,French Garden
10-2282-2660,Bread & butter plate,Villeroy & Boch,Porcelain – Crockery,£16.22,,https://static.wixstatic.com/media/042ed7_b912570f34b14d8697351916785b84e2~mv2.png,,DE,69111000,2282,2660,French Garden Valence,6,140,185,185,95,Bread & butter plate,1022822660,18.14,219g,174x174x19,5450102345335,1152,4057743003801,Porcelain,,,,,,,,,French Garden
10-4281-2660,Bread & butter plate,Villeroy & Boch,Porcelain – Crockery,£11.57,,https://static.wixstatic.com/media/042ed7_3e94af9cb7ac4712828cf773d9ed208a~mv2.png,,PT,69120025,4281,2660,Lave beige,6,179,220,215,85,Bread & butter plate,1042812660,12.94,290g,176x168x20,4003686433106,1008,4057743181936,Porcelain,,,,,,,,,Lave
10-4282-2660,Bread & butter plate,Villeroy & Boch,Porcelain – Crockery,£11.57,,https://static.wixstatic.com/media/042ed7_1f811b712d1f4fa196a42362424110d5~mv2.png,,PT,69120025,4282,2660,Lave glacé,6,179,220,215,85,Bread & butter plate,1042822660,12.94,290g,176x168x20,4003686433137,1008,4057743181967,Porcelain,,,,,,,,,Lave
10-4259-2660,Bread & butter plate,Villeroy & Boch,Porcelain – Crockery,£11.57,,https://static.wixstatic.com/media/042ed7_742100775115495c9cd9eef610efbc35~mv2.png,,PT,69120025,4259,2660,Lave gris,6,179,220,215,85,Bread & butter plate,1042592660,12.94,290g,176x168x20,4003686432772,1008,4057743181905,Porcelain,,,,,,,,,Lave
10-4295-2660,Bread & butter plate,Villeroy & Boch,Porcelain – Crockery,£11.57,,https://static.wixstatic.com/media/042ed7_efe7e03b412946e98f8051ecb725a10d~mv2.png,,PT,69120025,4295,2660,Lave Vert,6,142,200,195,90,Bread & butter plate,1042952660,12.94,305g,175x169x21,4003686437418,0,4057743184777,Porcelain,,,,,,,,,Lave
10-2396-2660,Bread & butter plate,Villeroy & Boch,Porcelain – Crockery,£15.06,,https://static.wixstatic.com/media/042ed7_2c318192289a43628e56e1ded8b00913~mv2.png,,DE,69111000,2396,2660,Manoir,6,140,185,185,95,Bread & butter plate,1023962660,16.84,219g,174x174x19,5450102015139,1152,4057743005010,Porcelain,,,,,,,,,Manoir
10-2341-2660,Bread & butter plate,Villeroy & Boch,Porcelain – Crockery,£16.22,,https://static.wixstatic.com/media/042ed7_cf6d3a433d5a430881b32a6ec1398681~mv2.png,,DE,69111000,2341,2660,Old Luxembourg,6,121,180,170,80,Bread & butter plate,1023412660,18.14,180g,155x155x15,5450102022069,1680,4057743004679,Porcelain,,,,,,,,,Vieux Luxembourg
10-2395-2660,Bread & butter plate,Villeroy & Boch,Porcelain – Crockery,£16.22,,https://static.wixstatic.com/media/042ed7_52df571915df4cdcabc8edd703b50d37~mv2.png,,DE,69111000,2395,2660,Petite Fleur,6,140,185,185,95,Bread & butter plate,1023952660,18.14,219g,174x174x19,5450102014583,1152,4057743004860,Porcelain,,,,,,,,,Petite Fleur
10-4412-2660,Bread & butter plate,Villeroy & Boch,Porcelain – Crockery,£17.39,,https://static.wixstatic.com/media/042ed7_74dd84a53b6c41c0b7b454a01c1312e6~mv2.png,,DE,69111000,4412,2660,Royal,6,121,180,170,80,Bread & butter plate,1044122660,19.44,185g,164x164x13,4003683213206,1680,4057743012056,Porcelain,,,,,,,,,Royal
10-4730-2660,Bread & butter plate,Villeroy & Boch,Porcelain – Crockery,£43.55,,https://static.wixstatic.com/media/042ed7_175ccea5673041b6a4b3005e72b9cd54~mv2.png,,DE,69111000,4730,2660,Samarkand Aquamarin,6,108,180,170,80,Bread & butter plate,1047302660,48.69,185g,164x164x13,4003686212725,1152,4057743014807,Porcelain,,,,,,,,,Samarkand
10-4732-2660,Bread & butter plate,Villeroy & Boch,Porcelain – Crockery,£43.55,,https://static.wixstatic.com/media/042ed7_90c8c0bedc0a45aaa2ea3e06f05667d6~mv2.png,,DE,69111000,4732,2660,Samarkand Mandarin,6,108,180,170,80,Bread & butter plate,1047322660,48.69,185g,164x164x13,4003686261556,1680,4057743014951,Porcelain,,,,,,,,,Samarkand
10-4731-2660,Bread & butter plate,Villeroy & Boch,Porcelain – Crockery,£43.55,,https://static.wixstatic.com/media/042ed7_31f8d19f45bd438cbf42a18e170c7424~mv2.png,,DE,69111000,4731,2660,Samarkand Rubin,6,108,180,170,80,Bread & butter plate,1047312660,48.69,185g,164x164x13,4003686212787,1152,4057743014876,Porcelain,,,,,,,,,Samarkand
10-4389-2660,Bread & butter plate,Villeroy & Boch,Porcelain – Crockery,£20.29,,https://static.wixstatic.com/media/042ed7_f71e6a0b406b4ca0ac1ad0c0f549d316~mv2.png,,DE,69111000,4389,2660,White Pearl,6,140,185,185,95,Bread & butter plate,1043892660,22.69,230g,180x180x15,4003683481285,1152,4057743011530,Porcelain,,,,,,,,,White Pearl
10-2337-2665,Bread & butter plate Cultivation,Villeroy & Boch,Porcelain – Crockery,£24.94,,https://static.wixstatic.com/media/042ed7_5b70bbfaf10a46a688825099c0bb44a1~mv2.png,,DE,69111000,2337,2665,Design Naif,6,140,185,185,95,Bread & butter plate Cultivation,1023372665,27.89,230g,170x170x17,5450102206308,1152,4057743004297,Porcelain,,,,,,,,,Design Naif
10-2337-2666,Bread & butter plate Farm,Villeroy & Boch,Porcelain – Crockery,£24.94,,https://static.wixstatic.com/media/042ed7_5982037d33b24951bd3a7bf34d566a93~mv2.png,,DE,69111000,2337,2666,Design Naif,6,140,185,185,95,Bread & butter plate Farm,1023372666,27.89,230g,170x170x17,5450102206315,1152,4057743004303,Porcelain,,,,,,,,,Design Naif
10-2337-2662,Bread & butter plate Hamlet,Villeroy & Boch,Porcelain – Crockery,£24.94,,https://static.wixstatic.com/media/042ed7_c4dd88f4308a4ce4a92c2f1ce715bdee~mv2.png,,DE,69111000,2337,2662,Design Naif,6,140,185,185,95,Bread & butter plate Hamlet,1023372662,27.89,230g,170x170x17,5450102206278,1152,4057743004266,Porcelain,,,,,,,,,Design Naif
10-2337-2664,Bread & butter plate Marriage,Villeroy & Boch,Porcelain – Crockery,£24.94,,https://static.wixstatic.com/media/042ed7_7ea7bbf790e1471fae2fba7e7cafdd50~mv2.png,,DE,69111000,2337,2664,Design Naif,6,140,185,185,95,Bread & butter plate Marriage,1023372664,27.89,230g,170x170x17,5450102206292,1152,4057743004280,Porcelain,,,,,,,,,Design Naif
10-2337-2667,Bread & butter plate Meeting,Villeroy & Boch,Porcelain – Crockery,£24.94,,https://static.wixstatic.com/media/042ed7_0fd05b79aade4522b490bcfbd7d33458~mv2.png,,DE,69111000,2337,2667,Design Naif,6,140,185,185,95,Bread & butter plate Meeting,1023372667,27.89,230g,170x170x17,5450102206322,1152,4057743004310,Porcelain,,,,,,,,,Design Naif
10-2337-2663,Bread & butter plate Mill,Villeroy & Boch,Porcelain – Mills & Cruets,£24.94,,https://static.wixstatic.com/media/042ed7_bb24bbc38a534bde907dc5b67c719b02~mv2.png,,DE,69111000,2337,2663,Design Naif,6,140,185,185,95,Bread & butter plate Mill,1023372663,27.89,230g,170x170x17,5450102206285,1152,4057743004273,Porcelain,,,,,,,,,Design Naif
14-8585-2660,Bread & butter plate red,Villeroy & Boch,Decoration & Gifts – Crockery,£14.48,,https://static.wixstatic.com/media/042ed7_a3a5cd15b61e4874950253bba94f8bc7~mv2.png,,ID,69111000,8585,2660,Toy's Delight,6,119,180,180,80,Bread & butter plate red,1485852660,16.19,284g,179x179x22,4003686219670,1440,4057743001142,Decoration & Gifts,,,,,,,,,Toy's Delight
14-8585-2662,Bread & butter plate white,Villeroy & Boch,Decoration & Gifts – Crockery,£14.48,,https://static.wixstatic.com/media/042ed7_d88ac6a7774a4c9791d0a60d591fc51b~mv2.png,,ID,69111000,8585,2662,Toy's Delight,6,275,185,185,85,Bread & butter plate white,1485852662,16.19,240g,179x179x22,4003686219694,1296,4057743001166,Decoration & Gifts,,,,,,,,,Toy's Delight
12-6243-0560,Bread and butter knife HH,Villeroy & Boch,Hospitality – Cutlery,£10.23,,https://static.wixstatic.com/media/042ed7_3aa88c7fe5e342019a3ad67cefb72c49~mv2.png,,VN,82119100,6243,0560,Kreuzband,6,39,200,55,25,Bread and butter knife HH,1262430560,11.44,50g,174x17x9,4011417044019,2880,4057743017402,,,Kreuzband,Kreuzband,Cutlery,,,,,Kreuzband
12-6264-0560,Bread and butter knife HH,Villeroy & Boch,Hospitality – Cutlery,£6.61,,https://static.wixstatic.com/media/042ed7_744ec0f498c440caa658570b3e2c3505~mv2.png,,VN,82119100,6264,0560,Piemont,6,16,180,40,30,Bread and butter knife HH,1262640560,7.4,42g,170x14x8,4011417052458,5760,4057743017549,,,Piemont,Piemont,Cutlery,,Yes,,,Piemont
12-6387-0563,Bread and butter knife MB,Villeroy & Boch,Hospitality – Cutlery,£5.20,,https://static.wixstatic.com/media/042ed7_56fc3fc57f2a4db28aa22f183b7067ff~mv2.png,,VN,82119100,6387,0563,Blacksmith,6,39,200,55,25,Bread and butter knife MB,1263870563,5.82,45g,185x16x4,4003683483685,2880,4057743019376,,,Blacksmith,Blacksmith,Novelties 2017,,,,,Blacksmith
16-6248-0563,Bread and butter knife MB,Villeroy & Boch,Hospitality – Cutlery,£7.33,,,,VN,82159910,6248,0563,Coupole,6,25,205,40,40,Bread and butter knife MB,1662480563,8.2,60g,175x19x7,4011417054087,750,4057743054780,,,Coupole,Coupole,Cutlery,,,,,Coupole
12-6338-0563,Bread and butter knife MB,Villeroy & Boch,Hospitality – Cutlery,£6.45,,https://static.wixstatic.com/media/042ed7_9c8d8300fefd42f29f918d33fa099dfc~mv2.png,,ID,82119100,6338,0563,NewWave Cutlery,6,20,180,40,30,Bread and butter knife MB,1263380563,7.21,51g,180x15x13,4003683372361,4992,4057743018218,,,NewWave Cutlery,NewWave Cutlery,Cutlery,,,,,NewWave
12-6339-0563,Bread and butter knife MB,Villeroy & Boch,Hospitality – Cutlery,£4.12,,https://static.wixstatic.com/media/042ed7_3cde79efb73b4ede8d730258ef672f59~mv2.png,,ID,82119100,6339,0563,Oscar,6,18,180,40,30,Bread and butter knife MB,1263390563,4.61,50g,172x16x6,4003683259877,2880,4057743018379,,,Oscar,Oscar,Cutlery,,Yes,,,Oscar
12-6347-0563,Bread and butter knife MB,Villeroy & Boch,Hospitality – Cutlery,£5.20,,https://static.wixstatic.com/media/042ed7_39325238254b48a3afd1d215fc822a1b~mv2.png,,VN,82119100,6347,0563,Udine,6,25,205,40,40,Bread and butter knife MB,1263470563,5.82,32g,178x15x7,4003683286309,4500,4057743018515,,,Udine,Udine,Novelties Winter 2009,,,,,Udine
12-6350-0563,Bread and butter knife MB,Villeroy & Boch,Hospitality – Cutlery,£3.83,,https://static.wixstatic.com/media/042ed7_aa6db05dce2344db97e660307b8e7aca~mv2.png,,VN,82119100,6350,0563,Victor,6,66,175,35,35,Bread and butter knife MB,1263500563,4.28,58g,168x14x7,4003683330736,5760,4057743018669,,,Victor,Victor,Cutlery,,Yes,,,Victor
10-4654-2661,Bread&butter Plate,Villeroy & Boch,Hospitality – Crockery,£11.10,,https://static.wixstatic.com/media/042ed7_d6141fb59d7441b7881015491395b349~mv2.png,,DE,69111000,4654,2661,MetroChic blanc,6,121,180,170,80,Bread&butter Plate,1046542661,12.41,180g,160x160x17,4003686375789,1680,4057743149691,,,MetroChic blanc,MetroChic blanc,MetroChic blanc,,,,,MetroChic
10-4293-2660,Bread&butter plate,Villeroy & Boch,Hospitality – Crockery,£6.62,,https://static.wixstatic.com/media/042ed7_fd8f542fe559471cac75ff29ab530c29~mv2.png,,DE,69111000,4293,2660,Afina,6,140,185,185,95,Bread&butter plate,1042932660,7.4,300g,170x170x25,4003686436190,1152,4057743183800,,,Afina,Afina,Novelties 2024,,,,,Afina
10-4653-2660,Bread&butter plate,Villeroy & Boch,Hospitality – Crockery,£14.80,,https://static.wixstatic.com/media/042ed7_8e911f28b8c14947b03d3976c8f5588a~mv2.png,,DE,69111000,4653,2660,Anmut Gold,6,108,180,170,80,Bread&butter plate,1046532660,16.55,185g,160x160x15,4003686375840,1680,4057743155067,,,Anmut Gold,Anmut Gold,Anmut Gold,,,,,Anmut
10-4636-2660,Bread&butter plate,Villeroy & Boch,Hospitality – Crockery,£14.80,,https://static.wixstatic.com/media/042ed7_b01184d54d4e4436ab721b35bb70b6d7~mv2.png,,DE,69111000,4636,2660,Anmut Platinum No.1,6,108,180,170,80,Bread&butter plate,1046362660,16.55,185g,160x160x15,4003683472108,1680,4057743014401,,,Anmut Platinum No.1,Anmut Platinum No.1,Anmut Platinum No.1,,,,,Anmut
19-5167-9071,Breakfast Set 6pcs,Villeroy & Boch,Porcelain – Crockery,£69.18,,https://static.wixstatic.com/media/042ed7_dc159a7765f545949a703a58a14e1132~mv2.png,,TH,69111000,5167,9071,Crafted Breeze,1,410,250,220,155,Breakfast Set 6pcs,1951679071,77.35,2690g,,4003686402690,70,,Porcelain,,,,,,,,,Crafted
19-5183-9071,Breakfast Set 6pcs,Villeroy & Boch,Porcelain – Crockery,£69.18,,https://static.wixstatic.com/media/042ed7_66f3d134043442da9ff4b5c715c7316f~mv2.png,,TH,69111000,5183,9071,Crafted Cotton,1,381,260,220,165,Breakfast Set 6pcs,1951839071,77.35,2610g,,4003686437616,56,,Porcelain,,,,,,,,,Crafted
19-5168-9071,Breakfast Set 6pcs,Villeroy & Boch,Porcelain – Crockery,£69.18,,https://static.wixstatic.com/media/042ed7_f90075b70f2d4c0d924b0db697b84fc1~mv2.png,,TH,69111000,5168,9071,Crafted Denim,1,410,250,220,155,Breakfast Set 6pcs,1951689071,77.35,2690g,,4003686402713,70,,Porcelain,,,,,,,,,Crafted
14-8658-9070,Breakfast Set 6pcs.,Villeroy & Boch,Decoration & Gifts – Crockery,£92.43,,https://static.wixstatic.com/media/042ed7_f82997f9978b4cfdb699c212be6bb952~mv2.png,,DE,69111000,8658,9070,Toy's Delight Royal Classic,1,342,323,323,288,Breakfast Set 6pcs.,1486589070,103.35,2828g,,4003686445529,18,,Decoration & Gifts,,,,,,,,,Toy's Delight Royal Classic
14-8585-7288,"Breakfast Set for 2 Locomotive, 6pcs.",Villeroy & Boch,Decoration & Gifts – Crockery,£86.62,,https://static.wixstatic.com/media/042ed7_6ee3250498334c2194efbaaa7d2a8b24~mv2.png,,CN,69111000,8585,7288,Toy's Delight,1,545,355,250,140,"Breakfast Set for 2 Locomotive, 6pcs.",1485857288,96.85,2150g,360x250x140,4003686456426,,,Decoration & Gifts,,,,,NEW,,,,Toy's Delight
14-8585-7287,"Breakfast Set for 2 Nutcracker, 6pcs.",Villeroy & Boch,Decoration & Gifts – Crockery,£86.62,,https://static.wixstatic.com/media/042ed7_2c59f8044e6448178b8813d8dc2af821~mv2.png,,CN,69111000,8585,7287,Toy's Delight,1,545,355,250,140,"Breakfast Set for 2 Nutcracker, 6pcs.",1485857287,96.85,2100g,360x250x140,4003686456419,,,Decoration & Gifts,,,,,NEW,,,,Toy's Delight
14-8585-7289,"Breakfast Set for 2 Rocking horse, 6pcs.",Villeroy & Boch,Decoration & Gifts – Crockery,£86.62,,https://static.wixstatic.com/media/042ed7_48e866fc85c3440dba7ea2d587e02aba~mv2.png,,CN,69111000,8585,7289,Toy's Delight,1,545,355,250,140,"Breakfast Set for 2 Rocking horse, 6pcs.",1485857289,96.85,2150g,360x250x140,4003686456433,,,Decoration & Gifts,,,,,NEW,,,,Toy's Delight
14-8585-7280,"Breakfast Set for 2 Santa, 6pcs.",Villeroy & Boch,Decoration & Gifts – Crockery,£86.62,,https://static.wixstatic.com/media/042ed7_b6c9c5ac30c94d9e8dba2f8e6b861674~mv2.png,,CN,69111000,8585,7280,Toy's Delight,1,545,355,250,140,"Breakfast Set for 2 Santa, 6pcs.",1485857280,96.85,2100g,360x250x140,4003686456402,,,Decoration & Gifts,,,,,NEW,,,,Toy's Delight
10-4545-1240,Breakfast cup,Villeroy & Boch,Porcelain – Beverage Service,£17.39,,https://static.wixstatic.com/media/042ed7_97cec55269634bb583d6019a59e7d7e7~mv2.png,,DE,69111000,4545,1240,Anmut,6,271,455,280,87,Breakfast cup,1045451240,19.44,190g,141x112x70,4003683226183,360,4057743013763,Porcelain,0.41,,,,,,,,Anmut
10-1067-1240,Breakfast cup,Villeroy & Boch,Porcelain – Beverage Service,£24.94,,https://static.wixstatic.com/media/042ed7_4789fcde3ded454f8a8e5d50729c23f6~mv2.png,,DE,69111000,1067,1240,Audun Ferme,6,208,320,215,95,Breakfast cup,1010671240,27.89,230g,128x98x82,4003683108809,588,4057743002026,Porcelain,0.36,,,,,,,,Audun
10-4600-1240,Breakfast cup,Villeroy & Boch,Porcelain – Beverage Service,£15.06,,https://static.wixstatic.com/media/042ed7_eb14d0e24db74cb089a141a7092db469~mv2.png,,DE,69111000,4600,1240,Cellini,6,163,320,215,95,Breakfast cup,1046001240,16.84,210g,127x103x73,4003686135482,588,4057743013930,Porcelain,0.37,,,,,,,,Cellini
10-2337-1240,Breakfast cup,Villeroy & Boch,Porcelain – Beverage Service,£22.62,,https://static.wixstatic.com/media/042ed7_f20f07bbcedc40669ca79bd56a24668e~mv2.png,,DE,69111000,2337,1240,Design Naif,6,271,455,280,87,Breakfast cup,1023371240,25.29,250g,135x106x73,5450102085125,360,4057743004013,Porcelain,0.44,,,,,,,,Design Naif
10-4153-1240,Breakfast cup,Villeroy & Boch,Porcelain – Beverage Service,£12.15,,https://static.wixstatic.com/media/042ed7_75cfd297408d452f996fed13e21ec588~mv2.png,,DE,69111000,4153,1240,For Me,6,312,460,280,95,Breakfast cup,1041531240,13.59,266g,144x111x71,4003686259294,360,4057743009667,Porcelain,0.45,,,,,,,,For Me
10-2281-1240,Breakfast cup,Villeroy & Boch,Porcelain – Beverage Service,£15.64,,https://static.wixstatic.com/media/042ed7_36dede18fc8c49779f7ee83051ea7298~mv2.png,,DE,69111000,2281,1240,French Garden Fleurence,6,158,320,215,95,Breakfast cup,1022811240,17.49,225g,128x102x73,5450102344925,588,4057743003535,Porcelain,0.36,,,,,,,,French Garden
10-4100-1240,Breakfast cup,Villeroy & Boch,Porcelain – Beverage Service,£15.06,,https://static.wixstatic.com/media/042ed7_0747d851af80496aaa4ac006f1b1e2b8~mv2.png,,DE,69111000,4100,1240,Mariefleur Basic,6,271,455,280,87,Breakfast cup,1041001240,16.84,250g,142x111x70,4003686179806,360,4057743007816,Porcelain,0.42,,,,,,,,Mariefleur
10-4104-1240,Breakfast cup,Villeroy & Boch,Porcelain – Beverage Service,£15.06,,https://static.wixstatic.com/media/042ed7_f1ec7cd9f8374160b3dc0ac04c30f627~mv2.png,,DE,69111000,4104,1240,Mariefleur Gris Basic,6,271,455,280,87,Breakfast cup,1041041240,16.84,250g,142x111x70,4003686188778,360,4057743008028,Porcelain,0.42,,,,,,,,Mariefleur
10-3460-1240,Breakfast cup,Villeroy & Boch,Porcelain – Beverage Service,£13.32,,https://static.wixstatic.com/media/042ed7_d78ab5b5c9d54161827fd4c99a469662~mv2.png,,DE,69111000,3460,1240,New Cottage Basic,6,271,455,280,87,Breakfast cup,1034601240,14.89,250g,142x111x70,4003683454968,360,4057743006574,Porcelain,0.42,,,,,,,,New Cottage
10-2341-1240,Breakfast cup,Villeroy & Boch,Porcelain – Beverage Service,£15.64,,https://static.wixstatic.com/media/042ed7_ba00d7ccd3e646de89772028d0824a44~mv2.png,,DE,69111000,2341,1240,Old Luxembourg,6,163,320,215,95,Breakfast cup,1023411240,17.49,192g,117x94x77,5450102072033,588,4057743004495,Porcelain,0.32,,,,,,,,Vieux Luxembourg
10-2395-1240,Breakfast cup,Villeroy & Boch,Porcelain – Beverage Service,£15.64,,https://static.wixstatic.com/media/042ed7_b47d09089b9444eeaacc86287cdcf261~mv2.png,,DE,69111000,2395,1240,Petite Fleur,6,163,320,215,95,Breakfast cup,1023951240,17.49,225g,128x102x73,5450102063888,588,4057743004730,Porcelain,0.36,,,,,,,,Petite Fleur
10-4389-1240,Breakfast cup,Villeroy & Boch,Porcelain – Beverage Service,£17.39,,https://static.wixstatic.com/media/042ed7_9e9c26df3cce47fba9f454c586082c76~mv2.png,,DE,69111000,4389,1240,White Pearl,6,271,455,280,87,Breakfast cup,1043891240,19.44,175g,144x114x71,4003683496715,360,4057743011448,Porcelain,0.44,,,,,,,,White Pearl
14-8585-7281,"Breakfast for 2 red, set 6pcs",Villeroy & Boch,Decoration & Gifts – Crockery,£96.15,,https://static.wixstatic.com/media/042ed7_ca1b4697612849f78f607cfeda825efd~mv2.png,,CN,69111000,8585,7281,Toy's Delight,1,545,355,250,140,"Breakfast for 2 red, set 6pcs",1485857281,107.51,2570g,360x250x140,4003686180215,54,,Decoration & Gifts,,,,,,,,,Toy's Delight
14-8585-7282,"Breakfast for 2 white, set 6pcs",Villeroy & Boch,Decoration & Gifts – Crockery,£96.15,,https://static.wixstatic.com/media/042ed7_5be7050f37b94819aebfcd6945f45c54~mv2.png,,CN,69111000,8585,7282,Toy's Delight,1,565,355,255,150,"Breakfast for 2 white, set 6pcs",1485857282,107.51,2250g,360x250x140,4003686186521,54,,Decoration & Gifts,,,,,,,,,Toy's Delight
14-8638-7281,"Breakfast for 2, 6pcs.",Villeroy & Boch,Decoration & Gifts – Crockery,£86.62,,https://static.wixstatic.com/media/042ed7_7b5eddfcc0924a3fa494a06c84f1a4f0~mv2.png,,CN,69111000,8638,7281,Spring Awakening,1,565,355,255,150,"Breakfast for 2, 6pcs.",1486387281,96.85,2265g,,4003686409460,45,,Decoration & Gifts,,,,,,,,,Spring Awakening
10-1689-6153,Breakfast plate Be Happy,Villeroy & Boch,Porcelain – Crockery,£7.50,,https://static.wixstatic.com/media/042ed7_1764a4cb5b344da790ad8746dabf0357~mv2.png,,DE,69111000,1689,6153,With Love,6,222,250,250,95,Breakfast plate Be Happy,1016896153,8.39,380g,212x212x24,4003686447028,576,4057743190389,Porcelain,,,,,NEW,,,,With Love
10-1689-6151,Breakfast plate Good Luck,Villeroy & Boch,Porcelain – Crockery,£7.50,,https://static.wixstatic.com/media/042ed7_63e7c76b4659422cb44ca551c17d3b3d~mv2.png,,DE,69111000,1689,6151,With Love,6,222,250,250,95,Breakfast plate Good Luck,1016896151,8.39,380g,212x212x24,4003686447004,576,4057743190365,Porcelain,,,,,NEW,,,,With Love
10-1689-6152,Breakfast plate Happy Birthday,Villeroy & Boch,Porcelain – Crockery,£7.50,,https://static.wixstatic.com/media/042ed7_3b5c63a3721046218fbfda6e9cf110f8~mv2.png,,DE,69111000,1689,6152,With Love,6,222,250,250,95,Breakfast plate Happy Birthday,1016896152,8.39,380g,212x212x24,4003686447011,576,4057743190372,Porcelain,,,,,NEW,,,,With Love
10-1689-6154,Breakfast plate Hello Sunshine,Villeroy & Boch,Porcelain – Crockery,£7.50,,https://static.wixstatic.com/media/042ed7_17765302b6c8406eb0ddd9b9b9f911d0~mv2.png,,DE,69111000,1689,6154,With Love,6,222,250,250,95,Breakfast plate Hello Sunshine,1016896154,8.39,380g,212x212x24,4003686447035,576,4057743190396,Porcelain,,,,,NEW,,,,With Love
10-1689-6150,Breakfast plate Sending Love,Villeroy & Boch,Porcelain – Crockery,£7.50,,https://static.wixstatic.com/media/042ed7_efec3f55f1b54ed8821ef61acf512259~mv2.png,,DE,69111000,1689,6150,With Love,6,222,250,250,95,Breakfast plate Sending Love,1016896150,8.39,380g,212x212x24,4003686446991,576,4057743190358,Porcelain,,,,,NEW,,,,With Love
14-8676-7281,"Breakfast set for 2, 6 pieces",Villeroy & Boch,Decoration & Gifts – Crockery,£80.81,,https://static.wixstatic.com/media/042ed7_8f06a9746fd94c4dbdef3b8eb18552ca~mv2.png,,ID,69111000,8676,7281,Easter Delight,1,1,355,255,150,"Breakfast set for 2, 6 pieces",1486767281,90.35,2622g,,4003686457959,,,Decoration & Gifts,,,,,NEW,,,,Easter Delight
10-4153-7041,Breakfast-Set 2 pers.,Villeroy & Boch,Porcelain – Crockery,£63.37,,https://static.wixstatic.com/media/042ed7_f250fb5579584e3ab7dc7f61b5c7f6cb~mv2.png,,DE,69111000,4153,7041,For Me,1,839,348,197,324,Breakfast-Set 2 pers.,1041537041,70.85,1914g,348x197x324,4003686279605,24,,Porcelain,,,,,,,,,For Me
19-5174-2641,Breakfast/dessert plate,Villeroy & Boch,Hospitality – Crockery,£8.79,,https://static.wixstatic.com/media/042ed7_6f8709f9393841f8ae5b003611f26267~mv2.png,,DE,69111000,5174,2641,Perlemor Alga,6,222,250,250,95,Breakfast/dessert plate,1951742641,9.83,395g,200x200x30,4003686450639,576,4057743193168,,,Perlemor Alga,Perlemor Alga,Novelties 2025,NEW,,,,Perlemor
19-5172-2641,Breakfast/dessert plate,Villeroy & Boch,Hospitality – Crockery,£8.79,,https://static.wixstatic.com/media/042ed7_ee710d5079af42558001cd82dfd1abff~mv2.png,,DE,69111000,5172,2641,Perlemor Sand,6,222,250,250,95,Breakfast/dessert plate,1951722641,9.83,395g,200x200x30,4003686450608,576,4057743193137,,,Perlemor Sand,Perlemor Sand,Novelties 2025,NEW,,,,Perlemor
10-4550-2651,Breakfast/dessert plate,Villeroy & Boch,Porcelain – Crockery,£11.57,,https://static.wixstatic.com/media/042ed7_42d71e958ecd4814bb96c55bd0a6df78~mv2.png,,DE,69111000,4550,2651,Fleur vert,6,222,250,250,95,Breakfast/dessert plate,1045502651,12.94,380g,212x212x24,4003686450561,576,4057743195025,Porcelain,,,,,NEW,,,,Fleur
10-4551-2651,Breakfast/dessert plate,Villeroy & Boch,Porcelain – Crockery,£11.57,,https://static.wixstatic.com/media/042ed7_c5947d43379b46e2a1e284cc553391bf~mv2.png,,DE,69111000,4551,2651,Fleur bleu,6,222,250,250,95,Breakfast/dessert plate,1045512651,12.94,380g,212x212x24,4003686451414,576,4057743194066,Porcelain,,,,,NEW,,,,Fleur
10-4552-2651,Breakfast/dessert plate,Villeroy & Boch,Porcelain – Crockery,£11.57,,https://static.wixstatic.com/media/042ed7_23ce7935c40f470cb358b4d836c35f8f~mv2.png,,DE,69111000,4552,2651,Fleur soleil,6,222,250,250,95,Breakfast/dessert plate,1045522651,12.94,380g,212x212x24,4003686451438,576,4057743194080,Porcelain,,,,,NEW,,,,Fleur
10-4553-2651,Breakfast/dessert plate,Villeroy & Boch,Porcelain – Crockery,£11.57,,https://static.wixstatic.com/media/042ed7_8943e733834e47f48f021555001d7a68~mv2.png,,DE,69111000,4553,2651,Fleur cassis,6,222,250,250,95,Breakfast/dessert plate,1045532651,12.94,380g,212x212x24,4003686451452,576,4057743195100,Porcelain,,,,,NEW,,,,Fleur
14-8676-2640,Breakfast/dessert plate,Villeroy & Boch,Decoration & Gifts – Crockery,£13.32,,https://static.wixstatic.com/media/042ed7_ba332a84f71644a79bb541be886d941c~mv2.png,,ID,69111000,8676,2640,Easter Delight,6,1,250,250,95,Breakfast/dessert plate,1486762640,14.89,480g,219x219x24,4003686457850,,4057743197920,Decoration & Gifts,,,,,NEW,,,,Easter Delight
10-1690-2640,Breakfast/dessert plate,Villeroy & Boch,Porcelain – Crockery,£20.29,,https://static.wixstatic.com/media/042ed7_85e191bd1e214f4aadf61a567ff3c35c~mv2.png,,DE,69111000,1690,2640,Memphis Collection,4,226,240,240,125,Breakfast/dessert plate,1016902640,22.69,540g,210x210x29,4003686449640,324,4057743190778,Porcelain,,,,,NEW,,,,Memphis
14-8643-2645,Breakfast/dessert plate,Villeroy & Boch,Decoration & Gifts – Crockery,£15.06,,https://static.wixstatic.com/media/042ed7_f8be6e994f714265870b5490c67902a0~mv2.png,,DE,69111000,8643,2645,Toy's Delight Specials,6,191,225,225,75,Breakfast/dessert plate,1486432645,16.84,350g,215x215x21,4003686446762,,4057743189765,Decoration & Gifts,,,,,,,,,Toy's Delight
14-8643-2700,"Breakfast/dessert plate, red",Villeroy & Boch,Decoration & Gifts – Crockery,£16.22,,https://static.wixstatic.com/media/042ed7_11966999f1784856bc996f2743183b0b~mv2.png,,DE,69111000,8643,2700,Toy's Delight Specials,6,222,250,250,95,"Breakfast/dessert plate, red",1486432700,18.14,450g,230x230x45,4003686446786,,4057743189772,Decoration & Gifts,0.62,,,,,,,,Toy's Delight
10-4653-2680,Buffet plate,Villeroy & Boch,Hospitality – Buffet & Display,£28.32,,,,DE,69111000,4653,2680,Anmut Gold,3,127,310,310,55,Buffet plate,1046532680,31.67,850g,310x310x20,4003686440845,384,4057743186511,,,Anmut Gold,Anmut Gold,Novelties 2023,,,,,Anmut
10-4636-2680,Buffet plate,Villeroy & Boch,Hospitality – Buffet & Display,£26.06,,,,DE,69111000,4636,2680,Anmut Platinum No.1,3,127,310,310,55,Buffet plate,1046362680,29.13,850g,310x310x20,4003686440906,384,4057743186573,,,Anmut Platinum No.1,Anmut Platinum No.1,Novelties 2023,,,,,Anmut
10-4392-2680,Buffet plate,Villeroy & Boch,Hospitality – Buffet & Display,£49.10,,https://static.wixstatic.com/media/042ed7_84bc3dd0a1814ce18241a33b084f7830~mv2.png,,DE,69111000,4392,2680,Gray Pearl,1,212,350,350,20,Buffet plate,1043922680,54.9,850g,300x300x17,4003683201425,196,,,,Gray Pearl,Gray Pearl,Gray Pearl,,,,,Gray Pearl
10-4390-2680,Buffet plate,Villeroy & Boch,Hospitality – Buffet & Display,£59.06,,https://static.wixstatic.com/media/042ed7_e5138b3395ec428295bf12639d6a3a01~mv2.png,,DE,69111000,4390,2680,Ivoire,1,126,357,357,23,Buffet plate,1043902680,66.04,850g,300x300x17,4003686132290,196,,,,Ivoire,Ivoire,Ivoire,,,,,Ivoire
10-4652-2680,Buffet plate,Villeroy & Boch,Hospitality – Buffet & Display,£46.69,,,,DE,69111000,4652,2680,MetroChic,3,127,310,310,55,Buffet plate,1046522680,52.21,850g,310x310x20,4003686440951,384,4057743186627,,,MetroChic,MetroChic,Novelties 2024,,,,,MetroChic
16-3272-2680,Buffet plate,Villeroy & Boch,Hospitality – Buffet & Display,£22.98,,,,DE,69111000,3272,2680,Stella Hotel,3,120,310,310,52,Buffet plate,1632722680,25.69,850g,310x310x20,5450102384112,384,4057743032412,,,Stella Hotel,Stella Hotel,Stella Hotel,,Yes,,,Stella
16-4008-2680,Buffet plate,Villeroy & Boch,Hospitality – Buffet & Display,£29.46,,,,DE,69111000,4008,2680,Stella Vogue,3,120,310,310,52,Buffet plate,1640082680,32.93,850g,310x310x20,5450523077792,384,4057743074221,,,Stella Vogue,Stella Vogue,Novelties 2017,,,,,Stella
10-3514-2680,Buffet plate,Villeroy & Boch,Porcelain – Buffet & Display,£58.08,,https://static.wixstatic.com/media/042ed7_a84aacc9dbb84890b57c9f4835040274~mv2.png,,DE,69111000,3514,2680,Amazonia,1,129,355,357,30,Buffet plate,1035142680,64.94,900g,350x350x24,4003686161573,196,,Porcelain,,,,,,,,,Amazonia
10-4381-2680,Buffet plate,Villeroy & Boch,Porcelain – Buffet & Display,£58.08,,https://static.wixstatic.com/media/042ed7_5757c425cba2491ea715e342410cf6e6~mv2.png,,DE,69111000,4381,2680,Amazonia Anmut,1,129,355,357,30,Buffet plate,1043812680,64.94,850g,309x309x17,4003686277748,196,,Porcelain,,,,,,,,,Amazonia
10-4545-2680,Buffet plate,Villeroy & Boch,Porcelain – Buffet & Display,£29.01,,https://static.wixstatic.com/media/042ed7_abfc687144ca401e897585642f6d5f2f~mv2.png,,DE,69111000,4545,2680,Anmut,1,126,355,357,30,Buffet plate,1045452680,32.44,850g,309x309x17,4003683226657,196,,Porcelain,,,,,,,,,Anmut
10-1067-2600,Buffet plate,Villeroy & Boch,Porcelain – Buffet & Display,£55.17,,https://static.wixstatic.com/media/042ed7_3baafc26d19c40fc9d2c3dbb4a54c8da~mv2.png,,DE,69111000,1067,2600,Audun Ferme,1,126,355,357,30,Buffet plate,1010672600,61.69,840g,307x307x18,4003683112134,196,,Porcelain,,,,,,,,,Audun
11-7299-0794,Buffet plate,Villeroy & Boch,Glass – Buffet & Display,£17.39,,https://static.wixstatic.com/media/042ed7_153136bbdcb647189e8599908728f4ca~mv2.png,,DE,70134999,7299,0794,Boston,2,176,337,330,50,Buffet plate,1172990794,19.44,1165g,320x320x21,4003686388987,252,4057743166858,Glass,,,,,,,,,Boston
10-4600-2680,Buffet plate,Villeroy & Boch,Porcelain – Buffet & Display,£39.48,,https://static.wixstatic.com/media/042ed7_e3b3985809a649ed8096b7e3be206d2c~mv2.png,,DE,69111000,4600,2680,Cellini,1,126,355,357,30,Buffet plate,1046002680,44.14,845g,307x307x20,4003686135673,196,,Porcelain,,,,,,,,,Cellini
14-8663-2680,Buffet plate,Villeroy & Boch,Decoration & Gifts – Buffet & Display,£23.78,,https://static.wixstatic.com/media/042ed7_8ce0e827940f43519df994cd43dab41c~mv2.png,,DE,69111000,8663,2680,Colourful Spring,1,138,360,355,30,Buffet plate,1486632680,26.59,850g,319x319x20,4003686357037,196,,Decoration & Gifts,,,,,,,,,Colourful Spring
10-4153-2680,Buffet plate,Villeroy & Boch,Porcelain – Buffet & Display,£23.20,,https://static.wixstatic.com/media/042ed7_b665b474e5b6439ca57a72c31c84d0fd~mv2.png,,DE,69111000,4153,2680,For Me,1,138,360,355,30,Buffet plate,1041532680,25.94,850g,319x319x20,4003686259409,196,,Porcelain,,,,,,,,,For Me
10-2341-2680,Buffet plate,Villeroy & Boch,Porcelain – Buffet & Display,£24.36,,https://static.wixstatic.com/media/042ed7_c0503d4c2fd840f79a9fa4742dc76db2~mv2.png,,DE,69111000,2341,2680,Old Luxembourg,3,120,310,310,52,Buffet plate,1023412680,27.24,785g,307x307x18,5450102286225,384,4057743004686,Porcelain,,,,,,,,,Vieux Luxembourg
10-4412-2680,Buffet plate,Villeroy & Boch,Porcelain – Buffet & Display,£26.11,,https://static.wixstatic.com/media/042ed7_2fa3a4b62c92419da767c3359e88d014~mv2.png,,DE,69111000,4412,2680,Royal,1,126,355,357,30,Buffet plate,1044122680,29.19,850g,309x309x17,4003686140301,196,,Porcelain,,,,,,,,,Royal
14-8585-2680,Buffet plate,Villeroy & Boch,Decoration & Gifts – Buffet & Display,£29.01,,https://static.wixstatic.com/media/042ed7_ce319916692b4bf58f857ac0526005df~mv2.png,,CN,69111000,8585,2680,Toy's Delight,1,280,370,365,70,Buffet plate,1485852680,32.44,1090g,345x345x23,4003683490461,60,,Decoration & Gifts,,,,,,,,,Toy's Delight
14-8658-2680,Buffet plate,Villeroy & Boch,Decoration & Gifts – Buffet & Display,£29.01,,https://static.wixstatic.com/media/042ed7_0ca0d8793e5a4978a80d1ffd9e38476c~mv2.png,,DE,69111000,8658,2680,Toy's Delight Royal Classic,1,138,360,355,30,Buffet plate,1486582680,32.44,1090g,337x337x22,4003686328662,196,,Decoration & Gifts,,,,,,,,,Toy's Delight Royal Classic
11-7309-0804,Buffet plate blue,Villeroy & Boch,Glass – Buffet & Display,£20.29,,https://static.wixstatic.com/media/042ed7_7336c025b8fa49269d8a44dd7d805c58~mv2.png,,DE,70134999,7309,0804,Boston coloured,2,206,320,320,50,Buffet plate blue,1173090804,22.69,1160g,320x320x21,4003686388383,208,4057743166810,Glass,,,,,,,,,Boston
11-7309-0803,Buffet plate green,Villeroy & Boch,Glass – Buffet & Display,£20.29,,https://static.wixstatic.com/media/042ed7_5bc24d831e6845e5b25f3752d3bb2479~mv2.png,,DE,70134999,7309,0803,Boston coloured,2,206,320,320,50,Buffet plate green,1173090803,22.69,1160g,320x320x21,4003686388390,208,4057743166803,Glass,,,,,,,,,Boston
10-4389-2680,Buffet-/Gourmet plate,Villeroy & Boch,Porcelain – Buffet & Display,£29.01,,https://static.wixstatic.com/media/042ed7_2e6555b5488340d18bedbfd7a87b98d2~mv2.png,,DE,69111000,4389,2680,White Pearl,1,138,360,355,30,Buffet-/Gourmet plate,1043892680,32.44,850g,306x306x17,4003683496791,196,,Porcelain,,,,,,,,,White Pearl
16-6621-0021,Burgundy wine goblet,Villeroy & Boch,Hospitality – Wine,£4.85,,,,SK,70132890,6621,0021,La Divina,6,253,315,225,272,Burgundy wine goblet,1666210021,5.42,205g,109x109x243,5450523017316,180,4057743054810,,0.72,La Divina,La Divina,,,Yes,,,La Divina
11-3731-8170,Burgundy wine goblet,Villeroy & Boch,Hospitality – Wine,£19.37,,https://static.wixstatic.com/media/042ed7_1e50b74df23f4d01ad647e21a951df1a~mv2.png,,SK,70132890,3731,8170,Maxima,1,260,220,220,240,Burgundy wine goblet,1137318170,21.66,1015g,111x111x225,4003686427105,45,,,0.79,Maxima,Maxima,Maxima,,,,"Set 4pcs. Orders only by 4 pieces, prices per set",Maxima
14-8676-1860,Butter dish,Villeroy & Boch,Decoration & Gifts – Crockery,£29.01,,https://static.wixstatic.com/media/042ed7_174d0b0423994839a7b814356d48ee41~mv2.png,,ID,69111000,8676,1860,Easter Delight,1,1,178,165,120,Butter dish,1486761860,32.44,963g,185x158x87,4003686457904,,,Decoration & Gifts,,,,,NEW,,,,Easter Delight
14-8585-1861,Butter dish,Villeroy & Boch,Decoration & Gifts – Crockery,£29.01,,https://static.wixstatic.com/media/042ed7_c1284eeec1b3454d94d1d374e7398047~mv2.png,,CN,69111000,8585,1861,Toy's Delight,1,200,215,175,110,Butter dish,1485851861,32.44,685g,189x159x114,4003686440371,96,,Decoration & Gifts,,,,,,,,,Toy's Delight
16-3293-3970,Butter plate,Villeroy & Boch,Hospitality – Crockery,£4.15,,,,DE,69111000,3293,3970,Dune,6,115,155,155,86,Butter plate,1632933970,4.64,72g,100x100x20,5450523001544,1890,4057743034447,,0.06,Dune,Dune,,,Yes,Big Buffet,,Dune
12-6264-1101,Butter spreader,Villeroy & Boch,Cutlery – Cutlery,£9.83,,https://static.wixstatic.com/media/042ed7_d7d54e60b44942988785ab6ab845a4ad~mv2.png,,VN,82159910,6264,1101,Piemont,1,2,170,30,10,Butter spreader,1262641101,10.99,45g,171x14x7,4011417054841,1200,,Cutlery,,,,,,,,,Piemont
10-4100-1800,Butterdish,Villeroy & Boch,Porcelain – Crockery,£31.92,,https://static.wixstatic.com/media/042ed7_d185bf6e6c874e78a63aa713ce48c809~mv2.png,,DE,69111000,4100,1800,Mariefleur Basic,1,115,155,155,86,Butterdish,1041001800,35.69,519g,148x123x64,4003686449435,0,,Porcelain,,,,,,,,,Mariefleur
14-8332-3522,Cabaret Nostalgia,Villeroy & Boch,Decoration & Gifts,£138.94,,https://static.wixstatic.com/media/042ed7_c3071f1139244fe1a35bc2ccf8602106~mv2.png,,CN,69111000,8332,3522,Toy's Fantasy,1,675,440,450,235,Cabaret Nostalgia,1483323522,155.35,2700g,380x380x190,4003686392649,9,,Decoration & Gifts,,,,,,,,,Toy's Fantasy
10-2484-1210,Café au lait cup,Villeroy & Boch,Hospitality – Beverage Service,£11.24,,https://static.wixstatic.com/media/042ed7_c39a34ce3cd9410396465cdb666ba248~mv2.png,,DE,69111000,2484,1210,NewWave Caffè,6,276,390,280,123,Café au lait cup,1024841210,12.57,268g,152x118x102,4003683249991,288,4057743005171,,0.38,NewWave Caffe,NewWave Caffe,NewWave Caffè,,,,,NewWave
12-6564-9600,Cake fork set of 6,Villeroy & Boch,Cutlery – Cutlery,£29.01,,https://static.wixstatic.com/media/042ed7_b64f1a1eb0ea4fbe8b454ba0bfb8355e~mv2.png,,ID,82159910,6564,9600,Toy's Delight,1,95,250,185,25,Cake fork set of 6,1265649600,32.44,195g,158x23x19,4003686450165,0,,Cutlery,,,,,NEW,,,,Toy's Delight
12-6243-1880,Cake knife,Villeroy & Boch,Cutlery – Cutlery,£34.83,,https://static.wixstatic.com/media/042ed7_b2bef100d082402ca89438368c11e2a8~mv2.png,,ID,82159910,6243,1880,Kreuzband-Septfontaines,1,1,270,50,30,Cake knife,1262431880,38.94,118g,262x35x12,4011417045436,480,,Cutlery,,,,,,,,,Kreuzband Septfontaines
12-6264-1880,Cake knife,Villeroy & Boch,Cutlery – Cutlery,£23.20,,https://static.wixstatic.com/media/042ed7_5116d158d3cc43b38cbcd40b4c1ca18e~mv2.png,,VN,82159910,6264,1880,Piemont,1,2,270,40,5,Cake knife,1262641880,25.94,75g,245x35x7,4011417054872,3456,,Cutlery,,,,,,,,,Piemont
10-4652-2200,Cake plate,Villeroy & Boch,Hospitality – Crockery,£85.54,,https://static.wixstatic.com/media/042ed7_4189d5d4effe4fa3a5ced78436cae333~mv2.png,,DE,69111000,4652,2200,MetroChic,1,141,360,355,30,Cake plate,1046522200,95.64,960g,330x330x20,4003686362901,196,,,,MetroChic,MetroChic,MetroChic,,,,,MetroChic
10-4654-2595,Cake plate,Villeroy & Boch,Hospitality – Crockery,£21.97,,https://static.wixstatic.com/media/042ed7_85454203f3574ca680a441c8c7f20c3d~mv2.png,,DE,69111000,4654,2595,MetroChic blanc,1,138,360,355,30,Cake plate,1046542595,24.56,960g,330x330x20,4003686376410,196,,,,MetroChic blanc,MetroChic blanc,MetroChic blanc,,,,,MetroChic
10-4655-2200,Cake plate,Villeroy & Boch,Porcelain – Crockery,£58.08,,https://static.wixstatic.com/media/042ed7_12b304fdee28408980b89a9b26e0534f~mv2.png,,DE,69111000,4655,2200,Avarua,1,141,360,355,30,Cake plate,1046552200,64.94,960g,330x330x18,4003686393714,196,,Porcelain,,,,,,,,,Avarua
14-8630-2250,Cake plate,Villeroy & Boch,Porcelain – Crockery,£48.78,,https://static.wixstatic.com/media/042ed7_c2dc355c537444dea33f915a7e4ef6e2~mv2.png,,DE,69111000,8630,2250,Charm & Breakfast Design Naif,1,126,355,357,30,Cake plate,1486302250,54.54,900g,295x295x15,4003686208865,196,,Porcelain,,,,,,,,,Design Naif
14-8638-2200,Cake plate,Villeroy & Boch,Decoration & Gifts – Crockery,£35.99,,https://static.wixstatic.com/media/042ed7_7e673892687d4faf85d166f8edc8e4f6~mv2.png,,CN,69111000,8638,2200,Spring Awakening,1,192,330,330,28,Cake plate,1486382200,40.24,1240g,326x326x20,4003686325517,112,,Decoration & Gifts,,,,,,,,,Spring Awakening
14-8585-2200,Cake plate,Villeroy & Boch,Decoration & Gifts – Crockery,£40.64,,https://static.wixstatic.com/media/042ed7_d9d4a5829a004fee9328a4855f2defcd~mv2.png,,CN,69111000,8585,2200,Toy's Delight,1,210,340,340,25,Cake plate,1485852200,45.44,1020g,330x330x17,4003683497217,200,,Decoration & Gifts,,,,,,,,,Toy's Delight
14-8585-2220,Cake plate rectangular,Villeroy & Boch,Decoration & Gifts – Crockery,£34.83,,https://static.wixstatic.com/media/042ed7_c0fba1f0d33248b787eab82a54a002a0~mv2.png,,CN,69111000,8585,2220,Toy's Delight,1,165,400,170,30,Cake plate rectangular,1485852220,38.94,820g,385x155x25,4003686393028,300,,Decoration & Gifts,,,,,,,,,Toy's Delight
14-8612-2797,Cake plate rectangular,Villeroy & Boch,Decoration & Gifts – Crockery,£46.45,,https://static.wixstatic.com/media/042ed7_bc5bcf626a6145669b98fbfb9820b668~mv2.png,,ID,69111000,8612,2797,Winter Bakery Delight,1,171,425,210,70,Cake plate rectangular,1486122797,51.94,1150g,397x173x29,4003686289055,92,,Decoration & Gifts,,,,,,,,,Winter Bakery Delight
12-6564-1870,Cake slice,Villeroy & Boch,Cutlery – Utensils & Tools,£17.39,,https://static.wixstatic.com/media/042ed7_eab7bdfae3cd433c995c1ea3c21f67aa~mv2.png,,ID,82159910,6564,1870,Toy's Delight,1,35,230,50,20,Cake slice,1265641870,19.44,65g,235x53x25,4003686450158,0,,Cutlery,,,,,NEW,,,,Toy's Delight
10-1375-7880,Cake stand,Villeroy & Boch,Porcelain – Buffet & Display,£74.99,,https://static.wixstatic.com/media/042ed7_37fdb82537434b80b8765c6008e78a88~mv2.png,,IN,68029100,1375,7880,Manufacture Travertine,1,1170,290,290,70,Cake stand,1013757880,83.85,1855g,245x245x225,4003686440340,0,,Porcelain,,,,,NEW,,,,Manufacture Travertine
14-8676-2200,Cake/tart plate,Villeroy & Boch,Decoration & Gifts – Crockery,£46.45,,https://static.wixstatic.com/media/042ed7_0498373a40fc4aea845547379d01071a~mv2.png,,ID,69111000,8676,2200,Easter Delight,1,1,335,335,97,Cake/tart plate,1486762200,51.94,1452g,317x317x103,4003686457911,,,Decoration & Gifts,,,,,NEW,,,,Easter Delight
35-9391-0067,Calendar Girl,Villeroy & Boch,Decoration & Gifts,£26.11,,https://static.wixstatic.com/media/042ed7_20aaf36fce1a4c5e9ac711ccfc8de1a0~mv2.png,,CN,39264000,9391,0067,Winter Collage Accessoires,1,65,165,120,260,Calendar Girl,3593910067,29.19,695g,125x80x225,4003686406254,114,,Decoration & Gifts,,,,,,,,,Winter Collage Accessoires
11-7336-0860,Candleholder 2 in 1,Villeroy & Boch,Decoration & Gifts,£4.02,,https://static.wixstatic.com/media/042ed7_9e22433f607a45ff9e5c5046901eaf10~mv2.png,,CN,94055000,7336,0860,Fleur,6,240,225,140,85,Candleholder 2 in 1,1173360860,4.49,210g,63x63x45,4003686446540,0,4057743191867,Decoration & Gifts,,,,,NEW,,,,Fleur
11-7337-0860,Candleholder 2 in 1,Villeroy & Boch,Decoration & Gifts,£4.02,,https://static.wixstatic.com/media/042ed7_4e71a557543b4ebb8c5754be4962b72a~mv2.png,,CN,94055000,7337,0860,Fleur Vert,6,240,225,140,85,Candleholder 2 in 1,1173370860,4.49,210g,63x63x45,4003686446557,0,4057743191874,Decoration & Gifts,,,,,NEW,,,,Fleur
11-7338-0860,Candleholder 2 in 1,Villeroy & Boch,Decoration & Gifts,£4.02,,https://static.wixstatic.com/media/042ed7_11fcce29ef0344c8a50de9adb4e243b9~mv2.png,,CN,94055000,7338,0860,Fleur Bleu,6,240,225,140,85,Candleholder 2 in 1,1173380860,4.49,210g,63x63x45,4003686446564,0,4057743191881,Decoration & Gifts,,,,,NEW,,,,Fleur
14-8671-3967,Candleholder U-shape,Villeroy & Boch,Decoration & Gifts,£21.46,,https://static.wixstatic.com/media/042ed7_a064a5c64f4e4085862c27b35aa701fb~mv2.png,,CN,94055000,8671,3967,Winter Glow,1,145,290,195,79,Candleholder U-shape,1486713967,23.99,615g,230x84x203,4003686430501,120,,Decoration & Gifts,,,,,Discontinued 30.06.2026,,,,Winter Glow
14-8671-3968,Candleholder donut,Villeroy & Boch,Decoration & Gifts,£9.25,,https://static.wixstatic.com/media/042ed7_f3936f6bfba444a0b8aa02952c204158~mv2.png,,CN,94055000,8671,3968,Winter Glow,6,330,220,210,100,Candleholder donut,1486713968,10.34,180g,91x91x55,4003686430495,720,4057743185156,Decoration & Gifts,,,,,Discontinued 30.06.2026,,,,Winter Glow
10-2484-1330,Cappuccino cup,Villeroy & Boch,Hospitality – Beverage Service,£10.11,,https://static.wixstatic.com/media/042ed7_cab7badc9ba54894abeeb330812d5736~mv2.png,,DE,69111000,2484,1330,NewWave Caffè,6,163,320,215,95,Cappuccino cup,1024841330,11.3,197g,125x95x85,4003683250003,588,4057743005188,,0.23,NewWave Caffe,NewWave Caffe,NewWave Caffè,,,,,NewWave
10-1621-8409,Cat Set 2pcs.,Villeroy & Boch,Decoration & Gifts,£11.57,,https://static.wixstatic.com/media/042ed7_1141e69ee8d146b9bd801ef3a2fa3474~mv2.png,,DE,69111000,1621,8409,Statement,1,56,230,85,110,Cat Set 2pcs.,1016218409,12.94,524g,115x80x104,4003686439382,287,,Decoration & Gifts,0.35,,,,,,,,Statement
16-2040-1905,Cereal bowl,Villeroy & Boch,Hospitality – Crockery,£4.90,,,,DE,69111000,2040,1905,Universal,6,119,200,200,115,Cereal bowl,1620401905,5.48,228g,160x160x45,5450102357741,774,4057743024011,,0.35,Universal,Universal,white,,Yes,Big Buffet,,Universal
10-4550-1900,Cereal bowl,Villeroy & Boch,Porcelain – Crockery,£13.32,,https://static.wixstatic.com/media/042ed7_f739b4dc2e044a1c8a54d2669fd70228~mv2.png,,DE,69111000,4550,1900,Fleur vert,4,104,160,160,180,Cereal bowl,1045501900,14.89,337g,141x141x71,4003686450776,0,4057743193281,Porcelain,0.64,,,,NEW,,,,Fleur
10-4551-1900,Cereal bowl,Villeroy & Boch,Porcelain – Crockery,£13.32,,https://static.wixstatic.com/media/042ed7_013813a57dbc445a920468f3c967e399~mv2.png,,DE,69111000,4551,1900,Fleur bleu,4,104,160,160,180,Cereal bowl,1045511900,14.89,337g,141x141x71,4003686450967,0,4057743193373,Porcelain,0.64,,,,NEW,,,,Fleur
10-4552-1900,Cereal bowl,Villeroy & Boch,Porcelain – Crockery,£13.32,,https://static.wixstatic.com/media/042ed7_658f9f496341439c8667ddc7429d684c~mv2.png,,DE,69111000,4552,1900,Fleur soleil,4,104,160,160,180,Cereal bowl,1045521900,14.89,337g,141x141x71,4003686451124,0,4057743193649,Porcelain,0.64,,,,NEW,,,,Fleur
10-4553-1900,Cereal bowl,Villeroy & Boch,Porcelain – Crockery,£13.32,,https://static.wixstatic.com/media/042ed7_8105f411b77c45c0950c3b436f0cb231~mv2.png,,DE,69111000,4553,1900,Fleur cassis,4,104,160,160,180,Cereal bowl,1045531900,14.89,337g,141x141x71,4003686451247,0,4057743193748,Porcelain,0.64,,,,NEW,,,,Fleur
14-8676-1900,Cereal bowl,Villeroy & Boch,Decoration & Gifts – Crockery,£14.48,,https://static.wixstatic.com/media/042ed7_7db8727d088745ae954a8194a6d41672~mv2.png,,ID,69111000,8676,1900,Easter Delight,1,1,180,180,75,Cereal bowl,1486761900,16.19,527g,173x173x72,4003686457942,,,Decoration & Gifts,0.87,,,,NEW,,,,Easter Delight
10-1690-1900,Cereal bowl,Villeroy & Boch,Porcelain – Crockery,£17.39,,https://static.wixstatic.com/media/042ed7_64331b3e17b34de3abe7e48580a5d6aa~mv2.png,,DE,69111000,1690,1900,Memphis Collection,6,312,460,280,95,Cereal bowl,1016901900,19.44,422g,140x140x78,4003686449619,360,4057743190747,Porcelain,0.52,,,,NEW,,,,Memphis
10-1689-6253,Cereal bowl Be Happy,Villeroy & Boch,Porcelain – Crockery,£8.67,,https://static.wixstatic.com/media/042ed7_2463989939894c6382dfcebc051ff338~mv2.png,,DE,69111000,1689,6253,With Love,4,121,190,190,170,Cereal bowl Be Happy,1016896253,9.69,470g,169x169x66,4003686447073,384,4057743190433,Porcelain,0.9,,,,NEW,,,,With Love
10-1689-6251,Cereal bowl Good Luck,Villeroy & Boch,Porcelain – Crockery,£8.67,,https://static.wixstatic.com/media/042ed7_8a2eca57301e423e9f38d67123fdc5c4~mv2.png,,DE,69111000,1689,6251,With Love,4,121,190,190,170,Cereal bowl Good Luck,1016896251,9.69,470g,169x169x66,4003686447059,384,4057743190419,Porcelain,0.9,,,,NEW,,,,With Love
10-1689-6252,Cereal bowl Happy Birthday,Villeroy & Boch,Porcelain – Crockery,£8.67,,https://static.wixstatic.com/media/042ed7_d4800eb61bbc424794cda71bf370201a~mv2.png,,DE,69111000,1689,6252,With Love,4,121,190,190,170,Cereal bowl Happy Birthday,1016896252,9.69,470g,169x169x66,4003686447066,384,4057743190426,Porcelain,0.9,,,,NEW,,,,With Love
10-1689-6254,Cereal bowl Hello Sunshine,Villeroy & Boch,Porcelain – Crockery,£8.67,,https://static.wixstatic.com/media/042ed7_5715d8301c76410f9cc02e69a80a2fab~mv2.png,,DE,69111000,1689,6254,With Love,4,121,190,190,170,Cereal bowl Hello Sunshine,1016896254,9.69,470g,169x169x66,4003686447080,384,4057743190440,Porcelain,0.9,,,,NEW,,,,With Love
10-1689-6250,Cereal bowl Sending Love,Villeroy & Boch,Porcelain – Crockery,£8.67,,https://static.wixstatic.com/media/042ed7_1685c613f43546d58e9e3b689df4615b~mv2.png,,DE,69111000,1689,6250,With Love,4,121,190,190,170,Cereal bowl Sending Love,1016896250,9.69,470g,169x169x66,4003686447042,384,4057743190402,Porcelain,0.9,,,,NEW,,,,With Love
11-7299-0080,Champagne / dessert bowl,Villeroy & Boch,Hospitality – Champagne,£9.66,,https://static.wixstatic.com/media/042ed7_fdefeb35970345bdab781744742e2581~mv2.png,,DE,70132890,7299,0080,Boston,4,170,220,220,140,Champagne / dessert bowl,1172990080,10.79,350g,110x110x125,,360,,,0.39,Boston,Boston,Boston,,,,,Boston
11-7331-0080,Champagne / dessert bowl,Villeroy & Boch,Hospitality – Champagne,£11.16,,https://static.wixstatic.com/media/042ed7_f0d3ed857b9246658760a45ab366e350~mv2.png,,DE,70132890,7331,0080,Boston Berry,4,170,220,220,140,Champagne / dessert bowl,1173310080,12.48,355g,110x110x125,,360,,,0.398,Boston Berry,Boston Berry,Boston Berry,,,,,Boston
11-7309-0081,Champagne / dessert bowl blue,Villeroy & Boch,Hospitality – Champagne,£11.16,,https://static.wixstatic.com/media/042ed7_014d966f8dc24d538b6e71451e763960~mv2.png,,DE,70132890,7309,0081,Boston coloured,4,170,220,220,140,Champagne / dessert bowl blue,1173090081,12.48,355g,110x110x125,,360,,,0.39,Boston coloured,Boston coloured,Boston coloured,,,,,Boston
11-7309-0082,Champagne / dessert bowl green,Villeroy & Boch,Hospitality – Champagne,£11.16,,https://static.wixstatic.com/media/042ed7_5ac6a1bba34d4b98a4493e787f8c388c~mv2.png,,DE,70132890,7309,0082,Boston coloured,4,170,220,220,140,Champagne / dessert bowl green,1173090082,12.48,355g,110x110x125,,360,,,0.39,Boston coloured,Boston coloured,Boston coloured,,,,,Boston
11-7309-0080,Champagne / dessert bowl red,Villeroy & Boch,Hospitality – Champagne,£11.16,,https://static.wixstatic.com/media/042ed7_8974ebe1eb9b40348d7945caad2ab3c3~mv2.png,,DE,70132890,7309,0080,Boston coloured,4,170,220,220,140,Champagne / dessert bowl red,1173090080,12.48,355g,110x110x125,,360,,,0.39,Boston coloured,Boston coloured,Boston coloured,,,,,Boston
11-7309-0085,Champagne / dessert bowl smoke,Villeroy & Boch,Hospitality – Champagne,£11.16,,https://static.wixstatic.com/media/042ed7_45dca1594a8e4e7f8024fc85eb06e40a~mv2.png,,DE,70132890,7309,0085,Boston coloured,4,170,220,220,140,Champagne / dessert bowl smoke,1173090085,12.48,355g,110x110x125,,360,,,0.39,Boston coloured,Boston coloured,Boston coloured,,,,,Boston
11-3618-8187,Champagne bowl set 2pcs,Villeroy & Boch,Glass – Ice & Champagne,£58.08,,https://static.wixstatic.com/media/042ed7_314850eb7c804f93a5b96c8b4ca0f3b5~mv2.png,,TR,70132810,3618,8187,Grand Royal,1,175,245,125,193,Champagne bowl set 2pcs,1136188187,64.94,250g,120x120x190,4003686435933,108,,Glass,0.23,,,,,,,,Grand Royal
11-7299-0070,Champagne flute,Villeroy & Boch,Hospitality – Champagne,£7.30,,https://static.wixstatic.com/media/042ed7_78e9e91ee5394d6889a71d5003aa4e23~mv2.png,,DE,70132890,7299,0070,Boston,4,125,155,150,165,Champagne flute,1172990070,8.16,330g,70x70x165,4003683204723,640,4057743016474,,0.14,Boston,Boston,Boston,,,,,Boston
11-7331-0070,Champagne flute,Villeroy & Boch,Hospitality – Champagne,£9.66,,https://static.wixstatic.com/media/042ed7_ddbedb5102934f69ab46833c0c6e1690~mv2.png,,DE,70132890,7331,0070,Boston Berry,4,100,145,150,160,Champagne flute,1173310070,10.79,295g,70x70x165,,640,,,0.145,Boston Berry,Boston Berry,Boston Berry,,,,,Boston
11-7333-0070,Champagne flute,Villeroy & Boch,Hospitality – Champagne,£9.66,,https://static.wixstatic.com/media/042ed7_994ef6ec8dbd4f9ba2b9c3ee2d2787f6~mv2.png,,DE,70132890,7333,0070,Boston Pearl,4,108,145,145,186,Champagne flute,1173330070,10.79,305g,70x70x165,4003686448902,640,4057743191157,,0.145,Boston Pearl,Boston Pearl,Boston Pearl,,,,,Boston
11-7332-0070,Champagne flute,Villeroy & Boch,Hospitality – Champagne,£9.66,,https://static.wixstatic.com/media/042ed7_cfb98e5fdc6248bf956eb35df3832bd8~mv2.png,,DE,70132890,7332,0070,Boston Saffron,4,100,145,150,160,Champagne flute,1173320070,10.79,295g,70x70x165,,640,,,0.145,Boston Saffron,Boston Saffron,Boston Saffron,,,,,Boston
16-6621-0072,Champagne flute,Villeroy & Boch,Hospitality – Champagne,£4.85,,,,SK,70132890,6621,0072,La Divina,6,175,240,160,280,Champagne flute,1666210072,5.42,145g,71x71x251,5450523017354,396,4057743054834,,0.29,La Divina,La Divina,Novelties Autumn 2008,,Yes,,,La Divina
11-3731-8131,Champagne flute,Villeroy & Boch,Hospitality – Champagne,£19.37,,https://static.wixstatic.com/media/042ed7_ba4e0cc403164d519ec704bf83ad9e74~mv2.png,,SK,70132890,3731,8131,Maxima,1,180,155,160,270,Champagne flute,1137318131,21.66,615g,76x76x265,4003686427129,84,,,0.15,Maxima,Maxima,Maxima,,,,"Set 4pcs. Orders only by 4 pieces, prices per set",Maxima
11-7390-0070,Champagne flute,Villeroy & Boch,Glass – Champagne,£21.46,,https://static.wixstatic.com/media/042ed7_35d4ad78996646ac86b4af939f4e02f9~mv2.png,,DE,70132890,7390,0070,Octavie,4,110,145,145,220,Champagne flute,1173900070,23.99,186g,66x66x225,4003684022562,480,4057743062396,Glass,0.16,,,,,,,,Octavie
11-3801-8138,Champagne flute Set 2pcs,Villeroy & Boch,Glass – Champagne,£34.83,,https://static.wixstatic.com/media/042ed7_055e85f2cd8f4cfb8132bca923ce9b6a~mv2.png,,SK,70132890,3801,8138,MetroChic,1,160,170,85,285,Champagne flute Set 2pcs,1138018138,38.94,310g,80x80x270,4003686427495,189,,Glass,0.45,,,,,,,,MetroChic
11-7209-8130,Champagne flute Set 4pcs,Villeroy & Boch,Glass – Champagne,£24.36,,https://static.wixstatic.com/media/042ed7_06e9624f0ad14ca4a9a040af700b993f~mv2.png,,PL,70132890,7209,8130,Ovid,1,158,152,152,253,Champagne flute Set 4pcs,1172098130,27.24,680g,70x70x228,4003686285460,120,,Glass,0.25,,,,,,,,Ovid
11-7309-0071,Champagne flute blue,Villeroy & Boch,Hospitality – Champagne,£9.66,,https://static.wixstatic.com/media/042ed7_eaf1080add8c49a98def6c6ceab0e695~mv2.png,,DE,70132890,7309,0071,Boston coloured,4,100,145,150,160,Champagne flute blue,1173090071,10.79,295g,70x70x165,,640,,,0.14,Boston coloured,Boston coloured,Boston coloured,,,,,Boston
11-7309-0072,Champagne flute green,Villeroy & Boch,Hospitality – Champagne,£9.66,,https://static.wixstatic.com/media/042ed7_1bc3de6d653842119d664191d672c6cd~mv2.png,,DE,70132890,7309,0072,Boston coloured,4,99,150,150,170,Champagne flute green,1173090072,10.79,295g,70x70x165,,640,,,0.14,Boston coloured,Boston coloured,Boston coloured,,,,,Boston
11-7309-0070,Champagne flute red,Villeroy & Boch,Hospitality – Champagne,£9.66,,https://static.wixstatic.com/media/042ed7_ce6796c4fb1b4980964ee790876ecd07~mv2.png,,DE,70132890,7309,0070,Boston coloured,4,123,146,146,212,Champagne flute red,1173090070,10.79,295g,70x70x165,,640,,,0.14,Boston coloured,Boston coloured,Boston coloured,,,,,Boston
11-3618-8138,Champagne flute set 2pcs,Villeroy & Boch,Glass – Champagne,£58.08,,https://static.wixstatic.com/media/042ed7_9cd62fec12a94beab0457e88e6e19913~mv2.png,,TR,70132810,3618,8138,Grand Royal,1,110,260,175,80,Champagne flute set 2pcs,1136188138,64.94,450g,75x75x239,4003686435926,225,,Glass,0.23,,,,,,,,Grand Royal
11-3621-8138,Champagne flute set 2pcs,Villeroy & Boch,Glass – Champagne,£69.76,,https://static.wixstatic.com/media/042ed7_11c0b45c32ed4bea8adb33f987267ca4~mv2.png,,TR,70132810,3621,8138,Grand Royal Gold,1,102,160,75,245,Champagne flute set 2pcs,1136218138,78,490g,75x75x239,4003686435995,225,,Glass,0.23,,,,,,,,Grand Royal
11-7309-0075,Champagne flute smoke,Villeroy & Boch,Hospitality – Champagne,£9.66,,https://static.wixstatic.com/media/042ed7_245ef9a570e8409e8d69b8d97cb84357~mv2.png,,DE,70132890,7309,0075,Boston coloured,4,100,145,150,160,Champagne flute smoke,1173090075,10.79,277g,70x70x165,,640,,,0.14,Boston coloured,Boston coloured,Boston coloured,,,,,Boston
11-3776-8135,"Champagne flute, Set 2 pcs",Villeroy & Boch,Glass – Champagne,£17.39,,https://static.wixstatic.com/media/042ed7_b6603e338c244a23bd217e3df06800f0~mv2.png,,SK,70132890,3776,8135,Toy's Delight,1,105,150,75,245,"Champagne flute, Set 2 pcs",1137768135,19.44,315g,71x71x251,4003686413016,225,,Glass,0.29,,,,,,,,Toy's Delight
11-3799-8131,"Champagne flute, Set 4 pcs",Villeroy & Boch,Glass – Champagne,£29.01,,https://static.wixstatic.com/media/042ed7_70da919db4ab498ba8b8dbd8a9e78ed6~mv2.png,,SK,70132890,3799,8131,Manufacture Rock blanc,1,158,152,152,253,"Champagne flute, Set 4 pcs",1137998131,32.44,605g,71x71x251,4003686439467,105,,Glass,0.29,,,,,,,,Manufacture
11-3798-8131,"Champagne flute, Set 4 pcs",Villeroy & Boch,Glass – Champagne,£29.01,,https://static.wixstatic.com/media/042ed7_ac1f8b2a5daa4087a02d8680785eed51~mv2.png,,SK,70132890,3798,8131,Manufacture Rock Glass,1,158,152,152,253,"Champagne flute, Set 4 pcs",1137988131,32.44,640g,71x71x251,4003686402829,120,,Glass,0.29,,,,,,,,Manufacture
11-3653-8130,"Champagne flute, Set 4 pcs",Villeroy & Boch,Glass – Champagne,£29.01,,https://static.wixstatic.com/media/042ed7_0699caf2e97243699fe4698addf89452~mv2.png,,SK,70132890,3653,8130,NewMoon,1,123,130,130,250,"Champagne flute, Set 4 pcs",1136538130,32.44,500g,50x50x226,4003686390683,162,,Glass,0.16,,,,,,,,NewMoon
11-3725-8130,"Champagne flute, Set 4 pcs",Villeroy & Boch,Glass – Champagne,£29.01,,https://static.wixstatic.com/media/042ed7_362124857628458e8da21d1f238bbb9d~mv2.png,,SK,70132890,3725,8130,Rose Garden,1,164,164,164,261,"Champagne flute, Set 4 pcs",1137258130,32.44,600g,72x72x250,4003686420335,105,,Glass,0.28,,,,,,,,Rose Garden
11-3781-8130,"Champagne glass, set 4pcs",Villeroy & Boch,Hospitality – Champagne,£19.45,,https://static.wixstatic.com/media/042ed7_095ad9943c5943f7bb2e9d19419079b4~mv2.png,,SK,70132890,3781,8130,Purismo,1,158,152,152,253,"Champagne glass, set 4pcs",1137818130,21.75,640g,72x72x250,4003686455382,105,,,0.27,Purismo Spec.,Purismo Spec.,,,,,"Set 4pcs. Orders only by 4 pieces, prices per set",Purismo
14-8332-2211,Charger plate,Villeroy & Boch,Decoration & Gifts – Crockery,£52.27,,https://static.wixstatic.com/media/042ed7_ce83397475ea42f3bd61e0f62be7a2a5~mv2.png,,CN,69111000,8332,2211,Toy's Fantasy,1,185,365,245,45,Charger plate,1483322211,58.44,1052g,356x231x36,4003686410589,164,,Decoration & Gifts,1.2,,,,,,,,Toy's Fantasy
12-6400-1416,Cheese grater,Villeroy & Boch,Cutlery – Utensils & Tools,£18.55,,https://static.wixstatic.com/media/042ed7_ca6b8597506a458ca5b181dc1d30f67b~mv2.png,,ID,82055100,6400,1416,Kensington fromage,1,70,365,70,60,Cheese grater,1264001416,20.74,156g,246x70x28,4003686167315,640,,Cutlery,,,,,,,,,Kensington fromage
12-6400-1412,Cheese slice,Villeroy & Boch,Cutlery – Utensils & Tools,£18.55,,https://static.wixstatic.com/media/042ed7_06207e73728f4d01bdfafb98932c3479~mv2.png,,ID,82055100,6400,1412,Kensington fromage,1,46,265,80,30,Cheese slice,1264001412,20.74,125g,201x77x16,4003686167308,1120,,Cutlery,,,,,,,,,Kensington fromage
12-6530-2091,Children cutlery set 4pcs,Villeroy & Boch,Kids – Cutlery,£19.13,,https://static.wixstatic.com/media/042ed7_a2838db5f5204437a5f50d4a870c62bc~mv2.png,,VN,82152010,6530,2091,Happy as a Bear,1,107,214,150,24,Children cutlery set 4pcs,1265302091,21.39,200g,215x150x25,4003686361805,432,,Kids,,,,,,,,,Happy as a Bear
12-6531-2091,Children cutlery set 4pcs,Villeroy & Boch,Kids – Cutlery,£19.13,,https://static.wixstatic.com/media/042ed7_80ffbb351ab644e0ac713331c27c3cd1~mv2.png,,VN,82152010,6531,2091,Hungry as a Bear,1,107,214,150,24,Children cutlery set 4pcs,1265312091,21.39,200g,215x150x25,4003686361829,432,,Kids,,,,,,,,,Hungry as a Bear
12-6392-2091,Children cutlery set 4pcs,Villeroy & Boch,Kids – Cutlery,£17.39,,https://static.wixstatic.com/media/042ed7_c127108d4ed94afdbb0eda23fc639ab3~mv2.png,,VN,82152010,6392,2091,One,1,107,214,150,24,Children cutlery set 4pcs,1263922091,19.44,161g,215x150x25,4003686210585,672,,Kids,,,,,,,,,One
12-6534-2091,Children cutlery set 4pcs,Villeroy & Boch,Kids – Cutlery,£19.13,,https://static.wixstatic.com/media/042ed7_a40d0714eec64e158dcc9ca5cb667f88~mv2.png,,VN,82152010,6534,2091,Roar like a Lion,1,107,214,150,24,Children cutlery set 4pcs,1265342091,21.39,200g,215x150x25,4003686438941,0,,Kids,,,,,,,,,Roar like a Lion
12-6319-2091,Children cutlery set 4pcs,Villeroy & Boch,Kids – Cutlery,£23.20,,https://static.wixstatic.com/media/042ed7_7b5054d57b9543baa8291232840fa607~mv2.png,,VN,82152010,6319,2091,Teddy,1,100,215,150,25,Children cutlery set 4pcs,1263192091,25.94,185g,215x150x25,4011417070797,336,,Kids,,,,,,,,,Teddy
12-6535-2091,Children cutlery set 4pcs,Villeroy & Boch,Kids – Cutlery,£19.13,,https://static.wixstatic.com/media/042ed7_84f57c0042ad442fb176859455034958~mv2.png,,VN,82152010,6535,2091,Walk like an Elephant,1,107,214,150,24,Children cutlery set 4pcs,1265352091,21.39,200g,215x150x25,4003686438965,0,,Kids,,,,,,,,,Walk like an Elephant
14-8664-2752,Children deep plate,Villeroy & Boch,Kids – Crockery,£10.99,,https://static.wixstatic.com/media/042ed7_5e311229948e44e683ff6289cc1cb53c~mv2.png,,DE,69111000,8664,2752,Happy as a Bear,6,119,200,200,115,Children deep plate,1486642752,12.29,386g,187x187x45,4003686418080,774,4057743176611,Kids,0.7,,,,,,,,Happy as a Bear
14-8665-2752,Children deep plate,Villeroy & Boch,Kids – Crockery,£10.99,,https://static.wixstatic.com/media/042ed7_70b57f4678d1496baec2092410f8d996~mv2.png,,DE,69111000,8665,2752,Hungry as a Bear,6,119,200,200,115,Children deep plate,1486652752,12.29,386g,187x187x45,4003686418059,774,4057743176581,Kids,0.7,,,,,,,,Hungry as a Bear
14-8673-2752,Children deep plate,Villeroy & Boch,Kids – Crockery,£10.99,,https://static.wixstatic.com/media/042ed7_236515c31d0c4f50872f1f360ea5a41d~mv2.png,,DE,69111000,8673,2752,Roar like a Lion,6,119,200,200,115,Children deep plate,1486732752,12.29,386g,187x187x45,4003686439627,774,4057743185637,Kids,0.73,,,,,,,,Roar like a Lion
14-8674-2752,Children deep plate,Villeroy & Boch,Kids – Crockery,£10.99,,https://static.wixstatic.com/media/042ed7_c484b940f5d14c8a8a6095337272e660~mv2.png,,DE,69111000,8674,2752,Walk like an Elephant,6,119,200,200,115,Children deep plate,1486742752,12.29,386g,187x187x45,4003686439719,774,4057743185682,Kids,0.73,,,,,,,,Walk like an Elephant
14-8664-2640,Children flat plate,Villeroy & Boch,Kids – Crockery,£10.99,,https://static.wixstatic.com/media/042ed7_2c6173a5cacc4d109892db7cbbeada5c~mv2.png,,DE,69111000,8664,2640,Happy as a Bear,6,191,225,225,75,Children flat plate,1486642640,12.29,326g,215x215x16,4003686418073,900,4057743176604,Kids,,,,,,,,,Happy as a Bear
14-8665-2640,Children flat plate,Villeroy & Boch,Kids – Crockery,£10.99,,https://static.wixstatic.com/media/042ed7_d8568ede289146129f40a8b95718f400~mv2.png,,DE,69111000,8665,2640,Hungry as a Bear,6,191,225,225,75,Children flat plate,1486652640,12.29,326g,215x215x16,4003686418042,900,4057743176574,Kids,,,,,,,,,Hungry as a Bear
14-8673-2640,Children flat plate,Villeroy & Boch,Kids – Crockery,£10.99,,https://static.wixstatic.com/media/042ed7_ca1231bbccec4e3298d81409b1df7654~mv2.png,,DE,69111000,8673,2640,Roar like a Lion,6,191,225,225,75,Children flat plate,1486732640,12.29,326g,215x215x16,4003686439610,900,4057743185620,Kids,,,,,,,,,Roar like a Lion
14-8674-2640,Children flat plate,Villeroy & Boch,Kids – Crockery,£10.99,,https://static.wixstatic.com/media/042ed7_b5596fbb9d834676ba11a5ff041cb3ea~mv2.png,,DE,69111000,8674,2640,Walk like an Elephant,6,191,225,225,75,Children flat plate,1486742640,12.29,326g,215x215x16,4003686439702,900,4057743185675,Kids,,,,,,,,,Walk like an Elephant
14-8664-9651,Children mug with 1 handle large,Villeroy & Boch,Kids – Beverage Service,£10.41,,https://static.wixstatic.com/media/042ed7_23cbf4448cff4b3a98db466bfefb5a05~mv2.png,,DE,69111000,8664,9651,Happy as a Bear,6,196,320,220,115,Children mug with 1 handle large,1486649651,11.64,237g,113x81x97,4003686418097,456,4057743176628,Kids,0.34,,,,,,,,Happy as a Bear
14-8665-9651,Children mug with 1 handle large,Villeroy & Boch,Kids – Beverage Service,£10.41,,https://static.wixstatic.com/media/042ed7_57aa0e30ac904415808a968aa1086664~mv2.png,,DE,69111000,8665,9651,Hungry as a Bear,6,196,320,220,115,Children mug with 1 handle large,1486659651,11.64,237g,113x81x97,4003686418066,456,4057743176598,Kids,0.34,,,,,,,,Hungry as a Bear
14-8673-9651,Children mug with 1 handle large,Villeroy & Boch,Kids – Beverage Service,£10.41,,https://static.wixstatic.com/media/042ed7_16e720f4c63a468795258318bafe87f6~mv2.png,,DE,69111000,8673,9651,Roar like a Lion,6,196,320,220,115,Children mug with 1 handle large,1486739651,11.64,237g,113x81x97,4003686439641,456,4057743185651,Kids,0.34,,,,,,,,Roar like a Lion
14-8674-9651,Children mug with 1 handle large,Villeroy & Boch,Kids – Beverage Service,£10.41,,https://static.wixstatic.com/media/042ed7_b876ee666bf74a75b1d89880e2ec2804~mv2.png,,DE,69111000,8674,9651,Walk like an Elephant,6,196,320,220,115,Children mug with 1 handle large,1486749651,11.64,237g,113x81x97,4003686439733,456,4057743185705,Kids,0.34,,,,,,,,Walk like an Elephant
14-8664-4889,Children mug with 1 handle small,Villeroy & Boch,Kids – Beverage Service,£9.83,,https://static.wixstatic.com/media/042ed7_6b004890f6054c9a8e99bfbaee5e8d86~mv2.png,,DE,69111000,8664,4889,Happy as a Bear,6,174,320,215,80,Children mug with 1 handle small,1486644889,10.99,192g,110x82x70,4003686417687,708,4057743176710,Kids,0.25,,,,,,,,Happy as a Bear
14-8665-4889,Children mug with 1 handle small,Villeroy & Boch,Kids – Beverage Service,£9.83,,https://static.wixstatic.com/media/042ed7_72baf35d632849abaed9aa52174241fa~mv2.png,,DE,69111000,8665,4889,Hungry as a Bear,6,174,320,215,80,Children mug with 1 handle small,1486654889,10.99,192g,110x82x70,4003686417663,708,4057743176291,Kids,0.25,,,,,,,,Hungry as a Bear
14-8673-4889,Children mug with 1 handle small,Villeroy & Boch,Kids – Beverage Service,£9.83,,https://static.wixstatic.com/media/042ed7_0a88018def8f4a4cb04cbe5417df6177~mv2.png,,DE,69111000,8673,4889,Roar like a Lion,6,174,320,215,80,Children mug with 1 handle small,1486734889,10.99,192g,110x82x70,4003686439634,708,4057743185644,Kids,0.25,,,,,,,,Roar like a Lion
14-8674-4889,Children mug with 1 handle small,Villeroy & Boch,Kids – Beverage Service,£9.83,,https://static.wixstatic.com/media/042ed7_e2f2058aa04c432290cfa09c065be4a6~mv2.png,,DE,69111000,8674,4889,Walk like an Elephant,6,174,320,215,80,Children mug with 1 handle small,1486744889,10.99,192g,110x82x69,4003686439726,708,4057743185699,Kids,0.25,,,,,,,,Walk like an Elephant
14-8664-1970,Children's Bowl,Villeroy & Boch,Kids – Crockery,£10.41,,https://static.wixstatic.com/media/042ed7_b2db564978834d768aea90c21eeafad0~mv2.png,,DE,69111000,8664,1970,Happy as a Bear,6,221,365,210,145,Children's Bowl,1486641970,11.64,334g,123x123x70,4003686417670,300,4057743176703,Kids,0.55,,,,,,,,Happy as a Bear
14-8665-1970,Children's Bowl,Villeroy & Boch,Kids – Crockery,£10.41,,https://static.wixstatic.com/media/042ed7_17ab3b1ae0ea4648b638c234cd39a4cf~mv2.png,,DE,69111000,8665,1970,Hungry as a Bear,6,221,365,210,145,Children's Bowl,1486651970,11.64,334g,123x123x70,4003686417656,300,4057743176284,Kids,0.55,,,,,,,,Hungry as a Bear
14-8673-1970,Children's Bowl,Villeroy & Boch,Kids – Crockery,£10.41,,https://static.wixstatic.com/media/042ed7_c5b7926652dc4f869e8725422bd6e44d~mv2.png,,DE,69111000,8673,1970,Roar like a Lion,6,175,367,218,142,Children's Bowl,1486731970,11.64,334g,123x123x70,4003686439603,300,4057743185613,Kids,0.59,,,,,,,,Roar like a Lion
14-8674-1970,Children's Bowl,Villeroy & Boch,Kids – Crockery,£10.41,,https://static.wixstatic.com/media/042ed7_791b7c10224b40b1bfe7cee41af87cc0~mv2.png,,DE,69111000,8674,1970,Walk like an Elephant,6,175,367,218,142,Children's Bowl,1486741970,11.64,334g,123x123x70,4003686439696,300,4057743185668,Kids,0.59,,,,,,,,Walk like an Elephant
10-4130-8060,Chopping-/serving board,Villeroy & Boch,Hospitality – Buffet & Display,£23.37,,https://static.wixstatic.com/media/042ed7_90e81a555a194ee1987631cfda245938~mv2.png,,CN,44192090,4130,8060,Artesano Professionale,1,164,520,255,25,Chopping-/serving board,1041308060,26.12,1492g,515x250x20,4003686210073,192,,,,Artesano Original,Artesano Original,Novelties 2015,,,Artesano,,Artesano
16-3272-5763,Chopstick & spoon rest,Villeroy & Boch,Hospitality – Cutlery,£3.48,,,,TH,69111000,3272,5763,Stella Hotel,4,103,125,120,100,Chopstick & spoon rest,1632725763,3.89,54g,100,5450523086428,1728,4057743090924,,,Stella Hotel,Stella Hotel,Stella Hotel,,,,,Stella
10-4173-9502,Chopsticks Set,Villeroy & Boch,Porcelain – Cutlery,£12.15,,https://static.wixstatic.com/media/042ed7_a727430137f740be912c7cb1a60c71ea~mv2.png,,CN,69111000,4173,9502,Soup Passion,1,40,255,55,25,Chopsticks Set,1041739502,13.59,40g,255x55x25,4003686294721,960,,Porcelain,,,,,,,,,Soup Passion
14-8327-6648,Christmas tree with forest animals,Villeroy & Boch,Decoration & Gifts,£58.08,,https://static.wixstatic.com/media/042ed7_f3d511cbb1ee4d12bc798e31dc6e398c~mv2.png,,CN,95051090,8327,6648,Christmas Toys,1,210,205,205,245,Christmas tree with forest animals,1483276648,64.94,965g,230x165x170,4003686392533,60,,Decoration & Gifts,,,,,,,,,Christmas Toys
14-8640-6307,"Christmas tree, turning",Villeroy & Boch,Decoration & Gifts,£23.20,,https://static.wixstatic.com/media/042ed7_796faef0a2854f939c8ddbc39a5d9536~mv2.png,,CN,95051090,8640,6307,Nostalgic Melody,1,125,190,155,150,"Christmas tree, turning",1486406307,25.94,535g,110x110x162,4003686412941,150,,Decoration & Gifts,,,,,,,,,Nostalgic Melody
11-3802-1872,Cloche,Villeroy & Boch,Glass – Buffet & Display,£34.83,,https://static.wixstatic.com/media/042ed7_4cfbaabf332344639cbdbefca53849e9~mv2.png,,IN,70134200,3802,1872,Manufacture,1,1600,320,320,210,Cloche,1138021872,38.94,555g,255x255x160,4003686451094,0,,Glass,,,,,NEW,,,,Manufacture
16-2040-3960,Coaster / butter plate,Villeroy & Boch,Hospitality – Crockery,£3.66,,,,DE,69111000,2040,3960,Universal,6,115,155,155,86,Coaster / butter plate,1620403960,4.1,150g,120,5450102351077,1890,4057743024202,,,Universal,Universal,white,,,Big Buffet,,Universal
35-9072-0030,Cocktail Napkin Anna Paul,Villeroy & Boch,Decoration & Gifts – Table Service,£2.04,,https://static.wixstatic.com/media/042ed7_2fbb97a89f5e4d8092583ca6db16d79a~mv2.png,,DE,48183000,9072,0030,Easter Accessoires,12,117,265,135,180,Cocktail Napkin Anna Paul,3590720030,2.28,65g,250x250x0,4003686365278,1260,4057743110912,Decoration & Gifts,,,,,,,,,Easter Accessoires
10-4153-9014,Coffee Set 4 pers.,Villeroy & Boch,Porcelain – Beverage Service,£104.06,,https://static.wixstatic.com/media/042ed7_4c5df5d03bcd4af88776f637cfbed551~mv2.png,,DE,69111000,4153,9014,For Me,1,866,441,242,98,Coffee Set 4 pers.,1041539014,116.35,2500g,,4003686279629,57,,Porcelain,,,,,,,,,For Me
10-4293-1300,Coffee cup,Villeroy & Boch,Hospitality – Beverage Service,£6.54,,https://static.wixstatic.com/media/042ed7_95fef60b47764168bd1900353a33b764~mv2.png,,DE,69111000,4293,1300,Afina,6,169,315,215,95,Coffee cup,1042931300,7.32,186g,105x85x65,4003686436107,588,4057743183718,,0.22,Afina,Afina,Novelties 2024,,,,,Afina
19-5174-1300,Coffee cup,Villeroy & Boch,Hospitality – Beverage Service,£8.08,,https://static.wixstatic.com/media/042ed7_8e65d512ca264af78fca59bb270f8789~mv2.png,,DE,69111000,5174,1300,Perlemor Alga,6,200,305,220,80,Coffee cup,1951741300,9.04,260g,120x90x65,4003686412415,708,4057743174778,,0.27,Perlemor Alga,Perlemor Alga,Novelties 2024,,,,,Perlemor
19-5172-1300,Coffee cup,Villeroy & Boch,Hospitality – Beverage Service,£8.08,,https://static.wixstatic.com/media/042ed7_2e8ed7be9f2345b198617c60763e74ae~mv2.png,,DE,69111000,5172,1300,Perlemor Sand,6,200,305,220,80,Coffee cup,1951721300,9.04,260g,120x90x65,4003686410756,708,4057743173658,,0.27,Perlemor Sand,Perlemor Sand,Novelties 2023,,,,,Perlemor
10-3514-1300,Coffee cup,Villeroy & Boch,Porcelain – Beverage Service,£22.62,,https://static.wixstatic.com/media/042ed7_e735b130fe864f57a991838aadfb0603~mv2.png,,DE,69111000,3514,1300,Amazonia,6,157,216,234,130,Coffee cup,1035141300,25.29,185g,102x72x78,4003686194489,588,4057743007533,Porcelain,0.22,,,,,,,,Amazonia
10-4381-1300,Coffee cup,Villeroy & Boch,Porcelain – Beverage Service,£22.62,,https://static.wixstatic.com/media/042ed7_de56d5b869614591a3b294e3826fa50d~mv2.png,,DE,69111000,4381,1300,Amazonia Anmut,6,195,309,234,72,Coffee cup,1043811300,25.29,114g,116x90x65,4003686260139,708,4057743011226,Porcelain,0.24,,,,,,,,Amazonia
10-4545-1300,Coffee cup,Villeroy & Boch,Porcelain – Beverage Service,£13.32,,https://static.wixstatic.com/media/042ed7_2aca447509c747a9a01393e2c9aa9eaf~mv2.png,,DE,69111000,4545,1300,Anmut,6,200,305,220,80,Coffee cup,1045451300,14.89,114g,116x90x65,4003683226251,708,4057743013787,Porcelain,0.24,,,,,,,,Anmut
10-4655-1300,Coffee cup,Villeroy & Boch,Porcelain – Beverage Service,£22.62,,https://static.wixstatic.com/media/042ed7_4a0f0345bb4146bca48df6b0fd2e4b0d~mv2.png,,DE,69111000,4655,1300,Avarua,6,123,320,215,95,Coffee cup,1046551300,25.29,185g,102x72x78,4003686393646,588,4057743163215,Porcelain,0.22,,,,,,,,Avarua
10-4550-1300,Coffee cup,Villeroy & Boch,Porcelain – Beverage Service,£9.83,,https://static.wixstatic.com/media/042ed7_a14be1d1d61340ea803cbcb39d9eb7fa~mv2.png,,DE,69111000,4550,1300,Fleur vert,6,158,320,215,95,Coffee cup,1045501300,10.99,154g,113x87x64,4003686450714,588,4057743193229,Porcelain,0.23,,,,NEW,,,,Fleur
10-4551-1300,Coffee cup,Villeroy & Boch,Porcelain – Beverage Service,£9.83,,https://static.wixstatic.com/media/042ed7_01948190c2fb41a2b57140fbbbd90308~mv2.png,,DE,69111000,4551,1300,Fleur bleu,6,158,320,215,95,Coffee cup,1045511300,10.99,154g,113x87x64,4003686450905,588,4057743193311,Porcelain,0.23,,,,NEW,,,,Fleur
10-4552-1300,Coffee cup,Villeroy & Boch,Porcelain – Beverage Service,£9.83,,https://static.wixstatic.com/media/042ed7_a4df3a215e104e4ea9aae04051cb1c6d~mv2.png,,DE,69111000,4552,1300,Fleur soleil,6,158,320,215,95,Coffee cup,1045521300,10.99,154g,113x87x64,4003686450868,588,4057743193489,Porcelain,0.23,,,,NEW,,,,Fleur
10-4553-1300,Coffee cup,Villeroy & Boch,Porcelain – Beverage Service,£9.83,,https://static.wixstatic.com/media/042ed7_a5b61fad5cb14dfcafc2a86e9eee1c28~mv2.png,,DE,69111000,4553,1300,Fleur cassis,6,158,320,215,95,Coffee cup,1045531300,10.99,154g,113x87x64,4003686451186,588,4057743193687,Porcelain,0.23,,,,NEW,,,,Fleur
14-8663-1300,Coffee cup,Villeroy & Boch,Decoration & Gifts – Beverage Service,£12.15,,https://static.wixstatic.com/media/042ed7_35bdc8fbb8224c5298b0c42bb3368dce~mv2.png,,DE,69111000,8663,1300,Colourful Spring,6,158,320,215,95,Coffee cup,1486631300,13.59,154g,113x87x64,4003686357068,588,4057743106878,Decoration & Gifts,0.23,,,,,,,,Colourful Spring
10-2337-1300,Coffee cup,Villeroy & Boch,Porcelain – Beverage Service,£16.22,,https://static.wixstatic.com/media/042ed7_d914e2a88bff42579487c25f2a1b03ea~mv2.png,,DE,69111000,2337,1300,Design Naif,6,163,320,215,95,Coffee cup,1023371300,18.14,160g,104x77x70,5450102085163,588,4057743004051,Porcelain,0.22,,,,,,,,Design Naif
10-4153-1300,Coffee cup,Villeroy & Boch,Porcelain – Beverage Service,£9.83,,https://static.wixstatic.com/media/042ed7_8f2c4e0598a34bf7b4168b5a759c3f3b~mv2.png,,DE,69111000,4153,1300,For Me,6,158,320,215,95,Coffee cup,1041531300,10.99,154g,113x87x64,4003686259324,588,4057743009698,Porcelain,0.23,,,,,,,,For Me
10-2281-1300,Coffee cup,Villeroy & Boch,Porcelain – Beverage Service,£12.15,,https://static.wixstatic.com/media/042ed7_7f5210aa907a4590a4f7dc410d31dd6b~mv2.png,,DE,69111000,2281,1300,French Garden Fleurence,6,163,320,215,95,Coffee cup,1022811300,13.59,143g,98x81x67,5450102345557,588,4057743003573,Porcelain,0.18,,,,,,,,French Garden
10-4281-1300,Coffee cup,Villeroy & Boch,Porcelain – Beverage Service,£9.83,,https://static.wixstatic.com/media/042ed7_e301a0fa78dc43bba09ff0296cd06d00~mv2.png,,PT,69120025,4281,1300,Lave beige,6,178,270,172,102,Coffee cup,1042811300,10.99,210g,106x77x81,4003686403536,816,4057743168128,Porcelain,0.24,,,,,,,,Lave
10-4282-1300,Coffee cup,Villeroy & Boch,Porcelain – Beverage Service,£9.83,,https://static.wixstatic.com/media/042ed7_a3e1931d2f2e4867a604650cc0e2b0fe~mv2.png,,PT,69120025,4282,1300,Lave glacé,6,178,270,172,102,Coffee cup,1042821300,10.99,210g,106x77x81,4003686403673,0,4057743168241,Porcelain,0.24,,,,,,,,Lave
10-4259-1300,Coffee cup,Villeroy & Boch,Porcelain – Beverage Service,£9.83,,https://static.wixstatic.com/media/042ed7_e2ef3917a47f47aab71beb0864a55091~mv2.png,,PT,69120025,4259,1300,Lave gris,6,215,266,200,115,Coffee cup,1042591300,10.99,225g,106x77x81,4003686402485,816,4057743167657,Porcelain,0.24,,,,,,,,Lave
10-4295-1300,Coffee cup,Villeroy & Boch,Porcelain – Beverage Service,£9.83,,https://static.wixstatic.com/media/042ed7_db55cf922c5942a0b5a698482ac44709~mv2.png,,PT,69120025,4295,1300,Lave Vert,6,193,279,188,116,Coffee cup,1042951300,10.99,216g,104x78x79,4003686437340,0,4057743184708,Porcelain,0.22,,,,,,,,Lave
10-2396-1300,Coffee cup,Villeroy & Boch,Porcelain – Beverage Service,£11.57,,https://static.wixstatic.com/media/042ed7_4ad7fb7c314042eb90c00f1a9d91f89e~mv2.png,,DE,69111000,2396,1300,Manoir,6,163,320,215,95,Coffee cup,1023961300,12.94,143g,98x81x67,5450102064526,588,4057743004945,Porcelain,0.18,,,,,,,,Manoir
10-4100-1300,Coffee cup,Villeroy & Boch,Porcelain – Beverage Service,£12.15,,https://static.wixstatic.com/media/042ed7_ee56b131af304637945d5e0d09c8aace~mv2.png,,DE,69111000,4100,1300,Mariefleur Basic,6,163,320,215,95,Coffee cup,1041001300,13.59,150g,116x90x60,4003686179820,588,4057743007830,Porcelain,0.23,,,,,,,,Mariefleur
10-4104-1300,Coffee cup,Villeroy & Boch,Porcelain – Beverage Service,£12.15,,https://static.wixstatic.com/media/042ed7_cf3c6915b73a45048f1615a6460a500b~mv2.png,,DE,69111000,4104,1300,Mariefleur Gris Basic,6,163,320,215,95,Coffee cup,1041041300,13.59,150g,116x90x60,4003686188792,588,4057743008042,Porcelain,0.23,,,,,,,,Mariefleur
10-3460-1300,Coffee cup,Villeroy & Boch,Porcelain – Beverage Service,£11.57,,https://static.wixstatic.com/media/042ed7_113fc2b9b93c421b9ea23e2667db4696~mv2.png,,DE,69111000,3460,1300,New Cottage Basic,6,163,320,215,95,Coffee cup,1034601300,12.94,150g,116x90x60,4003683454982,588,4057743006598,Porcelain,0.23,,,,,,,,New Cottage
10-2341-1300,Coffee cup,Villeroy & Boch,Porcelain – Beverage Service,£12.15,,https://static.wixstatic.com/media/042ed7_efa8c356ed1a497ea1b8c25cd2021d90~mv2.png,,DE,69111000,2341,1300,Old Luxembourg,6,121,290,165,83,Coffee cup,1023411300,13.59,110g,96x74x68,5450102072071,864,4057743004525,Porcelain,0.17,,,,,,,,Vieux Luxembourg
10-2395-1300,Coffee cup,Villeroy & Boch,Porcelain – Beverage Service,£12.15,,https://static.wixstatic.com/media/042ed7_108ffeb87c2a4c9d8edabc94502ca242~mv2.png,,DE,69111000,2395,1300,Petite Fleur,6,163,320,215,95,Coffee cup,1023951300,13.59,143g,98x81x67,5450102063925,588,4057743004778,Porcelain,0.18,,,,,,,,Petite Fleur
10-4412-1300,Coffee cup,Villeroy & Boch,Porcelain – Beverage Service,£13.32,,https://static.wixstatic.com/media/042ed7_3666fb7ab05b46199b8d0ba647e7584e~mv2.png,,DE,69111000,4412,1300,Royal,6,200,305,220,80,Coffee cup,1044121300,14.89,120g,118x90x60,4003686140288,708,4057743011882,Porcelain,0.2,,,,,,,,Royal
14-8638-1301,Coffee cup,Villeroy & Boch,Decoration & Gifts – Beverage Service,£11.57,,https://static.wixstatic.com/media/042ed7_e5300e0f5d8f47f19bf94e3f76766f06~mv2.png,,CN,69111000,8638,1301,Spring Awakening,6,260,280,245,90,Coffee cup,1486381301,12.94,220g,124x88x81,4003686257542,576,4057743166339,Decoration & Gifts,0.3,,,,,,,,Spring Awakening
10-4412-1301,Coffee cup - L,Villeroy & Boch,Porcelain – Beverage Service,£14.48,,https://static.wixstatic.com/media/042ed7_cd1f7f1c14184448baf7e3f245130c3d~mv2.png,,DE,69111000,4412,1301,Royal,6,158,320,215,95,Coffee cup - L,1044121301,16.19,135g,132x108x52,4003686300637,588,4057743011899,Porcelain,0.29,,,,,,,,Royal
10-4550-1310,Coffee cup saucer,Villeroy & Boch,Porcelain – Beverage Service,£8.14,,https://static.wixstatic.com/media/042ed7_d82b9e3934534924a3e9bac5b6b3e482~mv2.png,,DE,69111000,4550,1310,Fleur vert,6,115,155,155,86,Coffee cup saucer,1045501310,9.1,175g,148x148x24,4003686450721,1890,4057743193236,Porcelain,,,,,NEW,,,,Fleur
10-4551-1310,Coffee cup saucer,Villeroy & Boch,Porcelain – Beverage Service,£8.14,,https://static.wixstatic.com/media/042ed7_070b52753e994691b278b269f88cd919~mv2.png,,DE,69111000,4551,1310,Fleur bleu,6,115,155,155,86,Coffee cup saucer,1045511310,9.1,175g,148x148x24,4003686450912,1890,4057743193328,Porcelain,,,,,NEW,,,,Fleur
10-4552-1310,Coffee cup saucer,Villeroy & Boch,Porcelain – Beverage Service,£8.14,,https://static.wixstatic.com/media/042ed7_90a98ddade7e469d8a8cf18293360a18~mv2.png,,DE,69111000,4552,1310,Fleur soleil,6,115,155,155,86,Coffee cup saucer,1045521310,9.1,175g,148x148x24,4003686450875,1890,4057743193496,Porcelain,,,,,NEW,,,,Fleur
10-4553-1310,Coffee cup saucer,Villeroy & Boch,Porcelain – Beverage Service,£8.14,,https://static.wixstatic.com/media/042ed7_1f468cb6ddc3431ba8ac89f7f53f88ed~mv2.png,,DE,69111000,4553,1310,Fleur cassis,6,115,155,155,86,Coffee cup saucer,1045531310,9.1,175g,148x148x24,4003686451193,1890,4057743193694,Porcelain,,,,,NEW,,,,Fleur
10-1690-4895,Coffee mug,Villeroy & Boch,Porcelain – Beverage Service,£15.64,,https://static.wixstatic.com/media/042ed7_4fe38e6da71f4490806b74a2e131dd6e~mv2.png,,DE,69111000,1690,4895,Memphis Collection,6,175,367,218,142,Coffee mug,1016904895,17.49,339g,117x87x114,4003686449664,300,4057743190792,Porcelain,0.4,,,,NEW,,,,Memphis
10-4153-8403,Coffee mugs 2 Set pcs.,Villeroy & Boch,Porcelain – Beverage Service,£16.81,,https://static.wixstatic.com/media/042ed7_4d92b56b1d044ffb90992a2f0740cbe8~mv2.png,,DE,69111000,4153,8403,For Me,1,236,140,140,145,Coffee mugs 2 Set pcs.,1041538403,18.79,524g,115x79x103,4003686279445,200,,Porcelain,0.35,,,,,,,,For Me
12-6526-0160,Coffee spoon,Villeroy & Boch,Cutlery – Cutlery,£9.25,,https://static.wixstatic.com/media/042ed7_eceb6f47e5ee4f1ab9158af9fc9e4e15~mv2.png,,VN,82159910,6526,0160,Boston,6,30,161,50,35,Coffee spoon,1265260160,10.34,30g,146x28x18,4003686356757,0,4057743106809,Cutlery,,,,,,,,,Boston
12-6351-0160,Coffee spoon,Villeroy & Boch,Cutlery – Cutlery,£9.83,,https://static.wixstatic.com/media/042ed7_898e13bc87e946c38cd853b93bed60af~mv2.png,,VN,82159910,6351,0160,Ella partially gold plated,6,15,150,35,35,Coffee spoon,1263510160,10.99,20g,142x28x17,4003683313609,5760,4057743018768,Cutlery,,,,,,,,,Ella
12-6417-0160,Coffee spoon,Villeroy & Boch,Cutlery – Cutlery,£9.83,,https://static.wixstatic.com/media/042ed7_061f7bbf25494d388d630a7696056a8d~mv2.png,,VN,82159910,6417,0160,La Classica,6,30,161,50,35,Coffee spoon,1264170160,10.99,30g,145x28x19,4003686262461,8100,4057743020129,Cutlery,,,,,,,,,La Classica
12-6527-0160,Coffee spoon,Villeroy & Boch,Cutlery – Cutlery,£9.83,,https://static.wixstatic.com/media/042ed7_af484e35a7ef4df48afe23e32b90a69a~mv2.png,,ID,82159910,6527,0160,MetroChic,6,25,220,45,45,Coffee spoon,1265270160,10.99,30g,140x29x13,4003686362161,5760,4057743109015,Cutlery,,,,,,,,,MetroChic
12-6528-0160,Coffee spoon,Villeroy & Boch,Cutlery – Cutlery,£17.39,,https://static.wixstatic.com/media/042ed7_a53a83587f584950ab3de51c61229fe6~mv2.png,,ID,82159910,6528,0160,MetroChic d'Or,6,25,220,45,45,Coffee spoon,1265280160,19.44,30g,140x29x13,4003686388802,5400,4057743161730,Cutlery,,,,,,,,,MetroChic
12-6448-0160,Coffee spoon,Villeroy & Boch,Cutlery – Cutlery,£9.25,,https://static.wixstatic.com/media/042ed7_a92e713f13bc4a2a9b3c46dc72e55f5a~mv2.png,,VN,82159910,6448,0160,Montauk,6,30,161,50,35,Coffee spoon,1264480160,10.34,28g,147x28x18,4003686328778,9600,4057743083995,Cutlery,,,,,,,,,Montauk
12-6233-0160,Coffee spoon,Villeroy & Boch,Cutlery – Cutlery,£9.83,,https://static.wixstatic.com/media/042ed7_3a8d0fbb99b541baa0c8ea83ff4fe4a5~mv2.png,,VN,82159910,6233,0160,Neufaden-Merlemont,6,17,161,35,35,Coffee spoon,1262330160,10.99,40g,140x28x22,4011417038575,9600,4057743017228,Cutlery,,,,,,,,,Neufaden Merlemont
12-6529-0160,Coffee spoon,Villeroy & Boch,Cutlery – Cutlery,£8.09,,https://static.wixstatic.com/media/042ed7_56305a43611c489d8ffe9714786740f6~mv2.png,,ID,82159910,6529,0160,NewMoon,6,30,161,50,35,Coffee spoon,1265290160,9.04,41g,141x15x14,4003686388888,6000,4057743161815,Cutlery,,,,,,,,,NewMoon
14-5714-0160,Coffee spoon,Villeroy & Boch,Decoration & Gifts – Cutlery,£10.99,,https://static.wixstatic.com/media/042ed7_ff6fa594051b4eb69f5dab4f62a8dc58~mv2.png,,ID,82159910,5714,0160,NewWave Caffè - Spoon,6,185,180,65,65,Coffee spoon,1457140160,12.29,35g,172x30x12,4003683249816,2880,4057743020860,Decoration & Gifts,,,,,,,,,NewWave
14-5714-0161,Coffee spoon gold plated,Villeroy & Boch,Decoration & Gifts – Cutlery,£13.90,,https://static.wixstatic.com/media/042ed7_99211e96c00949da8fe749912852b46c~mv2.png,,ID,82159100,5714,0161,NewWave Caffè - Spoon,6,85,180,65,65,Coffee spoon gold plated,1457140161,15.54,35g,172x30x12,4003683353629,2880,4057743020877,Decoration & Gifts,,,,,,,,,NewWave
12-6403-9550,Coffee spoon set 6 pcs,Villeroy & Boch,Cutlery – Cutlery,£15.64,,https://static.wixstatic.com/media/042ed7_acc79c3086d8421797f6f742a629df84~mv2.png,,ID,82159910,6403,9550,Daily Line,1,46,265,80,30,Coffee spoon set 6 pcs,1264039550,17.49,174g,142x30x17,4003686200036,480,,Cutlery,,,,,,,,,Daily Line
12-6564-9550,Coffee spoon set of 6,Villeroy & Boch,Cutlery – Cutlery,£29.01,,https://static.wixstatic.com/media/042ed7_390fa7bd34874fe580b7871720e64aba~mv2.png,,ID,82159910,6564,9550,Toy's Delight,1,127,250,170,25,Coffee spoon set of 6,1265649550,32.44,161g,200x150x30,4003686439429,400,,Cutlery,,,,,,,,,Toy's Delight
10-4655-0460,Coffee-/Teapot,Villeroy & Boch,Porcelain – Beverage Service,£115.69,,https://static.wixstatic.com/media/042ed7_eb6b422346c94360bb64ef325945ce9c~mv2.png,,TH,69111000,4655,0460,Avarua,1,144,220,220,145,Coffee-/Teapot,1046550460,129.35,891g,286x123x141,4003686391369,93,,Porcelain,1.3,,,,,,,,Avarua
10-1067-1300,Coffee/tea cup,Villeroy & Boch,Porcelain – Beverage Service,£19.13,,https://static.wixstatic.com/media/042ed7_fe27bed092cd400799a3816bb53845b2~mv2.png,,DE,69111000,1067,1300,Audun Ferme,6,163,320,215,95,Coffee/tea cup,1010671300,21.39,150g,108x82x69,4003683108830,588,4057743002040,Porcelain,0.21,,,,,,,,Audun
10-4600-1300,Coffee/tea cup,Villeroy & Boch,Porcelain – Beverage Service,£12.15,,https://static.wixstatic.com/media/042ed7_802f788ca62048ecbe13424be33dc7d0~mv2.png,,DE,69111000,4600,1300,Cellini,6,163,320,215,95,Coffee/tea cup,1046001300,13.59,150g,106x81x72,4003686135512,588,4057743013954,Porcelain,0.2,,,,,,,,Cellini
14-8585-1301,Coffee/tea cup,Villeroy & Boch,Decoration & Gifts – Beverage Service,£11.57,,https://static.wixstatic.com/media/042ed7_e514ebb70c2943b5960d848651031717~mv2.png,,DE,69111000,8585,1301,Toy's Delight,6,174,320,215,80,Coffee/tea cup,1485851301,12.94,197g,124x99x60,4003686198500,708,4057743000978,Decoration & Gifts,0.27,,,,,,,,Toy's Delight
14-8658-1300,Coffee/tea cup,Villeroy & Boch,Decoration & Gifts – Beverage Service,£11.57,,https://static.wixstatic.com/media/042ed7_19d5843c094a4db9a8906c4cf9fd0a0c~mv2.png,,DE,69111000,8658,1300,Toy's Delight Royal Classic,6,158,320,215,95,Coffee/tea cup,1486581300,12.94,190g,116x86x79,4003686328624,588,4057743083896,Decoration & Gifts,0.25,,,,,,,,Toy's Delight Royal Classic
10-4389-1300,Coffee/tea cup,Villeroy & Boch,Porcelain – Beverage Service,£13.32,,https://static.wixstatic.com/media/042ed7_f0be462e76b6443aa0cb7ec3e1b5d9df~mv2.png,,DE,69111000,4389,1300,White Pearl,6,176,315,215,95,Coffee/tea cup,1043891300,14.89,112g,118x90x60,4003683481209,588,4057743011462,Porcelain,0.2,,,,,,,,White Pearl
10-1067-0070,Coffeepot 6 pers.,Villeroy & Boch,Porcelain – Beverage Service,£127.31,,https://static.wixstatic.com/media/042ed7_1f2911c4639248aaa2d3911960dc23f3~mv2.png,,DE,69111000,1067,0070,Audun Ferme,1,113,180,180,160,Coffeepot 6 pers.,1010670070,142.35,920g,235x132x204,4003683108687,96,,Porcelain,1.2,,,,,,,,Audun
10-2281-0100,Coffeepot 6 pers.,Villeroy & Boch,Porcelain – Beverage Service,£61.04,,https://static.wixstatic.com/media/042ed7_93f9d409fdb74717ae8b38dbb3f4c759~mv2.png,,TH,69111000,2281,0100,French Garden Fleurence,1,162,207,138,206,Coffeepot 6 pers.,1022810100,68.25,755g,205x131x226,5450102344819,80,,Porcelain,1.2,,,,,,,,French Garden
10-2341-0100,Coffeepot 6 pers.,Villeroy & Boch,Porcelain – Beverage Service,£61.04,,https://static.wixstatic.com/media/042ed7_34db067297f14b9198a9e00daa0340e9~mv2.png,,TH,69111000,2341,0100,Old Luxembourg,1,131,180,180,220,Coffeepot 6 pers.,1023410100,68.25,692g,208x129x225,5450102022274,80,,Porcelain,1.25,,,,,,,,Vieux Luxembourg
10-2395-0100,Coffeepot 6 pers.,Villeroy & Boch,Porcelain – Beverage Service,£61.04,,https://static.wixstatic.com/media/042ed7_36aa0e9c6b6540e3847c644cac97eb19~mv2.png,,TH,69111000,2395,0100,Petite Fleur,1,160,225,150,190,Coffeepot 6 pers.,1023950100,68.25,770g,205x131x226,5450102014798,80,,Porcelain,1.2,,,,,,,,Petite Fleur
10-4412-0070,Coffeepot 6 pers.,Villeroy & Boch,Porcelain – Beverage Service,£63.37,,https://static.wixstatic.com/media/042ed7_a4f85b068b8d40a3ba1e618e1ecb53dd~mv2.png,,TH,69111000,4412,0070,Royal,1,130,220,150,190,Coffeepot 6 pers.,1044120070,70.85,675g,225x112x224,4003686140202,80,,Porcelain,1.35,,,,,,,,Royal
16-2016-0130,Coffeepot N.4 with cover,Villeroy & Boch,Hospitality – Beverage Service,£27.59,,,,DE,69111000,2016,0130,Corpo,1,78,152,155,177,Coffeepot N.4 with cover,1620160130,30.85,605g,200x105x145,5450102263936,140,,,0.7,Corpo,Corpo,white,,,,,Corpo
16-2016-0220,Coffeepot N.7 with cover,Villeroy & Boch,Hospitality – Beverage Service,£20.77,,,,DE,69111000,2016,0220,Corpo,6,276,390,280,123,Coffeepot N.7 with cover,1620160220,23.22,352g,160x90x115,5450102270798,288,4057743023571,,0.4,Corpo,Corpo,white,,,,,Corpo
16-3293-0220,Coffeepot N.7 with cover,Villeroy & Boch,Hospitality – Beverage Service,£24.91,,,,TH,69111000,3293,0220,Dune,6,530,540,370,150,Coffeepot N.7 with cover,1632930220,27.85,385g,175x80x125,5450523001230,132,4057743034058,,0.38,Dune,Dune,,,,,,Dune
16-2155-0220,Coffeepot N.7 with cover,Villeroy & Boch,Hospitality – Beverage Service,£20.55,,,,TH,69111000,2155,0220,Easy,6,276,390,280,123,Coffeepot N.7 with cover,1621550220,22.98,292g,160x90x100,5450102343379,288,4057743026978,,0.3,Easy,Easy,white,,,,,Easy
16-3318-0220,Coffeepot N.7 with cover,Villeroy & Boch,Hospitality – Beverage Service,£19.90,,,,DE,69111000,3318,0220,La Scala,6,276,390,280,123,Coffeepot N.7 with cover,1633180220,22.25,340g,140x90x140,5450523018528,360,4057743036441,,0.3,La Scala,La Scala,white,,,,,La Scala
16-3356-0220,Coffeepot N.7 with cover,Villeroy & Boch,Hospitality – Beverage Service,£30.69,,,,TH,69111000,3356,0220,Sedona,6,276,390,280,123,Coffeepot N.7 with cover,1633560220,34.32,385g,175x80x125,5450523047306,288,4057743044231,,0.38,Sedona,Sedona,Dune,,,,,Sedona
16-4003-0220,Coffeepot N.7 with cover,Villeroy & Boch,Hospitality – Beverage Service,£24.29,,,,DE,69111000,4003,0220,Sedona Function,6,276,390,280,123,Coffeepot N.7 with cover,1640030220,27.16,352g,165x90x120,5450523054120,288,4057743046259,,0.4,Sedona Function,Sedona Function,Novelties Spring 2012,,,,,Sedona
16-3272-0220,Coffeepot N.7 with cover,Villeroy & Boch,Hospitality – Beverage Service,£32.53,,,,TH,69111000,3272,0220,Stella Hotel,6,288,270,270,150,Coffeepot N.7 with cover,1632720220,36.37,382g,185x80x130,5450523010300,288,4057743032023,,0.4,Stella Hotel,Stella Hotel,Stella Hotel,,,,,Stella
10-4652-0460,Coffeepot/Teapot with cover,Villeroy & Boch,Hospitality – Beverage Service,£106.61,,https://static.wixstatic.com/media/042ed7_0f0f5a780b5346cb849342b665b34cb8~mv2.png,,TH,69111000,4652,0460,MetroChic,1,225,215,215,145,Coffeepot/Teapot with cover,1046520460,119.2,880g,285x125x140,4003686362475,75,,,1.3,MetroChic,MetroChic,MetroChic,,,,,MetroChic
10-4510-0460,Coffeepot/Teapot with cover,Villeroy & Boch,Hospitality – Beverage Service,£44.84,,https://static.wixstatic.com/media/042ed7_94ff0eedf0eb452a8bee436f1ef7245a~mv2.png,,TH,69111000,4510,0460,Modern Grace,1,202,210,140,220,Coffeepot/Teapot with cover,1045100460,50.13,860g,285x125x140,4003683481384,93,,,1.3,Modern Grace,Modern Grace,Novelties 2010,,,,,Modern Grace
12-6387-1220,Cold meat fork,Villeroy & Boch,Cutlery – Cutlery,£12.74,,https://static.wixstatic.com/media/042ed7_ced080a068834b3eb42e74f1843effd5~mv2.png,,VN,82159910,6387,1220,Blacksmith,1,2,250,40,15,Cold meat fork,1263871220,14.24,55g,200x23x16,4003683483708,3000,,Cutlery,,,,,,,,,Blacksmith
12-6526-1220,Cold meat fork,Villeroy & Boch,Cutlery – Cutlery,£12.15,,https://static.wixstatic.com/media/042ed7_adcb0157a5a34947847b89d575d924c3~mv2.png,,VN,82159910,6526,1220,Boston,1,10,200,20,5,Cold meat fork,1265261220,13.59,50g,195x17x21,4003686356795,2000,,Cutlery,,,,,,,,,Boston
12-6403-1220,Cold meat fork,Villeroy & Boch,Cutlery – Cutlery,£9.25,,https://static.wixstatic.com/media/042ed7_d7a90562ba8345829f0f855af204d3e7~mv2.png,,ID,82159910,6403,1220,Daily Line,1,46,265,80,30,Cold meat fork,1264031220,10.34,30g,160x16x18,4003686200067,1120,,Cutlery,,,,,,,,,Daily Line
12-6351-1220,Cold meat fork,Villeroy & Boch,Cutlery – Cutlery,£12.74,,https://static.wixstatic.com/media/042ed7_37da7bc2a69947fd80f9a1c7e3ebe57e~mv2.png,,VN,82159910,6351,1220,Ella partially gold plated,1,2,230,50,15,Cold meat fork,1263511220,14.24,32g,183x16x22,4003683313654,8640,,Cutlery,,,,,,,,,Ella
12-6243-1220,Cold meat fork,Villeroy & Boch,Cutlery – Cutlery,£19.13,,https://static.wixstatic.com/media/042ed7_1784c8ae9d9342a0aea12304c72ba413~mv2.png,,VN,82159910,6243,1220,Kreuzband-Septfontaines,1,2,245,40,25,Cold meat fork,1262431220,21.39,38g,200x16x22,4011417044040,1600,,Cutlery,,,,,,,,,Kreuzband Septfontaines
12-6417-1220,Cold meat fork,Villeroy & Boch,Cutlery – Cutlery,£14.48,,https://static.wixstatic.com/media/042ed7_6a51d1e109984a5fa63bdf249f9f3391~mv2.png,,VN,82159910,6417,1220,La Classica,1,2,245,40,25,Cold meat fork,1264171220,16.19,49g,194x16x22,4003686262553,300,,Cutlery,,,,,,,,,La Classica
12-6527-1220,Cold meat fork,Villeroy & Boch,Cutlery – Cutlery,£19.13,,https://static.wixstatic.com/media/042ed7_7cb1af89d4994cfaa56636489aeebc38~mv2.png,,ID,82159910,6527,1220,MetroChic,1,2,210,25,25,Cold meat fork,1265271220,21.39,55g,205x21x21,4003686362215,1000,,Cutlery,,,,,,,,,MetroChic
12-6448-1220,Cold meat fork,Villeroy & Boch,Cutlery – Cutlery,£12.15,,https://static.wixstatic.com/media/042ed7_72f4844d15204ea0b0a57cdb403e0adc~mv2.png,,VN,82159910,6448,1220,Montauk,1,12,210,30,20,Cold meat fork,1264481220,13.59,44g,195x16x22,4003686329010,2400,,Cutlery,,,,,,,,,Montauk
12-6233-1220,Cold meat fork,Villeroy & Boch,Cutlery – Cutlery,£19.13,,https://static.wixstatic.com/media/042ed7_84a853957fd74fc3be9664961b6c1a49~mv2.png,,VN,82159910,6233,1220,Neufaden-Merlemont,1,2,225,40,25,Cold meat fork,1262331220,21.39,34g,191x20x25,4011417038742,8400,,Cutlery,,,,,,,,,Neufaden Merlemont
12-6338-1220,Cold meat fork,Villeroy & Boch,Cutlery – Cutlery,£12.15,,https://static.wixstatic.com/media/042ed7_7869cc048e4240a285434cf0b4ec121b~mv2.png,,ID,82159910,6338,1220,NewWave,1,2,225,40,20,Cold meat fork,1263381220,13.59,31g,189x20x23,4003683372378,999,,Cutlery,,,,,,,,,NewWave
12-6264-1220,Cold meat fork,Villeroy & Boch,Cutlery – Cutlery,£12.15,,https://static.wixstatic.com/media/042ed7_89a149fa718c4e488b32ab029e283da7~mv2.png,,VN,82159910,6264,1220,Piemont,1,2,260,45,25,Cold meat fork,1262641220,13.59,40g,187x13x25,4011417052465,1040,,Cutlery,,,,,,,,,Piemont
12-6347-1220,Cold meat fork,Villeroy & Boch,Cutlery – Cutlery,£12.15,,https://static.wixstatic.com/media/042ed7_892e26d57b7640d89dda0bcd511a975e~mv2.png,,VN,82159910,6347,1220,Udine,1,2,220,40,15,Cold meat fork,1263471220,13.59,45g,190x24x24,4003683286316,400,,Cutlery,,,,,,,,,Udine
35-5375-0176,Colourful Spring 20pcs,Villeroy & Boch,Decoration & Gifts,£2.62,,https://static.wixstatic.com/media/042ed7_ff9344590a4641fa9a7937aae99566bc~mv2.png,,DE,48183000,5375,0176,Paper Napkins,12,150,355,170,175,Colourful Spring 20pcs,3553750176,2.93,120g,330x330x1,4003686389199,576,4057743161846,Decoration & Gifts,,,,,,,,,Paper Napkins
35-5375-0177,Colourful Spring 20pcs,Villeroy & Boch,Decoration & Gifts,£2.04,,https://static.wixstatic.com/media/042ed7_ca194e2c838845d5b03a3046a40ae6df~mv2.png,,DE,48183000,5375,0177,Paper Napkins,12,95,260,135,180,Colourful Spring 20pcs,3553750177,2.28,60g,250x250x1,4003686389205,1260,4057743161853,Decoration & Gifts,,,,,,,,,Paper Napkins
16-4004-4835,Cover,Villeroy & Boch,Hospitality – Crockery,£10.39,,,,TH,69111000,4004,4835,Affinity,6,202,210,210,110,Cover,1640044835,11.62,80g,75,5450523055189,672,4057743047003,,,Affinity,Affinity,Novelties Spring 2013,,,,,Affinity
16-4090-4835,Cover,Villeroy & Boch,Hospitality – Crockery,£25.12,,,,TH,69111000,4090,4835,Stella Cosmo,1,220,245,165,165,Cover,1640904835,28.08,454g,160x160x165,5450523147730,72,,,,Stella Cosmo,Stella Cosmo,Stella Cosmo,,,Novelties 2020,,Stella
16-4090-4836,Cover,Villeroy & Boch,Hospitality – Crockery,£20.87,,,,TH,69111000,4090,4836,Stella Cosmo,1,140,170,165,155,Cover,1640904836,23.34,288g,125x125x130,5450523147747,160,,,,Stella Cosmo,Stella Cosmo,Stella Cosmo,,,Novelties 2020,,Stella
16-3272-3815,Cover bowl/plate,Villeroy & Boch,Hospitality – Crockery,£8.57,,,,DE,69111000,3272,3815,Stella Hotel,6,115,155,155,86,Cover bowl/plate,1632723815,9.58,143g,130,5450523038786,1890,4057743032566,,,Stella Hotel,Stella Hotel,Stella Hotel,,,,,Stella
16-3272-3902,Cover bowl/plate,Villeroy & Boch,Hospitality – Crockery,£9.15,,,,DE,69111000,3272,3902,Stella Hotel,6,140,185,185,95,Cover bowl/plate,1632723902,10.23,188g,150,5450523038762,1152,4057743032597,,,Stella Hotel,Stella Hotel,Stella Hotel,,,,,Stella
16-3272-3912,Cover bowl/plate,Villeroy & Boch,Hospitality – Crockery,£7.72,,,,DE,69111000,3272,3912,Stella Hotel,6,115,155,155,86,Cover bowl/plate,1632723912,8.63,165g,110,5450523038755,1890,4057743032610,,,Stella Hotel,Stella Hotel,Stella Hotel,,,,,Stella
16-3272-3922,Cover bowl/plate,Villeroy & Boch,Hospitality – Crockery,£7.02,,,,DE,69111000,3272,3922,Stella Hotel,6,41,105,105,80,Cover bowl/plate,1632723922,7.85,78g,90,5450523038724,3360,4057743032634,,,Stella Hotel,Stella Hotel,Stella Hotel,,,,,Stella
16-3272-5981,Cover bowl/plate,Villeroy & Boch,Hospitality – Crockery,£6.40,,,,TH,69111000,3272,5981,Stella Hotel,6,88,121,121,113,Cover bowl/plate,1632725981,7.16,80g,70,5450523038809,3360,4057743032658,,,Stella Hotel,Stella Hotel,Stella Hotel,,,,,Stella
16-3272-5983,Cover bowl/plate,Villeroy & Boch,Hospitality – Crockery,£6.40,,,,TH,69111000,3272,5983,Stella Hotel,6,35,112,116,93,Cover bowl/plate,1632725983,7.16,30g,60,5450523044305,3360,4057743032665,,,Stella Hotel,Stella Hotel,Stella Hotel,,,Novelties Autumn 2008,,Stella
16-2016-0150,Cover coffeepot N.4,Villeroy & Boch,Hospitality – Beverage Service,£6.68,,,,DE,69111000,2016,0150,Corpo,1,1,147,147,71,Cover coffeepot N.4,1620160150,7.47,80g,80,5450102263950,320,,,,Corpo,Corpo,white,,,,,Corpo
16-2016-0240,Cover coffeepot N.7,Villeroy & Boch,Hospitality – Beverage Service,£5.07,,,,DE,69111000,2016,0240,Corpo,1,1,147,147,71,Cover coffeepot N.7,1620160240,5.68,52g,65,5450102270811,320,,,,Corpo,Corpo,white,,,,,Corpo
16-3293-0240,Cover coffeepot N.7,Villeroy & Boch,Hospitality – Beverage Service,£5.75,,,,TH,69111000,3293,0240,Dune,1,1,147,147,71,Cover coffeepot N.7,1632930240,6.43,40g,65,5450523001254,0,,,,Dune,Dune,,,,,,Dune
16-2155-0240,Cover coffeepot N.7,Villeroy & Boch,Hospitality – Beverage Service,£4.34,,,,TH,69111000,2155,0240,Easy,1,1,147,147,71,Cover coffeepot N.7,1621550240,4.86,32g,50,5450102345670,320,,,,Easy,Easy,white,,,,,Easy
16-3318-0240,Cover coffeepot N.7,Villeroy & Boch,Hospitality – Beverage Service,£5.01,,,,DE,69111000,3318,0240,La Scala,1,165,225,155,70,Cover coffeepot N.7,1633180240,5.61,89g,80,5450523018542,50,,,,La Scala,La Scala,white,,,,,La Scala
16-3356-0240,Cover coffeepot N.7,Villeroy & Boch,Hospitality – Beverage Service,£5.75,,,,TH,69111000,3356,0240,Sedona,1,1,147,147,71,Cover coffeepot N.7,1633560240,6.43,40g,65,5450523047320,320,,,,Sedona,Sedona,Dune,,,,,Sedona
16-4003-0240,Cover coffeepot N.7,Villeroy & Boch,Hospitality – Beverage Service,£4.79,,,,DE,69111000,4003,0240,Sedona Function,1,1,147,147,71,Cover coffeepot N.7,1640030240,5.36,52g,65,5450523054106,0,,,,Sedona Function,Sedona Function,Novelties Spring 2012,,,,,Sedona
16-3272-0240,Cover coffeepot N.7,Villeroy & Boch,Hospitality – Beverage Service,£11.05,,,,TH,69111000,3272,0240,Stella Hotel,1,1,147,147,71,Cover coffeepot N.7,1632720240,12.35,44g,70,5450523010324,2400,,,,Stella Hotel,Stella Hotel,Stella Hotel,,,,,Stella
10-4510-0480,Cover coffeepot/teapot,Villeroy & Boch,Hospitality – Beverage Service,£15.62,,,,TH,69111000,4510,0480,Modern Grace,1,1,185,140,190,Cover coffeepot/teapot,1045100480,17.46,120g,,4003683481421,1000,,,,Modern Grace,Modern Grace,Novelties 2010,,,,,Modern Grace
10-4293-0980,Cover sugar bowl,Villeroy & Boch,Hospitality – Beverage Service,£5.48,,,,DE,69111000,4293,0980,Afina,1,1,147,147,71,Cover sugar bowl,1042930980,6.13,99g,90x90x15,4003686436282,0,,,,Afina,Afina,Novelties 2024,,,,,Afina
16-3293-0950,Cover sugar bowl,Villeroy & Boch,Hospitality – Beverage Service,£6.20,,,,DE,69111000,3293,0950,Dune,1,1,147,147,71,Cover sugar bowl,1632930950,6.94,65g,65,5450523006204,320,,,,Dune,Dune,,,,,,Dune
16-3318-0950,Cover sugar bowl,Villeroy & Boch,Hospitality – Beverage Service,£5.59,,,,DE,69111000,3318,0950,La Scala,1,1,147,147,71,Cover sugar bowl,1633180950,6.25,88g,100,5450523018627,50,,,,La Scala,La Scala,white,,,,,La Scala
10-4510-0980,Cover sugar bowl,Villeroy & Boch,Hospitality – Beverage Service,£6.16,,,,TH,69111000,4510,0980,Modern Grace,1,1,185,140,190,Cover sugar bowl,1045100980,6.89,75g,82x62x28,4003683481629,1000,,,,Modern Grace,Modern Grace,Novelties 2010,,,,,Modern Grace
16-3272-0950,Cover sugar bowl,Villeroy & Boch,Hospitality – Beverage Service,£8.13,,,,TH,69111000,3272,0950,Stella Hotel,1,60,75,55,40,Cover sugar bowl,1632720950,9.09,35g,67,5450523010386,0,,,,Stella Hotel,Stella Hotel,Stella Hotel,,,,,Stella
16-3272-0980,Cover sugar bowl,Villeroy & Boch,Hospitality – Beverage Service,£10.12,,,,TH,69111000,3272,0980,Stella Hotel,1,1,147,147,71,Cover sugar bowl,1632720980,11.31,51g,83,5450102383924,0,,,,Stella Hotel,Stella Hotel,Stella Hotel,,,,,Stella
16-3272-0981,Cover sugar bowl,Villeroy & Boch,Hospitality – Beverage Service,£10.12,,,,TH,69111000,3272,0981,Stella Hotel,1,1,147,147,71,Cover sugar bowl,1632720981,11.31,65g,,5450523086503,0,,,,Stella Hotel,Stella Hotel,Stella Hotel,,,,,Stella
16-2040-0950,Cover sugar bowl,Villeroy & Boch,Hospitality – Beverage Service,£4.72,,,,TH,69111000,2040,0950,Universal,1,1,147,147,71,Cover sugar bowl,1620400950,5.28,75g,92,5450523039882,0,,,,Universal,Universal,white,,,,,Universal
16-4004-0950,Cover sugar bowl/Individual bowl,Villeroy & Boch,Hospitality – Beverage Service,£4.34,,,,DE,69111000,4004,0950,Affinity,1,35,112,116,93,Cover sugar bowl/Individual bowl,1640040950,4.85,120g,135x65,5450523055073,560,,,,Affinity,Affinity,Novelties Spring 2013,,,,,Affinity
16-4004-0485,Cover teapot,Villeroy & Boch,Hospitality – Beverage Service,£5.62,,,,TH,69111000,4004,0485,Affinity,1,1,0,0,0,Cover teapot,1640040485,6.28,75g,82,5450523055127,0,,,,Affinity,Affinity,Novelties Spring 2013,,,,,Affinity
16-4004-0650,Cover teapot,Villeroy & Boch,Hospitality – Beverage Service,£5.62,,,,TH,69111000,4004,0650,Affinity,1,1,0,0,0,Cover teapot,1640040650,6.28,75g,82,5450523055158,0,,,,Affinity,Affinity,Novelties Spring 2013,,,,,Affinity
10-4293-0650,Cover teapot,Villeroy & Boch,Hospitality – Beverage Service,£7.46,,,,DE,69111000,4293,0650,Afina,1,1,147,147,71,Cover teapot,1042930650,8.35,83g,80x80x25,4003686436442,0,,,,Afina,Afina,Novelties 2024,,,,,Afina
16-3272-0481,Cover teapot,Villeroy & Boch,Hospitality – Beverage Service,£12.63,,,,TH,69111000,3272,0481,Stella Hotel,1,1,147,147,71,Cover teapot,1632720481,14.13,70g,,5450523086473,0,,,,Stella Hotel,Stella Hotel,Stella Hotel,,,,,Stella
16-3272-0650,Cover teapot,Villeroy & Boch,Hospitality – Beverage Service,£9.50,,,,TH,69111000,3272,0650,Stella Hotel,1,1,147,147,71,Cover teapot,1632720650,10.62,56g,,5450523086794,0,,,,Stella Hotel,Stella Hotel,Stella Hotel,,,,,Stella
16-2040-0485,Cover teapot,Villeroy & Boch,Hospitality – Beverage Service,£7.43,,,,DE,69111000,2040,0485,Universal,6,121,160,125,90,Cover teapot,1620400485,8.3,63g,,5450523051990,50,4057743023861,,,Universal,Universal,Novelties 2012,,,,,Universal
16-2040-0650,Cover teapot,Villeroy & Boch,Hospitality – Beverage Service,£5.84,,,,TH,69111000,2040,0650,Universal,1,1,147,147,71,Cover teapot,1620400650,6.53,65g,80,5450523043094,320,,,,Universal,Universal,white,,,,,Universal
16-2016-0550,Cover teapot N.5,Villeroy & Boch,Hospitality – Beverage Service,£6.68,,,,DE,69111000,2016,0550,Corpo,1,0,0,0,0,Cover teapot N.5,1620160550,7.47,80g,80,5450102263981,0,,,,Corpo,Corpo,white,,,,,Corpo
16-3293-0550,Cover teapot N.5,Villeroy & Boch,Hospitality – Beverage Service,£7.59,,,,TH,69111000,3293,0550,Dune,1,1,147,147,71,Cover teapot N.5,1632930550,8.49,68g,80,5450523001285,0,,,,Dune,Dune,,,,,,Dune
16-2155-0550,Cover teapot N.5,Villeroy & Boch,Hospitality – Beverage Service,£5.61,,,,DE,69111000,2155,0550,Easy,1,0,0,0,0,Cover teapot N.5,1621550550,6.27,40g,60,5450102343225,0,,,,Easy,Easy,white,,,,,Easy
16-3318-0550,Cover teapot N.5,Villeroy & Boch,Hospitality – Beverage Service,£4.92,,,,DE,69111000,3318,0550,La Scala,6,1,147,147,71,Cover teapot N.5,1633180550,5.5,70g,80,5450523018573,0,4057743190716,,,La Scala,La Scala,white,,,,,La Scala
16-3356-0550,Cover teapot N.5,Villeroy & Boch,Hospitality – Beverage Service,£7.59,,,,TH,69111000,3356,0550,Sedona,1,1,147,147,71,Cover teapot N.5,1633560550,8.49,68g,80,5450523047351,320,,,,Sedona,Sedona,Dune,,,,,Sedona
16-4003-0550,Cover teapot N.5,Villeroy & Boch,Hospitality – Beverage Service,£6.25,,,,DE,69111000,4003,0550,Sedona Function,1,1,147,147,71,Cover teapot N.5,1640030550,6.98,80g,80,5450523054151,0,,,,Sedona Function,Sedona Function,Novelties Spring 2012,,,,,Sedona
16-3272-0550,Cover teapot N.5,Villeroy & Boch,Hospitality – Beverage Service,£11.39,,,,TH,69111000,3272,0550,Stella Hotel,1,1,147,147,71,Cover teapot N.5,1632720550,12.73,70g,90,5450523010355,0,,,,Stella Hotel,Stella Hotel,Stella Hotel,,,,,Stella
19-5176-1800,Covered butterdish,Villeroy & Boch,Hospitality,£26.39,,https://static.wixstatic.com/media/042ed7_dbdf74d490e34b348307f1bc7251f747~mv2.png,,CN,69111000,5176,1800,Perlemor Home,1,80,155,125,95,Covered butterdish,1951761800,29.5,524g,155x120x80,4003686423107,320,,,,Perlemor Home,Perlemor Home,Novelties 2023,,,,,Perlemor
10-4282-1800,Covered butterdish,Villeroy & Boch,Porcelain – Crockery,£29.01,,https://static.wixstatic.com/media/042ed7_2ac9c0d06873417aafe82bd56ab15459~mv2.png,,PT,69120025,4282,1800,Lave glacé,1,55,180,135,65,Covered butterdish,1042821800,32.44,700g,147x117x63,4003686437753,484,,Porcelain,,,,,,,,,Lave
10-4259-1800,Covered butterdish,Villeroy & Boch,Porcelain – Crockery,£29.01,,https://static.wixstatic.com/media/042ed7_92640c191e8442c2ad14ef0c43459291~mv2.png,,PT,69120025,4259,1800,Lave gris,1,55,180,135,65,Covered butterdish,1042591800,32.44,700g,147x117x63,4003686437715,484,,Porcelain,,,,,,,,,Lave
10-4153-1800,"Covered butterdish, 2pcs.",Villeroy & Boch,Porcelain – Crockery,£21.46,,https://static.wixstatic.com/media/042ed7_4476943e91d045e09e0780cb1311f513~mv2.png,,DE,69111000,4153,1800,For Me,1,124,185,185,95,"Covered butterdish, 2pcs.",1041531800,23.99,710g,180x116x62,4003686398870,192,,Porcelain,,,,,,,,,For Me
10-4130-0960,Covered sugar,Villeroy & Boch,Porcelain – Beverage Service,£26.11,,https://static.wixstatic.com/media/042ed7_ec3306bc806e4380ab19a93bfb4653d3~mv2.png,,DE,69111000,4130,0960,Artesano Original,1,49,118,120,135,Covered sugar,1041300960,29.19,31g,89x89x98,4003686268326,360,,Porcelain,0.34,,,,,,,,Artesano
14-8585-0960,Covered sugar,Villeroy & Boch,Decoration & Gifts – Beverage Service,£23.20,,https://static.wixstatic.com/media/042ed7_c3265de91763498bb8bb3b3aaf0f60a8~mv2.png,,CN,69111000,8585,0960,Toy's Delight,1,160,175,175,80,Covered sugar,1485850960,25.94,510g,135x135x95,4003683490560,195,,Decoration & Gifts,0.5,,,,,,,,Toy's Delight
10-2337-0930,Covered sugar 6 pers.,Villeroy & Boch,Porcelain – Beverage Service,£34.83,,https://static.wixstatic.com/media/042ed7_d078a13dae6c444fbf378738a3ed8a48~mv2.png,,TH,69111000,2337,0930,Design Naif,1,35,112,116,93,Covered sugar 6 pers.,1023370930,38.94,275g,90x90x104,5450102033126,560,,Porcelain,0.26,,,,,,,,Design Naif
10-2281-0930,Covered sugar 6 pers.,Villeroy & Boch,Porcelain – Beverage Service,£30.76,,https://static.wixstatic.com/media/042ed7_8726236b08104d3a974a918490a2b349~mv2.png,,TH,69111000,2281,0930,French Garden Fleurence,1,70,125,120,100,Covered sugar 6 pers.,1022810930,34.39,255g,91x91x113,5450102344888,560,,Porcelain,0.4,,,,,,,,French Garden
10-2341-0930,Covered sugar 6 pers.,Villeroy & Boch,Porcelain – Beverage Service,£30.76,,https://static.wixstatic.com/media/042ed7_a9d60fe865e84906af10a36f10b3f9a1~mv2.png,,TH,69111000,2341,0930,Old Luxembourg,1,35,112,116,93,Covered sugar 6 pers.,1023410930,34.39,261g,95x95x116,5450102022335,560,,Porcelain,0.29,,,,,,,,Vieux Luxembourg
10-2395-0930,Covered sugar 6 pers.,Villeroy & Boch,Porcelain – Beverage Service,£30.76,,https://static.wixstatic.com/media/042ed7_e1915b3dd1cc441abbb7c4595d367927~mv2.png,,TH,69111000,2395,0930,Petite Fleur,1,80,120,120,115,Covered sugar 6 pers.,1023950930,34.39,278g,91x91x113,5450102014828,560,,Porcelain,0.4,,,,,,,,Petite Fleur
14-8663-0930,Covered sugar 6p,Villeroy & Boch,Decoration & Gifts – Beverage Service,£24.36,,https://static.wixstatic.com/media/042ed7_27641a1ac1674e5fa333c92fc7d7cf04~mv2.png,,DE,69111000,8663,0930,Colourful Spring,1,38,120,110,90,Covered sugar 6p,1486630930,27.24,190g,98x98x90,4003686357112,560,,Decoration & Gifts,0.26,,,,,,,,Colourful Spring
10-1067-3070,Covered vegetable,Villeroy & Boch,Porcelain – Crockery,£168.01,,https://static.wixstatic.com/media/042ed7_2bbfb27ebae341469d301e35865a25a7~mv2.png,,DE,69111000,1067,3070,Audun Ferme,1,264,270,270,150,Covered vegetable,1010673070,187.85,1670g,268x210x210,4003683109134,48,,Porcelain,1.9,,,,,,,,Audun
10-4412-3100,Covered vegetable,Villeroy & Boch,Porcelain – Crockery,£58.08,,https://static.wixstatic.com/media/042ed7_07d388aa403844fe88df2a314291a1d4~mv2.png,,TH,69111000,4412,3100,Royal,1,225,215,215,145,Covered vegetable,1044123100,64.94,1010g,213x213x133,4003686189645,90,,Porcelain,1.7,,,,,,,,Royal
12-6400-1482,Cream cheese knife,Villeroy & Boch,Cutlery – Knives & Cutting Boards,£18.55,,https://static.wixstatic.com/media/042ed7_d630fece0fba45689fb4ae29fabfa609~mv2.png,,ID,82159910,6400,1482,Kensington fromage,1,46,265,80,30,Cream cheese knife,1264001482,20.74,70g,212x27x10,4003686167346,1120,,Cutlery,,,,,,,,,Kensington fromage
16-4004-0780,Creamer,Villeroy & Boch,Hospitality – Beverage Service,£12.01,,,,TH,69111000,4004,0780,Affinity,6,285,280,275,105,Creamer,1640040780,13.43,175g,140x85x85,5450523055165,504,4057743046471,,0.24,Affinity,Affinity,Novelties Spring 2013,,,,,Affinity
10-4653-0780,Creamer,Villeroy & Boch,Hospitality – Beverage Service,£24.64,,https://static.wixstatic.com/media/042ed7_5785db8b58ca469a821fe31b95b4b43b~mv2.png,,TH,69111000,4653,0780,Anmut Gold,1,34,114,118,92,Creamer,1046530780,27.55,150g,120x80x85,4003686375574,560,,,0.2,Anmut Gold,Anmut Gold,Anmut Gold,,,,,Anmut
10-4636-0780,Creamer,Villeroy & Boch,Hospitality – Beverage Service,£24.64,,https://static.wixstatic.com/media/042ed7_66b42cb9f2c14be483b6b5a2b9192d9c~mv2.png,,TH,69111000,4636,0780,Anmut Platinum No.1,1,67,115,115,100,Creamer,1046360780,27.55,150g,120x80x85,4003683396930,560,,,0.2,Anmut Platinum No.1,Anmut Platinum No.1,Anmut Platinum No.1,,,,,Anmut
16-4026-0780,Creamer,Villeroy & Boch,Hospitality – Beverage Service,£9.70,,,,DE,69111000,4026,0780,Artesano Barista,1,38,120,110,90,Creamer,1640260780,10.85,145g,,5450523063337,560,,,0.2,Artesano Barista,Artesano Barista,Novelties 2015,,,Artesano,,Artesano
16-4026-0800,Creamer,Villeroy & Boch,Hospitality – Beverage Service,£5.92,,,,DE,69111000,4026,0800,Artesano Barista,6,84,290,165,80,Creamer,1640260800,6.61,105g,,5450523062583,864,4057743051062,,0.1,Artesano Barista,Artesano Barista,Novelties 2015,,,Artesano,,Artesano
10-4130-0760,Creamer,Villeroy & Boch,Hospitality – Beverage Service,£10.00,,https://static.wixstatic.com/media/042ed7_f5012c99b179403da5f5aad075cc28e8~mv2.png,,DE,69111000,4130,0760,Artesano Professionale,1,38,120,110,90,Creamer,1041300760,11.18,200g,75x70x105,4003686268395,560,,,0.2,Artesano Original,Artesano Original,LE 2016,,,Artesano,,Artesano
10-4661-0780,Creamer,Villeroy & Boch,Hospitality – Beverage Service,£28.74,,https://static.wixstatic.com/media/042ed7_b3cdf7c46db746e2b0a9a00912003e8e~mv2.png,,TH,69111000,4661,0780,Château Septfontaines,1,42,120,110,90,Creamer,1046610780,32.14,186g,125x70x90,4003686405738,560,,,0.23,Château Septfontaines,Château Septfontaines,Novelties 2021,,,,,Chateau Septfontaines
19-5167-0780,Creamer,Villeroy & Boch,Hospitality – Beverage Service,£10.50,,https://static.wixstatic.com/media/042ed7_3bbcdbe2e2aa4493ba6313a683a05a05~mv2.png,,TH,69111000,5167,780,Crafted Breeze,1,38,110,100,95,Creamer,1951670780,11.74,200g,140x85x80,4003686430013,504,,,0.27,Crafted Breeze,Crafted Breeze,Novelties 2023,,,,,Crafted
19-5168-0780,Creamer,Villeroy & Boch,Hospitality – Beverage Service,£10.50,,https://static.wixstatic.com/media/042ed7_eaea53388221466e9fa810b7b72c21a4~mv2.png,,TH,69111000,5168,780,Crafted Denim,1,38,110,100,95,Creamer,1951680780,11.74,200g,140x85x80,4003686430051,504,,,0.27,Crafted Denim,Crafted Denim,Novelties 2023,,,,,Crafted
10-4652-0780,Creamer,Villeroy & Boch,Hospitality – Beverage Service,£35.87,,https://static.wixstatic.com/media/042ed7_9ebdc3a2f62b4871b84c5f0614c7e23c~mv2.png,,DE,69111000,4652,0780,MetroChic,1,38,114,118,92,Creamer,1046520780,40.11,200g,85x55x110,4003686362437,560,,,0.22,MetroChic,MetroChic,MetroChic,,,,,MetroChic
10-4510-0780,Creamer,Villeroy & Boch,Hospitality – Beverage Service,£18.32,,https://static.wixstatic.com/media/042ed7_73e49c1b7ecb4627b52e7a346afc0cf1~mv2.png,,DE,69111000,4510,0780,Modern Grace,1,35,112,116,93,Creamer,1045100780,20.48,200g,85x55x110,4003683481704,560,,,0.22,Modern Grace,Modern Grace,Novelties 2010,,,,,Modern Grace
10-2525-0780,Creamer,Villeroy & Boch,Hospitality – Beverage Service,£10.16,,https://static.wixstatic.com/media/042ed7_e874e3099199476d99d68d2ac1148396~mv2.png,,DE,69111000,2525,0780,NewWave,1,35,112,116,93,Creamer,1025250780,11.36,185g,132x82x85,4003683333652,560,,,0.17,NewWave,NewWave,NewWave,,,,,NewWave
19-5172-0780,Creamer,Villeroy & Boch,Hospitality – Beverage Service,£9.76,,https://static.wixstatic.com/media/042ed7_e20b40958cbb4af2bf73de2c89e645cc~mv2.png,,DE,69111000,5172,0780,Perlemor Sand,1,38,120,110,90,Creamer,1951720780,10.91,251g,105x90x70,4003686456921,560,,,0.23,Perlemor Sand,Perlemor Sand,Novelties 2025,NEW,,,,Perlemor
16-3272-0781,Creamer,Villeroy & Boch,Hospitality – Beverage Service,£18.74,,,,TH,69111000,3272,0781,Stella Hotel,6,190,220,280,100,Creamer,1632720781,20.95,150g,120x80x85,5450523086480,552,4057743090931,,0.2,Stella Hotel,Stella Hotel,Stella Hotel,,,,,Stella
14-8585-0780,Creamer,Villeroy & Boch,Decoration & Gifts – Beverage Service,£22.04,,https://static.wixstatic.com/media/042ed7_a1ef2b4066cd43aa89833283ccab6df0~mv2.png,,ID,69111000,8585,0780,Toy's Delight,1,200,175,160,155,Creamer,1485850780,24.64,252g,136x104x144,4003683490553,150,,Decoration & Gifts,0.55,,,,,,,,Toy's Delight
10-3514-0780,Creamer 6 pers.,Villeroy & Boch,Porcelain – Beverage Service,£37.73,,https://static.wixstatic.com/media/042ed7_290b46ddfc604f79be493e714d2aeef6~mv2.png,,DE,69111000,3514,0780,Amazonia,1,34,114,118,92,Creamer 6 pers.,1035140780,42.19,200g,87x57x108,4003686194458,560,,Porcelain,0.22,,,,,,,,Amazonia
10-1067-0780,Creamer 6 pers.,Villeroy & Boch,Porcelain – Beverage Service,£40.64,,https://static.wixstatic.com/media/042ed7_bf7de50a28be4bfa9b672e712eebd116~mv2.png,,DE,69111000,1067,0780,Audun Ferme,1,35,112,116,93,Creamer 6 pers.,1010670780,45.44,209g,120x80x87,4003683108755,560,,Porcelain,0.22,,,,,,,,Audun
10-4655-0780,Creamer 6 pers.,Villeroy & Boch,Porcelain – Beverage Service,£37.73,,https://static.wixstatic.com/media/042ed7_e5bef880322849eba81417802ac030dc~mv2.png,,DE,69111000,4655,0780,Avarua,1,42,120,110,90,Creamer 6 pers.,1046550780,42.19,200g,87x57x108,4003686393622,560,,Porcelain,0.22,,,,,,,,Avarua
14-8663-0760,Creamer 6 pers.,Villeroy & Boch,Decoration & Gifts – Beverage Service,£21.46,,https://static.wixstatic.com/media/042ed7_da4ed690994c4c9aa5b70bb8c9c2ffbc~mv2.png,,DE,69111000,8663,0760,Colourful Spring,1,38,120,110,90,Creamer 6 pers.,1486630760,23.99,205g,136x78x91,4003686357198,560,,Decoration & Gifts,0.27,,,,,,,,Colourful Spring
10-2337-0760,Creamer 6 pers.,Villeroy & Boch,Porcelain – Beverage Service,£33.08,,https://static.wixstatic.com/media/042ed7_6e641fdc9c98477282f53cd7854100f1~mv2.png,,TH,69111000,2337,0760,Design Naif,1,35,112,116,93,Creamer 6 pers.,1023370760,36.99,213g,113x76x92,5450102033119,560,,Porcelain,0.24,,,,,,,,Design Naif
10-4153-0780,Creamer 6 pers.,Villeroy & Boch,Porcelain – Beverage Service,£20.29,,https://static.wixstatic.com/media/042ed7_4da56e2cc2d54992b367aa2413660378~mv2.png,,DE,69111000,4153,0780,For Me,1,38,120,110,90,Creamer 6 pers.,1041530780,22.69,180g,136x78x91,4003686259706,360,,Porcelain,0.27,,,,,,,,For Me
10-2281-0760,Creamer 6 pers.,Villeroy & Boch,Porcelain – Beverage Service,£27.85,,https://static.wixstatic.com/media/042ed7_5704e6344fc040df84874b034b6bf842~mv2.png,,TH,69111000,2281,0760,French Garden Fleurence,1,64,125,125,115,Creamer 6 pers.,1022810760,31.14,200g,111x81x94,5450102344871,560,,Porcelain,0.23,,,,,,,,French Garden
10-4100-0780,Creamer 6 pers.,Villeroy & Boch,Porcelain – Beverage Service,£21.46,,https://static.wixstatic.com/media/042ed7_d75bcc3af3874ba4b771eba5ff107bc3~mv2.png,,DE,69111000,4100,0780,Mariefleur Basic,1,49,118,120,135,Creamer 6 pers.,1041000780,23.99,250g,138x72x101,4003686179769,360,,Porcelain,0.32,,,,,,,,Mariefleur
10-4104-0780,Creamer 6 pers.,Villeroy & Boch,Porcelain – Beverage Service,£21.46,,https://static.wixstatic.com/media/042ed7_db72e06cb66c4969be169b75b70d7774~mv2.png,,DE,69111000,4104,0780,Mariefleur Gris Basic,1,49,118,120,135,Creamer 6 pers.,1041040780,23.99,250g,138x72x101,4003686188730,360,,Porcelain,0.32,,,,,,,,Mariefleur
10-3460-0780,Creamer 6 pers.,Villeroy & Boch,Porcelain – Beverage Service,£23.20,,https://static.wixstatic.com/media/042ed7_23949d54929b4ba1a606e8b086870ee6~mv2.png,,DE,69111000,3460,0780,New Cottage Basic,1,49,118,120,135,Creamer 6 pers.,1034600780,25.94,250g,137x74x101,4003683458331,360,,Porcelain,0.31,,,,,,,,New Cottage
10-2341-0760,Creamer 6 pers.,Villeroy & Boch,Porcelain – Beverage Service,£27.85,,https://static.wixstatic.com/media/042ed7_240641f6f6d54424a454112dee210903~mv2.png,,TH,69111000,2341,0760,Old Luxembourg,1,35,112,116,93,Creamer 6 pers.,1023410760,31.14,215g,101x83x104,5450102022304,560,,Porcelain,0.28,,,,,,,,Vieux Luxembourg
10-2395-0760,Creamer 6 pers.,Villeroy & Boch,Porcelain – Beverage Service,£27.85,,https://static.wixstatic.com/media/042ed7_30dc0c2be0a84d87a25dba18b3953e71~mv2.png,,TH,69111000,2395,0760,Petite Fleur,1,70,125,120,100,Creamer 6 pers.,1023950760,31.14,200g,111x81x94,5450102014811,560,,Porcelain,0.23,,,,,,,,Petite Fleur
10-4412-0780,Creamer 6 pers.,Villeroy & Boch,Porcelain – Beverage Service,£29.01,,https://static.wixstatic.com/media/042ed7_62bfceea6fb044da962b7d2e622ae332~mv2.png,,TH,69111000,4412,0780,Royal,1,52,120,120,95,Creamer 6 pers.,1044120780,32.44,214g,121x70x106,4003686140233,560,,Porcelain,0.26,,,,,,,,Royal
16-2040-0750,Creamer Cone N.1,Villeroy & Boch,Hospitality – Beverage Service,£15.84,,,,DE,69111000,2040,0750,Universal,6,276,390,280,123,Creamer Cone N.1,1620400750,17.72,356g,,5450523039837,288,4057743023878,,0.5,Universal,Universal,white,,,,,Universal
16-4003-0780,Creamer Cone N.4,Villeroy & Boch,Hospitality – Beverage Service,£13.94,,,,DE,69111000,4003,0780,Sedona Function,6,163,320,215,95,Creamer Cone N.4,1640030780,15.58,215g,135x80x85,5450523054311,588,4057743046297,,0.23,Sedona Function,Sedona Function,Novelties Spring 2012,,,,,Sedona
16-2040-0780,Creamer Cone N.4,Villeroy & Boch,Hospitality – Beverage Service,£10.00,,,,DE,69111000,2040,0780,Universal,6,163,320,215,95,Creamer Cone N.4,1620400780,11.18,215g,135x80x85,5450523039844,588,4057743023892,,0.23,Universal,Universal,white,,Yes,,,Universal
16-4003-0800,Creamer Cone N.6,Villeroy & Boch,Hospitality – Beverage Service,£9.85,,,,DE,69111000,4003,0800,Sedona Function,6,121,290,165,83,Creamer Cone N.6,1640030800,11.01,125g,105x65x65,5450523054328,864,4057743046303,,0.11,Sedona Function,Sedona Function,Novelties Spring 2012,,,,,Sedona
16-2040-0800,Creamer Cone N.6,Villeroy & Boch,Hospitality – Beverage Service,£7.12,,,,DE,69111000,2040,0800,Universal,6,121,290,165,83,Creamer Cone N.6,1620400800,7.96,113g,105x65x65,5450523039851,864,4057743023915,,0.11,Universal,Universal,white,,Yes,,,Universal
16-2040-0810,Creamer Cone N.7,Villeroy & Boch,Hospitality – Beverage Service,£5.25,,,,DE,69111000,2040,0810,Universal,6,150,270,180,75,Creamer Cone N.7,1620400810,5.87,51g,55x45x40,5450523018948,504,4057743023939,,0.04,Universal,Universal,white,,Yes,Big Buffet,,Universal
16-2040-0781,Creamer Globe N.4,Villeroy & Boch,Hospitality – Beverage Service,£10.00,,,,DE,69111000,2040,0781,Universal,6,163,320,215,95,Creamer Globe N.4,1620400781,11.18,190g,,5450523044404,588,4057743023908,,0.25,Universal,Universal,Novelties Autumn 2008,,,,,Universal
16-2040-0801,Creamer Globe N.6,Villeroy & Boch,Hospitality – Beverage Service,£7.12,,,,DE,69111000,2040,0801,Universal,6,218,200,230,80,Creamer Globe N.6,1620400801,7.96,125g,100x70x70,5450523044411,636,4057743023922,,0.14,Universal,Universal,Novelties Autumn 2008,,,,,Universal
16-3318-0780,Creamer N.4,Villeroy & Boch,Hospitality – Beverage Service,£10.75,,,,DE,69111000,3318,0780,La Scala,6,158,320,215,95,Creamer N.4,1633180780,12.02,190g,120x90x85,5450523018580,558,4057743036496,,0.25,La Scala,La Scala,white,,,,,La Scala
16-3272-0780,Creamer N.4,Villeroy & Boch,Hospitality – Beverage Service,£18.74,,,,TH,69111000,3272,0780,Stella Hotel,6,171,310,210,90,Creamer N.4,1632720780,20.95,220g,125x70x90,5450102383900,510,4057743032061,,0.25,Stella Hotel,Stella Hotel,Stella Hotel,,,,,Stella
16-3293-0800,Creamer N.6,Villeroy & Boch,Hospitality – Beverage Service,£9.78,,,,TH,69111000,3293,0800,Dune,6,121,290,165,83,Creamer N.6,1632930800,10.94,132g,95x65x70,5450523001292,864,4057743034072,,0.14,Dune,Dune,,,Yes,,,Dune
16-3318-0800,Creamer N.6,Villeroy & Boch,Hospitality – Beverage Service,£7.67,,,,DE,69111000,3318,0800,La Scala,6,121,290,165,83,Creamer N.6,1633180800,8.58,105g,90x65x65,5450523018597,1302,4057743036502,,0.1,La Scala,La Scala,white,,,,,La Scala
16-3356-0800,Creamer N.6,Villeroy & Boch,Hospitality – Beverage Service,£12.68,,,,TH,69111000,3356,0800,Sedona,6,121,290,165,83,Creamer N.6,1633560800,14.18,132g,95x65x70,5450523047368,864,4057743044255,,0.14,Sedona,Sedona,Dune,,,,,Sedona
16-3272-0800,Creamer N.6,Villeroy & Boch,Hospitality – Beverage Service,£15.00,,,,TH,69111000,3272,0800,Stella Hotel,6,142,200,200,100,Creamer N.6,1632720800,16.77,120g,,5450523010393,972,4057743032078,,0.1,Stella Hotel,Stella Hotel,Stella Hotel,,Yes,,,Stella
16-4004-0800,Creamer/Sauceboat,Villeroy & Boch,Hospitality – Beverage Service,£8.67,,,,TH,69111000,4004,0800,Affinity,6,116,285,165,80,Creamer/Sauceboat,1640040800,9.69,93g,110x55x80,5450523055172,420,4057743046488,,0.1,Affinity,Affinity,Novelties Spring 2013,,,,,Affinity
10-4293-0780,Creamer/Sauceboat,Villeroy & Boch,Hospitality – Beverage Service,£7.95,,https://static.wixstatic.com/media/042ed7_08f5e3ac49b540fa9c8ea7d16e42b7e6~mv2.png,,DE,69111000,4293,0780,Afina,1,38,120,110,90,Creamer/Sauceboat,1042930780,8.89,198g,85x75x90,4003686436411,560,4057743183954,,0.22,Afina,Afina,Novelties 2024,,,,,Afina
16-4004-1270,Cup,Villeroy & Boch,Hospitality – Beverage Service,£5.14,,,,DE,69111000,4004,1270,Affinity,6,163,320,215,95,Cup,1640041270,5.75,216g,80x80x75,5450523055929,588,4057743046532,,0.22,Affinity,Affinity,Novelties Autumn 2013,,,,,Affinity
16-4004-1360,Cup,Villeroy & Boch,Hospitality – Beverage Service,£5.54,,,,DE,69111000,4004,1360,Affinity,6,163,320,215,95,Cup,1640041360,6.2,215g,100x100x60,5450523055943,588,4057743046563,,0.25,Affinity,Affinity,Novelties Autumn 2013,,,,,Affinity
16-4004-1450,Cup,Villeroy & Boch,Hospitality – Beverage Service,£4.16,,,,DE,69111000,4004,1450,Affinity,6,121,290,165,83,Cup,1640041450,4.65,167g,70x70x60,5450523055899,864,4057743046570,,0.1,Affinity,Affinity,Novelties Autumn 2013,,,,,Affinity
10-4653-1270,Cup,Villeroy & Boch,Hospitality – Beverage Service,£12.03,,https://static.wixstatic.com/media/042ed7_0bc40c5ac92e47bb88341023ddcf27d0~mv2.png,,DE,69111000,4653,1270,Anmut Gold,6,260,460,280,92,Cup,1046531270,13.46,120g,130x105x58,4003686375826,360,4057743155050,,0.26,Anmut Gold,Anmut Gold,Anmut Gold,,,,,Anmut
10-4653-1300,Cup,Villeroy & Boch,Hospitality – Beverage Service,£12.03,,https://static.wixstatic.com/media/042ed7_3d4274f836b849e5b1b20511a57de344~mv2.png,,DE,69111000,4653,1300,Anmut Gold,6,154,320,215,80,Cup,1046531300,13.46,114g,116x88x65,4003686375888,708,4057743155302,,0.22,Anmut Gold,Anmut Gold,Anmut Gold,,,,,Anmut
10-4653-1420,Cup,Villeroy & Boch,Hospitality – Beverage Service,£9.94,,https://static.wixstatic.com/media/042ed7_cc572a19445f49e2ae4db2f619ef854d~mv2.png,,DE,69111000,4653,1420,Anmut Gold,6,140,286,175,80,Cup,1046531420,11.12,75g,85x52x62,4003686375871,864,4057743155098,,0.1,Anmut Gold,Anmut Gold,Anmut Gold,,,,,Anmut
10-4636-1270,Cup,Villeroy & Boch,Hospitality – Beverage Service,£12.03,,https://static.wixstatic.com/media/042ed7_57d87687c83c4afb9ba6064790119257~mv2.png,,DE,69111000,4636,1270,Anmut Platinum No.1,6,260,460,280,92,Cup,1046361270,13.46,120g,130x105x58,4003683396978,360,4057743014333,,0.26,Anmut Platinum No.1,Anmut Platinum No.1,Anmut Platinum No.1,,,,,Anmut
10-4636-1300,Cup,Villeroy & Boch,Hospitality – Beverage Service,£12.03,,https://static.wixstatic.com/media/042ed7_ef520773d51b4bdbaccf71e8cd8f76d3~mv2.png,,DE,69111000,4636,1300,Anmut Platinum No.1,6,199,320,215,80,Cup,1046361300,13.46,114g,116x88x65,4003683426361,708,4057743014357,,0.24,Anmut Platinum No.1,Anmut Platinum No.1,Anmut Platinum No.1,,,,,Anmut
10-4636-1420,Cup,Villeroy & Boch,Hospitality – Beverage Service,£9.94,,https://static.wixstatic.com/media/042ed7_5d6efe30b689440a8a440b4da967c1fe~mv2.png,,DE,69111000,4636,1420,Anmut Platinum No.1,6,122,293,165,81,Cup,1046361420,11.12,75g,85x52x62,4003683396992,864,4057743014364,,0.1,Anmut Platinum No.1,Anmut Platinum No.1,Anmut Platinum No.1,,,,,Anmut
16-4026-1240,Cup,Villeroy & Boch,Hospitality – Beverage Service,£8.12,,,,DE,69111000,4026,1240,Artesano Barista,6,312,460,280,95,Cup,1640261240,9.08,285g,130x100x70,5450523062545,360,4057743051079,,0.35,Artesano Barista,Artesano Barista,Novelties 2015,,,Artesano,,Artesano
16-4026-1270,Cup,Villeroy & Boch,Hospitality – Beverage Service,£7.44,,,,DE,69111000,4026,1270,Artesano Barista,6,200,305,220,80,Cup,1640261270,8.32,240g,118x90x65,5450523062521,708,4057743051086,,0.26,Artesano Barista,Artesano Barista,Novelties 2015,,Yes,Artesano,,Artesano
16-4026-1271,Cup,Villeroy & Boch,Hospitality – Beverage Service,£7.34,,,,DE,69111000,4026,1271,Artesano Barista,6,163,320,215,95,Cup,1640261271,8.21,240g,100x75x95,5450523063306,588,4057743051093,,0.22,Artesano Barista,Artesano Barista,Novelties 2015,,Yes,Artesano,,Artesano
16-4026-1360,Cup,Villeroy & Boch,Hospitality – Beverage Service,£6.84,,,,DE,69111000,4026,1360,Artesano Barista,6,158,320,215,95,Cup,1640261360,7.64,185g,95x70x85,5450523062514,588,4057743051116,,0.18,Artesano Barista,Artesano Barista,Novelties 2015,,,Artesano,,Artesano
16-4026-1450,Cup,Villeroy & Boch,Hospitality – Beverage Service,£6.09,,,,DE,69111000,4026,1450,Artesano Barista,6,84,290,165,80,Cup,1640261450,6.81,120g,80x55x65,5450523062491,864,4057743051123,,0.09,Artesano Barista,Artesano Barista,Novelties 2015,,Yes,Artesano,,Artesano
11-7203-8084,Cup,Villeroy & Boch,Hospitality – Beverage Service,£12.65,,https://static.wixstatic.com/media/042ed7_fbd45878c42740569cc86fa41c4b4869~mv2.png,,CN,70134200,7203,8084,Artesano Hot Beverages,1,95,215,110,80,Cup,1172038084,14.14,170g,94x73x71,4003686446571,380,,,0.108,Artesano Hot Beverages,Artesano Hot Beverages,,,,,"Set 2pcs. Orders only by 2 pieces, prices per set",Artesano
11-7203-8085,Cup,Villeroy & Boch,Hospitality – Beverage Service,£15.53,,https://static.wixstatic.com/media/042ed7_f443d2b5d2834fa1ab61eb217f278f15~mv2.png,,CN,70134200,7203,8085,Artesano Hot Beverages,1,140,245,140,95,Cup,1172038085,17.36,270g,123x95x82,4003686446588,192,,,0.27,Artesano Hot Beverages,Artesano Hot Beverages,,,,,"Set 2pcs. Orders only by 2 pieces, prices per set",Artesano
11-7203-8086,Cup,Villeroy & Boch,Hospitality – Beverage Service,£18.42,,https://static.wixstatic.com/media/042ed7_dee359f5ae964dd099682f576630885e~mv2.png,,CN,70134200,7203,8086,Artesano Hot Beverages,1,172,280,150,115,Cup,1172038086,20.59,350g,136x110x95,4003686446595,140,,,0.43,Artesano Hot Beverages,Artesano Hot Beverages,,,,,"Set 2pcs. Orders only by 2 pieces, prices per set",Artesano
11-7203-8088,Cup,Villeroy & Boch,Hospitality – Beverage Service,£19.86,,https://static.wixstatic.com/media/042ed7_d99dc589da284460b532f05d2b4b7983~mv2.png,,CN,70134200,7203,8088,Artesano Hot Beverages,1,180,290,135,140,Cup,1172038088,22.21,390g,128x96x125,4003686446601,120,,,0.46,Artesano Hot Beverages,Artesano Hot Beverages,,,,,"Set 2pcs. Orders only by 2 pieces, prices per set",Artesano
11-7203-8089,Cup,Villeroy & Boch,Hospitality – Beverage Service,£18.42,,https://static.wixstatic.com/media/042ed7_59a43733dcdb411ca8b7c0f5412d6fce~mv2.png,,CN,70134200,7203,8089,Artesano Hot Beverages,1,169,270,125,125,Cup,1172038089,20.59,345g,120x90x114,4003686446618,162,,,0.35,Artesano Hot Beverages,Artesano Hot Beverages,,,,,"Set 2pcs. Orders only by 2 pieces, prices per set",Artesano
10-4130-1300,Cup,Villeroy & Boch,Hospitality – Beverage Service,£7.10,,https://static.wixstatic.com/media/042ed7_2b7c459ee1e2435b850ac3147c444c1f~mv2.png,,DE,69111000,4130,1300,Artesano Professionale,6,163,320,215,95,Cup,1041301300,7.94,175g,115x90x70,4003686231122,588,4057743008783,,0.25,Artesano Original,Artesano Original,,,,Artesano,,Artesano
16-4088-1300,Cup,Villeroy & Boch,Hospitality – Beverage Service,£5.96,,,,DE,69111000,4088,1300,Caffe Club,4,194,225,230,95,Cup,1640881300,6.67,155g,117x90x70,5450523150280,540,4057743170084,,0.22,Caffe Club white,Caffe Club white,Novelties 2013,,Yes,,,Caffe Club
16-4088-1420,Cup,Villeroy & Boch,Hospitality – Beverage Service,£5.16,,,,DE,69111000,4088,1420,Caffe Club,4,115,155,155,86,Cup,1640881420,5.77,82g,85x60x65,5450523150303,1260,4057743170107,,0.1,Caffe Club white,Caffe Club white,Novelties 2013,,Yes,,,Caffe Club
10-4661-1300,Cup,Villeroy & Boch,Hospitality – Beverage Service,£14.09,,https://static.wixstatic.com/media/042ed7_c47ddf41d89a4953ae2d114e0a929592~mv2.png,,DE,69111000,4661,1300,Château Septfontaines,6,157,216,234,130,Cup,1046611300,15.75,169g,100x75x70,4003686402997,588,4057743167794,,0.22,Château Septfontaines,Château Septfontaines,Novelties 2021,,,,,Chateau Septfontaines
10-4661-1420,Cup,Villeroy & Boch,Hospitality – Beverage Service,£11.75,,https://static.wixstatic.com/media/042ed7_91e033ba4e3e49b8914460e3a9c15a29~mv2.png,,DE,69111000,4661,1420,Château Septfontaines,6,122,293,165,81,Cup,1046611420,13.15,73g,75x55x55,4003686403017,864,4057743167817,,0.08,Château Septfontaines,Château Septfontaines,Novelties 2021,,,,,Chateau Septfontaines
19-5167-1300,Cup,Villeroy & Boch,Hospitality – Beverage Service,£5.62,,https://static.wixstatic.com/media/042ed7_9a05322369a9439e8b437fbe8141b266~mv2.png,,TH,69111000,5167,1300,Crafted Breeze,6,137,305,220,80,Cup,1951671300,6.28,200g,120x95x65,4003686396890,840,4057743164724,,0.25,Crafted Breeze,Crafted Breeze,Novelties 2020,,,,,Crafted
19-5167-1420,Cup,Villeroy & Boch,Hospitality – Beverage Service,£4.32,,https://static.wixstatic.com/media/042ed7_abbb14a5bf364ccc9a0958643ae56d2c~mv2.png,,TH,69111000,5167,1420,Crafted Breeze,6,70,225,135,55,Cup,1951671420,4.82,103g,85x65x55,4003686430020,1980,4057743180526,,0.1,Crafted Breeze,Crafted Breeze,Novelties 2023,,,,,Crafted
19-5183-1300,Cup,Villeroy & Boch,Hospitality – Beverage Service,£5.62,,https://static.wixstatic.com/media/042ed7_06d756bf6c1a49efa89dbfdc97e94fe3~mv2.png,,TH,69111000,5183,1300,Crafted Cotton,6,125,295,195,75,Cup,1951831300,6.28,210g,120x90x60,4003686437517,840,4057743184876,,0.25,Crafted Cotton,Crafted Cotton,Novelties 2024,,,,,Crafted
19-5168-1300,Cup,Villeroy & Boch,Hospitality – Beverage Service,£5.62,,https://static.wixstatic.com/media/042ed7_0cc6d9d3776e4118b16a1f3742a1204d~mv2.png,,TH,69111000,5168,1300,Crafted Denim,6,137,305,220,80,Cup,1951681300,6.28,200g,120x95x65,4003686397637,840,4057743165400,,0.25,Crafted Denim,Crafted Denim,Novelties 2020,,,,,Crafted
19-5168-1420,Cup,Villeroy & Boch,Hospitality – Beverage Service,£4.32,,https://static.wixstatic.com/media/042ed7_8867bcf8a79b4963a6380efc3be9d6ea~mv2.png,,TH,69111000,5168,1420,Crafted Denim,6,70,225,135,55,Cup,1951681420,4.82,103g,85x65x55,4003686430068,2016,4057743180564,,0.1,Crafted Denim,Crafted Denim,Novelties 2023,,,,,Crafted
16-3293-1240,Cup,Villeroy & Boch,Hospitality – Beverage Service,£8.04,,,,DE,69111000,3293,1240,Dune,6,312,460,280,95,Cup,1632931240,8.99,300g,145x115x75,5450523048112,360,4057743034102,,0.46,Dune,Dune,Novelties 2010,,,,,Dune
16-3293-1300,Cup,Villeroy & Boch,Hospitality – Beverage Service,£7.58,,,,DE,69111000,3293,1300,Dune,6,200,305,220,80,Cup,1632931300,8.47,203g,120x100x65,5450523077716,708,4057743074146,,0.26,Dune,Dune,Novelties spring 2017,,,,,Dune
10-3420-1240,Cup,Villeroy & Boch,Hospitality – Beverage Service,£11.28,,https://static.wixstatic.com/media/042ed7_67dddffd797e4cd6a40dad70cc1048c0~mv2.png,,DE,69111000,3420,1240,Flow,6,175,367,218,142,Cup,1034201240,12.61,335g,141x100x86,4003683349509,300,4057743006239,,0.36,Flow,Flow,Flow,,,,,Flow
10-3420-1300,Cup,Villeroy & Boch,Hospitality – Beverage Service,£9.60,,https://static.wixstatic.com/media/042ed7_0264068e78bc40f5810d983538171017~mv2.png,,DE,69111000,3420,1300,Flow,6,163,320,215,95,Cup,1034201300,10.74,200g,115x90x73,4003683349523,588,4057743006253,,0.22,Flow,Flow,Flow,,,,,Flow
10-3420-1420,Cup,Villeroy & Boch,Hospitality – Beverage Service,£7.20,,https://static.wixstatic.com/media/042ed7_7843de10cb854423aa4d81a39de255e9~mv2.png,,DE,69111000,3420,1420,Flow,6,121,290,165,83,Cup,1034201420,8.05,150g,85x65x60,4003683349615,864,4057743006277,,0.1,Flow,Flow,Flow,,,,,Flow
10-4392-1240,Cup,Villeroy & Boch,Hospitality – Beverage Service,£25.93,,https://static.wixstatic.com/media/042ed7_1bde184eeec441bca0476842d1437a67~mv2.png,,DE,69111000,4392,1240,Gray Pearl,6,271,455,280,87,Cup,1043921240,28.98,175g,145x115x70,4003683201241,360,4057743011714,,0.44,Gray Pearl,Gray Pearl,Gray Pearl,,,,,Gray Pearl
10-4392-1300,Cup,Villeroy & Boch,Hospitality – Beverage Service,£17.50,,https://static.wixstatic.com/media/042ed7_0504d41a1c3249c2ad415db8466b8990~mv2.png,,DE,69111000,4392,1300,Gray Pearl,6,163,320,215,95,Cup,1043921300,19.56,112g,115x90x60,4003683201272,588,4057743011738,,0.2,Gray Pearl,Gray Pearl,Gray Pearl,,,,,Gray Pearl
10-4392-1420,Cup,Villeroy & Boch,Hospitality – Beverage Service,£16.79,,https://static.wixstatic.com/media/042ed7_958d3b91134149718ca791203c47c61d~mv2.png,,DE,69111000,4392,1420,Gray Pearl,6,121,290,165,83,Cup,1043921420,18.77,72g,85x60x60,4003683201302,864,4057743011752,,0.11,Gray Pearl,Gray Pearl,Gray Pearl,,,,,Gray Pearl
10-4390-1240,Cup,Villeroy & Boch,Hospitality – Beverage Service,£27.76,,https://static.wixstatic.com/media/042ed7_efd93558986148279fd6b8739e0c30af~mv2.png,,DE,69111000,4390,1240,Ivoire,6,260,460,280,92,Cup,1043901240,31.04,175g,145x115x70,4003686131606,360,4057743011561,,0.44,Ivoire,Ivoire,Ivoire,,,,,Ivoire
10-4390-1300,Cup,Villeroy & Boch,Hospitality – Beverage Service,£22.89,,https://static.wixstatic.com/media/042ed7_29161f3ca43b472493dd58031a432157~mv2.png,,DE,69111000,4390,1300,Ivoire,6,157,216,234,130,Cup,1043901300,25.6,112g,115x90x60,4003686131637,588,4057743011585,,0.2,Ivoire,Ivoire,Ivoire,,,,,Ivoire
10-4390-1420,Cup,Villeroy & Boch,Hospitality – Beverage Service,£20.81,,https://static.wixstatic.com/media/042ed7_fcc69c4183b84fe69ac982c5e1e34e09~mv2.png,,DE,69111000,4390,1420,Ivoire,6,122,293,165,81,Cup,1043901420,23.27,72g,85x60x60,4003686131668,864,4057743011608,,0.11,Ivoire,Ivoire,Ivoire,,,,,Ivoire
10-4652-1270,Cup,Villeroy & Boch,Hospitality – Beverage Service,£23.66,,https://static.wixstatic.com/media/042ed7_646ef382c0b9448ead04c169b139427a~mv2.png,,DE,69111000,4652,1270,MetroChic,6,171,300,210,100,Cup,1046521270,26.45,190g,120x95x50,4003686362451,588,4057743109312,,0.23,MetroChic,MetroChic,MetroChic,,,,,MetroChic
10-4652-1300,Cup,Villeroy & Boch,Hospitality – Beverage Service,£23.54,,https://static.wixstatic.com/media/042ed7_b7e9d9c2c3f842a4817b6a279d7a91b4~mv2.png,,DE,69111000,4652,1300,MetroChic,6,123,320,215,95,Cup,1046521300,26.32,185g,100x70x80,4003686362468,588,4057743109329,,0.22,MetroChic,MetroChic,MetroChic,,,,,MetroChic
10-4652-1420,Cup,Villeroy & Boch,Hospitality – Beverage Service,£20.78,,https://static.wixstatic.com/media/042ed7_c1528043ef7b44928a744324fcb88260~mv2.png,,DE,69111000,4652,1420,MetroChic,6,122,293,165,81,Cup,1046521420,23.23,90g,75x55x55,4003686362444,864,4057743109305,,0.08,MetroChic,MetroChic,MetroChic,,,,,MetroChic
10-4654-1270,Cup,Villeroy & Boch,Hospitality – Beverage Service,£11.38,,https://static.wixstatic.com/media/042ed7_056dabd0624840c493043fb07e431c4b~mv2.png,,DE,69111000,4654,1270,MetroChic blanc,6,137,305,220,80,Cup,1046541270,12.72,190g,120x95x50,4003686375772,708,4057743149684,,0.23,MetroChic blanc,MetroChic blanc,MetroChic blanc,,,,,MetroChic
10-4654-1300,Cup,Villeroy & Boch,Hospitality – Beverage Service,£11.32,,https://static.wixstatic.com/media/042ed7_08edf9204c554fc1be014b44d34cf78c~mv2.png,,DE,69111000,4654,1300,MetroChic blanc,6,163,320,215,95,Cup,1046541300,12.66,185g,100x70x80,4003686375758,588,4057743149660,,0.22,MetroChic blanc,MetroChic blanc,MetroChic blanc,,,,,MetroChic
10-4654-1420,Cup,Villeroy & Boch,Hospitality – Beverage Service,£10.22,,https://static.wixstatic.com/media/042ed7_ae6e614f39444dc89c748d5b15cd653c~mv2.png,,DE,69111000,4654,1420,MetroChic blanc,6,121,290,165,83,Cup,1046541420,11.43,70g,75x50x55,4003686376434,864,4057743155746,,0.08,MetroChic blanc,MetroChic blanc,MetroChic blanc,,,,,MetroChic
10-4510-1270,Cup,Villeroy & Boch,Hospitality – Beverage Service,£12.07,,https://static.wixstatic.com/media/042ed7_10ab36b2094e4faf8c8310f064875cc5~mv2.png,,DE,69111000,4510,1270,Modern Grace,6,163,320,215,95,Cup,1045101270,13.49,110g,120x95x50,4003683481643,588,4057743012674,,0.23,Modern Grace,Modern Grace,Novelties 2010,,,,,Modern Grace
10-4510-1300,Cup,Villeroy & Boch,Hospitality – Beverage Service,£11.50,,https://static.wixstatic.com/media/042ed7_bc00ee6738f64005b704ca83fcb24966~mv2.png,,DE,69111000,4510,1300,Modern Grace,6,163,320,215,95,Cup,1045101300,12.86,185g,100x70x77,4003683481650,588,4057743012698,,0.22,Modern Grace,Modern Grace,Novelties 2010,,,,,Modern Grace
10-4510-1420,Cup,Villeroy & Boch,Hospitality – Beverage Service,£9.92,,https://static.wixstatic.com/media/042ed7_8f74d4f8fdd3472c95de36b6531a46e3~mv2.png,,DE,69111000,4510,1420,Modern Grace,6,121,290,165,83,Cup,1045101420,11.09,70g,75x55x55,4003683481667,864,4057743012711,,0.08,Modern Grace,Modern Grace,Novelties 2010,,,,,Modern Grace
10-4264-1300,Cup,Villeroy & Boch,Hospitality – Beverage Service,£7.65,,https://static.wixstatic.com/media/042ed7_8f5b53550572470fb868732478bc2852~mv2.png,,DE,69111000,4264,1300,NewMoon,6,150,320,220,115,Cup,1042641300,8.55,214g,130x105x60,4003686386624,456,4057743160870,,0.28,NewMoon,NewMoon,Novelties 2020,,,Novelties 2020,,NewMoon
10-4264-1420,Cup,Villeroy & Boch,Hospitality – Beverage Service,£6.39,,https://static.wixstatic.com/media/042ed7_96430afb8d0146d0825f6fb889621e94~mv2.png,,DE,69111000,4264,1420,NewMoon,6,84,290,165,80,Cup,1042641420,7.15,120g,90x70x50,4003686386631,864,4057743160887,,0.09,NewMoon,NewMoon,Novelties 2020,,,Novelties 2020,,NewMoon
10-2525-1300,Cup,Villeroy & Boch,Hospitality – Beverage Service,£8.57,,https://static.wixstatic.com/media/042ed7_f39e3eec35f34d3a85b0042767b9d78e~mv2.png,,DE,69111000,2525,1300,NewWave,6,163,320,215,95,Cup,1025251300,9.58,162g,110x80x90,4003683398903,588,4057743005263,,0.2,NewWave,NewWave,NewWave Caffè,,,,,NewWave
16-4033-1300,Cup,Villeroy & Boch,Hospitality – Beverage Service,£9.37,,,,DE,69111000,4033,1300,Stella Blossom,6,1,0,0,0,Cup,1640331300,10.48,,105x80x76,5450523168629,0,4057743199795,,0.22,Stella Blossom,Stella Blossom,Novelties 2026,NEW,,,,Stella
16-4033-1420,Cup,Villeroy & Boch,Hospitality – Beverage Service,£7.81,,,,DE,69111000,4033,1420,Stella Blossom,6,1,0,0,0,Cup,1640331420,8.74,,75x60x50,5450523168636,0,4057743199801,,0.08,Stella Blossom,Stella Blossom,Novelties 2026,NEW,,,,Stella
16-3272-1270,Cup,Villeroy & Boch,Hospitality – Beverage Service,£9.40,,,,DE,69111000,3272,1270,Stella Hotel,6,158,320,215,95,Cup,1632721270,10.52,135g,130x110x50,5450523067038,588,4057743032139,,0.29,Stella Hotel,Stella Hotel,Stella Hotel,,,Novelties Autumn 2015,,Stella
16-3272-1273,Cup,Villeroy & Boch,Hospitality – Beverage Service,£9.14,,,,DE,69111000,3272,1273,Stella Hotel,6,158,320,215,95,Cup,1632721273,10.22,131g,110x110x50,5450523086374,588,4057743090870,,0.26,Stella Hotel,Stella Hotel,Stella Hotel,,,,,Stella
16-4074-1300,Cup,Villeroy & Boch,Hospitality – Beverage Service,£9.53,,,,DE,69111000,4074,1300,The Rock Black Shale,6,158,320,215,95,Cup,1640741300,10.65,162g,105x85x75,5450523148348,588,4057743165059,,0.22,The Rock Black Shale,The Rock Black Shale,Novelties 2020,,,,,The Rock
16-4074-1420,Cup,Villeroy & Boch,Hospitality – Beverage Service,£7.89,,,,DE,69111000,4074,1420,The Rock Black Shale,6,116,285,165,80,Cup,1640741420,8.82,92g,85x65x55,5450523148362,864,4057743165073,,0.1,The Rock Black Shale,The Rock Black Shale,Novelties 2020,,,,,The Rock
16-4077-1300,Cup,Villeroy & Boch,Hospitality – Beverage Service,£9.53,,,,DE,69111000,4077,1300,The Rock White Glacier,6,158,320,215,95,Cup,1640771300,10.65,162g,105x85x75,5450523148065,588,4057743164113,,0.22,The Rock White Glacier,The Rock White Glacier,Novelties 2020,,,,,The Rock
16-4077-1420,Cup,Villeroy & Boch,Hospitality – Beverage Service,£7.89,,,,DE,69111000,4077,1420,The Rock White Glacier,6,116,285,165,80,Cup,1640771420,8.82,102g,85x65x55,5450523148089,864,4057743164137,,0.1,The Rock White Glacier,The Rock White Glacier,Novelties 2020,,,,,The Rock
14-8671-9660,Cup,Villeroy & Boch,Decoration & Gifts – Beverage Service,£9.25,,https://static.wixstatic.com/media/042ed7_88fa77c63409442cbb8d54f00bde6ac8~mv2.png,,CN,69111000,8671,9660,Winter Glow,6,159,285,190,85,Cup,1486719660,10.34,194g,90x90x75,4003686429994,756,4057743180779,Decoration & Gifts,0.33,,,,Discontinued 30.06.2026,,,,Winter Glow
16-2155-1210,Cup N.0,Villeroy & Boch,Hospitality – Beverage Service,£7.26,,,,DE,69111000,2155,1210,Easy,6,271,455,280,87,Cup N.0,1621551210,8.13,287g,140x70,5450102345731,360,4057743027029,,0.4,Easy,Easy,white,,,,,Easy
16-2040-1240,Cup N.0,Villeroy & Boch,Hospitality – Beverage Service,£6.71,,,,DE,69111000,2040,1240,Universal,6,271,455,280,87,Cup N.0,1620401240,7.5,270g,140x110x70,5450523017200,360,4057743023977,,0.4,Universal,Universal,white,,,,,Universal
16-2155-1240,Cup N.1,Villeroy & Boch,Hospitality – Beverage Service,£6.32,,,,DE,69111000,2155,1240,Easy,6,163,320,215,95,Cup N.1,1621551240,7.06,206g,120x75,5450102345748,588,4057743027036,,0.27,Easy,Easy,white,,,,,Easy
16-3318-1240,Cup N.1,Villeroy & Boch,Hospitality – Beverage Service,£6.86,,,,DE,69111000,3318,1240,La Scala,6,271,455,280,87,Cup N.1,1633181240,7.68,220g,130x70,5450523018634,360,4057743036526,,0.3,La Scala,La Scala,white,,,,,La Scala
16-3272-1240,Cup N.1,Villeroy & Boch,Hospitality – Beverage Service,£9.80,,,,DE,69111000,3272,1240,Stella Hotel,6,271,455,280,87,Cup N.1,1632721240,10.95,175g,145x115x70,5450102383948,360,4057743032115,,0.44,Stella Hotel,Stella Hotel,Stella Hotel,,,,,Stella
16-2238-1270,Cup N.2,Villeroy & Boch,Hospitality – Beverage Service,£5.53,,,,DE,69111000,2238,1270,Bella,6,200,305,220,80,Cup N.2,1622381270,6.19,180g,110x60,5450102372829,756,4057743031491,,0.22,Bella,Bella,,,,,,Bella
16-2016-1270,Cup N.2,Villeroy & Boch,Hospitality – Beverage Service,£6.34,,,,DE,69111000,2016,1270,Corpo,6,200,305,220,80,Cup N.2,1620161270,7.09,166g,110x60,5450102264049,708,4057743023618,,0.22,Corpo,Corpo,white,,,,,Corpo
16-3293-1270,Cup N.2,Villeroy & Boch,Hospitality – Beverage Service,£7.19,,,,DE,69111000,3293,1270,Dune,6,200,305,220,80,Cup N.2,1632931270,8.05,162g,110x85x70,5450523001322,708,4057743034126,,0.23,Dune,Dune,,,Yes,,,Dune
16-2155-1270,Cup N.2,Villeroy & Boch,Hospitality – Beverage Service,£5.53,,,,DE,69111000,2155,1270,Easy,6,200,305,220,80,Cup N.2,1621551270,6.19,175g,115x60,5450102345786,708,4057743027050,,0.22,Easy,Easy,white,,Yes,,,Easy
16-3318-1270,Cup N.2,Villeroy & Boch,Hospitality – Beverage Service,£6.10,,,,DE,69111000,3318,1270,La Scala,6,200,305,220,80,Cup N.2,1633181270,6.82,145g,115x65,5450523018641,708,4057743036540,,0.22,La Scala,La Scala,white,,,,,La Scala
16-3356-1270,Cup N.2,Villeroy & Boch,Hospitality – Beverage Service,£9.15,,,,DE,69111000,3356,1270,Sedona,6,200,305,220,80,Cup N.2,1633561270,10.23,162g,110x85x70,5450523047405,708,4057743044286,,0.23,Sedona,Sedona,Dune,,,,,Sedona
16-2238-1271,Cup N.2 stackable,Villeroy & Boch,Hospitality – Beverage Service,£5.53,,,,DE,69111000,2238,1271,Bella,6,200,305,220,80,Cup N.2 stackable,1622381271,6.19,187g,105x85x60,5450102372836,696,4057743031507,,0.22,Bella,Bella,,,,,,Bella
16-2016-1271,Cup N.2 stackable,Villeroy & Boch,Hospitality – Beverage Service,£6.34,,,,DE,69111000,2016,1271,Corpo,6,200,305,220,80,Cup N.2 stackable,1620161271,7.09,167g,105x85x60,5450102264087,708,4057743023625,,0.22,Corpo,Corpo,white,,Yes,,,Corpo
16-3293-1271,Cup N.2 stackable,Villeroy & Boch,Hospitality – Beverage Service,£7.19,,,,DE,69111000,3293,1271,Dune,6,200,305,220,80,Cup N.2 stackable,1632931271,8.05,175g,110x85x65,5450523005535,708,4057743034133,,0.22,Dune,Dune,,,Yes,,,Dune
16-2155-1271,Cup N.2 stackable,Villeroy & Boch,Hospitality – Beverage Service,£5.53,,,,DE,69111000,2155,1271,Easy,6,200,305,220,80,Cup N.2 stackable,1621551271,6.19,171g,110x60,5450102345793,708,4057743027067,,0.22,Easy,Easy,white,,Yes,,,Easy
16-3318-1271,Cup N.2 stackable,Villeroy & Boch,Hospitality – Beverage Service,£6.10,,,,DE,69111000,3318,1271,La Scala,6,200,305,220,80,Cup N.2 stackable,1633181271,6.82,180g,110x60,5450523018665,708,4057743036557,,0.22,La Scala,La Scala,white,,Yes,,,La Scala
16-3356-1271,Cup N.2 stackable,Villeroy & Boch,Hospitality – Beverage Service,£9.15,,,,DE,69111000,3356,1271,Sedona,6,200,305,220,80,Cup N.2 stackable,1633561271,10.23,175g,110x85x65,5450523047412,708,4057743044293,,0.22,Sedona,Sedona,Dune,,,,,Sedona
16-4003-1271,Cup N.2 stackable,Villeroy & Boch,Hospitality – Beverage Service,£7.51,,,,DE,69111000,4003,1271,Sedona Function,6,200,305,220,80,Cup N.2 stackable,1640031271,8.39,167g,105x85x60,5450523054168,708,4057743046310,,0.22,Sedona Function,Sedona Function,Novelties Spring 2012,,,,,Sedona
16-3272-1271,Cup N.2 stackable,Villeroy & Boch,Hospitality – Beverage Service,£9.44,,,,DE,69111000,3272,1271,Stella Hotel,6,200,305,220,80,Cup N.2 stackable,1632721271,10.55,175g,105x75x70,5450523003302,708,4057743032146,,0.23,Stella Hotel,Stella Hotel,Stella Hotel,,Yes,,,Stella
16-3272-1300,Cup N.3,Villeroy & Boch,Hospitality – Beverage Service,£8.92,,,,DE,69111000,3272,1300,Stella Hotel,6,200,305,220,80,Cup N.3,1632721300,9.97,112g,115x90x60,5450102383979,708,4057743032177,,0.2,Stella Hotel,Stella Hotel,Stella Hotel,,Yes,,,Stella
16-3293-1360,Cup N.4,Villeroy & Boch,Hospitality – Beverage Service,£6.54,,,,DE,69111000,3293,1360,Dune,6,163,320,215,95,Cup N.4,1632931360,7.32,140g,105x80x65,5450523001346,588,4057743034157,,0.18,Dune,Dune,,,Yes,,,Dune
16-3356-1360,Cup N.4,Villeroy & Boch,Hospitality – Beverage Service,£8.20,,,,DE,69111000,3356,1360,Sedona,6,163,320,215,95,Cup N.4,1633561360,9.17,140g,105x80x65,5450523047436,588,4057743044316,,0.18,Sedona,Sedona,Dune,,,,,Sedona
16-2238-1361,Cup N.4 stackable,Villeroy & Boch,Hospitality – Beverage Service,£5.13,,,,DE,69111000,2238,1361,Bella,6,163,320,215,95,Cup N.4 stackable,1622381361,5.74,153g,105x55,5450102372850,588,4057743031521,,0.18,Bella,Bella,,,,,,Bella
16-2016-1361,Cup N.4 stackable,Villeroy & Boch,Hospitality – Beverage Service,£5.85,,,,DE,69111000,2016,1361,Corpo,6,163,320,215,95,Cup N.4 stackable,1620161361,6.54,147g,100x55,5450102264094,588,4057743023649,,0.18,Corpo,Corpo,white,,Yes,,,Corpo
16-3293-1361,Cup N.4 stackable,Villeroy & Boch,Hospitality – Beverage Service,£6.54,,,,DE,69111000,3293,1361,Dune,6,121,290,165,83,Cup N.4 stackable,1632931361,7.32,160g,100x80x65,5450523002817,864,4057743034164,,0.17,Dune,Dune,,,Yes,,,Dune
16-2155-1361,Cup N.4 stackable,Villeroy & Boch,Hospitality – Beverage Service,£5.19,,,,DE,69111000,2155,1361,Easy,6,163,320,215,95,Cup N.4 stackable,1621551361,5.8,148g,115x55,5450102345823,588,4057743027081,,0.18,Easy,Easy,white,,Yes,,,Easy
16-3318-1361,Cup N.4 stackable,Villeroy & Boch,Hospitality – Beverage Service,£5.70,,,,DE,69111000,3318,1361,La Scala,6,163,320,215,95,Cup N.4 stackable,1633181361,6.37,153g,105x60,5450523018689,588,4057743036571,,0.18,La Scala,La Scala,white,,,,,La Scala
16-3356-1361,Cup N.4 stackable,Villeroy & Boch,Hospitality – Beverage Service,£8.20,,,,DE,69111000,3356,1361,Sedona,6,163,320,215,95,Cup N.4 stackable,1633561361,9.17,160g,100x80x65,5450523047443,588,4057743044323,,0.17,Sedona,Sedona,Dune,,,,,Sedona
16-3272-1361,Cup N.4 stackable,Villeroy & Boch,Hospitality – Beverage Service,£9.05,,,,DE,69111000,3272,1361,Stella Hotel,6,163,320,215,95,Cup N.4 stackable,1632721361,10.12,160g,100x70x70,5450523003326,588,4057743032191,,0.19,Stella Hotel,Stella Hotel,Stella Hotel,,,,,Stella
16-3272-1420,Cup N.5,Villeroy & Boch,Hospitality – Beverage Service,£7.44,,,,DE,69111000,3272,1420,Stella Hotel,6,121,290,165,83,Cup N.5,1632721420,8.32,72g,85x60x60,5450102384006,864,4057743032207,,0.11,Stella Hotel,Stella Hotel,Stella Hotel,,Yes,,,Stella
16-2238-1450,Cup N.8,Villeroy & Boch,Hospitality – Beverage Service,£4.62,,,,DE,69111000,2238,1450,Bella,6,121,290,165,83,Cup N.8,1622381450,5.17,108g,85x45,5450102372867,864,4057743031538,,0.1,Bella,Bella,,,,,,Bella
16-2016-1450,Cup N.8,Villeroy & Boch,Hospitality – Beverage Service,£5.20,,,,DE,69111000,2016,1450,Corpo,6,121,290,165,83,Cup N.8,1620161450,5.82,105g,80x45,5450102264056,864,4057743023656,,0.1,Corpo,Corpo,white,,,,,Corpo
16-3293-1450,Cup N.8,Villeroy & Boch,Hospitality – Beverage Service,£5.92,,,,DE,69111000,3293,1450,Dune,6,121,290,165,83,Cup N.8,1632931450,6.61,125g,85x65x55,5450523001353,864,4057743034171,,0.08,Dune,Dune,,,Yes,,,Dune
16-2155-1450,Cup N.8,Villeroy & Boch,Hospitality – Beverage Service,£4.62,,,,DE,69111000,2155,1450,Easy,6,121,290,165,83,Cup N.8,1621551450,5.17,101g,85x55,5450102345847,864,4057743027098,,0.1,Easy,Easy,white,,,,,Easy
16-3318-1450,Cup N.8,Villeroy & Boch,Hospitality – Beverage Service,£4.83,,,,DE,69111000,3318,1450,La Scala,6,121,290,165,83,Cup N.8,1633181450,5.4,110g,85x50,5450523018696,864,4057743036588,,0.09,La Scala,La Scala,white,,,,,La Scala
16-3356-1450,Cup N.8,Villeroy & Boch,Hospitality – Beverage Service,£7.40,,,,DE,69111000,3356,1450,Sedona,6,121,290,165,83,Cup N.8,1633561450,8.27,125g,85x65x55,5450523047450,864,4057743044330,,0.08,Sedona,Sedona,Dune,,,,,Sedona
16-2238-1451,Cup N.8 stackable,Villeroy & Boch,Hospitality – Beverage Service,£4.62,,,,DE,69111000,2238,1451,Bella,6,121,290,165,83,Cup N.8 stackable,1622381451,5.17,118g,90x70x50,5450102375646,864,4057743031545,,0.1,Bella,Bella,,,,,,Bella
16-2016-1451,Cup N.8 stackable,Villeroy & Boch,Hospitality – Beverage Service,£5.20,,,,DE,69111000,2016,1451,Corpo,6,121,290,165,83,Cup N.8 stackable,1620161451,5.82,106g,90x70x50,5450102264100,864,4057743023663,,0.1,Corpo,Corpo,white,,,,,Corpo
16-3293-1451,Cup N.8 stackable,Villeroy & Boch,Hospitality – Beverage Service,£5.92,,,,DE,69111000,3293,1451,Dune,6,121,290,165,83,Cup N.8 stackable,1632931451,6.61,85g,80x65x50,5450523002800,864,4057743034188,,0.08,Dune,Dune,,,,,,Dune
16-2155-1451,Cup N.8 stackable,Villeroy & Boch,Hospitality – Beverage Service,£4.62,,,,DE,69111000,2155,1451,Easy,6,121,290,165,83,Cup N.8 stackable,1621551451,5.17,99g,85x55,5450102345854,864,4057743027104,,0.1,Easy,Easy,white,,Yes,,,Easy
16-3318-1451,Cup N.8 stackable,Villeroy & Boch,Hospitality – Beverage Service,£4.83,,,,DE,69111000,3318,1451,La Scala,6,121,290,165,83,Cup N.8 stackable,1633181451,5.4,100g,80x55,5450523018702,864,4057743036595,,0.09,La Scala,La Scala,white,,Yes,,,La Scala
16-3356-1451,Cup N.8 stackable,Villeroy & Boch,Hospitality – Beverage Service,£7.40,,,,DE,69111000,3356,1451,Sedona,6,121,290,165,83,Cup N.8 stackable,1633561451,8.27,85g,80x65x50,5450523047467,864,4057743044347,,0.08,Sedona,Sedona,Dune,,,,,Sedona
16-4003-1451,Cup N.8 stackable,Villeroy & Boch,Hospitality – Beverage Service,£6.27,,,,DE,69111000,4003,1451,Sedona Function,6,121,290,165,83,Cup N.8 stackable,1640031451,7.01,106g,90x70x50,5450523054175,864,4057743046334,,0.1,Sedona Function,Sedona Function,Novelties Spring 2012,,,,,Sedona
16-3272-1451,Cup N.8 stackable,Villeroy & Boch,Hospitality – Beverage Service,£7.44,,,,DE,69111000,3272,1451,Stella Hotel,6,121,290,165,83,Cup N.8 stackable,1632721451,8.32,83g,85x60x60,5450523003333,864,4057743032221,,0.11,Stella Hotel,Stella Hotel,Stella Hotel,,,,,Stella
16-4004-1271,Cup stackable,Villeroy & Boch,Hospitality – Beverage Service,£5.14,,,,DE,69111000,4004,1271,Affinity,6,200,305,220,80,Cup stackable,1640041271,5.75,237g,80x80x65,5450523054847,708,4057743046549,,0.22,Affinity,Affinity,Novelties Spring 2013,,Yes,,,Affinity
16-4004-1451,Cup stackable,Villeroy & Boch,Hospitality – Beverage Service,£4.16,,,,DE,69111000,4004,1451,Affinity,6,121,290,165,83,Cup stackable,1640041451,4.65,179g,60x60x60,5450523054830,864,4057743046587,,0.1,Affinity,Affinity,Novelties Spring 2013,,,,,Affinity
10-4293-1271,Cup stackable,Villeroy & Boch,Hospitality – Beverage Service,£6.54,,,,DE,69111000,4293,1271,Afina,6,137,305,220,80,Cup stackable,1042931271,7.32,226g,105x85x70,4003686436312,708,4057743183855,,0.22,Afina,Afina,Novelties 2024,,,,,Afina
10-4293-1451,Cup stackable,Villeroy & Boch,Hospitality – Beverage Service,£5.25,,,,DE,69111000,4293,1451,Afina,6,114,290,165,80,Cup stackable,1042931451,5.88,140g,80x60x60,4003686436329,864,4057743183862,,0.09,Afina,Afina,Novelties 2024,,,,,Afina
10-4661-1271,Cup stackable,Villeroy & Boch,Hospitality – Beverage Service,£14.90,,https://static.wixstatic.com/media/042ed7_52c19ecd3f9c4211a179023b37cc8194~mv2.png,,DE,69111000,4661,1271,Château Septfontaines,6,199,320,215,80,Cup stackable,1046611271,16.67,196g,105x75x70,4003686402966,708,4057743167763,,0.23,Château Septfontaines,Château Septfontaines,Novelties 2021,,,,,Chateau Septfontaines
12-6387-9115,Cutlery set 113pcs lunch,Villeroy & Boch,Cutlery – Cutlery,£900.49,,https://static.wixstatic.com/media/042ed7_35f306d6e9254e16a10a804d7d4ad7e5~mv2.png,,VN,82152010,6387,9115,Blacksmith,1,5570,520,370,205,Cutlery set 113pcs lunch,1263879115,1006.85,5854g,490x340x180,4003683496494,12,,Cutlery,,,,,,,,,Blacksmith
12-6526-9115,Cutlery set 113pcs lunch,Villeroy & Boch,Cutlery – Cutlery,£842.35,,https://static.wixstatic.com/media/042ed7_2b96004a14c148c6967733544423f5af~mv2.png,,VN,82152010,6526,9115,Boston,1,5570,520,370,205,Cutlery set 113pcs lunch,1265269115,941.85,6626g,490x340x180,4003686356900,12,,Cutlery,,,,,,,,,Boston
12-6351-9115,Cutlery set 113pcs lunch,Villeroy & Boch,Cutlery – Cutlery,£900.49,,https://static.wixstatic.com/media/042ed7_0c66d0c848444f41afdbaa39a95198ac~mv2.png,,VN,82152010,6351,9115,Ella partially gold plated,1,5570,520,370,205,Cutlery set 113pcs lunch,1263519115,1006.85,8492g,490x340x180,4003683321826,12,,Cutlery,,,,,,,,,Ella
12-6243-9115,Cutlery set 113pcs lunch,Villeroy & Boch,Cutlery – Cutlery,£1162.09,,https://static.wixstatic.com/media/042ed7_feb60346c5c74d428745b0b79cb76aed~mv2.png,,VN,82152010,6243,9115,Kreuzband-Septfontaines,1,5570,520,370,205,Cutlery set 113pcs lunch,1262439115,1299.35,5828g,490x340x180,4011417054452,12,,Cutlery,,,,,,,,,Kreuzband Septfontaines
12-5922-9115,Cutlery set 113pcs lunch,Villeroy & Boch,Cutlery – Cutlery,£4824.49,,,,VN,82151020,5922,9115,Kreuzband-Septfontaines 120,1,5570,520,370,205,Cutlery set 113pcs lunch,1259229115,5394.35,5828g,490x340x180,4003686292604,12,,Cutlery,,,,,,,,,Kreuzband Septfontaines
12-6417-9115,Cutlery set 113pcs lunch,Villeroy & Boch,Cutlery – Cutlery,£900.49,,https://static.wixstatic.com/media/042ed7_0b801c384dd4419cb5c9e474ba42b482~mv2.png,,VN,82152010,6417,9115,La Classica,1,5570,520,370,205,Cutlery set 113pcs lunch,1264179115,1006.85,5496g,490x340x180,4003686262676,12,,Cutlery,,,,,,,,,La Classica
12-5920-9115,Cutlery set 113pcs lunch,Villeroy & Boch,Cutlery – Cutlery,£4795.42,,,,VN,82151020,5920,9115,La Classica 120,1,5570,520,370,205,Cutlery set 113pcs lunch,1259209115,5361.85,5496g,490x340x180,4003686292529,12,,Cutlery,,,,,,,,,La Classica
12-6527-9115,Cutlery set 113pcs lunch,Villeroy & Boch,Cutlery – Cutlery,£1162.09,,https://static.wixstatic.com/media/042ed7_70bab97e172a402fb22a9833ec443c1c~mv2.png,,ID,82152010,6527,9115,MetroChic,1,4190,510,370,210,Cutlery set 113pcs lunch,1265279115,1299.35,5820g,490x340x180,4003686362314,12,,Cutlery,,,,,,,,,MetroChic
12-6528-9115,Cutlery set 113pcs lunch,Villeroy & Boch,Cutlery – Cutlery,£2005.02,,https://static.wixstatic.com/media/042ed7_d7ed36bfec354c1da60cfbff5e264d81~mv2.png,,ID,82152010,6528,9115,MetroChic d'Or,1,5860,510,365,205,Cutlery set 113pcs lunch,1265289115,2241.85,5764g,490x340x180,4003686365797,12,,Cutlery,,,,,,,,,MetroChic
12-6448-9115,Cutlery set 113pcs lunch,Villeroy & Boch,Cutlery – Cutlery,£842.35,,https://static.wixstatic.com/media/042ed7_32145f7a57d3404b88b772e06db57464~mv2.png,,VN,82152010,6448,9115,Montauk,1,5570,520,370,205,Cutlery set 113pcs lunch,1264489115,941.85,5593g,490x340x180,4003686329126,12,,Cutlery,,,,,,,,,Montauk
12-6233-9115,Cutlery set 113pcs lunch,Villeroy & Boch,Cutlery – Cutlery,£1162.09,,https://static.wixstatic.com/media/042ed7_4c28ad4dcc124ffea2155c2137243ebc~mv2.png,,VN,82152010,6233,9115,Neufaden-Merlemont,1,5570,520,370,205,Cutlery set 113pcs lunch,1262339115,1299.35,5890g,490x340x180,4011417054407,12,,Cutlery,,,,,,,,,Neufaden Merlemont
12-5921-9115,Cutlery set 113pcs lunch,Villeroy & Boch,Cutlery – Cutlery,£4824.49,,,,VN,82151020,5921,9115,Neufaden-Merlemont 120,1,5570,520,370,205,Cutlery set 113pcs lunch,1259219115,5394.35,5946g,490x340x180,4003686292567,12,,Cutlery,,,,,,,,,Neufaden Merlemont
12-6338-9115,Cutlery set 113pcs lunch,Villeroy & Boch,Cutlery – Cutlery,£842.35,,https://static.wixstatic.com/media/042ed7_443c63cdce1f4efda1f5c52c7a1a912d~mv2.png,,ID,82152010,6338,9115,NewWave,1,5570,520,370,205,Cutlery set 113pcs lunch,1263389115,941.85,9156g,490x340x180,4003683374952,12,,Cutlery,,,,,,,,,NewWave
12-6264-9115,Cutlery set 113pcs lunch,Villeroy & Boch,Cutlery – Cutlery,£842.35,,https://static.wixstatic.com/media/042ed7_dc3eb701dda44150b7a326499f881099~mv2.png,,VN,82152010,6264,9115,Piemont,1,5570,520,370,205,Cutlery set 113pcs lunch,1262649115,941.85,5512g,490x340x180,4011417060156,12,,Cutlery,,,,,,,,,Piemont
12-6347-9115,Cutlery set 113pcs lunch,Villeroy & Boch,Cutlery – Cutlery,£842.35,,https://static.wixstatic.com/media/042ed7_a443c23bfda1483eb49abe0a1fb51c75~mv2.png,,VN,82152010,6347,9115,Udine,1,5570,520,370,205,Cutlery set 113pcs lunch,1263479115,941.85,5745g,490x340x180,4003683287931,12,,Cutlery,,,,,,,,,Udine
12-6373-9037,Cutlery set 24pcs,Villeroy & Boch,Cutlery – Cutlery,£121.50,,https://static.wixstatic.com/media/042ed7_fa0429252d084e6190b4c1538efd229a~mv2.png,,VN,82152010,6373,9037,Arthur,1,570,440,280,60,Cutlery set 24pcs,1263739037,135.85,1350g,440x280x50,4003686326217,84,,Cutlery,,,,,,,,,Arthur
12-6394-9037,Cutlery set 24pcs,Villeroy & Boch,Cutlery – Cutlery,£121.50,,https://static.wixstatic.com/media/042ed7_f56a90088ad44c02b5c8251cfc811d7a~mv2.png,,VN,82152010,6394,9037,Arthur brushed,1,570,440,280,60,Cutlery set 24pcs,1263949037,135.85,1365g,440x280x50,4003686326248,84,,Cutlery,,,,,,,,,Arthur
12-6387-9030,Cutlery set 24pcs,Villeroy & Boch,Cutlery – Cutlery,£202.89,,https://static.wixstatic.com/media/042ed7_02c3bffe465f4ea39173ac12a0e54db1~mv2.png,,VN,82152010,6387,9030,Blacksmith,1,625,426,276,51,Cutlery set 24pcs,1263879030,226.85,1578g,420x270x50,4003683483791,84,,Cutlery,,,,,,,,,Blacksmith
12-6526-9030,Cutlery set 24pcs,Villeroy & Boch,Cutlery – Cutlery,£179.63,,https://static.wixstatic.com/media/042ed7_c7dced921df849c8b1ef9353a9367d4b~mv2.png,,VN,82152010,6526,9030,Boston,1,625,426,276,51,Cutlery set 24pcs,1265269030,200.85,1776g,420x270x50,4003686356870,90,,Cutlery,,,,,,,,,Boston
12-6351-9030,Cutlery set 24pcs,Villeroy & Boch,Cutlery – Cutlery,£202.89,,https://static.wixstatic.com/media/042ed7_a6a1c2545db646b6af852edfa47110ed~mv2.png,,VN,82152010,6351,9030,Ella partially gold plated,1,625,426,276,51,Cutlery set 24pcs,1263519030,226.85,1212g,420x270x50,4003683314194,84,,Cutlery,,,,,,,,,Ella
12-6243-9030,Cutlery set 24pcs,Villeroy & Boch,Cutlery – Cutlery,£231.95,,https://static.wixstatic.com/media/042ed7_ba7d8f51324b4bb795f69c385e94ca37~mv2.png,,VN,82152010,6243,9030,Kreuzband-Septfontaines,1,625,426,276,51,Cutlery set 24pcs,1262439030,259.35,1500g,420x270x50,4011417045511,102,,Cutlery,,,,,,,,,Kreuzband Septfontaines
12-5922-9030,Cutlery set 24pcs,Villeroy & Boch,Cutlery – Cutlery,£1278.35,,,,VN,82151020,5922,9030,Kreuzband-Septfontaines 120,1,625,426,276,51,Cutlery set 24pcs,1259229030,1429.35,1500g,420x270x50,4003686292574,90,,Cutlery,,,,,,,,,Kreuzband Septfontaines
12-6417-9030,Cutlery set 24pcs,Villeroy & Boch,Cutlery – Cutlery,£202.89,,https://static.wixstatic.com/media/042ed7_18a002460aa44cf8be2b32a516fc37a2~mv2.png,,VN,82152010,6417,9030,La Classica,1,625,426,276,51,Cutlery set 24pcs,1264179030,226.85,1566g,420x270x50,4003686262621,90,,Cutlery,,,,,,,,,La Classica
12-5920-9030,Cutlery set 24pcs,Villeroy & Boch,Cutlery – Cutlery,£1249.29,,https://static.wixstatic.com/media/042ed7_7bf888c4a1c34184881361b7ea3a2252~mv2.png,,VN,82151020,5920,9030,La Classica 120,1,625,426,276,51,Cutlery set 24pcs,1259209030,1396.85,1566g,420x270x50,4003686292499,90,,Cutlery,,,,,,,,,La Classica
12-6447-9030,Cutlery set 24pcs,Villeroy & Boch,Cutlery – Cutlery,£522.62,,,,VN,82151020,6447,9030,La Classica partially gold plated,1,625,426,276,51,Cutlery set 24pcs,1264479030,584.35,1566g,420x270x50,4003686286719,104,,Cutlery,,,,,,,,,La Classica
12-6408-9037,Cutlery set 24pcs,Villeroy & Boch,Cutlery – Cutlery,£121.50,,https://static.wixstatic.com/media/042ed7_1d3628efa1c3485586dd6c20a30c3c18~mv2.png,,VN,82152010,6408,9037,Louis,1,570,440,280,60,Cutlery set 24pcs,1264089037,135.85,1210g,440x280x50,4003686326279,84,,Cutlery,,,,,,,,,Louis
12-6359-9037,Cutlery set 24pcs,Villeroy & Boch,Cutlery – Cutlery,£121.50,,https://static.wixstatic.com/media/042ed7_92ce3846fe7d4db8a6a6d4ab3684c3ae~mv2.png,,ID,82152010,6359,9037,Mademoiselle,1,580,440,280,50,Cutlery set 24pcs,1263599037,135.85,1872g,440x280x50,4003686326187,84,,Cutlery,,,,,,,,,Mademoiselle
12-6527-9030,Cutlery set 24pcs,Villeroy & Boch,Cutlery – Cutlery,£231.95,,https://static.wixstatic.com/media/042ed7_f2183abd18af4d2883a7c8c8272fd182~mv2.png,,ID,82152010,6527,9030,MetroChic,1,580,440,280,50,Cutlery set 24pcs,1265279030,259.35,1630g,420x270x50,4003686362284,90,,Cutlery,,,,,,,,,MetroChic
12-6528-9030,Cutlery set 24pcs,Villeroy & Boch,Cutlery – Cutlery,£464.49,,https://static.wixstatic.com/media/042ed7_3fd24bfdbfbf4296a88dd7ff8cb95a01~mv2.png,,ID,82152010,6528,9030,MetroChic d'Or,1,600,430,275,50,Cutlery set 24pcs,1265289030,519.35,1435g,420x270x50,4003686365766,84,,Cutlery,,,,,,,,,MetroChic
12-6448-9030,Cutlery set 24pcs,Villeroy & Boch,Cutlery – Cutlery,£179.63,,https://static.wixstatic.com/media/042ed7_71f88de1a97e4ec88dd6f9984e539029~mv2.png,,VN,82152010,6448,9030,Montauk,1,625,426,276,51,Cutlery set 24pcs,1264489030,200.85,1446g,420x270x50,4003686329096,90,,Cutlery,,,,,,,,,Montauk
12-6233-9030,Cutlery set 24pcs,Villeroy & Boch,Cutlery – Cutlery,£231.95,,https://static.wixstatic.com/media/042ed7_b76494774b234b2eb16ee6bee82d9eef~mv2.png,,VN,82152010,6233,9030,Neufaden-Merlemont,1,625,426,276,51,Cutlery set 24pcs,1262339030,259.35,1500g,420x270x50,4011417039589,102,,Cutlery,,,,,,,,,Neufaden Merlemont
12-5921-9030,Cutlery set 24pcs,Villeroy & Boch,Cutlery – Cutlery,£1278.35,,,,VN,82151020,5921,9030,Neufaden-Merlemont 120,1,625,426,276,51,Cutlery set 24pcs,1259219030,1429.35,1500g,420x270x50,4003686292536,104,,Cutlery,,,,,,,,,Neufaden Merlemont
12-6529-9030,Cutlery set 24pcs,Villeroy & Boch,Cutlery – Cutlery,£144.75,,https://static.wixstatic.com/media/042ed7_508b715427e84e7e943ba5cd0819ab8d~mv2.png,,ID,82152010,6529,9030,NewMoon,1,785,445,290,70,Cutlery set 24pcs,1265299030,161.85,1830g,440x290x65,4003686388932,72,,Cutlery,,,,,,,,,NewMoon
12-6338-9030,Cutlery set 24pcs,Villeroy & Boch,Cutlery – Cutlery,£179.63,,https://static.wixstatic.com/media/042ed7_5306b327efa44de595faeb5c5e5595bb~mv2.png,,ID,82152010,6338,9030,NewWave,1,625,426,276,51,Cutlery set 24pcs,1263389030,200.85,1452g,420x270x50,4003683246952,84,,Cutlery,,,,,,,,,NewWave
12-6339-9037,Cutlery set 24pcs,Villeroy & Boch,Cutlery – Cutlery,£121.50,,https://static.wixstatic.com/media/042ed7_d206228a954f482887ad215139cbfea0~mv2.png,,ID,82152010,6339,9037,Oscar,1,580,440,280,50,Cutlery set 24pcs,1263399037,135.85,1459g,440x280x50,4003686326095,84,,Cutlery,,,,,,,,,Oscar
12-6264-9030,Cutlery set 24pcs,Villeroy & Boch,Cutlery – Cutlery,£179.63,,https://static.wixstatic.com/media/042ed7_524ab09068b04d478142ac8894609199~mv2.png,,VN,82152010,6264,9030,Piemont,1,625,426,276,51,Cutlery set 24pcs,1262649030,200.85,1284g,420x270x50,4011417053547,90,,Cutlery,,,,,,,,,Piemont
12-6347-9030,Cutlery set 24pcs,Villeroy & Boch,Cutlery – Cutlery,£179.63,,https://static.wixstatic.com/media/042ed7_34c4ad15e5c8432180e8595573f14a4a~mv2.png,,VN,82152010,6347,9030,Udine,1,625,426,276,51,Cutlery set 24pcs,1263479030,200.85,1560g,420x270x50,4003683285517,90,,Cutlery,,,,,,,,,Udine
12-6350-9037,Cutlery set 24pcs,Villeroy & Boch,Cutlery – Cutlery,£121.50,,https://static.wixstatic.com/media/042ed7_b307aabc77d54062bf5f8d1dfa3fa579~mv2.png,,VN,82152010,6350,9037,Victor,1,570,440,280,60,Cutlery set 24pcs,1263509037,135.85,1460g,440x280x50,4003686326125,84,,Cutlery,,,,,,,,,Victor
12-6373-9057,Cutlery set 30pcs,Villeroy & Boch,Cutlery – Cutlery,£150.57,,https://static.wixstatic.com/media/042ed7_0f0de514e70c48e09f5e58f8e30fb7fe~mv2.png,,VN,82152010,6373,9057,Arthur,1,570,440,280,60,Cutlery set 30pcs,1263739057,168.35,1510g,440x280x50,4003686326224,84,,Cutlery,,,,,,,,,Arthur
12-6394-9057,Cutlery set 30pcs,Villeroy & Boch,Cutlery – Cutlery,£150.57,,https://static.wixstatic.com/media/042ed7_47cf7d82e8b14889929bc5a618cf8b45~mv2.png,,VN,82152010,6394,9057,Arthur brushed,1,570,440,280,60,Cutlery set 30pcs,1263949057,168.35,1525g,440x280x50,4003686326255,84,,Cutlery,,,,,,,,,Arthur
12-6387-9050,Cutlery set 30pcs,Villeroy & Boch,Cutlery – Cutlery,£231.95,,https://static.wixstatic.com/media/042ed7_2b1c1c1f05f240d69f1e608fc84140dd~mv2.png,,VN,82152010,6387,9050,Blacksmith,1,625,426,276,51,Cutlery set 30pcs,1263879050,259.35,1758g,420x270x50,4003683483807,84,,Cutlery,,,,,,,,,Blacksmith
12-6526-9050,Cutlery set 30pcs,Villeroy & Boch,Cutlery – Cutlery,£208.70,,https://static.wixstatic.com/media/042ed7_562909a5814e4e7796579325d0dc9e26~mv2.png,,VN,82152010,6526,9050,Boston,1,625,426,276,51,Cutlery set 30pcs,1265269050,233.35,1962g,420x270x50,4003686356887,90,,Cutlery,,,,,,,,,Boston
12-6351-9050,Cutlery set 30pcs,Villeroy & Boch,Cutlery – Cutlery,£231.95,,,,VN,82152010,6351,9050,Ella partially gold plated,1,625,426,276,51,Cutlery set 30pcs,1263519050,259.35,1356g,420x270x50,4003683314460,90,,Cutlery,,,,,,,,,Ella
12-6243-9050,Cutlery set 30pcs,Villeroy & Boch,Cutlery – Cutlery,£278.46,,https://static.wixstatic.com/media/042ed7_66bd0c39c2834716be0c992c9daa26d0~mv2.png,,VN,82152010,6243,9050,Kreuzband-Septfontaines,1,625,426,276,51,Cutlery set 30pcs,1262439050,311.35,1668g,420x270x50,4011417045528,104,,Cutlery,,,,,,,,,Kreuzband Septfontaines
12-5922-9050,Cutlery set 30pcs,Villeroy & Boch,Cutlery – Cutlery,£1569.02,,,,VN,82151020,5922,9050,Kreuzband-Septfontaines 120,1,625,426,276,51,Cutlery set 30pcs,1259229050,1754.35,1668g,420x270x50,4003686292581,104,,Cutlery,,,,,,,,,Kreuzband Septfontaines
12-6417-9050,Cutlery set 30pcs,Villeroy & Boch,Cutlery – Cutlery,£231.95,,https://static.wixstatic.com/media/042ed7_956a689eba36428995ff0c505bbb091e~mv2.png,,VN,82152010,6417,9050,La Classica,1,625,426,276,51,Cutlery set 30pcs,1264179050,259.35,1758g,420x270x50,4003686262638,72,,Cutlery,,,,,,,,,La Classica
12-5920-9050,Cutlery set 30pcs,Villeroy & Boch,Cutlery – Cutlery,£1539.95,,,,VN,82151020,5920,9050,La Classica 120,1,625,426,276,51,Cutlery set 30pcs,1259209050,1721.85,1758g,420x270x50,4003686292505,104,,Cutlery,,,,,,,,,La Classica
12-6447-9050,Cutlery set 30pcs,Villeroy & Boch,Cutlery – Cutlery,£609.82,,,,VN,82151020,6447,9050,La Classica partially gold plated,1,625,426,276,51,Cutlery set 30pcs,1264479050,681.85,1758g,420x270x50,4003686286726,84,,Cutlery,,,,,,,,,La Classica
12-6408-9057,Cutlery set 30pcs,Villeroy & Boch,Cutlery – Cutlery,£150.57,,https://static.wixstatic.com/media/042ed7_2fbc49a3658f436b88ee86f2a83296d3~mv2.png,,VN,82152010,6408,9057,Louis,1,570,440,280,60,Cutlery set 30pcs,1264089057,168.35,1330g,440x280x50,4003686326286,84,,Cutlery,,,,,,,,,Louis
12-6359-9057,Cutlery set 30pcs,Villeroy & Boch,Cutlery – Cutlery,£150.57,,https://static.wixstatic.com/media/042ed7_b82f1f2357624bbb9f02548af77e5adc~mv2.png,,ID,82152010,6359,9057,Mademoiselle,1,580,440,280,50,Cutlery set 30pcs,1263599057,168.35,2045.9999999999998g,440x280x50,4003686326194,84,,Cutlery,,,,,,,,,Mademoiselle
12-6527-9050,Cutlery set 30pcs,Villeroy & Boch,Cutlery – Cutlery,£278.46,,https://static.wixstatic.com/media/042ed7_c46aae0bcc1e455e8b9ad995805d56fb~mv2.png,,ID,82152010,6527,9050,MetroChic,1,580,440,280,50,Cutlery set 30pcs,1265279050,311.35,1460g,420x270x50,4003686362291,90,,Cutlery,,,,,,,,,MetroChic
12-6528-9050,Cutlery set 30pcs,Villeroy & Boch,Cutlery – Cutlery,£551.69,,,,ID,82152010,6528,9050,MetroChic d'Or,1,600,430,275,50,Cutlery set 30pcs,1265289050,616.85,1600g,420x270x50,4003686365773,84,,Cutlery,,,,,,,,,MetroChic
12-6448-9050,Cutlery set 30pcs,Villeroy & Boch,Cutlery – Cutlery,£208.70,,https://static.wixstatic.com/media/042ed7_a2dc6a47bc2b4d4491a81312c0516003~mv2.png,,VN,82152010,6448,9050,Montauk,1,625,426,276,51,Cutlery set 30pcs,1264489050,233.35,1614g,420x270x50,4003686329102,90,,Cutlery,,,,,,,,,Montauk
12-6233-9050,Cutlery set 30pcs,Villeroy & Boch,Cutlery – Cutlery,£278.46,,https://static.wixstatic.com/media/042ed7_71f19f77d0c947458e20994dcafe4733~mv2.png,,VN,82152010,6233,9050,Neufaden-Merlemont,1,625,426,276,51,Cutlery set 30pcs,1262339050,311.35,1656g,420x270x50,4011417039596,84,,Cutlery,,,,,,,,,Neufaden Merlemont
12-5921-9050,Cutlery set 30pcs,Villeroy & Boch,Cutlery – Cutlery,£1569.02,,,,VN,82151020,5921,9050,Neufaden-Merlemont 120,1,625,426,276,51,Cutlery set 30pcs,1259219050,1754.35,1656g,420x270x50,4003686292543,90,,Cutlery,,,,,,,,,Neufaden Merlemont
12-6529-9050,Cutlery set 30pcs,Villeroy & Boch,Cutlery – Cutlery,£173.82,,https://static.wixstatic.com/media/042ed7_0fe33cb50d2a44e0ab12be71bed0bab0~mv2.png,,ID,82152010,6529,9050,NewMoon,1,612,450,295,70,Cutlery set 30pcs,1265299050,194.35,2009.9999999999998g,440x290x65,4003686390621,84,,Cutlery,,,,,,,,,NewMoon
12-6338-9050,Cutlery set 30pcs,Villeroy & Boch,Cutlery – Cutlery,£208.70,,https://static.wixstatic.com/media/042ed7_f78f8e0fd5e1434d8165f46eea37d36d~mv2.png,,ID,82152010,6338,9050,NewWave,1,625,426,276,51,Cutlery set 30pcs,1263389050,233.35,1620g,420x270x50,4003683246969,84,,Cutlery,,,,,,,,,NewWave
12-6339-9057,Cutlery set 30pcs,Villeroy & Boch,Cutlery – Cutlery,£150.57,,https://static.wixstatic.com/media/042ed7_f972962a22254930b847f5d06cc2552f~mv2.png,,ID,82152010,6339,9057,Oscar,1,580,440,280,50,Cutlery set 30pcs,1263399057,168.35,1659g,440x280x50,4003686326101,84,,Cutlery,,,,,,,,,Oscar
12-6264-9050,Cutlery set 30pcs,Villeroy & Boch,Cutlery – Cutlery,£208.70,,https://static.wixstatic.com/media/042ed7_ad6cb83302ae4b609a3fdfeefed7f82b~mv2.png,,VN,82152010,6264,9050,Piemont,1,625,426,276,51,Cutlery set 30pcs,1262649050,233.35,1464g,420x270x50,4011417053554,84,,Cutlery,,,,,,,,,Piemont
12-6564-9050,Cutlery set 30pcs,Villeroy & Boch,Cutlery – Cutlery,£144.75,,https://static.wixstatic.com/media/042ed7_877aec1e6675442b9c72f2fb8dc1afa8~mv2.png,,ID,82152010,6564,9050,Toy's Delight,1,570,440,280,60,Cutlery set 30pcs,1265649050,161.85,1659g,440x280x60,4003686439412,84,,Cutlery,,,,,,,,,Toy's Delight
12-6347-9050,Cutlery set 30pcs,Villeroy & Boch,Cutlery – Cutlery,£208.70,,https://static.wixstatic.com/media/042ed7_f6de0db748d141c3aa93122edf998afa~mv2.png,,VN,82152010,6347,9050,Udine,1,625,426,276,51,Cutlery set 30pcs,1263479050,233.35,1728g,420x270x50,4003683285548,102,,Cutlery,,,,,,,,,Udine
12-6350-9057,Cutlery set 30pcs,Villeroy & Boch,Cutlery – Cutlery,£150.57,,https://static.wixstatic.com/media/042ed7_f94c97653f1644f88ff7fbba4e7e2b4f~mv2.png,,VN,82152010,6350,9057,Victor,1,570,440,280,60,Cutlery set 30pcs,1263509057,168.35,1600g,440x280x50,4003686326132,84,,Cutlery,,,,,,,,,Victor
12-6373-9081,Cutlery set 68pcs,Villeroy & Boch,Cutlery – Cutlery,£295.90,,https://static.wixstatic.com/media/042ed7_56a6fa2a59594c4e9aafe5c49c69d3be~mv2.png,,VN,82152010,6373,9081,Arthur,1,940,445,290,95,Cutlery set 68pcs,1263739081,330.85,3520g,440x290x90,4003686326231,48,,Cutlery,,,,,,,,,Arthur
12-6394-9081,Cutlery set 68pcs,Villeroy & Boch,Cutlery – Cutlery,£295.90,,https://static.wixstatic.com/media/042ed7_d4540cd30c1d41e68a356139574d7325~mv2.png,,VN,82152010,6394,9081,Arthur brushed,1,940,445,290,95,Cutlery set 68pcs,1263949081,330.85,3635g,440x290x90,4003686326262,48,,Cutlery,,,,,,,,,Arthur
12-6408-9081,Cutlery set 68pcs,Villeroy & Boch,Cutlery – Cutlery,£295.90,,https://static.wixstatic.com/media/042ed7_5d9251e112a14157845cf1f60681b028~mv2.png,,VN,82152010,6408,9081,Louis,1,940,445,290,95,Cutlery set 68pcs,1264089081,330.85,3210g,440x290x90,4003686326293,48,,Cutlery,,,,,,,,,Louis
12-6359-9081,Cutlery set 68pcs,Villeroy & Boch,Cutlery – Cutlery,£295.90,,https://static.wixstatic.com/media/042ed7_1112c823a81c4bd2a42b40cbc5a289b6~mv2.png,,ID,82152010,6359,9081,Mademoiselle,1,947,440,290,90,Cutlery set 68pcs,1263599081,330.85,4390g,440x290x90,4003686326200,48,,Cutlery,,,,,,,,,Mademoiselle
12-6339-9081,Cutlery set 68pcs,Villeroy & Boch,Cutlery – Cutlery,£295.90,,https://static.wixstatic.com/media/042ed7_4a09bf489b6d4d15b60768c4e5eb0ef2~mv2.png,,ID,82152010,6339,9081,Oscar,1,947,440,290,90,Cutlery set 68pcs,1263399081,330.85,3818g,440x290x90,4003686326118,48,,Cutlery,,,,,,,,,Oscar
12-6350-9081,Cutlery set 68pcs,Villeroy & Boch,Cutlery – Cutlery,£295.90,,https://static.wixstatic.com/media/042ed7_e08f6891b48d453ca26ef8d8bc1168e8~mv2.png,,VN,82152010,6350,9081,Victor,1,940,445,290,95,Cutlery set 68pcs,1263509081,330.85,3720g,440x290x90,4003686326149,48,,Cutlery,,,,,,,,,Victor
12-6387-9072,Cutlery set 70pcs,Villeroy & Boch,Cutlery – Cutlery,£609.82,,https://static.wixstatic.com/media/042ed7_cc354ad8f4d9493cae8b7e6b6fe8db83~mv2.png,,VN,82152010,6387,9072,Blacksmith,1,2745,497,351,124,Cutlery set 70pcs,1263879072,681.85,4445g,490x340x130,4003686160378,24,,Cutlery,,,,,,,,,Blacksmith
12-6526-9072,Cutlery set 70pcs,Villeroy & Boch,Cutlery – Cutlery,£563.31,,https://static.wixstatic.com/media/042ed7_ae5c443f42df47c081dcb2d673f2929b~mv2.png,,VN,82152010,6526,9072,Boston,1,2745,497,351,124,Cutlery set 70pcs,1265269072,629.85,5002g,490x340x130,4003686356894,24,,Cutlery,,,,,,,,,Boston
12-6351-9072,Cutlery set 70pcs,Villeroy & Boch,Cutlery – Cutlery,£609.82,,https://static.wixstatic.com/media/042ed7_00c64ca8c1864a99acc0cd21d5d90745~mv2.png,,VN,82152010,6351,9072,Ella partially gold plated,1,2745,497,351,124,Cutlery set 70pcs,1263519072,681.85,3450g,490x340x130,4003686150713,24,,Cutlery,,,,,,,,,Ella
12-6243-9072,Cutlery set 70pcs,Villeroy & Boch,Cutlery – Cutlery,£755.15,,https://static.wixstatic.com/media/042ed7_5066184b698a4ac6a794ed59f39028c9~mv2.png,,VN,82152010,6243,9072,Kreuzband-Septfontaines,1,2745,497,351,124,Cutlery set 70pcs,1262439072,844.35,4196g,490x340x130,4003683294960,24,,Cutlery,,,,,,,,,Kreuzband Septfontaines
12-5922-9072,Cutlery set 70pcs,Villeroy & Boch,Cutlery – Cutlery,£4010.62,,,,VN,82151020,5922,9072,Kreuzband-Septfontaines 120,1,2745,497,351,124,Cutlery set 70pcs,1259229072,4484.35,4520g,490x340x130,4003686292598,24,,Cutlery,,,,,,,,,Kreuzband Septfontaines
12-6417-9072,Cutlery set 70pcs,Villeroy & Boch,Cutlery – Cutlery,£609.82,,https://static.wixstatic.com/media/042ed7_abad70df852f4d899cb4afe023226778~mv2.png,,VN,82152010,6417,9072,La Classica,1,2745,497,351,124,Cutlery set 70pcs,1264179072,681.85,3968g,490x340x130,4003686262645,24,,Cutlery,,,,,,,,,La Classica
12-5920-9072,Cutlery set 70pcs,Villeroy & Boch,Cutlery – Cutlery,£3981.56,,,,VN,82151020,5920,9072,La Classica 120,1,2745,497,351,124,Cutlery set 70pcs,1259209072,4451.85,4300g,490x340x130,4003686292512,24,,Cutlery,,,,,,,,,La Classica
12-6447-9072,Cutlery set 70pcs,Villeroy & Boch,Cutlery – Cutlery,£1481.82,,,,VN,82151020,6447,9072,La Classica partially gold plated,1,2745,497,351,124,Cutlery set 70pcs,1264479072,1656.85,3968g,490x340x130,4003686286733,24,,Cutlery,,,,,,,,,La Classica
12-6527-9072,Cutlery set 70pcs,Villeroy & Boch,Cutlery – Cutlery,£766.78,,https://static.wixstatic.com/media/042ed7_dfa8997133884be4900a4e53cce4a45d~mv2.png,,ID,82152010,6527,9072,MetroChic,1,2950,495,350,125,Cutlery set 70pcs,1265279072,857.35,4500g,490x340x130,4003686362307,24,,Cutlery,,,,,,,,,MetroChic
12-6528-9072,Cutlery set 70pcs,Villeroy & Boch,Cutlery – Cutlery,£1336.49,,https://static.wixstatic.com/media/042ed7_ca701d60296040d29924a2307024c9cb~mv2.png,,ID,82152010,6528,9072,MetroChic d'Or,1,3155,495,350,125,Cutlery set 70pcs,1265289072,1494.35,4490g,490x340x130,4003686365780,24,,Cutlery,,,,,,,,,MetroChic
12-6448-9072,Cutlery set 70pcs,Villeroy & Boch,Cutlery – Cutlery,£563.31,,https://static.wixstatic.com/media/042ed7_503a29bb9a0049c78960ea28dcde8594~mv2.png,,VN,82152010,6448,9072,Montauk,1,2745,497,351,124,Cutlery set 70pcs,1264489072,629.85,4127g,490x340x130,4003686329119,24,,Cutlery,,,,,,,,,Montauk
12-6233-9072,Cutlery set 70pcs,Villeroy & Boch,Cutlery – Cutlery,£755.15,,https://static.wixstatic.com/media/042ed7_3e9a1e4930864eeda75ea0db59add1da~mv2.png,,VN,82152010,6233,9072,Neufaden-Merlemont,1,2745,497,351,124,Cutlery set 70pcs,1262339072,844.35,4064g,490x340x130,4003683294977,24,,Cutlery,,,,,,,,,Neufaden Merlemont
12-5921-9072,Cutlery set 70pcs,Villeroy & Boch,Cutlery – Cutlery,£4010.62,,,,VN,82151020,5921,9072,Neufaden-Merlemont 120,1,2745,497,351,124,Cutlery set 70pcs,1259219072,4484.35,4275g,490x340x130,4003686292550,24,,Cutlery,,,,,,,,,Neufaden Merlemont
12-6338-9072,Cutlery set 70pcs,Villeroy & Boch,Cutlery – Cutlery,£563.31,,https://static.wixstatic.com/media/042ed7_90377fa2caeb45918de2d10039885d51~mv2.png,,ID,82152010,6338,9072,NewWave,1,2745,497,351,124,Cutlery set 70pcs,1263389072,629.85,4130g,490x340x130,4003686186002,24,,Cutlery,,,,,,,,,NewWave
12-6264-9072,Cutlery set 70pcs,Villeroy & Boch,Cutlery – Cutlery,£563.31,,https://static.wixstatic.com/media/042ed7_16ca2ea327e04b4a8c36c9b39e6635ff~mv2.png,,VN,82152010,6264,9072,Piemont,1,2745,497,351,124,Cutlery set 70pcs,1262649072,629.85,3777g,490x340x130,4003683294991,24,,Cutlery,,,,,,,,,Piemont
12-6347-9072,Cutlery set 70pcs,Villeroy & Boch,Cutlery – Cutlery,£563.31,,https://static.wixstatic.com/media/042ed7_8a0e16b48e2b44cbaa5fb9103d754f94~mv2.png,,VN,82152010,6347,9072,Udine,1,2745,497,351,124,Cutlery set 70pcs,1263479072,629.85,4452g,490x340x130,4003686160330,24,,Cutlery,,,,,,,,,Udine
10-4286-9236,Cylinder vase beige small,Villeroy & Boch,Decoration & Gifts – Accessories,£16.22,,https://static.wixstatic.com/media/042ed7_12485f4627544b389e83ea3a466d864a~mv2.png,,CN,69139093,4286,9236,Lave Home,1,80,90,90,205,Cylinder vase beige small,1042869236,18.14,540g,78x78x200,4003686416659,360,,Decoration & Gifts,0.6,,,,,,,,Lave
10-4286-9235,Cylinder vase bleu large,Villeroy & Boch,Decoration & Gifts – Accessories,£20.29,,https://static.wixstatic.com/media/042ed7_ce40d10d0ec0460ea8681be9a490f6f4~mv2.png,,CN,69139093,4286,9235,Lave Home,1,88,247,84,93,Cylinder vase bleu large,1042869235,22.69,670g,79x79x250,4003686416642,288,,Decoration & Gifts,0.75,,,,,,,,Lave
14-5487-5522,"Daffodil yellow, set 2pcs",Villeroy & Boch,Decoration & Gifts,£11.57,,https://static.wixstatic.com/media/042ed7_afa7c1bc0f53450799fba5431cf36fe4~mv2.png,,CN,69131000,5487,5522,Mini Flower Bells,3,138,190,130,115,"Daffodil yellow, set 2pcs",1454875522,12.94,62g,50x53x40,4003686307315,768,4057743061696,Decoration & Gifts,,,,,,,,,Mini Flower Bells
11-3731-0230,Decanter,Villeroy & Boch,"Glass – Jugs, Pitchers & Carafes",£34.25,,https://static.wixstatic.com/media/042ed7_ddb8c311136643d8b54df7976f7097f5~mv2.png,,PL,70134991,3731,0230,Maxima,1,260,215,215,245,Decanter,1137310230,38.29,995g,207x207x230,4003686234307,45,,Glass,1.9,,,,,,,,Maxima
10-4130-2536,Deep bowl,Villeroy & Boch,Hospitality – Crockery,£11.72,,https://static.wixstatic.com/media/042ed7_18f3237d05d341b4bccd05e524b23622~mv2.png,,DE,69111000,4130,2536,Artesano Professionale,6,288,270,270,150,Deep bowl,1041302536,13.1,650g,235x235x55,4003686331037,288,4057743084220,,1.1,Artesano Original,Artesano Original,,,,Artesano,,Artesano
16-3364-3320,Deep bowl,Villeroy & Boch,Hospitality – Crockery,£19.90,,,,DE,69111000,3364,3320,Cera,4,211,289,296,155,Deep bowl,1633643320,22.24,1010g,285x255x85,5450523038960,192,4057743044903,,1,Cera,Cera,Cera,,,Big Buffet,,Cera
16-3364-3866,Deep bowl,Villeroy & Boch,Hospitality – Crockery,£14.77,,,,DE,69111000,3364,3866,Cera,6,288,270,270,150,Deep bowl,1633643866,16.51,650g,260x250x80,4003686180864,288,4057743044910,,1,Cera,Cera,Novelties 2012,,,,,Cera
16-3364-3867,Deep bowl,Villeroy & Boch,Hospitality – Crockery,£11.91,,,,DE,69111000,3364,3867,Cera,6,226,240,240,125,Deep bowl,1633643867,13.31,482g,210x210x70,5450523038946,486,4057743044927,,0.73,Cera,Cera,Cera,,,,,Cera
16-3364-3868,Deep bowl,Villeroy & Boch,Hospitality – Crockery,£7.92,,,,DE,69111000,3364,3868,Cera,6,90,202,203,112,Deep bowl,1633643868,8.86,325g,180x175x60,5450523038953,774,4057743044934,,0.4,Cera,Cera,Cera,,,,,Cera
16-4070-3867,Deep bowl,Villeroy & Boch,Hospitality – Crockery,£19.85,,,,DE,69111000,4070,3867,Copper Glow,6,222,250,250,95,Deep bowl,1640703867,22.2,570g,230x230x40,5450523091002,576,4057743096889,,0.99,Copper Glow,Copper Glow,Novelties spring 2018,,,,,Copper Glow
16-3293-3865,Deep bowl,Villeroy & Boch,Hospitality – Crockery,£22.06,,,,DE,69111000,3293,3865,Dune,6,288,270,270,150,Deep bowl,1632933865,24.67,860g,310x240x75,5450523001476,288,4057743034379,,1.11,Dune,Dune,,,,Big Buffet,,Dune
16-3293-3866,Deep bowl,Villeroy & Boch,Hospitality – Crockery,£18.16,,,,DE,69111000,3293,3866,Dune,6,288,270,270,150,Deep bowl,1632933866,20.3,600g,270x200x70,5450523001483,288,4057743034386,,0.86,Dune,Dune,,,Yes,,,Dune
16-3293-3867,Deep bowl,Villeroy & Boch,Hospitality – Crockery,£16.04,,,,DE,69111000,3293,3867,Dune,6,113,180,185,228,Deep bowl,1632933867,17.94,525g,210x170x85,5450523001490,480,4057743034393,,0.74,Dune,Dune,,,Yes,,,Dune
16-3275-3867,Deep bowl,Villeroy & Boch,Hospitality – Crockery,£10.69,,,,DE,69111000,3275,3867,Marchesi,6,222,250,250,95,Deep bowl,1632753867,11.95,570g,230x230x40,5450523034504,576,4057743032825,,0.99,Marchesi,Marchesi,white,,,,,Marchesi
10-4264-2700,Deep bowl,Villeroy & Boch,Hospitality – Crockery,£14.29,,https://static.wixstatic.com/media/042ed7_a8ea945df8fa4004860a9d5f64d5f3b0~mv2.png,,DE,69111000,4264,2700,NewMoon,6,403,315,315,120,Deep bowl,1042642700,15.98,894g,290x290x50,4003686386549,300,4057743160825,,1.7,NewMoon,NewMoon,Novelties 2020,,,Novelties 2020,,NewMoon
10-4291-2700,Deep bowl,Villeroy & Boch,Hospitality – Crockery,£14.29,,https://static.wixstatic.com/media/042ed7_045730ec4d114050a166edcf48297e27~mv2.png,,DE,69111000,4291,2700,NewMoon Beige,6,403,315,315,120,Deep bowl,1042912700,15.98,894g,290x290x45,4003686429895,300,4057743180717,,1.7,NewMoon Beige,NewMoon Beige,Novelties 2023,,,,,NewMoon
16-3356-3865,Deep bowl,Villeroy & Boch,Hospitality – Crockery,£27.87,,,,DE,69111000,3356,3865,Sedona,6,288,270,270,150,Deep bowl,1633563865,31.16,860g,310x240x75,5450523047658,288,4057743044590,,1.11,Sedona,Sedona,Dune,,,,,Sedona
16-3356-3866,Deep bowl,Villeroy & Boch,Hospitality – Crockery,£23.59,,,,DE,69111000,3356,3866,Sedona,6,288,270,270,150,Deep bowl,1633563866,26.37,600g,270x200x70,5450523047665,288,4057743044606,,0.86,Sedona,Sedona,Dune,,,,,Sedona
16-3356-3867,Deep bowl,Villeroy & Boch,Hospitality – Crockery,£20.71,,,,DE,69111000,3356,3867,Sedona,6,113,180,185,228,Deep bowl,1633563867,23.15,525g,210x170x85,5450523047672,480,4057743044613,,0.74,Sedona,Sedona,Dune,,,,,Sedona
10-4105-3575,Deep bowl,Villeroy & Boch,Porcelain – Crockery,£21.46,,https://static.wixstatic.com/media/042ed7_2d4cd150e51d44d897752d423fec2d54~mv2.png,,DE,69111000,4105,3575,Mariefleur Gris Serve & Salad,6,160,275,277,130,Deep bowl,1041053575,23.99,615g,290x207x56,4003686188976,336,4057743008202,Porcelain,0.75,,,,,,,,Mariefleur
10-4105-3576,Deep bowl,Villeroy & Boch,Porcelain – Crockery,£17.97,,https://static.wixstatic.com/media/042ed7_0da08ac36f9741d5ace460786479e327~mv2.png,,DE,69111000,4105,3576,Mariefleur Gris Serve & Salad,1,86,233,184,71,Deep bowl,1041053576,20.09,390g,210x195x43,4003686188983,200,,Porcelain,0.42,,,,,,,,Mariefleur
10-4101-3575,Deep bowl,Villeroy & Boch,Porcelain – Crockery,£21.46,,https://static.wixstatic.com/media/042ed7_44ead6e2ec2b46b1a2a89b3af1c740d1~mv2.png,,DE,69111000,4101,3575,Mariefleur Serve & Salad,6,160,275,277,130,Deep bowl,1041013575,23.99,615g,290x207x56,4003686179974,336,4057743008004,Porcelain,0.75,,,,,,,,Mariefleur
10-4101-3576,Deep bowl,Villeroy & Boch,Porcelain – Crockery,£17.97,,https://static.wixstatic.com/media/042ed7_65744edcabb34d96a4f662f7178b8691~mv2.png,,DE,69111000,4101,3576,Mariefleur Serve & Salad,1,86,233,184,71,Deep bowl,1041013576,20.09,390g,210x195x43,4003686179981,200,,Porcelain,0.42,,,,,,,,Mariefleur
10-3461-3575,Deep bowl,Villeroy & Boch,Porcelain – Crockery,£18.55,,https://static.wixstatic.com/media/042ed7_ce97a70e4a5c49998fc1ccb9432b84ff~mv2.png,,DE,69111000,3461,3575,New Cottage Special Serve Salad,6,160,275,277,130,Deep bowl,1034613575,20.74,615g,290x207x56,4003683459246,336,4057743006741,Porcelain,0.75,,,,,,,,New Cottage
10-3461-3576,Deep bowl,Villeroy & Boch,Porcelain – Crockery,£15.64,,https://static.wixstatic.com/media/042ed7_f3c8426a340a4da581833fe6d06978c8~mv2.png,,DE,69111000,3461,3576,New Cottage Special Serve Salad,1,86,233,184,71,Deep bowl,1034613576,17.49,390g,210x195x43,4003683459253,200,,Porcelain,0.42,,,,,,,,New Cottage
10-3420-3230,Deep bowl with handle,Villeroy & Boch,Hospitality – Crockery,£34.46,,https://static.wixstatic.com/media/042ed7_00c88e24ec2c48a3a7d800595be323bd~mv2.png,,DE,69111000,3420,3230,Flow,1,553,455,295,180,Deep bowl with handle,1034203230,38.53,1820g,430x260x160,4003683349752,25,,,2.3,Flow,Flow,Flow,,,Big Buffet,,Flow
10-4653-2701,Deep coupe plate,Villeroy & Boch,Hospitality – Crockery,£23.88,,,,DE,69111000,4653,2701,Anmut Gold,6,403,315,315,120,Deep coupe plate,1046532701,26.7,706g,285x285x60,4003686440883,300,4057743186559,,1.35,Anmut Gold,Anmut Gold,Novelties 2023,,,,,Anmut
10-4636-2701,Deep coupe plate,Villeroy & Boch,Hospitality – Crockery,£23.27,,,,DE,69111000,4636,2701,Anmut Platinum No.1,6,387,315,315,120,Deep coupe plate,1046362701,26.02,706g,285x285x60,4003686440920,300,4057743186597,,1.35,Anmut Platinum No.1,Anmut Platinum No.1,Novelties 2023,,,,,Anmut
16-4070-2701,Deep coupe plate,Villeroy & Boch,Hospitality – Crockery,£28.88,,,,DE,69111000,4070,2701,Copper Glow,6,403,315,315,120,Deep coupe plate,1640702701,32.28,823g,285x285x55,5450523090937,300,4057743096810,,1.3,Copper Glow,Copper Glow,Novelties spring 2018,,,,,Copper Glow
16-3275-2701,Deep coupe plate,Villeroy & Boch,Hospitality – Crockery,£13.13,,,,DE,69111000,3275,2701,Marchesi,6,403,315,315,120,Deep coupe plate,1632752701,14.68,823g,285x285x55,4003683411695,300,4057743032740,,1.3,Marchesi,Marchesi,white,,Yes,,,Marchesi
10-4652-2701,Deep coupe plate,Villeroy & Boch,Hospitality – Crockery,£35.60,,,,DE,69111000,4652,2701,MetroChic,6,387,315,315,120,Deep coupe plate,1046522701,39.81,706g,285x285x60,4003686440975,300,4057743186641,,1.35,MetroChic,MetroChic,Novelties 2024,,,,,MetroChic
16-3356-2701,Deep coupe plate,Villeroy & Boch,Hospitality – Crockery,£16.98,,,,DE,69111000,3356,2701,Sedona,6,403,315,315,120,Deep coupe plate,1633562701,18.98,823g,285x285x60,5450523047573,300,4057743044477,,1.3,Sedona,Sedona,Marchesi,,Yes,,,Sedona
16-4090-2701,Deep coupe plate,Villeroy & Boch,Hospitality – Crockery,£19.18,,,,DE,69111000,4090,2701,Stella Cosmo,6,403,315,315,120,Deep coupe plate,1640902701,21.45,706g,290x290x60,5450523147136,300,4057743159454,,1.2,Stella Cosmo,Stella Cosmo,Stella Cosmo,,,Novelties 2020,,Stella
16-4074-2536,Deep coupe plate,Villeroy & Boch,Hospitality – Crockery,£14.13,,,,DE,69111000,4074,2536,The Rock Black Shale,6,226,240,240,125,Deep coupe plate,1640742536,15.8,620g,235x235x50,5450523145675,486,4057743155463,,1.2,The Rock Black Shale,The Rock Black Shale,Novelties 2019,,,,,The Rock
16-4074-2701,Deep coupe plate,Villeroy & Boch,Hospitality – Crockery,£18.29,,,,DE,69111000,4074,2701,The Rock Black Shale,6,403,315,315,120,Deep coupe plate,1640742701,20.45,830g,285x285x60,5450523095451,300,4057743106748,,1.3,The Rock Black Shale,The Rock Black Shale,Novelties 2018,,,,,The Rock
16-4077-2536,Deep coupe plate,Villeroy & Boch,Hospitality – Crockery,£14.13,,,,DE,69111000,4077,2536,The Rock White Glacier,6,226,240,240,125,Deep coupe plate,1640772536,15.8,620g,235x235x50,5450523145682,486,4057743155470,,1.2,The Rock White Glacier,The Rock White Glacier,Novelties 2019,,,,,The Rock
16-4077-2701,Deep coupe plate,Villeroy & Boch,Hospitality – Crockery,£18.29,,,,DE,69111000,4077,2701,The Rock White Glacier,6,403,315,315,120,Deep coupe plate,1640772701,20.45,787g,285x285x60,5450523105563,300,4057743120089,,1.3,The Rock White Glacier,The Rock White Glacier,Novelties 2018,,,,,The Rock
16-2954-2536,Deep coupe plate,Villeroy & Boch,Hospitality – Crockery,£14.56,,,,DE,69111000,2954,2536,The Rock White Glazed,6,226,240,240,125,Deep coupe plate,1629542536,16.27,620g,235x235x50,5450523168537,486,4057743199702,,1.2,The Rock White Glazed,The Rock White Glazed,Novelties 2026,NEW,,,,The Rock
16-3364-2695,Deep gourmet plate,Villeroy & Boch,Hospitality – Crockery,£13.15,,,,DE,69111000,3364,2695,Cera,6,328,362,362,130,Deep gourmet plate,1633642695,14.71,910g,305,5450523086275,204,4057743091211,,,Cera,Cera,Cera,,,,,Cera
16-3364-2696,Deep gourmet plate,Villeroy & Boch,Hospitality – Crockery,£11.35,,,,DE,69111000,3364,2696,Cera,6,242,295,295,155,Deep gourmet plate,1633642696,12.7,730g,272,5450523086282,288,4057743091228,,,Cera,Cera,Cera,,,,,Cera
16-2040-4831,Deep gourmet plate,Villeroy & Boch,Hospitality – Crockery,£7.57,,,,DE,69111000,2040,4831,Universal,6,194,225,230,95,Deep gourmet plate,1620404831,8.47,375g,200x200x40,5450102351107,810,4057743024233,,0.48,Universal,Universal,white,,,Big Buffet,,Universal
16-4004-2700,Deep plate,Villeroy & Boch,Hospitality – Crockery,£7.37,,,,DE,69111000,4004,2700,Affinity,6,288,270,270,150,Deep plate,1640042700,8.24,563g,230x230x55,5450523054694,288,4057743046754,,0.31,Affinity,Affinity,Novelties Spring 2013,,Yes,,,Affinity
16-4004-2701,Deep plate,Villeroy & Boch,Hospitality – Crockery,£11.37,,,,DE,69111000,4004,2701,Affinity,6,403,315,315,120,Deep plate,1640042701,12.71,913g,290x290x50,5450523054687,300,4057743046761,,0.62,Affinity,Affinity,Novelties Spring 2013,,,,,Affinity
10-4293-2702,Deep plate,Villeroy & Boch,Hospitality – Crockery,£12.42,,https://static.wixstatic.com/media/042ed7_51f462db15a64bef8a8f2bf86b35b612~mv2.png,,DE,69111000,4293,2702,Afina,6,288,270,270,150,Deep plate,1042932702,13.89,700g,250x250x55,4003686436374,288,4057743183916,,1.1,Afina,Afina,Novelties 2024,,,,,Afina
10-4293-2703,Deep plate,Villeroy & Boch,Hospitality – Crockery,£14.25,,https://static.wixstatic.com/media/042ed7_a09399adca7841b3a80f4c8556d02d8b~mv2.png,,DE,69111000,4293,2703,Afina,4,215,315,315,105,Deep plate,1042932703,15.93,943g,290x290x70,4003686436381,224,4057743189000,,1.6,Afina,Afina,Novelties 2024,,,,,Afina
10-4653-2700,Deep plate,Villeroy & Boch,Hospitality – Crockery,£17.63,,https://static.wixstatic.com/media/042ed7_7435d9696eb647769875a13e5568fe7e~mv2.png,,DE,69111000,4653,2700,Anmut Gold,6,203,250,250,95,Deep plate,1046532700,19.72,471g,246x246x33,4003686375925,576,4057743155326,,0.48,Anmut Gold,Anmut Gold,Anmut Gold,,,,,Anmut
10-4653-2790,Deep plate,Villeroy & Boch,Hospitality – Crockery,£23.42,,,,DE,69111000,4653,2790,Anmut Gold,6,164,295,295,120,Deep plate,1046532790,26.19,642g,290x290x35,4003686440852,480,4057743186528,,0.66,Anmut Gold,Anmut Gold,Novelties 2023,,,,,Anmut
10-4636-2700,Deep plate,Villeroy & Boch,Hospitality – Crockery,£17.63,,https://static.wixstatic.com/media/042ed7_5d537a4534524748b4e07c47ec170063~mv2.png,,DE,69111000,4636,2700,Anmut Platinum No.1,6,203,250,250,95,Deep plate,1046362700,19.72,471g,246x246x33,4003683397067,576,4057743014418,,0.48,Anmut Platinum No.1,Anmut Platinum No.1,Anmut Platinum No.1,,,,,Anmut
10-4636-2790,Deep plate,Villeroy & Boch,Hospitality – Crockery,£22.79,,,,DE,69111000,4636,2790,Anmut Platinum No.1,6,219,290,290,98,Deep plate,1046362790,25.47,642g,290x290x35,4003686440913,480,4057743186580,,0.66,Anmut Platinum No.1,Anmut Platinum No.1,Novelties 2023,,,,,Anmut
16-4025-2700,Deep plate,Villeroy & Boch,Hospitality – Crockery,£9.49,,,,DE,69111000,4025,2700,Artesano Professionale,6,160,275,277,130,Deep plate,1640252700,10.61,670g,255x255x50,5450523062231,336,4057743050980,,0.83,Artesano Professionale,Artesano Professionale,Novelties 2015,,Yes,Artesano,,Artesano
16-4025-2790,Deep plate,Villeroy & Boch,Hospitality – Crockery,£13.19,,,,DE,69111000,4025,2790,Artesano Professionale,4,215,315,315,105,Deep plate,1640252790,14.75,800g,305x305x55,5450523062224,224,4057743051024,,1.57,Artesano Professionale,Artesano Professionale,Novelties 2015,,,Artesano,,Artesano
16-2238-2700,Deep plate,Villeroy & Boch,Hospitality – Crockery,£7.44,,,,DE,69111000,2238,2700,Bella,6,222,250,250,95,Deep plate,1622382700,8.32,445g,230x230x45,5450102372942,576,4057743031644,,0.75,Bella,Bella,,,,,,Bella
16-2238-3010,Deep plate,Villeroy & Boch,Hospitality – Crockery,£12.62,,,,DE,69111000,2238,3010,Bella,6,403,315,315,120,Deep plate,1622383010,14.11,740g,290x290x40,5450102372966,300,4057743031675,,0.65,Bella,Bella,,,,,,Bella
10-4661-2700,Deep plate,Villeroy & Boch,Hospitality – Crockery,£20.09,,https://static.wixstatic.com/media/042ed7_999f0a5568864b25af11bcc2eadd03e7~mv2.png,,DE,69111000,4661,2700,Château Septfontaines,6,218,250,250,95,Deep plate,1046612700,22.46,471g,245x245x35,4003686403147,576,4057743167916,,0.48,Château Septfontaines,Château Septfontaines,Novelties 2021,,,,,Chateau Septfontaines
10-4661-2701,Deep plate,Villeroy & Boch,Hospitality – Crockery,£31.33,,https://static.wixstatic.com/media/042ed7_0be4180a4ebd421b9e734d38ba860747~mv2.png,,DE,69111000,4661,2701,Château Septfontaines,6,387,315,315,120,Deep plate,1046612701,35.03,775g,290/140x45,4003686403154,300,4057743167923,,0.85,Château Septfontaines,Château Septfontaines,Novelties 2021,,,,,Chateau Septfontaines
10-4661-2790,Deep plate,Villeroy & Boch,Hospitality – Crockery,£32.62,,https://static.wixstatic.com/media/042ed7_e47e9b1398a7415d81d65a718059725c~mv2.png,,DE,69111000,4661,2790,Château Septfontaines,6,201,295,295,100,Deep plate,1046612790,36.47,661g,290x290x35,4003686403161,480,4057743167930,,0.65,Château Septfontaines,Château Septfontaines,Novelties 2021,,,,,Chateau Septfontaines
16-2016-2700,Deep plate,Villeroy & Boch,Hospitality – Crockery,£8.68,,,,DE,69111000,2016,2700,Corpo,6,222,250,250,95,Deep plate,1620162700,9.71,439g,230x230x45,5450102264186,576,4057743023748,,0.75,Corpo,Corpo,white,,Yes,,,Corpo
19-5167-2700,Deep plate,Villeroy & Boch,Hospitality – Crockery,£10.50,,https://static.wixstatic.com/media/042ed7_a2707dadefc446c58c4c50f8b60650f4~mv2.png,,TH,69111000,5167,2700,Crafted Breeze,6,233,215,215,175,Deep plate,1951672700,11.74,670g,215x215x35,4003686397026,450,4057743164755,,0.8,Crafted Breeze,Crafted Breeze,Novelties 2020,,,,,Crafted
19-5183-2700,Deep plate,Villeroy & Boch,Hospitality – Crockery,£10.50,,https://static.wixstatic.com/media/042ed7_8aeccc4b68034033a2c2d542b06931a9~mv2.png,,TH,69111000,5183,2700,Crafted Cotton,6,190,230,230,160,Deep plate,1951832700,11.74,655g,215x215x35,4003686437593,450,4057743184951,,0.8,Crafted Cotton,Crafted Cotton,Novelties 2024,,,,,Crafted
19-5168-2700,Deep plate,Villeroy & Boch,Hospitality – Crockery,£10.50,,https://static.wixstatic.com/media/042ed7_df4074b38a9d4745b20234b62d1f8054~mv2.png,,TH,69111000,5168,2700,Crafted Denim,6,233,215,215,175,Deep plate,1951682700,11.74,680g,215x215x35,4003686397668,450,4057743165431,,0.8,Crafted Denim,Crafted Denim,Novelties 2020,,,,,Crafted
16-2155-2700,Deep plate,Villeroy & Boch,Hospitality – Crockery,£7.66,,,,DE,69111000,2155,2700,Easy,6,222,250,250,95,Deep plate,1621552700,8.57,459g,230x230x45,5450102345984,576,4057743027180,,0.4,Easy,Easy,white,,Yes,,,Easy
10-4392-2700,Deep plate,Villeroy & Boch,Hospitality – Crockery,£28.03,,https://static.wixstatic.com/media/042ed7_2d18ce68c4304732819cfc5482ea5757~mv2.png,,DE,69111000,4392,2700,Gray Pearl,6,222,250,250,95,Deep plate,1043922700,31.35,452g,240x240x33,4003683201432,576,4057743011813,,0.47,Gray Pearl,Gray Pearl,Gray Pearl,,,,,Gray Pearl
10-4390-2700,Deep plate,Villeroy & Boch,Hospitality – Crockery,£34.71,,https://static.wixstatic.com/media/042ed7_2f5bf2bb8aec4cb5b9a67b18de7c6584~mv2.png,,DE,69111000,4390,2700,Ivoire,6,203,250,250,95,Deep plate,1043902700,38.81,452g,240x240x33,4003686131798,576,4057743011684,,0.47,Ivoire,Ivoire,Ivoire,,,,,Ivoire
16-3318-2700,Deep plate,Villeroy & Boch,Hospitality – Crockery,£8.27,,,,DE,69111000,3318,2700,La Scala,6,226,240,240,125,Deep plate,1633182700,9.26,499g,240x240x50,5450523018825,486,4057743036694,,0.4,La Scala,La Scala,white,,Yes,,,La Scala
16-3275-2700,Deep plate,Villeroy & Boch,Hospitality – Crockery,£13.13,,,,DE,69111000,3275,2700,Marchesi,6,403,315,315,120,Deep plate,1632752700,14.68,851g,290/140x55,5450523006310,300,4057743032733,,1.19,Marchesi,Marchesi,white,,Yes,,,Marchesi
10-4652-2700,Deep plate,Villeroy & Boch,Hospitality – Crockery,£35.87,,https://static.wixstatic.com/media/042ed7_895fc76cfd3d4b779b968cf64cb26248~mv2.png,,DE,69111000,4652,2700,MetroChic,6,215,240,240,125,Deep plate,1046522700,40.11,426g,220x220x50,4003686365438,486,4057743110233,,0.9,MetroChic,MetroChic,MetroChic,,,,,MetroChic
10-4652-2790,Deep plate,Villeroy & Boch,Hospitality – Crockery,£45.39,,,,DE,69111000,4652,2790,MetroChic,6,201,295,295,100,Deep plate,1046522790,50.75,642g,290x290x35,4003686440968,480,4057743186634,,0.66,MetroChic,MetroChic,Novelties 2024,,,,,MetroChic
10-4654-2700,Deep plate,Villeroy & Boch,Hospitality – Crockery,£16.67,,https://static.wixstatic.com/media/042ed7_970ec247a8ea40259b95d6f86f75215e~mv2.png,,DE,69111000,4654,2700,MetroChic blanc,6,226,240,240,125,Deep plate,1046542700,18.64,426g,220x220x50,4003686376489,486,4057743155753,,0.9,MetroChic blanc,MetroChic blanc,MetroChic blanc,,,,,MetroChic
10-4510-2700,Deep plate,Villeroy & Boch,Hospitality – Crockery,£16.35,,https://static.wixstatic.com/media/042ed7_8c14c102e40f4a48888e9e91237ef62c~mv2.png,,DE,69111000,4510,2700,Modern Grace,6,226,240,240,125,Deep plate,1045102700,18.28,457g,240x210x50,4003686151604,486,4057743012766,,0.45,Modern Grace,Modern Grace,Novelties 2010,,,,,Modern Grace
16-3356-2700,Deep plate,Villeroy & Boch,Hospitality – Crockery,£16.98,,,,DE,69111000,3356,2700,Sedona,6,403,315,315,120,Deep plate,1633562700,18.98,851g,290/140x53,5450523034580,300,4057743044460,,1.12,Sedona,Sedona,Marchesi,,Yes,,,Sedona
16-4003-2700,Deep plate,Villeroy & Boch,Hospitality – Crockery,£13.02,,,,DE,69111000,4003,2700,Sedona Function,6,222,250,250,95,Deep plate,1640032700,14.56,439g,230x230x45,5450523054243,576,4057743046419,,0.75,Sedona Function,Sedona Function,Novelties Spring 2012,,,,,Sedona
16-4033-2700,Deep plate,Villeroy & Boch,Hospitality – Crockery,£13.08,,,,DE,69111000,4033,2700,Stella Blossom,6,222,250,250,95,Deep plate,1640332700,14.62,325g,230,5450523068707,576,4057743052069,,,Stella Blossom,Stella Blossom,Novelties Spring 2016,NEW,,,,Stella
16-4033-2790,Deep plate,Villeroy & Boch,Hospitality – Crockery,£20.69,,,,DE,69111000,4033,2790,Stella Blossom,4,1,0,0,0,Deep plate,1640332790,23.13,633g,290x288x50,5450523168575,0,4057743199740,,0.92,Stella Blossom,Stella Blossom,Novelties 2026,NEW,,,,Stella
16-4090-2706,Deep plate,Villeroy & Boch,Hospitality – Crockery,£13.65,,,,DE,69111000,4090,2706,Stella Cosmo,6,288,270,270,150,Deep plate,1640902706,15.26,538g,250x250x45,5450523146870,288,4057743159294,,0.12,Stella Cosmo,Stella Cosmo,Stella Cosmo,,,Novelties 2020,,Stella
16-3272-2700,Deep plate,Villeroy & Boch,Hospitality – Crockery,£12.82,,,,DE,69111000,3272,2700,Stella Hotel,6,222,250,250,95,Deep plate,1632722700,14.33,471g,245x245x35,5450102384150,576,4057743032429,,0.48,Stella Hotel,Stella Hotel,Stella Hotel,,Yes,,,Stella
16-3272-2701,Deep plate,Villeroy & Boch,Hospitality – Crockery,£19.66,,,,DE,69111000,3272,2701,Stella Hotel,6,403,315,315,120,Deep plate,1632722701,21.99,650g,290/140x50,5450523051938,300,4057743032436,,0.8,Stella Hotel,Stella Hotel,Stella Hotel,,Yes,Novelties 2012,,Stella
16-3272-2790,Deep plate,Villeroy & Boch,Hospitality – Crockery,£20.29,,,,DE,69111000,3272,2790,Stella Hotel,6,219,290,290,98,Deep plate,1632722790,22.68,642g,290x290x35,5450102384266,480,4057743032443,,0.66,Stella Hotel,Stella Hotel,Stella Hotel,,Yes,,,Stella
16-3272-3821,Deep plate,Villeroy & Boch,Hospitality – Crockery,£10.23,,,,DE,69111000,3272,3821,Stella Hotel,6,90,202,203,112,Deep plate,1632723821,11.44,377g,205x205x40,5450102384211,774,4057743032573,,0.5,Stella Hotel,Stella Hotel,Stella Hotel,,,,,Stella
16-4008-2700,Deep plate,Villeroy & Boch,Hospitality – Crockery,£16.43,,,,DE,69111000,4008,2700,Stella Vogue,6,222,250,250,95,Deep plate,1640082700,18.38,471g,250x250x35,5450523077822,576,4057743074252,,0.48,Stella Vogue,Stella Vogue,Novelties 2017,,,,,Stella
16-4008-2701,Deep plate,Villeroy & Boch,Hospitality – Crockery,£25.62,,,,DE,69111000,4008,2701,Stella Vogue,6,403,315,315,120,Deep plate,1640082701,28.65,650g,290/140x50,5450523077839,300,4057743074269,,0.8,Stella Vogue,Stella Vogue,Novelties 2017,,,,,Stella
16-4008-2790,Deep plate,Villeroy & Boch,Hospitality – Crockery,£26.67,,,,DE,69111000,4008,2790,Stella Vogue,6,219,290,290,98,Deep plate,1640082790,29.83,642g,290x290x35,5450523077846,480,4057743074276,,0.66,Stella Vogue,Stella Vogue,Novelties 2017,,,,,Stella
16-4074-2700,Deep plate,Villeroy & Boch,Hospitality – Crockery,£14.41,,,,DE,69111000,4074,2700,The Rock Black Shale,6,403,315,315,120,Deep plate,1640742700,16.11,760g,280/140x50,5450523095444,300,4057743106731,,0.85,The Rock Black Shale,The Rock Black Shale,Novelties 2018,,,,,The Rock
16-4077-2700,Deep plate,Villeroy & Boch,Hospitality – Crockery,£14.41,,,,DE,69111000,4077,2700,The Rock White Glacier,6,403,315,315,120,Deep plate,1640772700,16.11,830g,280/140x50,5450523095659,300,4057743111933,,0.85,The Rock White Glacier,The Rock White Glacier,Novelties 2018,,,,,The Rock
16-2954-2700,Deep plate,Villeroy & Boch,Hospitality – Crockery,£14.98,,,,DE,69111000,2954,2700,The Rock White Glazed,6,403,315,315,120,Deep plate,1629542700,16.75,830g,280/140x50,5450523168520,300,4057743199696,,0.85,The Rock White Glazed,The Rock White Glazed,Novelties 2026,NEW,,,,The Rock
16-2040-3010,Deep plate,Villeroy & Boch,Hospitality – Crockery,£13.07,,,,DE,69111000,2040,3010,Universal,6,403,315,315,120,Deep plate,1620403010,14.61,722g,290/205x40,5450102351008,300,4057743024110,,0.96,Universal,Universal,white,,,,,Universal
10-3514-2700,Deep plate,Villeroy & Boch,Porcelain – Crockery,£34.83,,https://static.wixstatic.com/media/042ed7_e63c7a7b687443c4944057f461e92f42~mv2.png,,DE,69111000,3514,2700,Amazonia,6,215,240,240,125,Deep plate,1035142700,38.94,457g,237x202x50,4003686194588,486,4057743007618,Porcelain,0.45,,,,,,,,Amazonia
10-4381-2700,Deep plate,Villeroy & Boch,Porcelain – Crockery,£34.83,,https://static.wixstatic.com/media/042ed7_934a9bdb07d64c5da3329d8d9be7d1d2~mv2.png,,DE,69111000,4381,2700,Amazonia Anmut,6,203,250,250,95,Deep plate,1043812700,38.94,471g,248x248x35,4003686260801,576,4057743011301,Porcelain,0.48,,,,,,,,Amazonia
10-4545-2700,Deep plate,Villeroy & Boch,Porcelain – Crockery,£23.20,,https://static.wixstatic.com/media/042ed7_d491963e42874d768060129f76b60fb2~mv2.png,,DE,69111000,4545,2700,Anmut,6,222,250,250,95,Deep plate,1045452700,25.94,471g,248x248x35,4003683226695,576,4057743013879,Porcelain,0.48,,,,,,,,Anmut
10-1070-2700,Deep plate,Villeroy & Boch,Porcelain – Crockery,£34.83,,https://static.wixstatic.com/media/042ed7_b725aa6c2c52400fa59db03872e17770~mv2.png,,DE,69111000,1070,2700,Audun Chasse,6,222,250,250,95,Deep plate,1010702700,38.94,515g,242x242x35,4003683111014,576,4057743002330,Porcelain,0.43,,,,,,,,Audun
10-1067-2700,Deep plate,Villeroy & Boch,Porcelain – Crockery,£34.83,,https://static.wixstatic.com/media/042ed7_f8704b6ac04e4976a99dba0037198b69~mv2.png,,DE,69111000,1067,2700,Audun Ferme,6,222,250,250,95,Deep plate,1010672700,38.94,515g,242x242x35,4003683109080,576,4057743002187,Porcelain,0.43,,,,,,,,Audun
10-1068-2700,Deep plate,Villeroy & Boch,Porcelain – Crockery,£34.83,,https://static.wixstatic.com/media/042ed7_a591fd187dab4f39bc543f7479aa259a~mv2.png,,DE,69111000,1068,2700,Audun Fleur,6,222,250,250,95,Deep plate,1010682700,38.94,515g,242x242x35,4003683109615,576,4057743002248,Porcelain,0.43,,,,,,,,Audun
10-1069-2700,Deep plate,Villeroy & Boch,Porcelain – Crockery,£34.83,,https://static.wixstatic.com/media/042ed7_79624992f1db4ce9b7ffc1f4a64514d4~mv2.png,,DE,69111000,1069,2700,Audun Promenade,6,222,250,250,95,Deep plate,1010692700,38.94,515g,242x242x35,4003683109820,576,4057743002286,Porcelain,0.43,,,,,,,,Audun
10-4655-2700,Deep plate,Villeroy & Boch,Porcelain – Crockery,£34.83,,https://static.wixstatic.com/media/042ed7_96b6cf08aa2b4769a1d2751914f3ba3d~mv2.png,,DE,69111000,4655,2700,Avarua,6,215,240,240,125,Deep plate,1046552700,38.94,428g,220x220x51,4003686393745,486,4057743163314,Porcelain,0.9,,,,,,,,Avarua
10-4600-2700,Deep plate,Villeroy & Boch,Porcelain – Crockery,£19.13,,https://static.wixstatic.com/media/042ed7_81eebf3e5ede4c5183aff3e58a80d614~mv2.png,,DE,69111000,4600,2700,Cellini,6,222,250,250,95,Deep plate,1046002700,21.39,480g,242x242x35,4003686135697,576,4057743014036,Porcelain,0.44,,,,,,,,Cellini
14-8663-2700,Deep plate,Villeroy & Boch,Decoration & Gifts – Crockery,£16.22,,https://static.wixstatic.com/media/042ed7_8676f9318d5f481fb03f994f9e1bf7f9~mv2.png,,DE,69111000,8663,2700,Colourful Spring,6,191,270,270,120,Deep plate,1486632700,18.14,518g,249x249x47,4003686386921,336,4057743161013,Decoration & Gifts,0.8,,,,,,,,Colourful Spring
10-4153-2700,Deep plate,Villeroy & Boch,Porcelain – Crockery,£13.32,,https://static.wixstatic.com/media/042ed7_f35dcf56d20f465498bba4e34921b184~mv2.png,,DE,69111000,4153,2700,For Me,6,191,270,270,120,Deep plate,1041532700,14.89,518g,249x249x47,4003686259416,336,4057743009773,Porcelain,0.8,,,,,,,,For Me
10-2281-2700,Deep plate,Villeroy & Boch,Porcelain – Crockery,£19.13,,https://static.wixstatic.com/media/042ed7_89da1f0323914bc5834bade09d519b95~mv2.png,,DE,69111000,2281,2700,French Garden Fleurence,6,222,250,250,95,Deep plate,1022812700,21.39,470g,228x228x41,5450102345106,576,4057743003672,Porcelain,0.65,,,,,,,,French Garden
10-2281-2755,Deep plate,Villeroy & Boch,Porcelain – Crockery,£18.55,,https://static.wixstatic.com/media/042ed7_2d41a4785d5f4670bc5d17986c3a4623~mv2.png,,DE,69111000,2281,2755,French Garden Fleurence,6,90,202,203,112,Deep plate,1022812755,20.74,350g,205x205x39,5450102345113,774,4057743003689,Porcelain,0.5,,,,,,,,French Garden
10-2284-2700,Deep plate,Villeroy & Boch,Porcelain – Crockery,£19.13,,https://static.wixstatic.com/media/042ed7_26587091d07a4aa5a1c76ecb9f757e6d~mv2.png,,DE,69111000,2284,2700,French Garden Orange,6,222,250,250,95,Deep plate,1022842700,21.39,470g,228x228x41,5450102345410,576,4057743003894,Porcelain,0.65,,,,,,,,French Garden
10-2282-2700,Deep plate,Villeroy & Boch,Porcelain – Crockery,£19.13,,https://static.wixstatic.com/media/042ed7_831edb40095842d78ab820d75f7b1b7a~mv2.png,,DE,69111000,2282,2700,French Garden Valence,6,222,250,250,95,Deep plate,1022822700,21.39,470g,228x228x41,5450102345342,576,4057743003818,Porcelain,0.65,,,,,,,,French Garden
10-2396-2700,Deep plate,Villeroy & Boch,Porcelain – Crockery,£17.97,,https://static.wixstatic.com/media/042ed7_c46cff904e1340b7b79ca460c0c47f6a~mv2.png,,DE,69111000,2396,2700,Manoir,6,222,250,250,95,Deep plate,1023962700,20.09,470g,228x228x41,5450102185535,576,4057743005027,Porcelain,0.65,,,,,,,,Manoir
10-4100-2700,Deep plate,Villeroy & Boch,Porcelain – Crockery,£16.22,,https://static.wixstatic.com/media/042ed7_b3656dda36684ab299c14d8bdad88949~mv2.png,,DE,69111000,4100,2700,Mariefleur Basic,6,222,250,250,95,Deep plate,1041002700,18.14,450g,231x231x45,4003686179905,576,4057743007953,Porcelain,0.6,,,,,,,,Mariefleur
10-4104-2700,Deep plate,Villeroy & Boch,Porcelain – Crockery,£16.22,,https://static.wixstatic.com/media/042ed7_357a35e31e3647c6ba628b62f9a2e86d~mv2.png,,DE,69111000,4104,2700,Mariefleur Gris Basic,6,222,250,250,95,Deep plate,1041042700,18.14,450g,231x231x45,4003686188877,576,4057743008158,Porcelain,0.6,,,,,,,,Mariefleur
10-3460-2700,Deep plate,Villeroy & Boch,Porcelain – Crockery,£15.64,,https://static.wixstatic.com/media/042ed7_7095fec612d84d4a8ae49eb8a0f87889~mv2.png,,DE,69111000,3460,2700,New Cottage Basic,6,222,250,250,95,Deep plate,1034602700,17.49,450g,231x231x45,4003683455743,576,4057743006703,Porcelain,0.6,,,,,,,,New Cottage
10-2341-2700,Deep plate,Villeroy & Boch,Porcelain – Crockery,£19.13,,https://static.wixstatic.com/media/042ed7_9aaa85ec3b884a46b7c1e48cf44ed896~mv2.png,,DE,69111000,2341,2700,Old Luxembourg,6,222,250,250,95,Deep plate,1023412700,21.39,390g,227x227x36,5450102184859,576,4057743004693,Porcelain,0.5,,,,,,,,Vieux Luxembourg
10-2395-2700,Deep plate,Villeroy & Boch,Porcelain – Crockery,£19.13,,https://static.wixstatic.com/media/042ed7_2049fab218f14edb98b9e2770cd362e8~mv2.png,,DE,69111000,2395,2700,Petite Fleur,6,222,250,250,95,Deep plate,1023952700,21.39,470g,228x228x41,5450102185528,576,4057743004877,Porcelain,0.65,,,,,,,,Petite Fleur
10-2395-2755,Deep plate,Villeroy & Boch,Porcelain – Crockery,£18.55,,https://static.wixstatic.com/media/042ed7_136fae7e0bfa497a9cec9a9d15f3c865~mv2.png,,DE,69111000,2395,2755,Petite Fleur,6,90,202,203,112,Deep plate,1023952755,20.74,350g,205x205x39,5450102186334,774,4057743004884,Porcelain,0.5,,,,,,,,Petite Fleur
10-4412-2700,Deep plate,Villeroy & Boch,Porcelain – Crockery,£20.29,,https://static.wixstatic.com/media/042ed7_f93cdca0a7df4039a96b8978f5340b01~mv2.png,,DE,69111000,4412,2700,Royal,6,222,250,250,95,Deep plate,1044122700,22.69,471g,248x248x35,4003686140332,576,4057743012070,Porcelain,0.48,,,,,,,,Royal
10-4730-2700,Deep plate,Villeroy & Boch,Porcelain – Crockery,£46.45,,https://static.wixstatic.com/media/042ed7_e6596732aebe49be959f53f8b71dec18~mv2.png,,DE,69111000,4730,2700,Samarkand Aquamarin,6,203,250,250,95,Deep plate,1047302700,51.94,471g,248x248x35,4003686212732,576,4057743014814,Porcelain,0.48,,,,,,,,Samarkand
10-4732-2700,Deep plate,Villeroy & Boch,Porcelain – Crockery,£46.45,,https://static.wixstatic.com/media/042ed7_4c8e82fb0cb6453582fc4e34b8717477~mv2.png,,DE,69111000,4732,2700,Samarkand Mandarin,6,203,250,250,95,Deep plate,1047322700,51.94,480g,248x248x35,4003686261563,576,4057743014968,Porcelain,0.48,,,,,,,,Samarkand
10-4731-2700,Deep plate,Villeroy & Boch,Porcelain – Crockery,£46.45,,https://static.wixstatic.com/media/042ed7_42dd7010e6bf4f6d9d0b8fe290982569~mv2.png,,DE,69111000,4731,2700,Samarkand Rubin,6,203,250,250,95,Deep plate,1047312700,51.94,471g,248x248x35,4003686212794,576,4057743014883,Porcelain,0.48,,,,,,,,Samarkand
14-8658-2700,Deep plate,Villeroy & Boch,Decoration & Gifts – Crockery,£17.39,,https://static.wixstatic.com/media/042ed7_0969990c0ab5417e8745d26bfabfdf26~mv2.png,,DE,69111000,8658,2700,Toy's Delight Royal Classic,6,226,240,240,125,Deep plate,1486582700,19.44,600g,232x232x50,4003686393127,486,4057743162966,Decoration & Gifts,0.55,,,,,,,,Toy's Delight Royal Classic
10-4389-2700,Deep plate,Villeroy & Boch,Porcelain – Crockery,£23.20,,https://static.wixstatic.com/media/042ed7_ccbdf2c897de4c7aa96af0c005d039c8~mv2.png,,DE,69111000,4389,2700,White Pearl,6,222,250,250,95,Deep plate,1043892700,25.94,452g,248x248x34,4003683481292,576,4057743011547,Porcelain,0.47,,,,,,,,White Pearl
16-4070-2704,Deep plate (external),Villeroy & Boch,Hospitality – Crockery,£24.05,,,,DE,69111000,4070,2704,Copper Glow,6,403,315,315,120,Deep plate (external),1640702704,26.88,851g,290/140x55,5450523090944,300,4057743096827,,1.12,Copper Glow,Copper Glow,Novelties spring 2018,,,,,Copper Glow
10-2337-2702,Deep plate Farmer,Villeroy & Boch,Porcelain – Crockery,£29.01,,https://static.wixstatic.com/media/042ed7_e972c3c210a242a1830921bbd13cc48a~mv2.png,,DE,69111000,2337,2702,Design Naif,6,194,225,230,95,Deep plate Farmer,1023372702,32.44,440g,221x221x36,5450102206346,810,4057743004327,Porcelain,0.5,,,,,,,,Design Naif
10-2337-2706,Deep plate Fireplace,Villeroy & Boch,Porcelain – Crockery,£29.01,,https://static.wixstatic.com/media/042ed7_15cefa717f104c0981e122e4e53ea11d~mv2.png,,DE,69111000,2337,2706,Design Naif,6,194,225,230,95,Deep plate Fireplace,1023372706,32.44,440g,221x221x36,5450102206384,810,4057743004365,Porcelain,0.5,,,,,,,,Design Naif
10-2337-2707,Deep plate Huntsman,Villeroy & Boch,Porcelain – Crockery,£29.01,,https://static.wixstatic.com/media/042ed7_76c7a2c129294b3c9b4235cbc205f8cf~mv2.png,,DE,69111000,2337,2707,Design Naif,6,194,225,230,95,Deep plate Huntsman,1023372707,32.44,440g,221x221x36,5450102206391,810,4057743004372,Porcelain,0.5,,,,,,,,Design Naif
10-2337-2756,Deep plate Marriage,Villeroy & Boch,Porcelain – Crockery,£29.01,,https://static.wixstatic.com/media/042ed7_2e03b189077944adb4c6efebf520049b~mv2.png,,DE,69111000,2337,2756,Design Naif,6,90,202,203,112,Deep plate Marriage,1023372756,32.44,390g,199x199x39,5450102221820,774,4057743004389,Porcelain,0.46,,,,,,,,Design Naif
10-2337-2759,Deep plate Meeting,Villeroy & Boch,Porcelain – Crockery,£29.01,,https://static.wixstatic.com/media/042ed7_ac7b3e9e6eb14500a5519a9d64e2d5de~mv2.png,,DE,69111000,2337,2759,Design Naif,6,90,202,203,112,Deep plate Meeting,1023372759,32.44,390g,199x199x39,5450102221844,774,4057743004396,Porcelain,0.46,,,,,,,,Design Naif
10-2337-2703,Deep plate Noah's ark,Villeroy & Boch,Porcelain – Crockery,£29.01,,https://static.wixstatic.com/media/042ed7_69e2073ee3274770ba305c9d4e33ef6f~mv2.png,,DE,69111000,2337,2703,Design Naif,6,194,225,230,95,Deep plate Noah's ark,1023372703,32.44,440g,221x221x36,5450102206353,810,4057743004334,Porcelain,0.5,,,,,,,,Design Naif
10-2337-2704,Deep plate Poultry farm,Villeroy & Boch,Porcelain – Crockery,£29.01,,https://static.wixstatic.com/media/042ed7_8cd4ed140e43421093e8aedaea3bd12f~mv2.png,,DE,69111000,2337,2704,Design Naif,6,194,225,230,95,Deep plate Poultry farm,1023372704,32.44,440g,221x221x36,5450102206360,810,4057743004341,Porcelain,0.5,,,,,,,,Design Naif
10-2337-2705,Deep plate Village,Villeroy & Boch,Porcelain – Crockery,£29.01,,https://static.wixstatic.com/media/042ed7_73ba81863ef54d018bafebad747c1045~mv2.png,,DE,69111000,2337,2705,Design Naif,6,194,225,230,95,Deep plate Village,1023372705,32.44,440g,221x221x36,5450102206377,810,4057743004358,Porcelain,0.5,,,,,,,,Design Naif
14-8585-2700,Deep plate red,Villeroy & Boch,Decoration & Gifts – Crockery,£17.39,,https://static.wixstatic.com/media/042ed7_170e0a79b0a94bbbbeb769a1a3ae1d3f~mv2.png,,CN,69111000,8585,2700,Toy's Delight,6,625,265,268,140,Deep plate red,1485852700,19.44,760g,264x264x49,4003683490478,504,4057743001180,Decoration & Gifts,0.75,,,,,,,,Toy's Delight
14-8585-2702,Deep plate white,Villeroy & Boch,Decoration & Gifts – Crockery,£17.39,,https://static.wixstatic.com/media/042ed7_b00fe7cf12af43f2b1b4745665756a29~mv2.png,,CN,69111000,8585,2702,Toy's Delight,6,625,265,268,140,Deep plate white,1485852702,19.44,760g,264x264x49,4003686182172,576,4057743001203,Decoration & Gifts,0.75,,,,,,,,Toy's Delight
10-2525-2709,Deep square plate,Villeroy & Boch,Hospitality – Crockery,£16.11,,https://static.wixstatic.com/media/042ed7_f9bed38402ad410b9574c8f35abf9f9c~mv2.png,,DE,69111000,2525,2709,NewWave,4,222,250,250,95,Deep square plate,1025252709,18.01,835g,240x240x45,4003683209339,384,4057743005492,,0.42,NewWave,NewWave,,,,,,NewWave
16-2040-3835,Deep triangular bowl,Villeroy & Boch,Hospitality – Crockery,£4.67,,,,DE,69111000,2040,3835,Universal,6,121,290,165,83,Deep triangular bowl,1620403835,5.22,110g,110x70x40,5450523158521,864,4057743187013,,0.1,Universal,Universal,Universal,,,Pi Carré,,Universal
12-6387-0180,Demi-tasse spoon,Villeroy & Boch,Hospitality – Cutlery,£2.31,,https://static.wixstatic.com/media/042ed7_96e81b0e6cc048b983430195bcba6d68~mv2.png,,VN,82159910,6387,0180,Blacksmith,6,22,130,45,30,Demi-tasse spoon,1263870180,2.58,15g,106x25x13,4003683483661,9600,4057743019352,,,Blacksmith,Blacksmith,Novelties 2017,,Yes,,,Blacksmith
16-6248-0180,Demi-tasse spoon,Villeroy & Boch,Hospitality – Cutlery,£2.55,,,,VN,82159910,6248,0180,Coupole,6,17,161,35,35,Demi-tasse spoon,1662480180,2.85,16g,113x25x17,4011417048468,1600,4057743054735,,,Coupole,Coupole,Cutlery,,,,,Coupole
12-6243-0180,Demi-tasse spoon,Villeroy & Boch,Hospitality – Cutlery,£3.89,,https://static.wixstatic.com/media/042ed7_032b935bb34c43d8bf1c8a912c7a20a8~mv2.png,,VN,82159910,6243,0180,Kreuzband,6,22,130,45,30,Demi-tasse spoon,1262430180,4.35,16g,108x24x18,4011417043944,9600,4057743017389,,,Kreuzband,Kreuzband,Cutlery,,,,,Kreuzband
12-6338-0180,Demi-tasse spoon,Villeroy & Boch,Hospitality – Cutlery,£2.55,,https://static.wixstatic.com/media/042ed7_7d27e5b8bd7f4c5abbe6956cb13d1f72~mv2.png,,ID,82159910,6338,0180,NewWave Cutlery,6,15,135,30,30,Demi-tasse spoon,1263380180,2.85,14g,108x22x14,4003683259808,1600,4057743018188,,,NewWave Cutlery,NewWave Cutlery,Cutlery,,,,,NewWave
12-6339-0180,Demi-tasse spoon,Villeroy & Boch,Hospitality – Cutlery,£1.64,,https://static.wixstatic.com/media/042ed7_a20bbc155c7842d2bc2b3c9f99d464cf~mv2.png,,ID,82159910,6339,0180,Oscar,6,12,130,30,30,Demi-tasse spoon,1263390180,1.83,20g,120x26x15,4003683259860,9200,4057743018355,,,Oscar,Oscar,Cutlery,,Yes,,,Oscar
12-6264-0180,Demi-tasse spoon,Villeroy & Boch,Hospitality – Cutlery,£2.55,,https://static.wixstatic.com/media/042ed7_c822bc12d1204de7b0d420a5f6b7d0cd~mv2.png,,VN,82159910,6264,0180,Piemont,6,13,130,30,30,Demi-tasse spoon,1262640180,2.85,16g,111x24x13,4011417052434,3600,4057743017525,,,Piemont,Piemont,Cutlery,,Yes,,,Piemont
12-6347-0180,Demi-tasse spoon,Villeroy & Boch,Hospitality – Cutlery,£2.31,,https://static.wixstatic.com/media/042ed7_9a3f949e4e904d7f9fa76cd8cbd6dd80~mv2.png,,VN,82159910,6347,0180,Udine,6,17,161,35,35,Demi-tasse spoon,1263470180,2.59,14g,106x13x22,4003683286293,9600,4057743018492,,,Udine,Udine,Novelties Winter 2009,,,,,Udine
12-6350-0180,Demi-tasse spoon,Villeroy & Boch,Hospitality – Cutlery,£1.53,,https://static.wixstatic.com/media/042ed7_70e198e3fc944fbb84c6c375faa40392~mv2.png,,VN,82159910,6350,0180,Victor,6,49,150,35,28,Demi-tasse spoon,1263500180,1.71,15g,114x24x14,4003683330712,9994,4057743018645,,,Victor,Victor,Cutlery,,Yes,,,Victor
14-5714-0180,Demi-tasse spoon,Villeroy & Boch,Decoration & Gifts – Cutlery,£9.25,,https://static.wixstatic.com/media/042ed7_040292b3863c4254acb4f6375e438946~mv2.png,,ID,82159910,5714,0180,NewWave Caffè - Spoon,6,50,125,55,45,Demi-tasse spoon,1457140180,10.34,20g,120x25x11,4003683249823,7200,4057743020884,Decoration & Gifts,,,,,,,,,NewWave
14-5714-0181,Demi-tasse spoon gold plated,Villeroy & Boch,Decoration & Gifts – Cutlery,£12.15,,https://static.wixstatic.com/media/042ed7_ba444c8847c34c03ae8340babb4c3808~mv2.png,,ID,82159100,5714,0181,NewWave Caffè - Spoon,6,50,125,55,45,Demi-tasse spoon gold plated,1457140181,13.59,20g,120x25x11,4003683353636,9600,4057743020891,Decoration & Gifts,,,,,,,,,NewWave
12-6338-9590,Demi-tasse spoon set of 6,Villeroy & Boch,Cutlery – Cutlery,£33.66,,https://static.wixstatic.com/media/042ed7_ea808bc5c322494ab6349b7b091abb1f~mv2.png,,ID,82159910,6338,9590,NewWave,1,112,205,135,30,Demi-tasse spoon set of 6,1263389590,37.64,84g,255x260x40,4003683260842,480,,Cutlery,,,,,,,,,NewWave
12-6339-9590,Demi-tasse spoon set of 6,Villeroy & Boch,Cutlery – Cutlery,£26.11,,https://static.wixstatic.com/media/042ed7_9773cbad85e14fafae8b6118c64950c0~mv2.png,,ID,82159910,6339,9590,Oscar,1,112,205,135,30,Demi-tasse spoon set of 6,1263399590,29.19,120g,250x255x35,4003686174832,480,,Cutlery,,,,,,,,,Oscar
10-4293-1420,Demitasse/Espresso cup,Villeroy & Boch,Hospitality – Beverage Service,£5.25,,https://static.wixstatic.com/media/042ed7_39e847d312364894bd3f5b141b57bc7e~mv2.png,,DE,69111000,4293,1420,Afina,6,114,290,165,80,Demitasse/Espresso cup,1042931420,5.88,104g,80x65x50,4003686436121,864,4057743183732,,0.09,Afina,Afina,Novelties 2024,,,,,Afina
10-4550-3810,Dessert bowl,Villeroy & Boch,Porcelain – Crockery,£8.09,,https://static.wixstatic.com/media/042ed7_1fbc95d8290e4efd857e7964f213a5ac~mv2.png,,DE,69111000,4550,3810,Fleur vert,6,80,130,140,140,Dessert bowl,1045503810,9.04,202g,132x132x38,4003686450790,0,4057743193403,Porcelain,0.25,,,,NEW,,,,Fleur
10-4551-3810,Dessert bowl,Villeroy & Boch,Porcelain – Crockery,£8.09,,https://static.wixstatic.com/media/042ed7_28a441cc166b4a76be79acac8bb72947~mv2.png,,DE,69111000,4551,3810,Fleur bleu,6,80,130,140,140,Dessert bowl,1045513810,9.04,202g,132x132x38,4003686450981,0,4057743193397,Porcelain,0.25,,,,NEW,,,,Fleur
10-4552-3810,Dessert bowl,Villeroy & Boch,Porcelain – Crockery,£8.09,,https://static.wixstatic.com/media/042ed7_95de18ccdc3448c29eb218935df36239~mv2.png,,DE,69111000,4552,3810,Fleur soleil,6,80,130,140,140,Dessert bowl,1045523810,9.04,202g,132x132x38,4003686451148,0,4057743193663,Porcelain,0.25,,,,NEW,,,,Fleur
10-4553-3810,Dessert bowl,Villeroy & Boch,Porcelain – Crockery,£8.09,,https://static.wixstatic.com/media/042ed7_fe9243705c9b4dbea380923e5d99835f~mv2.png,,DE,69111000,4553,3810,Fleur cassis,6,80,130,140,140,Dessert bowl,1045533810,9.04,202g,132x132x38,4003686451261,0,4057743193762,Porcelain,0.25,,,,NEW,,,,Fleur
12-6387-0080,Dessert fork,Villeroy & Boch,Hospitality – Cutlery,£5.04,,https://static.wixstatic.com/media/042ed7_aaaf395cdeaa40eaa3978bb319eb564f~mv2.png,,VN,82159910,6387,0080,Blacksmith,6,39,200,55,25,Dessert fork,1263870080,5.63,40g,180x22x16,4003683483609,2880,4057743019284,,,Blacksmith,Blacksmith,Novelties 2017,,Yes,,,Blacksmith
16-6248-0080,Dessert fork,Villeroy & Boch,Hospitality – Cutlery,£5.92,,,,VN,82159910,6248,0080,Coupole,6,25,205,40,40,Dessert fork,1662480080,6.61,41g,184x26x27,4011417048437,4500,4057743054650,,,Coupole,Coupole,Cutlery,,,,,Coupole
12-6243-0080,Dessert fork,Villeroy & Boch,Hospitality – Cutlery,£8.29,,https://static.wixstatic.com/media/042ed7_0a3bcb0e6f6c4c41b31b349e3adecd12~mv2.png,,VN,82159910,6243,0080,Kreuzband,6,39,200,55,25,Dessert fork,1262430080,9.27,50g,185x24x24,4011417043845,2880,4057743017310,,,Kreuzband,Kreuzband,Cutlery,,,,,Kreuzband
12-6338-0080,Dessert fork,Villeroy & Boch,Hospitality – Cutlery,£5.43,,https://static.wixstatic.com/media/042ed7_200e19665a8c4cf59d3172970bce182d~mv2.png,,ID,82159910,6338,0080,NewWave Cutlery,6,24,240,50,30,Dessert fork,1263380080,6.07,33g,181x23x15,4003683257729,4320,4057743018119,,,NewWave Cutlery,NewWave Cutlery,Cutlery,,,,,NewWave
12-6339-0080,Dessert fork,Villeroy & Boch,Hospitality – Cutlery,£3.36,,https://static.wixstatic.com/media/042ed7_7b8619d97e1344489a053cdfc218cb20~mv2.png,,ID,82159910,6339,0080,Oscar,6,22,240,50,30,Dessert fork,1263390080,3.76,40g,183x22x20,4003683299422,2880,4057743018287,,,Oscar,Oscar,Cutlery,,Yes,,,Oscar
12-6264-0080,Dessert fork,Villeroy & Boch,Hospitality – Cutlery,£5.73,,https://static.wixstatic.com/media/042ed7_09147e3940e44ed4bf95290247bf1884~mv2.png,,VN,82159910,6264,0080,Piemont,6,22,240,50,30,Dessert fork,1262640080,6.41,40g,187x25x21,4011417052359,2880,4057743017464,,,Piemont,Piemont,Cutlery,,Yes,,,Piemont
12-6347-0080,Dessert fork,Villeroy & Boch,Hospitality – Cutlery,£5.04,,https://static.wixstatic.com/media/042ed7_fb64a8d9e6284c45a72020a48b83569e~mv2.png,,VN,82159910,6347,0080,Udine,6,25,205,40,40,Dessert fork,1263470080,5.63,43g,183x21x23,4003683286248,4500,4057743018430,,,Udine,Udine,Novelties Winter 2009,,,,,Udine
12-6350-0080,Dessert fork,Villeroy & Boch,Hospitality – Cutlery,£3.13,,https://static.wixstatic.com/media/042ed7_b2d2b4e43d2245fcb38b34e2291464ee~mv2.png,,VN,82159910,6350,0080,Victor,6,66,210,46,28,Dessert fork,1263500080,3.5,38g,185x25x19,4003683330637,80,4057743018577,,,Victor,Victor,Cutlery,,Yes,,,Victor
12-6351-0080,Dessert fork,Villeroy & Boch,Cutlery – Cutlery,£10.99,,https://static.wixstatic.com/media/042ed7_d402ff47684d4022bfa63592a6a45c1f~mv2.png,,VN,82159910,6351,0080,Ella partially gold plated,6,20,190,50,30,Dessert fork,1263510080,12.29,34g,184x21x22,4003683311742,8640,4057743018713,Cutlery,,,,,,,,,Ella
12-6417-0080,Dessert fork,Villeroy & Boch,Cutlery – Cutlery,£11.57,,https://static.wixstatic.com/media/042ed7_b37b1760dcb34f01877c97fe84195713~mv2.png,,VN,82159910,6417,0080,La Classica,6,39,200,55,25,Dessert fork,1264170080,12.94,47g,187x22x22,4003686262416,1800,4057743020075,Cutlery,,,,,,,,,La Classica
12-6527-0080,Dessert fork,Villeroy & Boch,Cutlery – Cutlery,£11.57,,https://static.wixstatic.com/media/042ed7_438c17ba7df047a4b56af33eff926199~mv2.png,,ID,82159910,6527,0080,MetroChic,6,25,240,50,30,Dessert fork,1265270080,12.94,55g,185x25x14,4003686362116,5760,4057743108766,Cutlery,,,,,,,,,MetroChic
12-6528-0080,Dessert fork,Villeroy & Boch,Cutlery – Cutlery,£20.87,,https://static.wixstatic.com/media/042ed7_1ce89510eb3a4759b54a2af340b96ded~mv2.png,,ID,82159910,6528,0080,MetroChic d'Or,6,22,240,50,30,Dessert fork,1265280080,23.34,49g,185x25x14,4003686388833,3000,4057743161761,Cutlery,,,,,,,,,MetroChic
12-6233-0080,Dessert fork,Villeroy & Boch,Cutlery – Cutlery,£11.57,,https://static.wixstatic.com/media/042ed7_1fd40c8e9e9747ef953bb64e6bf7412e~mv2.png,,VN,82159910,6233,0080,Neufaden-Merlemont,6,25,205,40,40,Dessert fork,1262330080,12.94,42g,182x24x25,4011417038513,4500,4057743017167,Cutlery,,,,,,,,,Neufaden Merlemont
12-6351-0093,Dessert knife,Villeroy & Boch,Cutlery – Cutlery,£11.57,,https://static.wixstatic.com/media/042ed7_4e2e8fa9a87e423ea2e0cc70b2a328f4~mv2.png,,VN,82119100,6351,0093,Ella partially gold plated,6,23,220,30,30,Dessert knife,1263510093,12.94,54g,208x19x7,4003683311650,7200,4057743018720,Cutlery,,,,,,,,,Ella
12-6417-0090,Dessert knife,Villeroy & Boch,Cutlery – Cutlery,£12.74,,https://static.wixstatic.com/media/042ed7_047e9774bf72490cb488a5e58ee6ae83~mv2.png,,VN,82119100,6417,0090,La Classica,6,40,225,50,25,Dessert knife,1264170090,14.24,64g,216x17x10,4003686262423,1800,4057743020082,Cutlery,,,,,,,,,La Classica
12-6527-0090,Dessert knife,Villeroy & Boch,Cutlery – Cutlery,£17.39,,https://static.wixstatic.com/media/042ed7_6274244980254fd7a6cdb519dcd8c03f~mv2.png,,ID,82119100,6527,0090,MetroChic,6,25,240,40,30,Dessert knife,1265270090,19.44,50g,201x17x6,4003686362123,5760,4057743108773,Cutlery,,,,,,,,,MetroChic
12-6528-0090,Dessert knife,Villeroy & Boch,Cutlery – Cutlery,£26.69,,https://static.wixstatic.com/media/042ed7_be4cfd1b01ab4a00afd4667edcc6b2b8~mv2.png,,ID,82119100,6528,0090,MetroChic d'Or,6,20,220,40,30,Dessert knife,1265280090,29.84,49g,201x17x6,4003686388840,3600,4057743161778,Cutlery,,,,,,,,,MetroChic
12-6233-0090,Dessert knife,Villeroy & Boch,Cutlery – Cutlery,£17.39,,https://static.wixstatic.com/media/042ed7_a47a7ca541874068a4e9e3d31c428041~mv2.png,,VN,82119100,6233,0090,Neufaden-Merlemont,6,33,265,45,40,Dessert knife,1262330090,19.44,64g,204x21x13,4011417038520,5040,4057743017174,Cutlery,,,,,,,,,Neufaden Merlemont
16-6248-0090,Dessert knife HH,Villeroy & Boch,Hospitality – Cutlery,£10.18,,,,VN,82119100,6248,0090,Coupole,6,33,265,45,40,Dessert knife HH,1662480090,11.38,66g,220x21x15,4011417048444,900,4057743054667,,,Coupole,Coupole,Cutlery,,,,,Coupole
12-6243-0090,Dessert knife HH,Villeroy & Boch,Hospitality – Cutlery,£11.21,,https://static.wixstatic.com/media/042ed7_fb1599ab0cb548a4949d780dd9a76b75~mv2.png,,VN,82119100,6243,0090,Kreuzband,6,40,225,50,25,Dessert knife HH,1262430090,12.54,68g,204x20x12,4011417043852,7200,4057743017327,,,Kreuzband,Kreuzband,Cutlery,,,,,Kreuzband
12-6387-0093,Dessert knife MB,Villeroy & Boch,Hospitality – Cutlery,£5.89,,https://static.wixstatic.com/media/042ed7_76c348c95a1a4e96b680cbdb4e7b3ec4~mv2.png,,VN,82119100,6387,0093,Blacksmith,6,40,225,50,25,Dessert knife MB,1263870093,6.58,50g,202x18x5,4003683483616,7200,4057743019291,,,Blacksmith,Blacksmith,Novelties 2017,,Yes,,,Blacksmith
12-6338-0093,Dessert knife MB,Villeroy & Boch,Hospitality – Cutlery,£6.67,,https://static.wixstatic.com/media/042ed7_42975d7d09c54c87aa061b4046ad5599~mv2.png,,ID,82119100,6338,0093,NewWave Cutlery,6,36,235,50,50,Dessert knife MB,1263380093,7.46,66g,209x17x11,4003683259822,1920,4057743018126,,,NewWave Cutlery,NewWave Cutlery,Cutlery,,,,,NewWave
12-6339-0093,Dessert knife MB,Villeroy & Boch,Hospitality – Cutlery,£4.16,,https://static.wixstatic.com/media/042ed7_2d55076adc6446feaf049f3d08f5ee7d~mv2.png,,ID,82119100,6339,0093,Oscar,6,20,240,40,30,Dessert knife MB,1263390093,4.65,80g,200x18x8,4003683299439,2880,4057743018294,,,Oscar,Oscar,Cutlery,,Yes,,,Oscar
12-6264-0093,Dessert knife MB,Villeroy & Boch,Hospitality – Cutlery,£7.33,,https://static.wixstatic.com/media/042ed7_d017662347114fdcb8b643f624f9c44e~mv2.png,,VN,82119100,6264,0093,Piemont,6,19,240,40,30,Dessert knife MB,1262640093,8.2,62g,212x16x8,4011417052366,5760,4057743017471,,,Piemont,Piemont,Cutlery,,Yes,,,Piemont
12-6347-0093,Dessert knife MB,Villeroy & Boch,Hospitality – Cutlery,£5.89,,https://static.wixstatic.com/media/042ed7_7962fcfca38b4fb1b33786be58fdea2c~mv2.png,,VN,82119100,6347,0093,Udine,6,29,255,47,35,Dessert knife MB,1263470093,6.58,56g,208x17x9,4003683286255,5400,4057743018447,,,Udine,Udine,Novelties Winter 2009,,,,,Udine
12-6350-0093,Dessert knife MB,Villeroy & Boch,Hospitality – Cutlery,£3.89,,https://static.wixstatic.com/media/042ed7_e196215cffb34b8ba2fae4781c6a8a49~mv2.png,,VN,82119100,6350,0093,Victor,6,66,210,46,28,Dessert knife MB,1263500093,4.35,94g,206x17x9,4003683330651,80,4057743018584,,,Victor,Victor,Cutlery,,Yes,,,Victor
12-6387-0070,Dessert spoon,Villeroy & Boch,Hospitality – Cutlery,£5.04,,https://static.wixstatic.com/media/042ed7_b7f1ec6e186d41ebbcd604bd0bf48675~mv2.png,,VN,82159910,6387,0070,Blacksmith,6,47,195,60,45,Dessert spoon,1263870070,5.63,50g,180x39x22,4003683483593,3600,4057743019277,,,Blacksmith,Blacksmith,Novelties 2017,,Yes,,,Blacksmith
16-6248-0070,Dessert spoon,Villeroy & Boch,Hospitality – Cutlery,£5.92,,,,VN,82159910,6248,0070,Coupole,6,25,205,40,40,Dessert spoon,1662480070,6.61,50g,185x39x29,4011417048420,4500,4057743054643,,,Coupole,Coupole,Cutlery,,,,,Coupole
12-6243-0070,Dessert spoon,Villeroy & Boch,Hospitality – Cutlery,£8.29,,https://static.wixstatic.com/media/042ed7_958e2582cce74749ab3d2281c1277c01~mv2.png,,VN,82159910,6243,0070,Kreuzband,6,47,195,60,45,Dessert spoon,1262430070,9.27,52g,184x37x28,4011417043838,3600,4057743017303,,,Kreuzband,Kreuzband,Cutlery,,,,,Kreuzband
12-6338-0070,Dessert spoon,Villeroy & Boch,Hospitality – Cutlery,£5.43,,https://static.wixstatic.com/media/042ed7_84b0bcc27aa249f883f1291808a8a27f~mv2.png,,ID,82159910,6338,0070,NewWave Cutlery,6,25,220,45,45,Dessert spoon,1263380070,6.07,43g,179x38x24,4003683259815,5760,4057743018102,,,NewWave Cutlery,NewWave Cutlery,Cutlery,,,,,NewWave
12-6339-0070,Dessert spoon,Villeroy & Boch,Hospitality – Cutlery,£3.36,,https://static.wixstatic.com/media/042ed7_360299d6f43f4886b2195152bc5b7d0c~mv2.png,,ID,82159910,6339,0070,Oscar,6,25,220,45,45,Dessert spoon,1263390070,3.76,50g,179x38x28,4003683299415,5760,4057743018270,,,Oscar,Oscar,Cutlery,,Yes,,,Oscar
12-6264-0070,Dessert spoon,Villeroy & Boch,Hospitality – Cutlery,£5.73,,https://static.wixstatic.com/media/042ed7_f1c30b33fea844efba379b8fb056464e~mv2.png,,VN,82159910,6264,0070,Piemont,6,23,220,45,45,Dessert spoon,1262640070,6.41,49g,191x40x22,4011417052342,2160,4057743017457,,,Piemont,Piemont,Cutlery,,Yes,,,Piemont
12-6347-0070,Dessert spoon,Villeroy & Boch,Hospitality – Cutlery,£5.04,,https://static.wixstatic.com/media/042ed7_e61116ec2e7048b09e04e130a7501ee0~mv2.png,,VN,82159910,6347,0070,Udine,6,25,205,40,40,Dessert spoon,1263470070,5.63,55g,184x38x23,4003683286231,4500,4057743018423,,,Udine,Udine,Novelties Winter 2009,,,,,Udine
12-6350-0070,Dessert spoon,Villeroy & Boch,Hospitality – Cutlery,£3.13,,https://static.wixstatic.com/media/042ed7_b77c81b74e054ab5830ecf12993e0f06~mv2.png,,VN,82159910,6350,0070,Victor,6,66,190,45,45,Dessert spoon,1263500070,3.5,28g,184x40x24,4003683330644,3960,4057743018560,,,Victor,Victor,Cutlery,,Yes,,,Victor
12-6351-0070,Dessert spoon,Villeroy & Boch,Cutlery – Cutlery,£10.99,,https://static.wixstatic.com/media/042ed7_7558f28bae65448f9976d0651653e6e8~mv2.png,,VN,82159910,6351,0070,Ella partially gold plated,6,24,204,45,30,Dessert spoon,1263510070,12.29,40g,186x35x23,4003683311711,8640,4057743018706,Cutlery,,,,,,,,,Ella
12-6417-0070,Dessert spoon,Villeroy & Boch,Cutlery – Cutlery,£11.57,,https://static.wixstatic.com/media/042ed7_2154bb738e29445b824f8b5b32d96336~mv2.png,,VN,82159910,6417,0070,La Classica,6,16,205,40,40,Dessert spoon,1264170070,12.94,57g,188x36x25,4003686262409,3000,4057743020068,Cutlery,,,,,,,,,La Classica
12-6527-0070,Dessert spoon,Villeroy & Boch,Cutlery – Cutlery,£11.57,,https://static.wixstatic.com/media/042ed7_fea54d2265504eb08fdd358b6a8ceb14~mv2.png,,ID,82159910,6527,0070,MetroChic,6,25,220,45,45,Dessert spoon,1265270070,12.94,65g,184x40x18,4003686362109,5760,4057743108759,Cutlery,,,,,,,,,MetroChic
12-6528-0070,Dessert spoon,Villeroy & Boch,Cutlery – Cutlery,£20.87,,https://static.wixstatic.com/media/042ed7_b7494c92e7934c488cde39615963a308~mv2.png,,ID,82159910,6528,0070,MetroChic d'Or,6,22,220,45,45,Dessert spoon,1265280070,23.34,58g,184x40x18,4003686388826,3000,4057743161754,Cutlery,,,,,,,,,MetroChic
12-6233-0070,Dessert spoon,Villeroy & Boch,Cutlery – Cutlery,£11.57,,https://static.wixstatic.com/media/042ed7_6757c8c38e804b939b4b170895ab40e4~mv2.png,,VN,82159910,6233,0070,Neufaden-Merlemont,6,25,205,40,40,Dessert spoon,1262330070,12.94,56g,184x37x31,4011417038506,4500,4057743017150,Cutlery,,,,,,,,,Neufaden Merlemont
10-4652-2640,Dessert/breakfast plate,Villeroy & Boch,Hospitality – Crockery,£34.60,,https://static.wixstatic.com/media/042ed7_6ffd57f79cf149b19ed79bba17bea421~mv2.png,,DE,69111000,4652,2640,MetroChic,6,170,225,225,75,Dessert/breakfast plate,1046522640,38.69,356g,220x220x20,4003686364462,900,4057743111353,,,MetroChic,MetroChic,MetroChic,,,,,MetroChic
10-4652-2641,Dessert/breakfast plate,Villeroy & Boch,Hospitality – Crockery,£34.60,,https://static.wixstatic.com/media/042ed7_23d84ebceffa40989694a8bf1386ff36~mv2.png,,DE,69111000,4652,2641,MetroChic,6,170,225,225,75,Dessert/breakfast plate,1046522641,38.69,370g,220x220x20,4003686376090,900,4057743155487,,,MetroChic,MetroChic,MetroChic,,,,,MetroChic
10-4654-2640,Dessert/breakfast plate,Villeroy & Boch,Hospitality – Crockery,£15.56,,https://static.wixstatic.com/media/042ed7_3c9f7e5995694eee8607a7beeedaba14~mv2.png,,DE,69111000,4654,2640,MetroChic blanc,6,191,225,225,75,Dessert/breakfast plate,1046542640,17.39,356g,220x220x20,4003686375796,900,4057743155708,,,MetroChic blanc,MetroChic blanc,MetroChic blanc,,,,,MetroChic
10-4655-2640,Dessert/breakfast plate,Villeroy & Boch,Porcelain – Crockery,£33.66,,https://static.wixstatic.com/media/042ed7_551fd5bdb3ef4e488bbac5ce7b4c5790~mv2.png,,DE,69111000,4655,2640,Avarua,6,170,225,225,75,Dessert/breakfast plate,1046552640,37.64,356g,220x220x19,4003686393721,900,4057743163291,Porcelain,,,,,,,,,Avarua
10-4655-2641,Dessert/breakfast plate 2,Villeroy & Boch,Porcelain – Crockery,£33.66,,https://static.wixstatic.com/media/042ed7_057c54f8d4fb469d93dcd825de32bad2~mv2.png,,DE,69111000,4655,2641,Avarua,6,170,225,225,75,Dessert/breakfast plate 2,1046552641,37.64,356g,220x220x19,4003686408777,900,4057743171784,Porcelain,,,,,,,,,Avarua
12-6527-0040,Dinner Spoon,Villeroy & Boch,Cutlery – Cutlery,£11.57,,https://static.wixstatic.com/media/042ed7_934baf638f1446c39892ba022cd69bba~mv2.png,,ID,82159910,6527,0040,MetroChic,6,25,220,45,45,Dinner Spoon,1265270040,12.94,76g,209x45x18,4003686362079,5760,4057743108728,Cutlery,,,,,,,,,MetroChic
12-6528-0040,Dinner Spoon,Villeroy & Boch,Cutlery – Cutlery,£20.87,,https://static.wixstatic.com/media/042ed7_72d8a533e8f647329478054c4ba57760~mv2.png,,ID,82159910,6528,0040,MetroChic d'Or,6,25,220,45,45,Dinner Spoon,1265280040,23.34,75g,209x45x18,4003686388765,5760,4057743161099,Cutlery,,,,,,,,,MetroChic
12-6387-0050,Dinner fork,Villeroy & Boch,Hospitality – Cutlery,£5.92,,https://static.wixstatic.com/media/042ed7_dfe138d880c843b19f0102a3988eef25~mv2.png,,VN,82159910,6387,0050,Blacksmith,6,49,220,60,30,Dinner fork,1263870050,6.61,65g,205x28x19,4003683483579,1440,4057743019253,,,Blacksmith,Blacksmith,Novelties 2017,,Yes,,,Blacksmith
16-6248-0050,Dinner fork,Villeroy & Boch,Hospitality – Cutlery,£7.80,,,,VN,82159910,6248,0050,Coupole,6,31,237,50,45,Dinner fork,1662480050,8.71,71g,217x27x30,4011417048406,4860,4057743054629,,,Coupole,Coupole,Cutlery,,,,,Coupole
12-6243-0050,Dinner fork,Villeroy & Boch,Hospitality – Cutlery,£8.87,,https://static.wixstatic.com/media/042ed7_372a13e8e8634d53a72daae355a40ec4~mv2.png,,VN,82159910,6243,0050,Kreuzband,6,49,220,60,30,Dinner fork,1262430050,9.91,66g,203x24x25,4011417043814,1440,4057743017280,,,Kreuzband,Kreuzband,Cutlery,,,,,Kreuzband
12-6338-0050,Dinner fork,Villeroy & Boch,Hospitality – Cutlery,£5.69,,https://static.wixstatic.com/media/042ed7_e422a71bfd994b938161e03f5c28ebb5~mv2.png,,ID,82159910,6338,0050,NewWave Cutlery,6,22,240,50,30,Dinner fork,1263380050,6.37,52g,203x18x27,4003683246815,2880,4057743018089,,,NewWave Cutlery,NewWave Cutlery,Cutlery,,,,,NewWave
12-6339-0050,Dinner fork,Villeroy & Boch,Hospitality – Cutlery,£3.64,,https://static.wixstatic.com/media/042ed7_795c49a17237410085f7f416810186b1~mv2.png,,ID,82159910,6339,0050,Oscar,6,25,240,50,30,Dinner fork,1263390050,4.07,50g,200x25x26,4003683247058,4320,4057743018256,,,Oscar,Oscar,Cutlery,,Yes,,,Oscar
12-6264-0050,Dinner fork,Villeroy & Boch,Hospitality – Cutlery,£6.73,,https://static.wixstatic.com/media/042ed7_3f9b8aa70228446e93bcbe12ce0a012c~mv2.png,,VN,82159910,6264,0050,Piemont,6,22,240,50,30,Dinner fork,1262640050,7.52,48g,206x24x22,4011417052328,2160,4057743017433,,,Piemont,Piemont,Novelties Winter 2009,,Yes,,,Piemont
12-6347-0050,Dinner fork,Villeroy & Boch,Hospitality – Cutlery,£5.92,,https://static.wixstatic.com/media/042ed7_5ce4fa0f21734d12b7a59bec9d2f71e3~mv2.png,,VN,82159910,6347,0050,Udine,6,31,237,50,45,Dinner fork,1263470050,6.61,64g,209x24x27,4003683285319,4320,4057743018409,,,Udine,Udine,Novelties Winter 2009,,,,,Udine
12-6350-0050,Dinner fork,Villeroy & Boch,Hospitality – Cutlery,£3.39,,https://static.wixstatic.com/media/042ed7_30d2e5ee07fe4617ad814a0ebe9692f5~mv2.png,,VN,82159910,6350,0050,Victor,6,67,210,46,28,Dinner fork,1263500050,3.79,50g,204x27x21,4003683330613,5760,4057743018546,,,Victor,Victor,Cutlery,,Yes,,,Victor
12-6526-0050,Dinner fork,Villeroy & Boch,Cutlery – Cutlery,£10.41,,https://static.wixstatic.com/media/042ed7_47e16f7d2c4d46f89e6ddfd6420b7ea9~mv2.png,,VN,82159910,6526,0050,Boston,6,49,220,60,30,Dinner fork,1265260050,11.64,70g,210x26x24,4003686356719,2000,4057743106762,Cutlery,,,,,,,,,Boston
12-6351-0050,Dinner fork,Villeroy & Boch,Cutlery – Cutlery,£10.99,,https://static.wixstatic.com/media/042ed7_2bcb457dd5f246c797296a18e804420c~mv2.png,,VN,82159910,6351,0050,Ella partially gold plated,6,22,220,50,30,Dinner fork,1263510050,12.29,50g,210x24x26,4003683311575,2700,4057743018683,Cutlery,,,,,,,,,Ella
12-6417-0050,Dinner fork,Villeroy & Boch,Cutlery – Cutlery,£11.57,,https://static.wixstatic.com/media/042ed7_d6842f3c1ad54a5796b407d5b96f5962~mv2.png,,VN,82159910,6417,0050,La Classica,6,49,220,60,30,Dinner fork,1264170050,12.94,64g,208x25x24,4003686262379,4320,4057743020044,Cutlery,,,,,,,,,La Classica
12-6527-0050,Dinner fork,Villeroy & Boch,Cutlery – Cutlery,£11.57,,https://static.wixstatic.com/media/042ed7_de345f2ea5684a929024e1c669280ed2~mv2.png,,ID,82159910,6527,0050,MetroChic,6,25,240,50,30,Dinner fork,1265270050,12.94,64g,210x28x15,4003686362086,5760,4057743108735,Cutlery,,,,,,,,,MetroChic
12-6528-0050,Dinner fork,Villeroy & Boch,Cutlery – Cutlery,£20.87,,https://static.wixstatic.com/media/042ed7_9597c436f7684945a389cb860cee5c80~mv2.png,,ID,82159910,6528,0050,MetroChic d'Or,6,25,240,50,30,Dinner fork,1265280050,23.34,70g,210x28x15,4003686388789,6720,4057743161716,Cutlery,,,,,,,,,MetroChic
12-6448-0050,Dinner fork,Villeroy & Boch,Cutlery – Cutlery,£10.41,,https://static.wixstatic.com/media/042ed7_3f4e8007233f4fa8807985c1849e2650~mv2.png,,VN,82159910,6448,0050,Montauk,6,49,220,60,30,Dinner fork,1264480050,11.64,62g,210x25x24,4003686328730,1440,4057743083957,Cutlery,,,,,,,,,Montauk
12-6233-0050,Dinner fork,Villeroy & Boch,Cutlery – Cutlery,£11.57,,https://static.wixstatic.com/media/042ed7_870a7aabf0814bdf8ce39a9d9cac3d50~mv2.png,,VN,82159910,6233,0050,Neufaden-Merlemont,6,31,237,50,45,Dinner fork,1262330050,12.94,54g,203x25x25,4011417038483,4320,4057743017136,Cutlery,,,,,,,,,Neufaden Merlemont
12-6529-0050,Dinner fork,Villeroy & Boch,Cutlery – Cutlery,£9.25,,https://static.wixstatic.com/media/042ed7_d76a8113ef57404ebb9c1fb4acea2d47~mv2.png,,ID,82159910,6529,0050,NewMoon,6,49,220,60,30,Dinner fork,1265290050,10.34,84g,218x26x15,4003686388864,6000,4057743161792,Cutlery,,,,,,,,,NewMoon
12-6526-0065,Dinner knife,Villeroy & Boch,Cutlery – Cutlery,£10.99,,https://static.wixstatic.com/media/042ed7_faaf3e0f276f492ab466f3083271ecd5~mv2.png,,VN,82119100,6526,0065,Boston,6,22,240,45,30,Dinner knife,1265260065,12.29,112g,237x20x8,4003686356726,5000,4057743106779,Cutlery,,,,,,,,,Boston
12-6351-0065,Dinner knife,Villeroy & Boch,Cutlery – Cutlery,£11.57,,https://static.wixstatic.com/media/042ed7_39c1130cb0d0497a8644b4e220338337~mv2.png,,VN,82119100,6351,0065,Ella partially gold plated,6,23,250,40,35,Dinner knife,1263510065,12.94,68g,238x21x8,4003683311599,6000,4057743018690,Cutlery,,,,,,,,,Ella
12-6417-0060,Dinner knife,Villeroy & Boch,Cutlery – Cutlery,£12.74,,https://static.wixstatic.com/media/042ed7_a73a0157019e4099bd26e026d9c7d1db~mv2.png,,VN,82119100,6417,0060,La Classica,6,46,265,45,45,Dinner knife,1264170060,14.24,84g,240x19x11,4003686262386,1800,4057743020051,Cutlery,,,,,,,,,La Classica
12-6527-0060,Dinner knife,Villeroy & Boch,Cutlery – Cutlery,£17.39,,https://static.wixstatic.com/media/042ed7_94ed44703ea249b090f8f516c3a6a47c~mv2.png,,ID,82119100,6527,0060,MetroChic,6,25,240,40,30,Dinner knife,1265270060,19.44,66g,229x19x7,4003686362093,800,4057743108742,Cutlery,,,,,,,,,MetroChic
12-6528-0060,Dinner knife,Villeroy & Boch,Cutlery – Cutlery,£26.69,,https://static.wixstatic.com/media/042ed7_1ba191674a4b4391b2478ad852b1137e~mv2.png,,ID,82119100,6528,0060,MetroChic d'Or,6,25,240,40,30,Dinner knife,1265280060,29.84,65g,229x19x7,4003686388796,6480,4057743161723,Cutlery,,,,,,,,,MetroChic
12-6448-0065,Dinner knife,Villeroy & Boch,Cutlery – Cutlery,£10.99,,https://static.wixstatic.com/media/042ed7_4750914a144441faaad0def2a8942ddd~mv2.png,,VN,82119100,6448,0065,Montauk,6,22,240,45,30,Dinner knife,1264480065,12.29,74g,237x18x7,4003686328747,4680,4057743083964,Cutlery,,,,,,,,,Montauk
12-6233-0060,Dinner knife,Villeroy & Boch,Cutlery – Cutlery,£17.39,,https://static.wixstatic.com/media/042ed7_56f8b0dc048b46ea9bcd229755b74391~mv2.png,,VN,82119100,6233,0060,Neufaden-Merlemont,6,34,265,45,40,Dinner knife,1262330060,19.44,80g,233x22x14,4011417038490,5040,4057743017143,Cutlery,,,,,,,,,Neufaden Merlemont
12-6529-0065,Dinner knife,Villeroy & Boch,Cutlery – Cutlery,£9.83,,https://static.wixstatic.com/media/042ed7_f50a33f090c748f4a21781591e4737b9~mv2.png,,ID,82119100,6529,0065,NewMoon,6,22,240,45,30,Dinner knife,1265290065,10.99,95g,231x22x11,4003686388871,2400,4057743161808,Cutlery,,,,,,,,,NewMoon
16-6248-0060,Dinner knife HH,Villeroy & Boch,Hospitality – Cutlery,£10.18,,,,VN,82119100,6248,0060,Coupole,6,34,265,45,40,Dinner knife HH,1662480060,11.38,85g,250x24x16,4011417048413,5040,4057743054636,,,Coupole,Coupole,Cutlery,,,,,Coupole
12-6243-0060,Dinner knife HH,Villeroy & Boch,Hospitality – Cutlery,£12.18,,https://static.wixstatic.com/media/042ed7_c44420b0a8754f99970ce5342c4b3598~mv2.png,,VN,82119100,6243,0060,Kreuzband,6,46,265,45,45,Dinner knife HH,1262430060,13.62,76g,225x22x12,4011417043821,1920,4057743017297,,,Kreuzband,Kreuzband,Cutlery,,,,,Kreuzband
12-6387-0065,Dinner knife MB,Villeroy & Boch,Hospitality – Cutlery,£6.86,,https://static.wixstatic.com/media/042ed7_2776f8b53edc4b1a96b768e26e6902da~mv2.png,,VN,82119100,6387,0065,Blacksmith,6,46,265,45,45,Dinner knife MB,1263870065,7.67,90g,231x21x7,4003683483586,4680,4057743019260,,,Blacksmith,Blacksmith,Novelties 2017,,Yes,,,Blacksmith
12-6338-0065,Dinner knife MB,Villeroy & Boch,Hospitality – Cutlery,£7.89,,https://static.wixstatic.com/media/042ed7_aec028a91c12408d871ab6e12f845a49~mv2.png,,ID,82119100,6338,0065,NewWave Cutlery,6,20,240,40,30,Dinner knife MB,1263380065,8.83,94g,236x20x13,4003683246822,2880,4057743018096,,,NewWave Cutlery,NewWave Cutlery,Cutlery,,,,,NewWave
12-6339-0065,Dinner knife MB,Villeroy & Boch,Hospitality – Cutlery,£5.04,,https://static.wixstatic.com/media/042ed7_8c6cf31f4470415197bcaea073a32871~mv2.png,,ID,82119100,6339,0065,Oscar,6,20,240,40,30,Dinner knife MB,1263390065,5.63,100g,233x21x9,4003683247065,2880,4057743018263,,,Oscar,Oscar,Cutlery,,Yes,,,Oscar
12-6264-0065,Dinner knife MB,Villeroy & Boch,Hospitality – Cutlery,£8.47,,https://static.wixstatic.com/media/042ed7_d94c4581c9834a5ca2fe4e8bfbd675a9~mv2.png,,VN,82119100,6264,0065,Piemont,6,19,240,40,30,Dinner knife MB,1262640065,9.47,78g,226x18x8,4011417052335,1440,4057743017440,,,Piemont,Piemont,Novelties Winter 2009,,Yes,,,Piemont
12-6347-0065,Dinner knife MB,Villeroy & Boch,Hospitality – Cutlery,£6.86,,https://static.wixstatic.com/media/042ed7_f75558b5a2ab41c1a0ccc376f308c6a3~mv2.png,,VN,82119100,6347,0065,Udine,6,30,255,47,35,Dinner knife MB,1263470065,7.67,85g,238x20x10,4003683285340,4800,4057743018416,,,Udine,Udine,Novelties Winter 2009,,,,,Udine
12-6350-0065,Dinner knife MB,Villeroy & Boch,Hospitality – Cutlery,£4.71,,https://static.wixstatic.com/media/042ed7_d8ea62b0ae1748ca876b635fd8d5114f~mv2.png,,VN,82119100,6350,0065,Victor,6,67,235,56,25,Dinner knife MB,1263500065,5.26,120g,228x20x9,4003683330620,2880,4057743018553,,,Victor,Victor,Cutlery,,Yes,,,Victor
10-4550-2621,Dinner plate,Villeroy & Boch,Porcelain – Crockery,£13.32,,https://static.wixstatic.com/media/042ed7_a40c6d03b60e401aa44f0a04d42d72eb~mv2.png,,DE,69111000,4550,2621,Fleur vert,6,272,295,295,85,Dinner plate,1045502621,14.89,699g,266x266x26,4003686450554,0,4057743195018,Porcelain,,,,,NEW,,,,Fleur
10-4551-2621,Dinner plate,Villeroy & Boch,Porcelain – Crockery,£13.32,,https://static.wixstatic.com/media/042ed7_3aa6302ec1ce42d0bcb717a487e40562~mv2.png,,DE,69111000,4551,2621,Fleur bleu,6,272,295,295,85,Dinner plate,1045512621,14.89,699g,266x266x26,4003686451407,0,4057743194059,Porcelain,,,,,NEW,,,,Fleur
10-4552-2621,Dinner plate,Villeroy & Boch,Porcelain – Crockery,£13.32,,https://static.wixstatic.com/media/042ed7_1b8cbdc9fe2d481daec5a687f25ab118~mv2.png,,DE,69111000,4552,2621,Fleur soleil,6,272,295,295,85,Dinner plate,1045522621,14.89,699g,266x266x26,4003686451421,0,4057743194073,Porcelain,,,,,NEW,,,,Fleur
10-4553-2621,Dinner plate,Villeroy & Boch,Porcelain – Crockery,£13.32,,https://static.wixstatic.com/media/042ed7_40081c8d17ff40b78d7967f241f6be9b~mv2.png,,DE,69111000,4553,2621,Fleur cassis,6,272,295,295,85,Dinner plate,1045532621,14.89,699g,266x266x26,4003686451445,0,4057743194097,Porcelain,,,,,NEW,,,,Fleur
14-8676-2620,Dinner plate,Villeroy & Boch,Decoration & Gifts – Crockery,£14.48,,https://static.wixstatic.com/media/042ed7_9a46baf6a3074316b27a38c4e5941613~mv2.png,,ID,69111000,8676,2620,Easter Delight,6,1,290,290,100,Dinner plate,1486762620,16.19,725g,268x268x27,4003686457843,,4057743197913,Decoration & Gifts,,,,,NEW,,,,Easter Delight
10-1690-2610,Dinner plate,Villeroy & Boch,Porcelain – Crockery,£23.20,,https://static.wixstatic.com/media/042ed7_778427c4e33f4d18be893b4ec3441e2a~mv2.png,,DE,69111000,1690,2610,Memphis Collection,6,226,240,240,125,Dinner plate,1016902610,25.94,616g,238x238x19,4003686449558,0,,Porcelain,0.47,,,,NEW,,,,Memphis
14-8643-2621,Dinner plate,Villeroy & Boch,Decoration & Gifts – Crockery,£16.22,,https://static.wixstatic.com/media/042ed7_c7cf8d7f5a5e4c3aa5a429f195e70903~mv2.png,,DE,69111000,8643,2621,Toy's Delight Specials,6,272,295,295,85,Dinner plate,1486432621,18.14,550g,268x268x23,4003686446755,,4057743189758,Decoration & Gifts,,,,,,,,,Toy's Delight
14-8643-2644,"Dinner plate, red",Villeroy & Boch,Decoration & Gifts – Crockery,£15.06,,https://static.wixstatic.com/media/042ed7_2e12b055467e4c90883e3aa2478c892c~mv2.png,,DE,69111000,8643,2644,Toy's Delight Specials,6,191,225,225,75,"Dinner plate, red",1486432644,16.84,350g,215x215x21,4003686440999,900,4057743186665,Decoration & Gifts,,,,,,,,,Toy's Delight
19-5167-8547,Dinner set 4pcs.,Villeroy & Boch,Porcelain – Crockery,£55.17,,https://static.wixstatic.com/media/042ed7_93e89e54d5e94290841d36cc4bcd46ad~mv2.png,,TH,69111000,5167,8547,Crafted Breeze,1,406,266,266,120,Dinner set 4pcs.,1951678547,61.69,3000g,,4003686402706,56,,Porcelain,,,,,,,,,Crafted
19-5183-8547,Dinner set 4pcs.,Villeroy & Boch,Porcelain – Crockery,£55.17,,https://static.wixstatic.com/media/042ed7_64a4251ca49b4a34988eca386e778167~mv2.png,,TH,69111000,5183,8547,Crafted Cotton,1,406,266,266,120,Dinner set 4pcs.,1951838547,61.69,3130g,,4003686437609,56,,Porcelain,,,,,,,,,Crafted
19-5168-8547,Dinner set 4pcs.,Villeroy & Boch,Porcelain – Crockery,£55.17,,https://static.wixstatic.com/media/042ed7_d874146d23094c74ad17fc902a56de41~mv2.png,,TH,69111000,5168,8547,Crafted Denim,1,406,266,266,120,Dinner set 4pcs.,1951688547,61.69,3000g,,4003686402720,56,,Porcelain,,,,,,,,,Crafted
12-6387-0040,Dinner spoon,Villeroy & Boch,Hospitality – Cutlery,£5.92,,https://static.wixstatic.com/media/042ed7_75ec8024d9f949269c89c6e7032b9917~mv2.png,,VN,82159910,6387,0040,Blacksmith,6,68,215,55,60,Dinner spoon,1263870040,6.61,75g,202x46x27,4003683483562,5400,4057743019246,,,Blacksmith,Blacksmith,Novelties 2017,,Yes,,,Blacksmith
16-6248-0040,Dinner spoon,Villeroy & Boch,Hospitality – Cutlery,£7.80,,,,VN,82159910,6248,0040,Coupole,6,31,237,50,45,Dinner spoon,1662480040,8.71,90g,215x46x32,4011417048390,810,4057743054612,,,Coupole,Coupole,Cutlery,,,,,Coupole
12-6243-0040,Dinner spoon,Villeroy & Boch,Hospitality – Cutlery,£8.87,,https://static.wixstatic.com/media/042ed7_62010b8b85d540e9825c507d2ff3a32c~mv2.png,,VN,82159910,6243,0040,Kreuzband,6,68,215,55,60,Dinner spoon,1262430040,9.91,80g,203x43x33,4011417043807,5400,4057743017273,,,Kreuzband,Kreuzband,Cutlery,,,,,Kreuzband
12-6338-0040,Dinner spoon,Villeroy & Boch,Hospitality – Cutlery,£5.69,,https://static.wixstatic.com/media/042ed7_b1386175293140f2af5bc91ee928df4f~mv2.png,,ID,82159910,6338,0040,NewWave Cutlery,6,23,220,45,45,Dinner spoon,1263380040,6.37,68g,202x42x28,4003683246808,2880,4057743018072,,,NewWave Cutlery,NewWave Cutlery,Cutlery,,,,,NewWave
12-6339-0040,Dinner spoon,Villeroy & Boch,Hospitality – Cutlery,£3.64,,https://static.wixstatic.com/media/042ed7_017f5290ea214d30a39dce34435d40ba~mv2.png,,ID,82159910,6339,0040,Oscar,6,23,220,45,45,Dinner spoon,1263390040,4.07,62g,200x42x27,4003683247041,2880,4057743018249,,,Oscar,Oscar,Cutlery,,Yes,,,Oscar
12-6264-0040,Dinner spoon,Villeroy & Boch,Hospitality – Cutlery,£6.73,,https://static.wixstatic.com/media/042ed7_5d7acb00fcc74363b4b25d9350ad378b~mv2.png,,VN,82159910,6264,0040,Piemont,6,23,220,45,45,Dinner spoon,1262640040,7.52,62g,207x43x27,4011417052311,2880,4057743017426,,,Piemont,Piemont,Cutlery,,Yes,,,Piemont
12-6347-0040,Dinner spoon,Villeroy & Boch,Hospitality – Cutlery,£5.92,,https://static.wixstatic.com/media/042ed7_9160880d444b498bb195248a313039a7~mv2.png,,VN,82159910,6347,0040,Udine,6,31,237,50,45,Dinner spoon,1263470040,6.61,81g,210x43x26,4003683285272,4860,4057743018393,,,Udine,Udine,Novelties Winter 2009,,,,,Udine
12-6350-0040,Dinner spoon,Villeroy & Boch,Hospitality – Cutlery,£3.39,,https://static.wixstatic.com/media/042ed7_50012bd690da4bac9c3090c320dbb88d~mv2.png,,VN,82159910,6350,0040,Victor,6,67,220,60,35,Dinner spoon,1263500040,3.79,58g,204x42x26,4003683330606,5760,4057743018539,,,Victor,Victor,Cutlery,,Yes,,,Victor
12-6526-0040,Dinner spoon,Villeroy & Boch,Cutlery – Cutlery,£10.41,,https://static.wixstatic.com/media/042ed7_ddbbe9ad625345b79299290031ca787c~mv2.png,,VN,82159910,6526,0040,Boston,6,68,215,55,60,Dinner spoon,1265260040,11.64,84g,212x41x26,4003686356702,8000,4057743106755,Cutlery,,,,,,,,,Boston
12-6351-0040,Dinner spoon,Villeroy & Boch,Cutlery – Cutlery,£10.99,,https://static.wixstatic.com/media/042ed7_b371f3d7604a4e92abda8776f2cd3fc1~mv2.png,,VN,82159910,6351,0040,Ella partially gold plated,6,23,220,50,45,Dinner spoon,1263510040,12.29,64g,211x39x25,4003683311551,4320,4057743018676,Cutlery,,,,,,,,,Ella
12-6417-0040,Dinner spoon,Villeroy & Boch,Cutlery – Cutlery,£11.57,,https://static.wixstatic.com/media/042ed7_8795030cf594416383c0f76981f7fa90~mv2.png,,VN,82159910,6417,0040,La Classica,6,68,215,55,60,Dinner spoon,1264170040,12.94,83g,210x41x27,4003686262355,1800,4057743020037,Cutlery,,,,,,,,,La Classica
12-6448-0040,Dinner spoon,Villeroy & Boch,Cutlery – Cutlery,£10.41,,https://static.wixstatic.com/media/042ed7_a3d02ecfb373406e8e4dee8ba03c8e6d~mv2.png,,VN,82159910,6448,0040,Montauk,6,68,215,55,60,Dinner spoon,1264480040,11.64,77g,212x41x27,4003686328723,5400,4057743083940,Cutlery,,,,,,,,,Montauk
12-6233-0040,Dinner spoon,Villeroy & Boch,Cutlery – Cutlery,£11.57,,https://static.wixstatic.com/media/042ed7_ff477100dc0b4232a02157f8ac0a4d13~mv2.png,,VN,82159910,6233,0040,Neufaden-Merlemont,6,31,237,50,45,Dinner spoon,1262330040,12.94,76g,205x40x30,4011417038476,4860,4057743017129,Cutlery,,,,,,,,,Neufaden Merlemont
12-6529-0040,Dinner spoon,Villeroy & Boch,Cutlery – Cutlery,£9.25,,https://static.wixstatic.com/media/042ed7_de32a8765744492c9b62ea15e4e00b63~mv2.png,,ID,82159910,6529,0040,NewMoon,6,68,215,55,60,Dinner spoon,1265290040,10.34,91g,218x35x18,4003686388772,2400,4057743161709,Cutlery,,,,,,,,,NewMoon
10-4153-8717,Dinner-Set 4 pers.,Villeroy & Boch,Porcelain – Crockery,£92.43,,https://static.wixstatic.com/media/042ed7_c00b38a25a9145359b64e5c5b38cc526~mv2.png,,DE,69111000,4153,8717,For Me,1,1037,350,200,325,Dinner-Set 4 pers.,1041538717,103.35,4512g,350x200x325,4003686279636,24,,Porcelain,,,,,,,,,For Me
10-3514-3932,Dip,Villeroy & Boch,Porcelain – Crockery,£15.64,,https://static.wixstatic.com/media/042ed7_19d717d5e1a8414f8fe994669ac0ea37~mv2.png,,DE,69111000,3514,3932,Amazonia,6,38,114,118,92,Dip,1035143932,17.49,41g,80x63x30,4003686194625,3360,4057743007625,Porcelain,0.05,,,,,,,,Amazonia
10-4105-3932,Dip,Villeroy & Boch,Porcelain – Crockery,£10.99,,https://static.wixstatic.com/media/042ed7_aea28f5aba474a40af69ed17745b37e1~mv2.png,,DE,69111000,4105,3932,Mariefleur Gris Serve & Salad,6,49,118,120,135,Dip,1041053932,12.29,105g,115x80x46,4003686188990,2160,4057743008219,Porcelain,0.07,,,,,,,,Mariefleur
10-4101-3932,Dip,Villeroy & Boch,Porcelain – Crockery,£10.99,,https://static.wixstatic.com/media/042ed7_9efdca64c5c04aafb2ff3a6dba9afe07~mv2.png,,DE,69111000,4101,3932,Mariefleur Serve & Salad,6,49,118,120,135,Dip,1041013932,12.29,105g,115x80x46,4003686179998,2160,4057743008011,Porcelain,0.07,,,,,,,,Mariefleur
10-3461-3932,Dip,Villeroy & Boch,Porcelain – Crockery,£10.41,,https://static.wixstatic.com/media/042ed7_c1e03284ecad4626a27a10de0a033633~mv2.png,,DE,69111000,3461,3932,New Cottage Special Serve Salad,6,49,118,120,135,Dip,1034613932,11.64,105g,115x80x46,4003683456221,2160,4057743006758,Porcelain,0.07,,,,,,,,New Cottage
10-4293-3932,Dip bowl,Villeroy & Boch,Hospitality – Crockery,£5.25,,https://static.wixstatic.com/media/042ed7_fca4515a19b94f3ca2dc0daf5209f5d7~mv2.png,,DE,69111000,4293,3932,Afina,6,174,320,215,80,Dip bowl,1042933932,5.88,173g,85x85x50,4003686436275,708,4057743183848,,0.16,Afina,Afina,Novelties 2024,,,,,Afina
16-4025-3932,Dip bowl,Villeroy & Boch,Hospitality – Crockery,£4.99,,,,DE,69111000,4025,3932,Artesano Professionale,6,116,285,165,80,Dip bowl,1640253932,5.59,125g,80x80x40,5450523062347,864,4057743051048,,0.1,Artesano Professionale,Artesano Professionale,Novelties 2015,,Yes,Artesano,,Artesano
10-4510-3932,Dip bowl,Villeroy & Boch,Hospitality – Crockery,£7.41,,https://static.wixstatic.com/media/042ed7_ed27d49ccaab4f1e8444b81daaf1d0ac~mv2.png,,DE,69111000,4510,3932,Modern Grace,6,35,112,116,93,Dip bowl,1045103932,8.29,41g,80x60x30,4003683481803,3360,4057743012810,,0.05,Modern Grace,Modern Grace,Novelties 2010,,,,,Modern Grace
10-4264-3932,Dip bowl,Villeroy & Boch,Hospitality – Crockery,£5.39,,https://static.wixstatic.com/media/042ed7_c12ed3778e6d427aa31dc164b6688274~mv2.png,,DE,69111000,4264,3932,NewMoon,6,121,290,165,83,Dip bowl,1042643932,6.03,106g,85x85x35,4003686386662,864,4057743160917,,0.11,NewMoon,NewMoon,Novelties 2020,,,Novelties 2020,,NewMoon
10-2525-3932,Dip bowl,Villeroy & Boch,Hospitality – Crockery,£5.17,,https://static.wixstatic.com/media/042ed7_b2218addac0541349b23a7f1663e07db~mv2.png,,DE,69111000,2525,3932,NewWave,4,53,120,120,90,Dip bowl,1025253932,5.78,110g,85x85x27,4003683281441,2240,4057743005577,,0.08,NewWave,NewWave,,,,Big Buffet,,NewWave
19-5174-3932,Dip bowl,Villeroy & Boch,Hospitality – Crockery,£5.86,,https://static.wixstatic.com/media/042ed7_d29882d358c441dc9144fd301589320f~mv2.png,,DE,69111000,5174,3932,Perlemor Alga,6,140,185,185,95,Dip bowl,1951743932,6.56,125g,120x120x30,4003686412507,1152,4057743174860,,0.16,Perlemor Alga,Perlemor Alga,Novelties 2024,,,,,Perlemor
19-5172-3932,Dip bowl,Villeroy & Boch,Hospitality – Crockery,£5.86,,https://static.wixstatic.com/media/042ed7_14069a20b2004d67a9f7835f15a5ffd7~mv2.png,,DE,69111000,5172,3932,Perlemor Sand,6,140,185,185,95,Dip bowl,1951723932,6.56,125g,120x120x30,4003686410848,1152,4057743173740,,0.16,Perlemor Sand,Perlemor Sand,Novelties 2023,,,,,Perlemor
16-4033-3932,Dip bowl,Villeroy & Boch,Hospitality – Crockery,£8.40,,,,DE,69111000,4033,3932,Stella Blossom,6,1,0,0,0,Dip bowl,1640333932,9.4,80g,86x88x40,5450523168643,0,4057743199818,,0.11,Stella Blossom,Stella Blossom,Novelties 2026,NEW,,,,Stella
10-4281-3822,Dip bowl,Villeroy & Boch,Porcelain – Crockery,£8.67,,https://static.wixstatic.com/media/042ed7_c8382523a41e4de396f5a9fffac2243d~mv2.png,,PT,69120025,4281,3822,Lave beige,6,239,370,260,65,Dip bowl,1042813822,9.69,145g,99x92x58,4003686433113,594,4057743181943,Porcelain,0.22,,,,,,,,Lave
10-4282-3822,Dip bowl,Villeroy & Boch,Porcelain – Crockery,£8.67,,https://static.wixstatic.com/media/042ed7_cbfd8ddbb0574897bd0781f69a3af299~mv2.png,,PT,69120025,4282,3822,Lave glacé,6,239,370,260,65,Dip bowl,1042823822,9.69,145g,99x92x58,4003686433144,594,4057743181974,Porcelain,0.22,,,,,,,,Lave
10-4259-3822,Dip bowl,Villeroy & Boch,Porcelain – Crockery,£8.67,,https://static.wixstatic.com/media/042ed7_ad13ae3a614643a5a5452bb0f9f9a480~mv2.png,,PT,69120025,4259,3822,Lave gris,6,239,370,260,65,Dip bowl,1042593822,9.69,145g,99x92x58,4003686432789,594,4057743181912,Porcelain,0.22,,,,,,,,Lave
10-4295-3822,Dip bowl,Villeroy & Boch,Porcelain – Crockery,£8.67,,https://static.wixstatic.com/media/042ed7_3c769e01d82242f18322fff51eb8ce76~mv2.png,,PT,69120025,4295,3822,Lave Vert,6,239,370,260,65,Dip bowl,1042953822,9.69,185g,98x97x57,4003686437470,0,4057743184838,Porcelain,0.22,,,,,,,,Lave
10-1690-3831,Dip bowl,Villeroy & Boch,Porcelain – Crockery,£8.67,,https://static.wixstatic.com/media/042ed7_b6d14025ae05496283bf1742949e3afb~mv2.png,,DE,69111000,1690,3831,Memphis Collection,6,121,290,165,83,Dip bowl,1016903831,9.69,135g,80x80x50,4003686449657,864,4057743190785,Porcelain,0.13,,,,NEW,,,,Memphis
10-4130-9023,Dip bowl Set 4pcs,Villeroy & Boch,Porcelain – Crockery,£39.48,,https://static.wixstatic.com/media/042ed7_0fa4ef3c11094ae59b025db4866693d5~mv2.png,,DE,69111000,4130,9023,Artesano Original,1,211,365,150,100,Dip bowl Set 4pcs,1041309023,44.14,703g,365x150x100,4003686218536,80,,Porcelain,,,,,,,,,Artesano
16-2040-3850,Dip bowl stackable,Villeroy & Boch,Hospitality – Crockery,£3.95,,,,DE,69111000,2040,3850,Universal,6,121,290,165,83,Dip bowl stackable,1620403850,4.42,120g,70x70x50,5450523018993,864,4057743024189,,0.1,Universal,Universal,white,,,Big Buffet,,Universal
10-2525-3933,Dip bowl with handle,Villeroy & Boch,Hospitality – Crockery,£5.39,,https://static.wixstatic.com/media/042ed7_f1560762bf144b31a2295e9c208c0900~mv2.png,,DE,69111000,2525,3933,NewWave,4,49,118,120,135,Dip bowl with handle,1025253933,6.02,120g,120x70x80,4003686163485,1440,4057743005584,,0.06,NewWave,NewWave,NewWave,,,Novelties 2011,,NewWave
14-8585-8420,Dip set 4pcs.,Villeroy & Boch,Decoration & Gifts – Crockery,£34.83,,https://static.wixstatic.com/media/042ed7_35c6a40d07084dc9b5a0f5b92c769c73~mv2.png,,CN,69111000,8585,8420,Toy's Delight,1,162,310,160,110,Dip set 4pcs.,1485858420,38.94,556g,260x120x50,4003686267572,105,,Decoration & Gifts,,,,,,,,,Toy's Delight
10-1621-8408,Dog Set 2pcs.,Villeroy & Boch,Decoration & Gifts,£11.57,,https://static.wixstatic.com/media/042ed7_810b6d8afabe41f3aa97b69c8350c25f~mv2.png,,DE,69111000,1621,8408,Statement,1,56,230,85,110,Dog Set 2pcs.,1016218408,12.94,524g,115x80x104,4003686439375,287,,Decoration & Gifts,0.35,,,,,,,,Statement
10-4286-5070,Drop vase beige large,Villeroy & Boch,Decoration & Gifts – Accessories,£20.29,,https://static.wixstatic.com/media/042ed7_762414b9ccfa4152b16c01c9fe76171a~mv2.png,,CN,69139093,4286,5070,Lave Home,1,140,155,155,180,Drop vase beige large,1042865070,22.69,825g,143x143x175,4003686416703,140,,Decoration & Gifts,1.7,,,,,,,,Lave
10-4286-5071,Drop vase bleu small,Villeroy & Boch,Decoration & Gifts – Accessories,£16.22,,https://static.wixstatic.com/media/042ed7_cecfa793ab0a46ad828337d598f2c7c0~mv2.png,,CN,69139093,4286,5071,Lave Home,1,130,160,160,130,Drop vase bleu small,1042865071,18.14,575g,148x148x128,4003686416710,150,,Decoration & Gifts,1.1,,,,,,,,Lave
10-1621-8403,Easter Set Bunny 2pcs.,Villeroy & Boch,Decoration & Gifts,£11.57,,https://static.wixstatic.com/media/042ed7_76fe3c9ff48d460bb759df0ca64a7a8d~mv2.png,,DE,69111000,1621,8403,Statement,1,56,230,85,110,Easter Set Bunny 2pcs.,1016218403,12.94,524g,,4003686434097,287,,Decoration & Gifts,,,,,,,,,Statement
14-8627-6607,Egg 2026,Villeroy & Boch,Decoration & Gifts,£11.57,,https://static.wixstatic.com/media/042ed7_52d873ea6ded4e17b73e36a65e4929fe~mv2.png,,TH,95059000,8627,6607,Annual Easter Edition,6,1,180,170,115,Egg 2026,1486276607,12.94,60g,46x46x95,4003686457157,,4057743196626,Decoration & Gifts,,,,,NEW,,,,Annual Easter Edition
14-8638-3593,Egg Plate Rooster & Hen,Villeroy & Boch,Decoration & Gifts – Crockery,£29.01,,https://static.wixstatic.com/media/042ed7_959c5abc8edf4d29a6b3d12dfc8955c6~mv2.png,,CN,69111000,8638,3593,Spring Awakening,1,205,210,115,230,Egg Plate Rooster & Hen,1486383593,32.44,440g,200x200x95,4003686325562,117,,Decoration & Gifts,,,,,,,,,Spring Awakening
10-2525-1955,Egg cup,Villeroy & Boch,Hospitality – Beverage Service,£8.23,,https://static.wixstatic.com/media/042ed7_b3b185ecb74f4f8b8312dda62305b085~mv2.png,,DE,69111000,2525,1955,NewWave,4,49,233,139,55,Egg cup,1025251955,9.21,155g,130x90,4003683209407,1408,4057743005331,,,NewWave,NewWave,,,,,,NewWave
14-8663-1950,Egg cup,Villeroy & Boch,Decoration & Gifts – Beverage Service,£12.15,,https://static.wixstatic.com/media/042ed7_55df795d67ab46ef967ab8cffe6bb956~mv2.png,,DE,69111000,8663,1950,Colourful Spring,4,80,130,140,140,Egg cup,1486631950,13.59,190g,153x113x29,4003686357105,960,4057743106908,Decoration & Gifts,,,,,,,,,Colourful Spring
14-8676-1950,Egg cup,Villeroy & Boch,Decoration & Gifts – Beverage Service,£7.50,,https://static.wixstatic.com/media/042ed7_4f8c55e26dde4ef3b99b3e0822fa55f7~mv2.png,,ID,69111000,8676,1950,Easter Delight,1,1,130,140,75,Egg cup,1486761950,8.39,60g,48x48x44,4003686457881,,,Decoration & Gifts,0.015,,,,NEW,,,,Easter Delight
10-4153-1951,Egg cup,Villeroy & Boch,Porcelain – Beverage Service,£6.34,,https://static.wixstatic.com/media/042ed7_75f384b7894b4acda1431f2b498da716~mv2.png,,DE,69111000,4153,1951,For Me,4,83,160,120,160,Egg cup,1041531951,7.09,190g,153x113x29,4003686398887,840,4057743167398,Porcelain,,,,,,,,,For Me
10-4100-1950,Egg cup,Villeroy & Boch,Porcelain – Beverage Service,£12.15,,https://static.wixstatic.com/media/042ed7_b28bc1594359430d9896c4fb553344bb~mv2.png,,DE,69111000,4100,1950,Mariefleur Basic,4,80,130,140,140,Egg cup,1041001950,13.59,190g,153x113x29,4003686272484,960,4057743007892,Porcelain,,,,,,,,,Mariefleur
10-3460-1950,Egg cup,Villeroy & Boch,Porcelain – Beverage Service,£6.34,,https://static.wixstatic.com/media/042ed7_1e02e01fcf494b4db167091039124c82~mv2.png,,DE,69111000,3460,1950,New Cottage Basic,4,80,130,140,140,Egg cup,1034601950,7.09,190g,153x113x29,4003686298538,960,4057743006666,Porcelain,,,,,,,,,New Cottage
10-4412-1950,Egg cup,Villeroy & Boch,Porcelain – Beverage Service,£8.67,,https://static.wixstatic.com/media/042ed7_c5dfd77d9a17413a889a36f2707fc109~mv2.png,,DE,69111000,4412,1950,Royal,6,121,290,165,83,Egg cup,1044121950,9.69,61g,70x70x42,4003686140479,864,4057743011967,Porcelain,,,,,,,,,Royal
14-8585-1951,Egg cup,Villeroy & Boch,Decoration & Gifts – Beverage Service,£11.57,,https://static.wixstatic.com/media/042ed7_24b47933f6d84d109ab849e3349e00b5~mv2.png,,ID,69111000,8585,1951,Toy's Delight,1,25,115,115,30,Egg cup,1485851951,12.94,125g,110x110x22,4003686328716,1728,,Decoration & Gifts,,,,,,,,,Toy's Delight
14-8627-1964,Egg cup 2026,Villeroy & Boch,Decoration & Gifts – Beverage Service,£17.39,,https://static.wixstatic.com/media/042ed7_17d58d731ec44a5ca282e8e1ae325141~mv2.png,,TH,69111000,8627,1964,Annual Easter Edition,6,1,280,220,140,Egg cup 2026,1486271964,19.44,119g,98x67x77,4003686457331,,4057743196541,Decoration & Gifts,,,,,NEW,,,,Annual Easter Edition
14-8662-1954,Egg cup Anna,Villeroy & Boch,Decoration & Gifts – Beverage Service,£14.48,,https://static.wixstatic.com/media/042ed7_2a06be3da7dd4b38b711d479c5566d8c~mv2.png,,CN,69111000,8662,1954,Bunny Tales,1,650,285,240,150,Egg cup Anna,1486621954,16.19,120g,90x55x100,4003686356092,480,,Decoration & Gifts,,,,,,,,,Bunny Tales
19-5176-8357,"Egg cup Sand, set 2pcs",Villeroy & Boch,Hospitality – Beverage Service,£15.66,,https://static.wixstatic.com/media/042ed7_dc20ddc709dc4954bee20c0b021ffa4a~mv2.png,,CN,69111000,5176,8357,Perlemor Home,1,48,145,78,55,"Egg cup Sand, set 2pcs",1951768357,17.51,125g,55x55x45,4003686439344,784,,,0.05,Perlemor Home,Perlemor Home,LE 2024,,,,,Perlemor
14-8676-1960,"Egg cup and saucer, 2 pcs",Villeroy & Boch,Decoration & Gifts – Beverage Service,£13.32,,,,ID,69111000,8676,1960,Easter Delight,1,0,0,0,0,"Egg cup and saucer, 2 pcs",1486761960,14.89,138g,99x99x50,4003686457539,,,Decoration & Gifts,0.02,,,,NEW,,,,Easter Delight
14-8676-1962,Egg cup saucer,Villeroy & Boch,Decoration & Gifts – Beverage Service,£5.81,,https://static.wixstatic.com/media/042ed7_fb45909f52f44e0ebdebaeb3d4940239~mv2.png,,ID,69111000,8676,1962,Easter Delight,6,1,165,162,65,Egg cup saucer,1486761962,6.5,78g,99x99x18,4003686457898,,4057743196763,Decoration & Gifts,,,,,NEW,,,,Easter Delight
16-3272-1951,Egg cup with integral saucer,Villeroy & Boch,Hospitality – Beverage Service,£7.71,,,,DE,69111000,3272,1951,Stella Hotel,6,90,160,120,160,Egg cup with integral saucer,1632721951,8.62,192g,125,5450523067052,1260,4057743032252,,,Stella Hotel,Stella Hotel,Stella Hotel,,,Novelties Autumn 2015,,Stella
16-2040-1951,Egg cup with integral saucer,Villeroy & Boch,Hospitality – Beverage Service,£5.07,,,,DE,69111000,2040,1951,Universal,6,80,130,140,140,Egg cup with integral saucer,1620401951,5.68,190g,155x115x30,5450523048297,1440,4057743024035,,0.012,Universal,Universal,Novelties 2010,,,Big Buffet,,Universal
10-4412-1951,Egg cup with integral saucer,Villeroy & Boch,Porcelain – Beverage Service,£10.41,,https://static.wixstatic.com/media/042ed7_17ab506984bd43e282036b1a45ed7242~mv2.png,,DE,69111000,4412,1951,Royal,6,90,160,120,160,Egg cup with integral saucer,1044121951,11.64,192g,125x113x28,4003686301283,1260,4057743011974,Porcelain,,,,,,,,,Royal
14-8638-1960,Egg cup with saucer,Villeroy & Boch,Decoration & Gifts – Beverage Service,£14.48,,https://static.wixstatic.com/media/042ed7_07b2524b1c714705b5cde5829c7147b2~mv2.png,,CN,69111000,8638,1960,Spring Awakening,1,75,130,75,140,Egg cup with saucer,1486381960,16.19,150g,101x96x41,4003686283480,480,,Decoration & Gifts,,,,,,,,,Spring Awakening
14-8662-1953,"Egg cup, Max",Villeroy & Boch,Decoration & Gifts – Beverage Service,£14.48,,https://static.wixstatic.com/media/042ed7_9d4ab3ac8b664186881f146341191329~mv2.png,,CN,69111000,8662,1953,Bunny Tales,1,650,285,240,150,"Egg cup, Max",1486621953,16.19,110g,80x55x95,4003686356085,609,,Decoration & Gifts,,,,,,,,,Bunny Tales
16-2040-1950,Egg cup/Dip bowl,Villeroy & Boch,Hospitality – Beverage Service,£3.80,,,,DE,69111000,2040,1950,Universal,6,121,290,165,83,Egg cup/Dip bowl,1620401950,4.25,66g,45,5450523018955,864,4057743024028,,0.07,Universal,Universal,white,,Yes,Big Buffet,,Universal
14-8662-6877,"Egg ornament Anna, blossoms rose",Villeroy & Boch,Decoration & Gifts,£10.99,,https://static.wixstatic.com/media/042ed7_19a2053bb0044123ba8693afa59af6a5~mv2.png,,CN,95059000,8662,6877,Bunny Tales,6,225,195,160,120,"Egg ornament Anna, blossoms rose",1486626877,12.29,68g,43x43x72,4003686387041,1008,4057743160450,Decoration & Gifts,,,,,,,,,Bunny Tales
14-8662-6876,"Egg ornament Max, blossoms blue",Villeroy & Boch,Decoration & Gifts,£10.99,,https://static.wixstatic.com/media/042ed7_90db1d841f5d426998910f5153ce93e8~mv2.png,,CN,95059000,8662,6876,Bunny Tales,6,225,195,160,120,"Egg ornament Max, blossoms blue",1486626876,12.29,50g,43x43x70,4003686387034,648,4057743160443,Decoration & Gifts,,,,,,,,,Bunny Tales
14-8676-3590,Egg plate,Villeroy & Boch,Decoration & Gifts – Crockery,£29.01,,https://static.wixstatic.com/media/042ed7_e0186747154a48b982a3d2cdaa9925c1~mv2.png,,ID,69111000,8676,3590,Easter Delight,1,1,260,260,75,Egg plate,1486763590,32.44,566g,241x241x33,4003686457867,,,Decoration & Gifts,,,,,NEW,,,,Easter Delight
14-8638-3590,Egg plate,Villeroy & Boch,Decoration & Gifts – Crockery,£29.01,,https://static.wixstatic.com/media/042ed7_83de386c23354188852129f7f0b60a27~mv2.png,,CN,69111000,8638,3590,Spring Awakening,1,185,210,75,235,Egg plate,1486383590,32.44,420g,200x187x50,4003686292451,165,,Decoration & Gifts,,,,,,,,,Spring Awakening
14-8644-5207,"Egg vase, Emma and Paul",Villeroy & Boch,Decoration & Gifts – Accessories,£44.13,,https://static.wixstatic.com/media/042ed7_b3aec132482740228fa8495c276357b0~mv2.png,,CN,69131000,8644,5207,Spring Fantasy,1,197,175,175,215,"Egg vase, Emma and Paul",1486445207,49.34,1130g,175x175x210,4003686387133,72,,Decoration & Gifts,2.8,,,,,,,,Spring Fantasy
14-8638-3592,Egg-boat Rooster & Hen,Villeroy & Boch,Decoration & Gifts,£23.20,,https://static.wixstatic.com/media/042ed7_2e96c509234f4c7ca4617d00d09d08a9~mv2.png,,CN,69111000,8638,3592,Spring Awakening,1,208,345,140,115,Egg-boat Rooster & Hen,1486383592,25.94,500g,310x120x85,4003686325470,90,,Decoration & Gifts,,,,,,,,,Spring Awakening
12-7092-9780,Empty box 113 pcs,Villeroy & Boch,Cutlery,£92.43,,,,DE,48195000,7092,9780,Empty boxes,1,870,520,370,205,Empty box 113 pcs,1270929780,103.35,4290g,490x340x180,4003686177895,12,,Cutlery,,,,,,,,,Empty boxes
12-7093-9780,Empty box 113 pcs,Villeroy & Boch,Cutlery,£109.87,,,,DE,48195000,7093,9780,Signature Empty boxes,1,870,520,370,205,Empty box 113 pcs,1270939780,122.85,4290g,490x340x180,4003686378797,12,,Cutlery,,,,,,,,,Empty boxes
12-7092-9799,Empty box 24/30 pcs,Villeroy & Boch,Cutlery,£17.39,,,,DE,48195000,7092,9799,Empty boxes,1,675,423,270,53,Empty box 24/30 pcs,1270929799,19.44,650g,420x270x50,4003686178076,90,,Cutlery,,,,,,,,,Empty boxes
12-7093-9799,Empty box 24/30 pcs,Villeroy & Boch,Cutlery,£17.39,,,,DE,48195000,7093,9799,Signature Empty boxes,1,675,423,270,53,Empty box 24/30 pcs,1270939799,19.44,650g,420x270x50,4003686378773,90,,Cutlery,,,,,,,,,Empty boxes
12-7092-9767,Empty box 70 pcs,Villeroy & Boch,Cutlery,£58.08,,,,DE,48195000,7092,9767,Empty boxes,1,2.57,495,345,125,Empty box 70 pcs,1270929767,64.94,2700g,490x340x130,4003686177857,24,,Cutlery,,,,,,,,,Empty boxes
12-7093-9767,Empty box 70 pcs,Villeroy & Boch,Cutlery,£63.37,,,,DE,48195000,7093,9767,Signature Empty boxes,1,2.57,495,345,125,Empty box 70 pcs,1270939767,70.85,2700g,490x340x130,4003686378780,24,,Cutlery,,,,,,,,,Empty boxes
10-4153-8420,Espresso Set 2 pers.,Villeroy & Boch,Porcelain – Beverage Service,£27.85,,https://static.wixstatic.com/media/042ed7_db2f55480f304bf48b30d1c205469e75~mv2.png,,DE,69111000,4153,8420,For Me,1,240,140,140,145,Espresso Set 2 pers.,1041538420,31.14,420g,140x140x145,4003686279612,200,,Porcelain,,,,,,,,,For Me
10-2484-1425,Espresso cup,Villeroy & Boch,Hospitality – Beverage Service,£8.36,,https://static.wixstatic.com/media/042ed7_c5a8feb09f584551b7dc7a52261dad0d~mv2.png,,DE,69111000,2484,1425,NewWave Caffè,6,121,290,165,83,Espresso cup,1024841425,9.35,104g,89x64x69,4003683250010,864,4057743005195,,0.08,NewWave Caffe,NewWave Caffe,NewWave Caffè,,,,,NewWave
19-5174-1420,Espresso cup,Villeroy & Boch,Hospitality – Beverage Service,£6.18,,https://static.wixstatic.com/media/042ed7_7cec8031ddd84c0da0c5622dbd7637cf~mv2.png,,DE,69111000,5174,1420,Perlemor Alga,6,114,290,165,80,Espresso cup,1951741420,6.91,110g,85x65x45,4003686412484,864,4057743174846,,0.1,Perlemor Alga,Perlemor Alga,Novelties 2024,,,,,Perlemor
19-5172-1420,Espresso cup,Villeroy & Boch,Hospitality – Beverage Service,£6.18,,https://static.wixstatic.com/media/042ed7_6d65da4335a044d9a982654763276e71~mv2.png,,DE,69111000,5172,1420,Perlemor Sand,6,114,290,165,80,Espresso cup,1951721420,6.91,110g,85x65x45,4003686410824,864,4057743173726,,0.1,Perlemor Sand,Perlemor Sand,Novelties 2023,,,,,Perlemor
10-3514-1420,Espresso cup,Villeroy & Boch,Porcelain – Beverage Service,£22.04,,https://static.wixstatic.com/media/042ed7_709c23dbc7814323889a41ba211fc6e6~mv2.png,,DE,69111000,3514,1420,Amazonia,6,122,293,165,81,Espresso cup,1035141420,24.64,70g,76x53x57,4003686161511,864,4057743007557,Porcelain,0.08,,,,,,,,Amazonia
10-4381-1420,Espresso cup,Villeroy & Boch,Porcelain – Beverage Service,£22.04,,https://static.wixstatic.com/media/042ed7_61031f6f16cb4783ad393b9a87447378~mv2.png,,DE,69111000,4381,1420,Amazonia Anmut,6,129,290,165,80,Espresso cup,1043811420,24.64,65g,84x63x59,4003686260153,864,4057743011240,Porcelain,0.1,,,,,,,,Amazonia
10-4545-1420,Espresso cup,Villeroy & Boch,Porcelain – Beverage Service,£12.74,,https://static.wixstatic.com/media/042ed7_2a8b17b24db64d358e78a27b6ba21eec~mv2.png,,DE,69111000,4545,1420,Anmut,6,121,290,165,83,Espresso cup,1045451420,14.24,75g,84x63x59,4003683226282,864,4057743013800,Porcelain,0.1,,,,,,,,Anmut
10-4130-1420,Espresso cup,Villeroy & Boch,Porcelain – Beverage Service,£10.99,,https://static.wixstatic.com/media/042ed7_74d2d7686a034208878b05d353bc15fb~mv2.png,,DE,69111000,4130,1420,Artesano Original,6,121,290,165,83,Espresso cup,1041301420,12.29,102g,77x56x68,4003686218574,864,4057743008806,Porcelain,0.1,,,,,,,,Artesano
10-1067-1420,Espresso cup,Villeroy & Boch,Porcelain – Beverage Service,£17.39,,https://static.wixstatic.com/media/042ed7_6d5b2077edf345038dc4f1db3ab83a07~mv2.png,,DE,69111000,1067,1420,Audun Ferme,6,121,290,165,83,Espresso cup,1010671420,19.44,105g,93x70x59,4003683108861,864,4057743002064,Porcelain,0.13,,,,,,,,Audun
10-4655-1420,Espresso cup,Villeroy & Boch,Porcelain – Beverage Service,£22.04,,https://static.wixstatic.com/media/042ed7_13b3d75149e14f3b9e564a8ce8013fa7~mv2.png,,DE,69111000,4655,1420,Avarua,6,122,293,165,81,Espresso cup,1046551420,24.64,80g,76x53x57,4003686393660,864,4057743163239,Porcelain,0.08,,,,,,,,Avarua
10-4550-1420,Espresso cup,Villeroy & Boch,Porcelain – Beverage Service,£8.09,,https://static.wixstatic.com/media/042ed7_2e4961a21dbd4024a6082807205a6eeb~mv2.png,,DE,69111000,4550,1420,Fleur vert,6,114,290,165,80,Espresso cup,1045501420,9.04,95g,84x61x57,4003686450738,864,4057743193243,Porcelain,0.1,,,,NEW,,,,Fleur
10-4551-1420,Espresso cup,Villeroy & Boch,Porcelain – Beverage Service,£8.09,,https://static.wixstatic.com/media/042ed7_5bb6a20d0acc4153852cf5b14da73440~mv2.png,,DE,69111000,4551,1420,Fleur bleu,6,114,290,165,80,Espresso cup,1045511420,9.04,95g,84x61x57,4003686450929,864,4057743193335,Porcelain,0.1,,,,NEW,,,,Fleur
10-4552-1420,Espresso cup,Villeroy & Boch,Porcelain – Beverage Service,£8.09,,https://static.wixstatic.com/media/042ed7_d2020e28525046f1a2a811fb5487ad25~mv2.png,,DE,69111000,4552,1420,Fleur soleil,6,114,290,165,80,Espresso cup,1045521420,9.04,95g,84x61x57,4003686450882,864,4057743193601,Porcelain,0.1,,,,NEW,,,,Fleur
10-4553-1420,Espresso cup,Villeroy & Boch,Porcelain – Beverage Service,£8.09,,https://static.wixstatic.com/media/042ed7_f1cf21422e9f4764a81ec8021b620c90~mv2.png,,DE,69111000,4553,1420,Fleur cassis,6,114,290,165,80,Espresso cup,1045531420,9.04,95g,84x61x57,4003686451209,864,4057743193700,Porcelain,0.1,,,,NEW,,,,Fleur
10-4600-1420,Espresso cup,Villeroy & Boch,Porcelain – Beverage Service,£11.57,,https://static.wixstatic.com/media/042ed7_2b19a0a9ff024389a6765c2ef605bda7~mv2.png,,DE,69111000,4600,1420,Cellini,6,121,290,165,83,Espresso cup,1046001420,12.94,82g,85x65x56,4003686135543,864,4057743013978,Porcelain,0.1,,,,,,,,Cellini
14-8663-1420,Espresso cup,Villeroy & Boch,Decoration & Gifts – Beverage Service,£10.99,,https://static.wixstatic.com/media/042ed7_5317f38b8b8142fd86e1e42fc7bda389~mv2.png,,DE,69111000,8663,1420,Colourful Spring,6,114,290,165,80,Espresso cup,1486631420,12.29,95g,84x62x57,4003686386891,864,4057743160993,Decoration & Gifts,0.1,,,,,,,,Colourful Spring
10-2337-1420,Espresso cup,Villeroy & Boch,Porcelain – Beverage Service,£15.64,,https://static.wixstatic.com/media/042ed7_b2cc1fbdba12465394e22184d4df7d68~mv2.png,,DE,69111000,2337,1420,Design Naif,6,121,290,165,83,Espresso cup,1023371420,17.49,110g,88x65x58,5450102085187,864,4057743004068,Porcelain,0.12,,,,,,,,Design Naif
10-4153-1420,Espresso cup,Villeroy & Boch,Porcelain – Beverage Service,£8.09,,https://static.wixstatic.com/media/042ed7_6bc908fa953749f191fee19dfa17a42b~mv2.png,,DE,69111000,4153,1420,For Me,6,114,290,165,80,Espresso cup,1041531420,9.04,95g,84x62x57,4003686259348,864,4057743009711,Porcelain,0.1,,,,,,,,For Me
10-2281-1420,Espresso cup,Villeroy & Boch,Porcelain – Beverage Service,£11.57,,https://static.wixstatic.com/media/042ed7_7d35900c1d9945c3a5965eb71a06a9f0~mv2.png,,DE,69111000,2281,1420,French Garden Fleurence,6,121,290,165,83,Espresso cup,1022811420,12.94,99g,89x69x59,5450102344956,864,4057743003580,Porcelain,0.12,,,,,,,,French Garden
10-2396-1420,Espresso cup,Villeroy & Boch,Porcelain – Beverage Service,£10.99,,https://static.wixstatic.com/media/042ed7_cf8fd7d9e6544b72994102f59802373f~mv2.png,,DE,69111000,2396,1420,Manoir,6,121,290,165,83,Espresso cup,1023961420,12.29,99g,89x69x59,5450102064540,864,4057743004952,Porcelain,0.12,,,,,,,,Manoir
10-4100-1420,Espresso cup,Villeroy & Boch,Porcelain – Beverage Service,£10.99,,https://static.wixstatic.com/media/042ed7_e8031644cc5b41b6bb7613869709557e~mv2.png,,DE,69111000,4100,1420,Mariefleur Basic,6,121,290,165,83,Espresso cup,1041001420,12.29,115g,84x63x46,4003686179844,864,4057743007854,Porcelain,0.08,,,,,,,,Mariefleur
10-4104-1420,Espresso cup,Villeroy & Boch,Porcelain – Beverage Service,£10.99,,https://static.wixstatic.com/media/042ed7_28cd4f5444774f87aee8043c8e80c3c7~mv2.png,,DE,69111000,4104,1420,Mariefleur Gris Basic,6,121,290,165,83,Espresso cup,1041041420,12.29,115g,84x63x46,4003686188815,864,4057743008066,Porcelain,0.08,,,,,,,,Mariefleur
10-1690-1451,Espresso cup,Villeroy & Boch,Porcelain – Beverage Service,£11.57,,https://static.wixstatic.com/media/042ed7_214dfa5f4a404bbea5ab9b5c106e608f~mv2.png,,DE,69111000,1690,1451,Memphis Collection,6,121,290,165,83,Espresso cup,1016901451,12.94,179g,85x61x60,4003686449602,864,4057743190730,Porcelain,0.1,,,,NEW,,,,Memphis
10-3460-1420,Espresso cup,Villeroy & Boch,Porcelain – Beverage Service,£10.99,,https://static.wixstatic.com/media/042ed7_b4aefdc1559f4f4abb0bbbc1c6664b59~mv2.png,,DE,69111000,3460,1420,New Cottage Basic,6,121,290,165,83,Espresso cup,1034601420,12.29,115g,84x63x46,4003683455705,864,4057743006611,Porcelain,0.08,,,,,,,,New Cottage
10-2341-1420,Espresso cup,Villeroy & Boch,Porcelain – Beverage Service,£11.57,,https://static.wixstatic.com/media/042ed7_bed898d0b7d84e8b809dcbfe6ec68c10~mv2.png,,DE,69111000,2341,1420,Old Luxembourg,6,121,290,165,83,Espresso cup,1023411420,12.94,80g,84x66x58,5450102072095,864,4057743004549,Porcelain,0.11,,,,,,,,Vieux Luxembourg
10-2395-1420,Espresso cup,Villeroy & Boch,Porcelain – Beverage Service,£11.57,,https://static.wixstatic.com/media/042ed7_4d0ca8ad31334b2e8540b2fb8e4429b6~mv2.png,,DE,69111000,2395,1420,Petite Fleur,6,121,290,165,83,Espresso cup,1023951420,12.94,99g,89x69x59,5450102063949,864,4057743004785,Porcelain,0.12,,,,,,,,Petite Fleur
10-4412-1420,Espresso cup,Villeroy & Boch,Porcelain – Beverage Service,£12.74,,https://static.wixstatic.com/media/042ed7_303d70c6b8114fd2a33bcff626c6125e~mv2.png,,DE,69111000,4412,1420,Royal,6,114,290,165,80,Espresso cup,1044121420,14.24,65g,86x62x59,4003683213947,864,4057743011912,Porcelain,0.11,,,,,,,,Royal
10-4730-1420,Espresso cup,Villeroy & Boch,Porcelain – Beverage Service,£37.15,,https://static.wixstatic.com/media/042ed7_26b2ceca10524f80afc60122a09b5fba~mv2.png,,DE,69111000,4730,1420,Samarkand Aquamarin,6,122,293,165,81,Espresso cup,1047301420,41.54,75g,76x53x55,4003686159471,864,4057743014760,Porcelain,0.08,,,,,,,,Samarkand
10-4732-1420,Espresso cup,Villeroy & Boch,Porcelain – Beverage Service,£37.15,,https://static.wixstatic.com/media/042ed7_0405bca2cff9434eba3e80b2e4b6cc84~mv2.png,,DE,69111000,4732,1420,Samarkand Mandarin,6,122,293,165,81,Espresso cup,1047321420,41.54,75g,76x53x55,4003686159860,864,4057743014913,Porcelain,0.08,,,,,,,,Samarkand
10-4731-1420,Espresso cup,Villeroy & Boch,Porcelain – Beverage Service,£37.15,,https://static.wixstatic.com/media/042ed7_d4e949d5b34c4677b11b2ec9008e5f19~mv2.png,,DE,69111000,4731,1420,Samarkand Rubin,6,122,293,165,81,Espresso cup,1047311420,41.54,65g,76x53x55,4003686159815,864,4057743014838,Porcelain,0.08,,,,,,,,Samarkand
14-8585-1421,Espresso cup,Villeroy & Boch,Decoration & Gifts – Beverage Service,£10.99,,https://static.wixstatic.com/media/042ed7_45600093e48145ea8c181b0bc751d78a~mv2.png,,DE,69111000,8585,1421,Toy's Delight,6,112,195,185,70,Espresso cup,1485851421,12.29,85g,89x65x58,4003686198531,864,4057743000992,Decoration & Gifts,0.11,,,,,,,,Toy's Delight
10-4389-1420,Espresso cup,Villeroy & Boch,Porcelain – Beverage Service,£12.74,,https://static.wixstatic.com/media/042ed7_c9777c81fde84395b60135b277d1a325~mv2.png,,DE,69111000,4389,1420,White Pearl,6,121,290,165,83,Espresso cup,1043891420,14.24,72g,86x62x59,4003683481223,864,4057743011486,Porcelain,0.11,,,,,,,,White Pearl
10-4550-1430,Espresso cup saucer,Villeroy & Boch,Porcelain – Beverage Service,£6.39,,https://static.wixstatic.com/media/042ed7_9bc446d1e0564b549d3ae58bc257ff10~mv2.png,,DE,69111000,4550,1430,Fleur vert,6,115,155,155,86,Espresso cup saucer,1045501430,7.15,115g,117x117x20,4003686450745,1890,4057743193250,Porcelain,,,,,NEW,,,,Fleur
10-4551-1430,Espresso cup saucer,Villeroy & Boch,Porcelain – Beverage Service,£6.39,,https://static.wixstatic.com/media/042ed7_9b67e4141f3b4299b95e7ede4aefbc2e~mv2.png,,DE,69111000,4551,1430,Fleur bleu,6,115,155,155,86,Espresso cup saucer,1045511430,7.15,115g,117x117x20,4003686450936,1890,4057743193342,Porcelain,,,,,NEW,,,,Fleur
10-4552-1430,Espresso cup saucer,Villeroy & Boch,Porcelain – Beverage Service,£6.39,,https://static.wixstatic.com/media/042ed7_5d96e0ec5ccb443e97562f2afcdfe53a~mv2.png,,DE,69111000,4552,1430,Fleur soleil,6,115,155,155,86,Espresso cup saucer,1045521430,7.15,115g,117x117x20,4003686450899,1890,4057743193618,Porcelain,,,,,NEW,,,,Fleur
10-4553-1430,Espresso cup saucer,Villeroy & Boch,Porcelain – Beverage Service,£6.39,,https://static.wixstatic.com/media/042ed7_90be26df096b436c94d801403317c2d3~mv2.png,,DE,69111000,4553,1430,Fleur cassis,6,115,155,155,86,Espresso cup saucer,1045531430,7.15,115g,117x117x20,4003686451216,1890,4057743193717,Porcelain,,,,,NEW,,,,Fleur
12-6526-0180,Espresso spoon,Villeroy & Boch,Cutlery – Cutlery,£8.67,,https://static.wixstatic.com/media/042ed7_64c93e0d1f2a479a9eacc92285269064~mv2.png,,VN,82159910,6526,0180,Boston,6,22,130,45,30,Espresso spoon,1265260180,9.69,16g,116x23x15,4003686356764,0,4057743106816,Cutlery,,,,,,,,,Boston
12-6351-0180,Espresso spoon,Villeroy & Boch,Cutlery – Cutlery,£9.25,,https://static.wixstatic.com/media/042ed7_bc8bfe20ba9f4b26a7db436ab8c87047~mv2.png,,VN,82159910,6351,0180,Ella partially gold plated,6,12,120,30,30,Espresso spoon,1263510180,10.34,10g,112x22x14,4003683313616,8640,4057743018775,Cutlery,,,,,,,,,Ella
12-6417-0180,Espresso spoon,Villeroy & Boch,Cutlery – Cutlery,£8.09,,https://static.wixstatic.com/media/042ed7_052ee1e57f3d421eb0350854d8802b29~mv2.png,,VN,82159910,6417,0180,La Classica,6,22,130,45,30,Espresso spoon,1264170180,9.04,15g,115x22x15,4003686262515,1800,4057743020136,Cutlery,,,,,,,,,La Classica
12-6527-0180,Espresso spoon,Villeroy & Boch,Cutlery – Cutlery,£8.09,,https://static.wixstatic.com/media/042ed7_11ad6039cd2f461e84fe02a81f5e0472~mv2.png,,ID,82159910,6527,0180,MetroChic,6,15,130,30,30,Espresso spoon,1265270180,9.04,15g,110x23x11,4003686362178,8000,4057743109022,Cutlery,,,,,,,,,MetroChic
12-6528-0180,Espresso spoon,Villeroy & Boch,Cutlery – Cutlery,£16.22,,https://static.wixstatic.com/media/042ed7_6c1fee3fa3374e11aa4dca3d610d6b83~mv2.png,,ID,82159910,6528,0180,MetroChic d'Or,6,15,135,30,30,Espresso spoon,1265280180,18.14,13g,110x23x11,4003686388857,6000,4057743161785,Cutlery,,,,,,,,,MetroChic
12-6448-0180,Espresso spoon,Villeroy & Boch,Cutlery – Cutlery,£8.67,,https://static.wixstatic.com/media/042ed7_f5f8a54f88514d7bbc5f87e6fd68b8f7~mv2.png,,VN,82159910,6448,0180,Montauk,6,22,130,45,30,Espresso spoon,1264480180,9.69,16g,116x23x15,4003686328785,9600,4057743084008,Cutlery,,,,,,,,,Montauk
12-6233-0180,Espresso spoon,Villeroy & Boch,Cutlery – Cutlery,£8.09,,https://static.wixstatic.com/media/042ed7_499766affb3744a387a4bfca050ca760~mv2.png,,VN,82159910,6233,0180,Neufaden-Merlemont,6,17,161,35,35,Espresso spoon,1262330180,9.04,20g,109x22x17,4011417038599,9600,4057743017235,Cutlery,,,,,,,,,Neufaden Merlemont
12-6529-0180,Espresso spoon,Villeroy & Boch,Cutlery – Cutlery,£7.50,,https://static.wixstatic.com/media/042ed7_4cf69161cd3c420fb30daa7493903c9b~mv2.png,,ID,82159910,6529,0180,NewMoon,6,22,130,45,30,Espresso spoon,1265290180,8.39,19g,110x20x11,4003686388901,6000,4057743161839,Cutlery,,,,,,,,,NewMoon
10-4130-7990,Etagere,Villeroy & Boch,Hospitality – Trays,£54.52,,https://static.wixstatic.com/media/042ed7_95c9c7ca7e6346568a7664ed3a463a88~mv2.png,,CN,94036010,4130,7990,Artesano Professionale,1,937,540,280,110,Etagere,1041307990,60.96,3101g,415x275x475,4003686211216,38,,,,Artesano Original,Artesano Original,Novelties 2015,,,Artesano,,Artesano
16-3272-7865,Etagere,Villeroy & Boch,Hospitality – Trays,£24.30,,,,CN,73239300,3272,7865,Stella Hotel,1,264,420,240,220,Etagere,1632727865,27.17,480g,,5450523086510,0,,,,Stella Hotel,Stella Hotel,Stella Hotel,,,,,Stella
10-4130-9031,Eye Catcher set 4pcs.,Villeroy & Boch,Porcelain – Crockery,£168.01,,https://static.wixstatic.com/media/042ed7_ec96fa02e69f4b46bda349f3d3de2a13~mv2.png,,DE,69111000,4130,9031,Artesano Original,1,1937,580,400,240,Eye Catcher set 4pcs.,1041309031,187.85,5901g,549x256x484,4003686244269,12,,Porcelain,4.1,,,,,,,,Artesano
10-2525-6500,Eye-catcher double bowl,Villeroy & Boch,Hospitality – Crockery,£63.34,,https://static.wixstatic.com/media/042ed7_f969f96677a84fff9222533febb5c41e~mv2.png,,DE,69111000,2525,6500,NewWave,1,1101,505,315,190,Eye-catcher double bowl,1025256500,70.83,1910g,490x270x170,4003686164307,22,,,,NewWave,NewWave,NewWave,,,,,NewWave
10-1621-8410,Favorite Grandma Set 2pcs.,Villeroy & Boch,Decoration & Gifts,£11.57,,https://static.wixstatic.com/media/042ed7_425640954c244e1faf3ec0d33f2303aa~mv2.png,,DE,69111000,1621,8410,Statement,1,56,230,85,110,Favorite Grandma Set 2pcs.,1016218410,12.94,524g,115x80x104,4003686439399,287,,Decoration & Gifts,0.35,,,,,,,,Statement
12-6387-0100,Fish fork,Villeroy & Boch,Hospitality – Cutlery,£5.79,,https://static.wixstatic.com/media/042ed7_07e6c488aae44c58aff72b642e4514df~mv2.png,,VN,82159910,6387,0100,Blacksmith,6,32,200,57,27,Fish fork,1263870100,6.48,45g,180x23x16,4003683483623,6600,4057743019307,,,Blacksmith,Blacksmith,Novelties 2017,,,,,Blacksmith
16-6248-0100,Fish fork,Villeroy & Boch,Hospitality – Cutlery,£6.79,,,,VN,82159910,6248,0100,Coupole,6,25,205,40,40,Fish fork,1662480100,7.59,40g,181x26x23,4011417048482,1000,4057743054674,,,Coupole,Coupole,Cutlery,,,,,Coupole
12-6243-0100,Fish fork,Villeroy & Boch,Hospitality – Cutlery,£9.92,,https://static.wixstatic.com/media/042ed7_7c9e1d5bc41e4fe5aa2cd76ed31acf67~mv2.png,,VN,82159910,6243,0100,Kreuzband,6,32,200,57,27,Fish fork,1262430100,11.09,46g,182x26x18,4011417043869,6600,4057743017334,,,Kreuzband,Kreuzband,Cutlery,,,,,Kreuzband
12-6338-0100,Fish fork,Villeroy & Boch,Hospitality – Cutlery,£5.04,,https://static.wixstatic.com/media/042ed7_0fde4b2fdabc4a68ba2053c6726a4001~mv2.png,,ID,82159910,6338,0100,NewWave Cutlery,6,22,220,40,30,Fish fork,1263380100,5.63,36g,177x22x16,4003683350390,2880,4057743018133,,,NewWave Cutlery,NewWave Cutlery,Cutlery,,,,,NewWave
12-6339-0100,Fish fork,Villeroy & Boch,Hospitality – Cutlery,£3.18,,https://static.wixstatic.com/media/042ed7_85f71fe8289b4fcab4564d473904d568~mv2.png,,ID,82159910,6339,0100,Oscar,6,20,220,40,30,Fish fork,1263390100,3.56,39g,180x26x22,4003683259853,7200,4057743018300,,,Oscar,Oscar,Cutlery,,Yes,,,Oscar
12-6264-0100,Fish fork,Villeroy & Boch,Hospitality – Cutlery,£6.75,,https://static.wixstatic.com/media/042ed7_64a2f76358804415be0477df015f0af6~mv2.png,,VN,82159910,6264,0100,Piemont,6,19,220,40,30,Fish fork,1262640100,7.55,38g,186x25x22,4011417052373,4800,4057743017488,,,Piemont,Piemont,Cutlery,,Yes,,,Piemont
12-6347-0100,Fish fork,Villeroy & Boch,Hospitality – Cutlery,£5.79,,https://static.wixstatic.com/media/042ed7_b7c60d2bf8bc44b0be47909cf84da7a4~mv2.png,,VN,82159910,6347,0100,Udine,6,25,205,40,40,Fish fork,1263470100,6.48,45g,183x21x23,4003683286262,4500,4057743018454,,,Udine,Udine,Novelties Winter 2009,,,,,Udine
12-6350-0100,Fish fork,Villeroy & Boch,Hospitality – Cutlery,£3.00,,https://static.wixstatic.com/media/042ed7_e3b3278997494b6084481dd0b719518c~mv2.png,,VN,82159910,6350,0100,Victor,6,49,210,46,28,Fish fork,1263500100,3.36,38g,181x28x19,4003683330668,8640,4057743018591,,,Victor,Victor,Cutlery,,Yes,,,Victor
12-6526-0100,Fish fork,Villeroy & Boch,Cutlery – Cutlery,£10.99,,https://static.wixstatic.com/media/042ed7_24fe6646ce494f25b098e1017e0319bb~mv2.png,,VN,82159910,6526,0100,Boston,6,32,200,57,27,Fish fork,1265260100,12.29,52g,184x25x20,4003686356733,8000,4057743106786,Cutlery,,,,,,,,,Boston
12-6351-0100,Fish fork,Villeroy & Boch,Cutlery – Cutlery,£11.57,,https://static.wixstatic.com/media/042ed7_bf37378d2c704ef0a8fa8835f3b837e3~mv2.png,,VN,82159910,6351,0100,Ella partially gold plated,6,18,190,50,30,Fish fork,1263510100,12.94,34g,184x23x22,4003683312275,5400,4057743018737,Cutlery,,,,,,,,,Ella
12-6417-0100,Fish fork,Villeroy & Boch,Cutlery – Cutlery,£12.74,,https://static.wixstatic.com/media/042ed7_534431c724fd4119a1c43456f96b04e4~mv2.png,,VN,82159910,6417,0100,La Classica,6,32,200,57,27,Fish fork,1264170100,14.24,48g,183x23x20,4003686262430,1800,4057743020099,Cutlery,,,,,,,,,La Classica
12-6527-0100,Fish fork,Villeroy & Boch,Cutlery – Cutlery,£17.39,,https://static.wixstatic.com/media/042ed7_53e6c5a3185f4e528b61ed1e1b907974~mv2.png,,ID,82159910,6527,0100,MetroChic,6,20,220,45,30,Fish fork,1265270100,19.44,50g,180x26x14,4003686362130,5760,4057743108780,Cutlery,,,,,,,,,MetroChic
12-6448-0100,Fish fork,Villeroy & Boch,Cutlery – Cutlery,£10.99,,https://static.wixstatic.com/media/042ed7_20fbca29c831464bb22b43093cffa632~mv2.png,,VN,82159910,6448,0100,Montauk,6,32,200,57,27,Fish fork,1264480100,12.29,46g,184x24x20,4003686328754,6600,4057743083971,Cutlery,,,,,,,,,Montauk
12-6233-0100,Fish fork,Villeroy & Boch,Cutlery – Cutlery,£17.39,,https://static.wixstatic.com/media/042ed7_29fd658633a34614a1debe5f0fff36bc~mv2.png,,VN,82159910,6233,0100,Neufaden-Merlemont,6,25,205,40,40,Fish fork,1262330100,19.44,44g,179x26x23,4011417038537,4500,4057743017181,Cutlery,,,,,,,,,Neufaden Merlemont
12-6403-9360,"Fish kit, 2pcs",Villeroy & Boch,Cutlery – Cutlery,£12.74,,https://static.wixstatic.com/media/042ed7_644f9b0b7f484e2aa414cba613c44a66~mv2.png,,ID,82152010,6403,9360,Daily Line,1,46,265,80,30,"Fish kit, 2pcs",1264039360,14.24,86g,265x80x30,4003686200081,480,,Cutlery,,,,,,,,,Daily Line
12-6387-0110,Fish knife,Villeroy & Boch,Hospitality – Cutlery,£5.79,,https://static.wixstatic.com/media/042ed7_3943c9f7eca34cffbd5d6708d12ccc1c~mv2.png,,VN,82159910,6387,0110,Blacksmith,6,29,225,50,25,Fish knife,1263870110,6.48,55g,200x20x16,4003683483630,3600,4057743019314,,,Blacksmith,Blacksmith,Novelties 2017,,,,,Blacksmith
16-6248-0110,Fish knife,Villeroy & Boch,Hospitality – Cutlery,£6.79,,,,VN,82159910,6248,0110,Coupole,6,30,237,50,45,Fish knife,1662480110,7.59,48g,198x25x23,4011417048499,1080,4057743054681,,,Coupole,Coupole,Cutlery,,,,,Coupole
12-6243-0110,Fish knife,Villeroy & Boch,Hospitality – Cutlery,£9.92,,https://static.wixstatic.com/media/042ed7_ead684286c0e4c9ab0f859fadb7c83a2~mv2.png,,VN,82159910,6243,0110,Kreuzband,6,29,225,50,25,Fish knife,1262430110,11.09,54g,215x22x21,4011417043876,3600,4057743017341,,,Kreuzband,Kreuzband,Cutlery,,,,,Kreuzband
12-6338-0110,Fish knife,Villeroy & Boch,Hospitality – Cutlery,£5.04,,https://static.wixstatic.com/media/042ed7_25454d426e6e495381231c386ffac215~mv2.png,,ID,82159910,6338,0110,NewWave Cutlery,6,25,240,50,30,Fish knife,1263380110,5.63,46g,205x23x26,4003683350406,4320,4057743018140,,,NewWave Cutlery,NewWave Cutlery,Cutlery,,,,,NewWave
12-6339-0110,Fish knife,Villeroy & Boch,Hospitality – Cutlery,£3.18,,https://static.wixstatic.com/media/042ed7_ca9f527f590a4f4ca454385c1db9afcd~mv2.png,,ID,82159910,6339,0110,Oscar,6,20,220,40,30,Fish knife,1263390110,3.56,48g,205x24x27,4003683259839,6720,4057743018317,,,Oscar,Oscar,Cutlery,,Yes,,,Oscar
12-6264-0110,Fish knife,Villeroy & Boch,Hospitality – Cutlery,£6.75,,https://static.wixstatic.com/media/042ed7_53764a2e402b42f680559c929e3e8a7a~mv2.png,,VN,82159910,6264,0110,Piemont,6,19,220,40,30,Fish knife,1262640110,7.55,69g,217x19x7,4011417052380,4800,4057743017495,,,Piemont,Piemont,Cutlery,,Yes,,,Piemont
12-6347-0110,Fish knife,Villeroy & Boch,Hospitality – Cutlery,£5.79,,https://static.wixstatic.com/media/042ed7_02820fc1c04a490692fc6bf3f4393e94~mv2.png,,VN,82159910,6347,0110,Udine,6,30,237,50,45,Fish knife,1263470110,6.48,55g,208x22x17,4003683286279,6480,4057743018461,,,Udine,Udine,Novelties Winter 2009,,,,,Udine
12-6350-0110,Fish knife,Villeroy & Boch,Hospitality – Cutlery,£3.00,,https://static.wixstatic.com/media/042ed7_70ea672f263f4ba2bae112b9c65e4f9d~mv2.png,,VN,82159910,6350,0110,Victor,6,64,220,48,30,Fish knife,1263500110,3.36,48g,211x23x21,4003683330675,6480,4057743018607,,,Victor,Victor,Cutlery,,Yes,,,Victor
12-6526-0110,Fish knife,Villeroy & Boch,Cutlery – Cutlery,£10.99,,https://static.wixstatic.com/media/042ed7_9a27d7749ccf4c84b134ba1a433ac573~mv2.png,,VN,82159910,6526,0110,Boston,6,29,225,50,25,Fish knife,1265260110,12.29,61g,214x25x22,4003686356740,8000,4057743106793,Cutlery,,,,,,,,,Boston
12-6351-0110,Fish knife,Villeroy & Boch,Cutlery – Cutlery,£11.57,,https://static.wixstatic.com/media/042ed7_b547b149248849f29f82515aa31e780e~mv2.png,,VN,82159910,6351,0110,Ella partially gold plated,6,18,220,45,30,Fish knife,1263510110,12.94,42g,208x24x23,4003683313128,5340,4057743018744,Cutlery,,,,,,,,,Ella
12-6417-0110,Fish knife,Villeroy & Boch,Cutlery – Cutlery,£12.74,,https://static.wixstatic.com/media/042ed7_7a259ba2b306476a9705aa7d141d13e4~mv2.png,,VN,82159910,6417,0110,La Classica,6,29,225,50,25,Fish knife,1264170110,14.24,54g,213x24x22,4003686262447,1800,4057743020105,Cutlery,,,,,,,,,La Classica
12-6527-0110,Fish knife,Villeroy & Boch,Cutlery – Cutlery,£17.39,,https://static.wixstatic.com/media/042ed7_37b8e3a14bac48bdbf1fa0f716596ba8~mv2.png,,ID,82159910,6527,0110,MetroChic,6,20,220,45,30,Fish knife,1265270110,19.44,50g,206x26x20,4003686362147,5760,4057743108797,Cutlery,,,,,,,,,MetroChic
12-6448-0110,Fish knife,Villeroy & Boch,Cutlery – Cutlery,£10.99,,https://static.wixstatic.com/media/042ed7_a61b7cd35d45447bbdc64229ef5d788e~mv2.png,,VN,82159910,6448,0110,Montauk,6,29,225,50,25,Fish knife,1264480110,12.29,54g,214x25x22,4003686328761,3600,4057743083988,Cutlery,,,,,,,,,Montauk
12-6233-0110,Fish knife,Villeroy & Boch,Cutlery – Cutlery,£17.39,,https://static.wixstatic.com/media/042ed7_4aca2ccc3afa4d6ebf0c64d64b302556~mv2.png,,VN,82159910,6233,0110,Neufaden-Merlemont,6,30,237,50,45,Fish knife,1262330110,19.44,58g,211x23x26,4011417038544,6480,4057743017198,Cutlery,,,,,,,,,Neufaden Merlemont
10-4264-2701,Flat bowl,Villeroy & Boch,Hospitality – Crockery,£10.84,,https://static.wixstatic.com/media/042ed7_1ac24c19170042a6aeb3641ec8ff81f9~mv2.png,,DE,69111000,4264,2701,NewMoon,6,219,290,290,98,Flat bowl,1042642701,12.12,604g,250x250x40,4003686386556,480,4057743160832,,0.9,NewMoon,NewMoon,Novelties 2020,,,Novelties 2020,,NewMoon
10-4291-2701,Flat bowl,Villeroy & Boch,Hospitality – Crockery,£10.84,,https://static.wixstatic.com/media/042ed7_61067e664bab45948f261f27b3cb9f16~mv2.png,,DE,69111000,4291,2701,NewMoon Beige,6,219,290,290,98,Flat bowl,1042912701,12.12,604g,250x250x40,4003686429888,480,4057743180700,,0.9,NewMoon Beige,NewMoon Beige,Novelties 2023,,,,,NewMoon
14-8671-3800,Flat bowl small,Villeroy & Boch,Decoration & Gifts – Crockery,£10.99,,https://static.wixstatic.com/media/042ed7_11ffc18345034e2e97131843bf1dc4e3~mv2.png,,CN,69111000,8671,3800,Winter Glow,6,225,180,180,125,Flat bowl small,1486713800,12.29,290g,170x170x30,4003686430440,816,4057743185149,Decoration & Gifts,0.37,,,,Discontinued 30.06.2026,,,,Winter Glow
16-4025-2590,Flat coupe plate,Villeroy & Boch,Hospitality – Crockery,£15.01,,,,DE,69111000,4025,2590,Artesano Professionale,4,368,325,330,90,Flat coupe plate,1640252590,16.78,900g,320,5450523062163,272,4057743050911,,,Artesano Professionale,Artesano Professionale,Novelties 2015,,,Artesano,,Artesano
16-4025-2601,Flat coupe plate,Villeroy & Boch,Hospitality – Crockery,£13.13,,,,DE,69111000,4025,2601,Artesano Professionale,6,219,290,290,98,Flat coupe plate,1640252601,14.68,812g,290,5450523062170,480,4057743050928,,,Artesano Professionale,Artesano Professionale,Novelties 2015,,Yes,Artesano,,Artesano
16-4025-2621,Flat coupe plate,Villeroy & Boch,Hospitality – Crockery,£11.25,,,,DE,69111000,4025,2621,Artesano Professionale,6,272,295,295,85,Flat coupe plate,1640252621,12.58,700g,270,5450523062187,528,4057743050935,,,Artesano Professionale,Artesano Professionale,Novelties 2015,,Yes,Artesano,,Artesano
16-4025-2631,Flat coupe plate,Villeroy & Boch,Hospitality – Crockery,£9.94,,,,DE,69111000,4025,2631,Artesano Professionale,6,222,250,250,95,Flat coupe plate,1640252631,11.12,500g,240,5450523062194,576,4057743050942,,,Artesano Professionale,Artesano Professionale,Novelties 2015,,Yes,Artesano,,Artesano
16-4025-2640,Flat coupe plate,Villeroy & Boch,Hospitality – Crockery,£7.07,,,,DE,69111000,4025,2640,Artesano Professionale,6,191,225,225,75,Flat coupe plate,1640252640,7.91,455g,220,5450523062217,900,4057743050959,,,Artesano Professionale,Artesano Professionale,Novelties 2015,,Yes,Artesano,,Artesano
16-4025-2660,Flat coupe plate,Villeroy & Boch,Hospitality – Crockery,£5.54,,,,DE,69111000,4025,2660,Artesano Professionale,6,121,180,170,80,Flat coupe plate,1640252660,6.2,200g,160,5450523062200,1680,4057743050966,,,Artesano Professionale,Artesano Professionale,Novelties 2015,,Yes,Artesano,,Artesano
16-4070-2595,Flat coupe plate,Villeroy & Boch,Hospitality – Crockery,£32.89,,,,DE,69111000,4070,2595,Copper Glow,6,368,325,330,90,Flat coupe plate,1640702595,36.77,998g,320x320x25,5450523090586,408,4057743096766,,,Copper Glow,Copper Glow,Novelties spring 2018,,,,,Copper Glow
16-4070-2621,Flat coupe plate,Villeroy & Boch,Hospitality – Crockery,£24.05,,,,DE,69111000,4070,2621,Copper Glow,6,403,315,315,120,Flat coupe plate,1640702621,26.88,790g,290x290x30,5450523090593,300,4057743096773,,,Copper Glow,Copper Glow,Novelties spring 2018,,,,,Copper Glow
16-4070-2650,Flat coupe plate,Villeroy & Boch,Hospitality – Crockery,£16.81,,,,DE,69111000,4070,2650,Copper Glow,6,222,250,250,95,Flat coupe plate,1640702650,18.79,361g,210x210x25,5450523090913,576,4057743096797,,,Copper Glow,Copper Glow,Novelties spring 2018,,,,,Copper Glow
16-4070-2661,Flat coupe plate,Villeroy & Boch,Hospitality – Crockery,£13.17,,,,DE,69111000,4070,2661,Copper Glow,6,121,180,170,80,Flat coupe plate,1640702661,14.73,225g,160,5450523090920,1680,4057743096803,,,Copper Glow,Copper Glow,Novelties spring 2018,,,,,Copper Glow
16-3293-2595,Flat coupe plate,Villeroy & Boch,Hospitality – Crockery,£17.95,,,,DE,69111000,3293,2595,Dune,6,368,325,330,90,Flat coupe plate,1632932595,20.07,998g,320x320x25,5450523001384,408,4057743034249,,,Dune,Dune,,,Yes,Big Buffet,,Dune
16-3293-2621,Flat coupe plate,Villeroy & Boch,Hospitality – Crockery,£13.13,,,,DE,69111000,3293,2621,Dune,6,403,315,315,120,Flat coupe plate,1632932621,14.68,835g,285x285x35,5450523025205,300,4057743034270,,,Dune,Dune,,,Yes,Big Buffet,,Dune
16-3293-2630,Flat coupe plate,Villeroy & Boch,Hospitality – Crockery,£9.94,,,,DE,69111000,3293,2630,Dune,6,222,250,250,95,Flat coupe plate,1632932630,11.12,600g,250x250x30,5450523001407,576,4057743034287,,,Dune,Dune,,,Yes,Big Buffet,,Dune
16-3293-2650,Flat coupe plate,Villeroy & Boch,Hospitality – Crockery,£7.04,,,,DE,69111000,3293,2650,Dune,6,222,250,250,95,Flat coupe plate,1632932650,7.87,380g,210x210x25,5450523019501,576,4057743034294,,,Dune,Dune,,,Yes,Big Buffet,,Dune
16-3293-2661,Flat coupe plate,Villeroy & Boch,Hospitality – Crockery,£5.75,,,,DE,69111000,3293,2661,Dune,6,121,180,170,80,Flat coupe plate,1632932661,6.43,225g,155x155x20,5450523025212,1680,4057743034324,,,Dune,Dune,,,Yes,Big Buffet,,Dune
16-3356-2595,Flat coupe plate,Villeroy & Boch,Hospitality – Crockery,£22.97,,,,DE,69111000,3356,2595,Sedona,6,368,325,330,90,Flat coupe plate,1633562595,25.68,998g,320x320x25,5450523047498,408,4057743044378,,,Sedona,Sedona,Dune,,,,,Sedona
16-3356-2621,Flat coupe plate,Villeroy & Boch,Hospitality – Crockery,£17.45,,,,DE,69111000,3356,2621,Sedona,6,403,315,315,120,Flat coupe plate,1633562621,19.52,835g,285x285x35,5450523034627,300,4057743044392,,,Sedona,Sedona,Dune,,Yes,,,Sedona
16-3356-2631,Flat coupe plate,Villeroy & Boch,Hospitality – Crockery,£12.82,,,,DE,69111000,3356,2631,Sedona,6,222,250,250,95,Flat coupe plate,1633562631,14.33,600g,250x250x30,5450523047528,576,4057743044415,,,Sedona,Sedona,Dune,,Yes,,,Sedona
16-3356-2650,Flat coupe plate,Villeroy & Boch,Hospitality – Crockery,£9.68,,,,DE,69111000,3356,2650,Sedona,6,222,250,250,95,Flat coupe plate,1633562650,10.82,380g,210x210x25,5450523047535,576,4057743044422,,,Sedona,Sedona,Dune,,Yes,,,Sedona
16-3356-2661,Flat coupe plate,Villeroy & Boch,Hospitality – Crockery,£7.26,,,,DE,69111000,3356,2661,Sedona,6,121,180,170,80,Flat coupe plate,1633562661,8.11,225g,155x155x20,5450523047559,1680,4057743044446,,,Sedona,Sedona,Dune,,Yes,,,Sedona
16-3272-2595,Flat coupe plate,Villeroy & Boch,Hospitality – Crockery,£24.67,,,,DE,69111000,3272,2595,Stella Hotel,6,368,325,330,90,Flat coupe plate,1632722595,27.58,960g,330x330x20,5450523067069,408,4057743032313,,,Stella Hotel,Stella Hotel,Stella Hotel,,,Novelties Autumn 2015,,Stella
16-3272-2601,Flat coupe plate,Villeroy & Boch,Hospitality – Crockery,£19.99,,,,DE,69111000,3272,2601,Stella Hotel,6,272,295,295,85,Flat coupe plate,1632722601,22.35,650g,290x290x20,5450523051907,528,4057743032337,,,Stella Hotel,Stella Hotel,Stella Hotel,,Yes,Novelties 2012,,Stella
16-3272-2620,Flat coupe plate,Villeroy & Boch,Hospitality – Crockery,£15.65,,,,DE,69111000,3272,2620,Stella Hotel,6,272,295,295,85,Flat coupe plate,1632722620,17.5,620g,270x270x20,5450523146856,528,4057743159270,,,Stella Hotel,Stella Hotel,Stella Hotel,,,,,Stella
16-3272-2641,Flat coupe plate,Villeroy & Boch,Hospitality – Crockery,£12.10,,,,DE,69111000,3272,2641,Stella Hotel,6,272,295,295,85,Flat coupe plate,1632722641,13.53,510g,250x250x25,5450523067045,528,4057743032368,,,Stella Hotel,Stella Hotel,Stella Hotel,,,Novelties Autumn 2015,,Stella
16-3272-2651,Flat coupe plate,Villeroy & Boch,Hospitality – Crockery,£9.27,,,,DE,69111000,3272,2651,Stella Hotel,6,191,225,225,75,Flat coupe plate,1632722651,10.36,300g,210x210x25,5450523052706,900,4057743032382,,,Stella Hotel,Stella Hotel,Stella Hotel,,Yes,Novelties Autumn 2012,,Stella
16-3272-2661,Flat coupe plate,Villeroy & Boch,Hospitality – Crockery,£7.22,,,,DE,69111000,3272,2661,Stella Hotel,6,121,180,170,80,Flat coupe plate,1632722661,8.07,180g,160x160x20,5450523052713,1680,4057743032405,,,Stella Hotel,Stella Hotel,Stella Hotel,,Yes,Novelties Autumn 2012,,Stella
16-4074-2595,Flat coupe plate,Villeroy & Boch,Hospitality – Crockery,£20.60,,,,DE,69111000,4074,2595,The Rock Black Shale,6,368,325,330,90,Flat coupe plate,1640742595,23.03,1000g,320x320x25,5450523094997,408,4057743106687,,,The Rock Black Shale,The Rock Black Shale,Novelties 2018,,,,,The Rock
16-4074-2621,Flat coupe plate,Villeroy & Boch,Hospitality – Crockery,£18.29,,,,DE,69111000,4074,2621,The Rock Black Shale,6,403,315,315,120,Flat coupe plate,1640742621,20.45,720g,285x285x35,5450523095406,300,4057743106694,,,The Rock Black Shale,The Rock Black Shale,Novelties 2018,,,,,The Rock
16-4074-2630,Flat coupe plate,Villeroy & Boch,Hospitality – Crockery,£13.99,,,,DE,69111000,4074,2630,The Rock Black Shale,6,222,250,250,95,Flat coupe plate,1640742630,15.64,600g,250x250x30,5450523095413,576,4057743106700,,,The Rock Black Shale,The Rock Black Shale,Novelties 2018,,,,,The Rock
16-4074-2650,Flat coupe plate,Villeroy & Boch,Hospitality – Crockery,£10.25,,,,DE,69111000,4074,2650,The Rock Black Shale,6,222,250,250,95,Flat coupe plate,1640742650,11.46,370g,210x210x25,5450523095420,576,4057743106717,,,The Rock Black Shale,The Rock Black Shale,Novelties 2018,,,,,The Rock
16-4074-2661,Flat coupe plate,Villeroy & Boch,Hospitality – Crockery,£7.81,,,,DE,69111000,4074,2661,The Rock Black Shale,6,121,180,170,80,Flat coupe plate,1640742661,8.74,185g,155x155x20,5450523095437,1680,4057743106724,,,The Rock Black Shale,The Rock Black Shale,Novelties 2018,,,,,The Rock
16-4077-2595,Flat coupe plate,Villeroy & Boch,Hospitality – Crockery,£20.60,,,,DE,69111000,4077,2595,The Rock White Glacier,6,368,325,330,90,Flat coupe plate,1640772595,23.03,1000g,320x320x25,5450523095611,408,4057743110295,,,The Rock White Glacier,The Rock White Glacier,Novelties 2018,,,,,The Rock
16-4077-2621,Flat coupe plate,Villeroy & Boch,Hospitality – Crockery,£18.29,,,,DE,69111000,4077,2621,The Rock White Glacier,6,403,315,315,120,Flat coupe plate,1640772621,20.45,720g,285x285x35,5450523105532,300,4057743120058,,,The Rock White Glacier,The Rock White Glacier,Novelties 2018,,,,,The Rock
16-4077-2630,Flat coupe plate,Villeroy & Boch,Hospitality – Crockery,£13.99,,,,DE,69111000,4077,2630,The Rock White Glacier,6,222,250,250,95,Flat coupe plate,1640772630,15.64,600g,250x250x30,5450523105549,576,4057743120065,,,The Rock White Glacier,The Rock White Glacier,Novelties 2018,,,,,The Rock
16-4077-2650,Flat coupe plate,Villeroy & Boch,Hospitality – Crockery,£10.25,,,,DE,69111000,4077,2650,The Rock White Glacier,6,222,250,250,95,Flat coupe plate,1640772650,11.46,368g,210x210x25,5450523105556,576,4057743120072,,,The Rock White Glacier,The Rock White Glacier,Novelties 2018,,,,,The Rock
16-4077-2661,Flat coupe plate,Villeroy & Boch,Hospitality – Crockery,£7.81,,,,DE,69111000,4077,2661,The Rock White Glacier,6,121,180,170,80,Flat coupe plate,1640772661,8.74,185g,155x155x20,5450523095642,1680,4057743111926,,,The Rock White Glacier,The Rock White Glacier,Novelties 2018,,,,,The Rock
16-4004-2525,Flat cover,Villeroy & Boch,Hospitality – Crockery,£4.38,,,,DE,69111000,4004,2525,Affinity,1,35,112,116,93,Flat cover,1640042525,4.9,163g,110,5450523054960,560,,,,Affinity,Affinity,Novelties Spring 2013,,,,,Affinity
10-2525-2697,Flat gourmet rectangular plate,Villeroy & Boch,Hospitality – Crockery,£17.67,,https://static.wixstatic.com/media/042ed7_1be376ed5779416db02907b8325bd205~mv2.png,,DE,69111000,2525,2697,NewWave,4,152,387,282,82,Flat gourmet rectangular plate,1025252697,19.76,1250g,370x250x35,4003686163430,288,4057743005461,,,NewWave,NewWave,NewWave,,,Novelties 2011,,NewWave
16-3293-3881,Flat individual bowl,Villeroy & Boch,Hospitality – Crockery,£8.37,,,,DE,69111000,3293,3881,Dune,6,115,155,155,86,Flat individual bowl,1632933881,9.36,135g,140x115x35,5450523001506,1890,4057743034409,,0.08,Dune,Dune,,,,,,Dune
16-3356-3881,Flat individual bowl,Villeroy & Boch,Hospitality – Crockery,£10.46,,,,DE,69111000,3356,3881,Sedona,6,115,155,155,86,Flat individual bowl,1633563881,11.69,135g,140x115x35,5450523047696,1890,4057743044637,,0.1,Sedona,Sedona,Dune,,,,,Sedona
16-2040-3975,Flat individual bowl,Villeroy & Boch,Hospitality – Crockery,£3.25,,,,DE,69111000,2040,3975,Universal,6,121,290,165,83,Flat individual bowl,1620403975,3.64,57g,65x65x30,5450102357758,864,4057743024219,,0.06,Universal,Universal,white,,,,,Universal
16-4090-2598,Flat oval coupe plate,Villeroy & Boch,Hospitality – Crockery,£20.61,,,,DE,69111000,4090,2598,Stella Cosmo,6,272,295,295,85,Flat oval coupe plate,1640902598,23.04,640g,340x225x20,5450523147105,528,4057743159423,,,Stella Cosmo,Stella Cosmo,Stella Cosmo,,,Novelties 2020,,Stella
16-4090-2731,Flat oval coupe plate,Villeroy & Boch,Hospitality – Crockery,£11.91,,,,DE,69111000,4090,2731,Stella Cosmo,6,152,322,220,82,Flat oval coupe plate,1640902731,13.31,368g,260x180x20,5450523147143,708,4057743159461,,,Stella Cosmo,Stella Cosmo,Stella Cosmo,,,Novelties 2020,,Stella
16-4004-2590,Flat plate,Villeroy & Boch,Hospitality – Crockery,£12.68,,,,DE,69111000,4004,2590,Affinity,4,368,325,330,90,Flat plate,1640042590,14.17,1030g,315,5450523055028,272,4057743046679,,,Affinity,Affinity,Novelties Spring 2013,,,,,Affinity
16-4004-2600,Flat plate,Villeroy & Boch,Hospitality – Crockery,£10.04,,,,DE,69111000,4004,2600,Affinity,6,368,325,330,90,Flat plate,1640042600,11.23,844g,295,5450523054601,408,4057743046693,,,Affinity,Affinity,Novelties Spring 2013,,Yes,,,Affinity
16-4004-2610,Flat plate,Villeroy & Boch,Hospitality – Crockery,£9.57,,,,DE,69111000,4004,2610,Affinity,6,272,295,295,85,Flat plate,1640042610,10.7,710g,285,5450523061524,528,4057743046709,,,Affinity,Affinity,Novelties Spring 2014,,,,,Affinity
16-4004-2620,Flat plate,Villeroy & Boch,Hospitality – Crockery,£8.81,,,,DE,69111000,4004,2620,Affinity,6,272,295,295,85,Flat plate,1640042620,9.86,708g,270,5450523054618,528,4057743046716,,,Affinity,Affinity,Novelties Spring 2013,,Yes,,,Affinity
16-4004-2630,Flat plate,Villeroy & Boch,Hospitality – Crockery,£7.11,,,,DE,69111000,4004,2630,Affinity,6,222,250,250,95,Flat plate,1640042630,7.95,555g,240,5450523054625,576,4057743046723,,,Affinity,Affinity,Novelties Spring 2013,,Yes,,,Affinity
16-4004-2640,Flat plate,Villeroy & Boch,Hospitality – Crockery,£5.25,,,,DE,69111000,4004,2640,Affinity,6,194,225,230,95,Flat plate,1640042640,5.87,397g,210,5450523054632,810,4057743046730,,,Affinity,Affinity,Novelties Spring 2013,,Yes,,,Affinity
16-4004-2660,Flat plate,Villeroy & Boch,Hospitality – Crockery,£4.05,,,,DE,69111000,4004,2660,Affinity,6,140,185,185,95,Flat plate,1640042660,4.53,217g,160,5450523054649,1152,4057743046747,,,Affinity,Affinity,Novelties Spring 2013,,Yes,,,Affinity
10-4293-2600,Flat plate,Villeroy & Boch,Hospitality – Crockery,£13.08,,,,DE,69111000,4293,2600,Afina,4,272,295,295,85,Flat plate,1042932600,14.62,940g,290x290x25,4003686436350,352,4057743189208,,,Afina,Afina,Novelties 2024,,,,,Afina
10-4293-2620,Flat plate,Villeroy & Boch,Hospitality – Crockery,£11.61,,https://static.wixstatic.com/media/042ed7_f455ee2c23624c8a92011e70e258b19b~mv2.png,,DE,69111000,4293,2620,Afina,6,219,290,290,98,Flat plate,1042932620,12.99,766g,270x270x30,4003686436176,480,4057743183787,,,Afina,Afina,Novelties 2024,,,,,Afina
10-4293-2630,Flat plate,Villeroy & Boch,Hospitality – Crockery,£9.58,,,,DE,69111000,4293,2630,Afina,6,222,250,250,95,Flat plate,1042932630,10.71,598g,240x240x25,4003686436367,576,4057743183909,,,Afina,Afina,Novelties 2024,,,,,Afina
10-4293-2640,Flat plate,Villeroy & Boch,Hospitality – Crockery,£8.13,,https://static.wixstatic.com/media/042ed7_3a47efd2866b424a8b61c01f81d91e27~mv2.png,,DE,69111000,4293,2640,Afina,6,222,250,250,95,Flat plate,1042932640,9.09,490g,220x220x25,4003686436183,576,4057743183794,,,Afina,Afina,Novelties 2024,,,,,Afina
10-4653-2630,Flat plate,Villeroy & Boch,Hospitality – Crockery,£17.97,,https://static.wixstatic.com/media/042ed7_1ade983b419244cbb6fae049848ce7b3~mv2.png,,DE,69111000,4653,2630,Anmut Gold,6,271,295,295,85,Flat plate,1046532630,20.09,617g,277x277x18,4003686375949,528,4057743155340,,,Anmut Gold,Anmut Gold,Anmut Gold,,,,,Anmut
10-4653-2810,Flat plate,Villeroy & Boch,Hospitality – Crockery,£51.99,,https://static.wixstatic.com/media/042ed7_a4114fe5a1fe492db60fd6cd5463458a~mv2.png,,DE,69111000,4653,2810,Anmut Gold,1,145,347,350,41,Flat plate,1046532810,58.13,955g,335x335x25,4003686375956,132,,,,Anmut Gold,Anmut Gold,Anmut Gold,,,,,Anmut
10-4636-2630,Flat plate,Villeroy & Boch,Hospitality – Crockery,£17.97,,https://static.wixstatic.com/media/042ed7_cbe72ea02daa47d8a6b5a83845cc98f9~mv2.png,,DE,69111000,4636,2630,Anmut Platinum No.1,6,271,295,295,85,Flat plate,1046362630,20.09,617g,277x277x18,4003683397043,528,4057743014388,,,Anmut Platinum No.1,Anmut Platinum No.1,Anmut Platinum No.1,,,,,Anmut
10-4636-2810,Flat plate,Villeroy & Boch,Hospitality – Crockery,£51.99,,https://static.wixstatic.com/media/042ed7_6fb479f15a0941048488f72c7f3779c5~mv2.png,,DE,69111000,4636,2810,Anmut Platinum No.1,1,150,351,345,42,Flat plate,1046362810,58.13,955g,335x335x25,4003683397074,132,,,,Anmut Platinum No.1,Anmut Platinum No.1,Anmut Platinum No.1,,,,,Anmut
16-2238-2600,Flat plate,Villeroy & Boch,Hospitality – Crockery,£10.21,,,,DE,69111000,2238,2600,Bella,6,272,295,295,85,Flat plate,1622382600,11.41,805g,290,5450102372898,528,4057743031590,,,Bella,Bella,,,,,,Bella
16-2238-2620,Flat plate,Villeroy & Boch,Hospitality – Crockery,£8.68,,,,DE,69111000,2238,2620,Bella,6,272,295,295,85,Flat plate,1622382620,9.71,665g,270,5450102372904,528,4057743031606,,,Bella,Bella,,,,,,Bella
16-2238-2630,Flat plate,Villeroy & Boch,Hospitality – Crockery,£7.55,,,,DE,69111000,2238,2630,Bella,6,222,250,250,95,Flat plate,1622382630,8.44,478g,240,5450102372911,576,4057743031613,,,Bella,Bella,,,,,,Bella
16-2238-2640,Flat plate,Villeroy & Boch,Hospitality – Crockery,£5.62,,,,DE,69111000,2238,2640,Bella,6,191,225,225,75,Flat plate,1622382640,6.28,379g,210,5450102372928,900,4057743031620,,,Bella,Bella,,,,,,Bella
16-2238-2660,Flat plate,Villeroy & Boch,Hospitality – Crockery,£4.38,,,,DE,69111000,2238,2660,Bella,6,140,185,185,95,Flat plate,1622382660,4.9,199g,160,5450102372935,1152,4057743031637,,,Bella,Bella,,,,,,Bella
16-2238-2800,Flat plate,Villeroy & Boch,Hospitality – Crockery,£13.75,,,,DE,69111000,2238,2800,Bella,6,368,325,330,90,Flat plate,1622382800,15.38,997g,320,5450102372959,408,4057743031668,,,Bella,Bella,,,,,,Bella
10-4661-2600,Flat plate,Villeroy & Boch,Hospitality – Crockery,£31.57,,https://static.wixstatic.com/media/042ed7_fe48cc17caa64271b7a6b81eea028541~mv2.png,,DE,69111000,4661,2600,Château Septfontaines,6,176,295,285,80,Flat plate,1046612600,35.31,698g,290x290x20,4003686403093,528,4057743167862,,,Château Septfontaines,Château Septfontaines,Novelties 2021,,,,,Chateau Septfontaines
10-4661-2630,Flat plate,Villeroy & Boch,Hospitality – Crockery,£24.46,,https://static.wixstatic.com/media/042ed7_88ffdcea9a5f446e89423c9420e8d1b9~mv2.png,,DE,69111000,4661,2630,Château Septfontaines,6,266,295,295,85,Flat plate,1046612630,27.36,654g,275x275x20,4003686403109,528,4057743167879,,,Château Septfontaines,Château Septfontaines,Novelties 2021,,,,,Chateau Septfontaines
10-4661-2640,Flat plate,Villeroy & Boch,Hospitality – Crockery,£18.92,,https://static.wixstatic.com/media/042ed7_36f30d15e3d44771bf0492bde4530eef~mv2.png,,DE,69111000,4661,2640,Château Septfontaines,6,218,250,250,95,Flat plate,1046612640,21.16,453g,245x245x15,4003686403116,576,4057743167886,,,Château Septfontaines,Château Septfontaines,Novelties 2021,,,,,Chateau Septfontaines
10-4661-2650,Flat plate,Villeroy & Boch,Hospitality – Crockery,£16.30,,https://static.wixstatic.com/media/042ed7_26e6bb6d179146eead79ec9e82468c2c~mv2.png,,DE,69111000,4661,2650,Château Septfontaines,6,170,225,225,75,Flat plate,1046612650,18.22,391g,225x225x15,4003686403123,900,4057743167893,,,Château Septfontaines,Château Septfontaines,Novelties 2021,,,,,Chateau Septfontaines
10-4661-2660,Flat plate,Villeroy & Boch,Hospitality – Crockery,£12.14,,https://static.wixstatic.com/media/042ed7_85487a821f194f2a840b7d183a930789~mv2.png,,DE,69111000,4661,2660,Château Septfontaines,6,108,180,170,80,Flat plate,1046612660,13.57,168g,165x165x15,4003686403130,1680,4057743167909,,,Château Septfontaines,Château Septfontaines,Novelties 2021,,,,,Chateau Septfontaines
10-4661-2810,Flat plate,Villeroy & Boch,Hospitality – Crockery,£40.71,,https://static.wixstatic.com/media/042ed7_9e1e5a5885a24cef978550a6cbbe99b9~mv2.png,,DE,69111000,4661,2810,Château Septfontaines,1,150,351,345,42,Flat plate,1046612810,45.52,994g,335x335x25,4003686403178,132,,,,Château Septfontaines,Château Septfontaines,Novelties 2021,,,,,Chateau Septfontaines
16-2016-2600,Flat plate,Villeroy & Boch,Hospitality – Crockery,£12.31,,,,DE,69111000,2016,2600,Corpo,6,272,295,295,85,Flat plate,1620162600,13.77,746g,290,5450102264131,528,4057743023694,,,Corpo,Corpo,white,,Yes,,,Corpo
16-2016-2620,Flat plate,Villeroy & Boch,Hospitality – Crockery,£10.47,,,,DE,69111000,2016,2620,Corpo,6,272,295,295,85,Flat plate,1620162620,11.72,594g,270,5450102264148,528,4057743023700,,,Corpo,Corpo,white,,Yes,,,Corpo
16-2016-2630,Flat plate,Villeroy & Boch,Hospitality – Crockery,£8.68,,,,DE,69111000,2016,2630,Corpo,6,222,250,250,95,Flat plate,1620162630,9.71,490g,240,5450102264155,576,4057743023717,,,Corpo,Corpo,white,,Yes,,,Corpo
16-2016-2640,Flat plate,Villeroy & Boch,Hospitality – Crockery,£6.55,,,,DE,69111000,2016,2640,Corpo,6,191,225,225,75,Flat plate,1620162640,7.32,381g,210,5450102264162,900,4057743023724,,,Corpo,Corpo,white,,Yes,,,Corpo
16-2016-2660,Flat plate,Villeroy & Boch,Hospitality – Crockery,£5.07,,,,DE,69111000,2016,2660,Corpo,6,121,180,170,80,Flat plate,1620162660,5.68,217g,160,5450102264179,1680,4057743023731,,,Corpo,Corpo,white,,Yes,,,Corpo
16-2016-2800,Flat plate,Villeroy & Boch,Hospitality – Crockery,£16.16,,,,DE,69111000,2016,2800,Corpo,6,368,325,330,90,Flat plate,1620162800,18.06,913g,320,5450102264216,408,4057743023762,,,Corpo,Corpo,white,,,,,Corpo
19-5167-2610,Flat plate,Villeroy & Boch,Hospitality – Crockery,£10.50,,https://static.wixstatic.com/media/042ed7_e096a9088d4d4a26821ea10c2ae370c1~mv2.png,,TH,69111000,5167,2610,Crafted Breeze,6,260,280,275,105,Flat plate,1951672610,11.74,880g,260x260x20,4003686396869,432,4057743164595,,,Crafted Breeze,Crafted Breeze,Novelties 2020,,,,,Crafted
19-5167-2620,Flat plate,Villeroy & Boch,Hospitality – Crockery,£12.60,,https://static.wixstatic.com/media/042ed7_dcfcb763a5644e85b49a8597d21beaab~mv2.png,,TH,69111000,5167,2620,Crafted Breeze,6,355,290,290,110,Flat plate,1951672620,14.09,1090g,290x290x30,4003686430044,288,4057743180540,,,Crafted Breeze,Crafted Breeze,Novelties 2023,,,,,Crafted
19-5167-2640,Flat plate,Villeroy & Boch,Hospitality – Crockery,£8.06,,https://static.wixstatic.com/media/042ed7_9db3f0d71d3e44a59f96838679579d8b~mv2.png,,TH,69111000,5167,2640,Crafted Breeze,6,180,220,220,90,Flat plate,1951672640,9.01,510g,210x210x20,4003686397040,810,4057743164779,,,Crafted Breeze,Crafted Breeze,Novelties 2020,,,,,Crafted
19-5183-2610,Flat plate,Villeroy & Boch,Hospitality – Crockery,£10.50,,https://static.wixstatic.com/media/042ed7_365fa52e73724f6191c1e00d009a521f~mv2.png,,TH,69111000,5183,2610,Crafted Cotton,6,255,270,270,100,Flat plate,1951832610,11.74,915g,260x260x20,4003686437562,432,4057743184920,,,Crafted Cotton,Crafted Cotton,Novelties 2024,,,,,Crafted
19-5183-2640,Flat plate,Villeroy & Boch,Hospitality – Crockery,£8.06,,https://static.wixstatic.com/media/042ed7_a8afbbb570dd41b4b077db062fedcf45~mv2.png,,TH,69111000,5183,2640,Crafted Cotton,6,180,220,220,90,Flat plate,1951832640,9.01,545g,210x210x20,4003686437586,810,4057743184944,,,Crafted Cotton,Crafted Cotton,Novelties 2024,,,,,Crafted
19-5168-2610,Flat plate,Villeroy & Boch,Hospitality – Crockery,£10.50,,https://static.wixstatic.com/media/042ed7_852d5ea7df4d434fb965a8defafc3653~mv2.png,,TH,69111000,5168,2610,Crafted Denim,6,260,280,275,105,Flat plate,1951682610,11.74,885g,260x260x20,4003686397606,432,4057743164175,,,Crafted Denim,Crafted Denim,Novelties 2020,,,,,Crafted
19-5168-2620,Flat plate,Villeroy & Boch,Hospitality – Crockery,£12.60,,https://static.wixstatic.com/media/042ed7_d4f255bf88f042d7a3b16890b752afe3~mv2.png,,TH,69111000,5168,2620,Crafted Denim,6,355,290,290,110,Flat plate,1951682620,14.09,1090g,290x290x30,4003686430082,288,4057743180588,,,Crafted Denim,Crafted Denim,Novelties 2023,,,,,Crafted
19-5168-2640,Flat plate,Villeroy & Boch,Hospitality – Crockery,£8.06,,https://static.wixstatic.com/media/042ed7_ab30eec4a290404a96ffc05b2fa43203~mv2.png,,TH,69111000,5168,2640,Crafted Denim,6,180,220,220,90,Flat plate,1951682640,9.01,510g,210x210x20,4003686397682,810,4057743165455,,,Crafted Denim,Crafted Denim,Novelties 2020,,,,,Crafted
16-3293-2590,Flat plate,Villeroy & Boch,Hospitality – Crockery,£17.95,,,,DE,69111000,3293,2590,Dune,6,368,325,330,90,Flat plate,1632932590,20.07,1006g,320,5450523043506,408,4057743034225,,,Dune,Dune,Novelties Autumn 2008,,Yes,,,Dune
16-3293-2600,Flat plate,Villeroy & Boch,Hospitality – Crockery,£13.13,,,,DE,69111000,3293,2600,Dune,6,403,315,315,120,Flat plate,1632932600,14.68,925g,290,5450523001391,300,4057743034256,,,Dune,Dune,,,,,,Dune
16-3293-2610,Flat plate,Villeroy & Boch,Hospitality – Crockery,£11.06,,,,DE,69111000,3293,2610,Dune,6,272,295,295,85,Flat plate,1632932610,12.36,650g,270,5450523051662,528,4057743034263,,,Dune,Dune,Novelties 2012,,Yes,,,Dune
16-3293-2655,Flat plate,Villeroy & Boch,Hospitality – Crockery,£6.20,,,,DE,69111000,3293,2655,Dune,6,108,205,205,115,Flat plate,1632932655,6.94,320g,185,5450523069322,774,4057743034300,,,Dune,Dune,LE 2016,,Yes,,,Dune
16-3293-2660,Flat plate,Villeroy & Boch,Hospitality – Crockery,£5.75,,,,DE,69111000,3293,2660,Dune,6,140,185,185,95,Flat plate,1632932660,6.43,198g,160,5450523001414,1152,4057743034317,,,Dune,Dune,,,Yes,,,Dune
16-2155-2600,Flat plate,Villeroy & Boch,Hospitality – Crockery,£10.41,,,,DE,69111000,2155,2600,Easy,6,272,295,295,85,Flat plate,1621552600,11.64,718g,290,5450102345939,528,4057743027135,,,Easy,Easy,white,,Yes,,,Easy
16-2155-2620,Flat plate,Villeroy & Boch,Hospitality – Crockery,£8.86,,,,DE,69111000,2155,2620,Easy,6,272,295,295,85,Flat plate,1621552620,9.9,596g,270,5450102345946,528,4057743027142,,,Easy,Easy,white,,Yes,,,Easy
16-2155-2630,Flat plate,Villeroy & Boch,Hospitality – Crockery,£7.66,,,,DE,69111000,2155,2630,Easy,6,222,250,250,95,Flat plate,1621552630,8.57,460g,240,5450102345953,576,4057743027159,,,Easy,Easy,white,,Yes,,,Easy
16-2155-2640,Flat plate,Villeroy & Boch,Hospitality – Crockery,£5.62,,,,DE,69111000,2155,2640,Easy,6,191,225,225,75,Flat plate,1621552640,6.28,367g,210,5450102345960,900,4057743027166,,,Easy,Easy,white,,Yes,,,Easy
16-2155-2660,Flat plate,Villeroy & Boch,Hospitality – Crockery,£4.38,,,,DE,69111000,2155,2660,Easy,6,140,185,185,95,Flat plate,1621552660,4.9,192g,160,5450102345977,1152,4057743027173,,,Easy,Easy,white,,Yes,,,Easy
16-2155-2800,Flat plate,Villeroy & Boch,Hospitality – Crockery,£14.03,,,,DE,69111000,2155,2800,Easy,6,368,325,330,90,Flat plate,1621552800,15.69,902g,320,5450102346011,408,4057743027210,,,Easy,Easy,white,,,,,Easy
10-3420-2620,Flat plate,Villeroy & Boch,Hospitality – Crockery,£14.62,,https://static.wixstatic.com/media/042ed7_680e28b3b92849399a94f0af46b64199~mv2.png,,DE,69111000,3420,2620,Flow,6,219,290,290,98,Flat plate,1034202620,16.35,825g,280x270,4003683349639,480,4057743006307,,,Flow,Flow,Flow,,,,,Flow
10-3420-2640,Flat plate,Villeroy & Boch,Hospitality – Crockery,£9.93,,https://static.wixstatic.com/media/042ed7_b351ef2a87ba4784a1674673dee2ee02~mv2.png,,DE,69111000,3420,2640,Flow,6,194,225,230,95,Flat plate,1034202640,11.1,450g,230x220,4003683349646,810,4057743006314,,,Flow,Flow,Flow,,,,,Flow
10-3420-2660,Flat plate,Villeroy & Boch,Hospitality – Crockery,£7.74,,https://static.wixstatic.com/media/042ed7_97e79c5290734c69bfef14db3213bcb5~mv2.png,,DE,69111000,3420,2660,Flow,6,194,225,230,95,Flat plate,1034202660,8.65,325g,200x170,4003683349653,810,4057743006321,,,Flow,Flow,Flow,,,,,Flow
10-4392-2630,Flat plate,Villeroy & Boch,Hospitality – Crockery,£28.03,,https://static.wixstatic.com/media/042ed7_55e7521955ee46e5946d27b9e45f4625~mv2.png,,DE,69111000,4392,2630,Gray Pearl,6,272,295,295,85,Flat plate,1043922630,31.35,592g,270x270x17,4003683201395,528,4057743011783,,,Gray Pearl,Gray Pearl,Gray Pearl,,,,,Gray Pearl
10-4390-2630,Flat plate,Villeroy & Boch,Hospitality – Crockery,£34.71,,https://static.wixstatic.com/media/042ed7_1f997a3a3b94489d93a815dab225aacb~mv2.png,,DE,69111000,4390,2630,Ivoire,6,271,295,295,85,Flat plate,1043902630,38.81,592g,270x270x17,4003686131767,528,4057743011653,,,Ivoire,Ivoire,Ivoire,,,,,Ivoire
16-3318-2600,Flat plate,Villeroy & Boch,Hospitality – Crockery,£11.73,,,,DE,69111000,3318,2600,La Scala,6,219,290,290,98,Flat plate,1633182600,13.11,712g,290,5450523018429,480,4057743036649,,,La Scala,La Scala,white,,Yes,,,La Scala
16-3318-2620,Flat plate,Villeroy & Boch,Hospitality – Crockery,£9.90,,,,DE,69111000,3318,2620,La Scala,6,272,295,295,85,Flat plate,1633182620,11.07,563g,270,5450523018450,528,4057743036656,,,La Scala,La Scala,white,,Yes,,,La Scala
16-3318-2630,Flat plate,Villeroy & Boch,Hospitality – Crockery,£8.27,,,,DE,69111000,3318,2630,La Scala,6,222,250,250,95,Flat plate,1633182630,9.26,439g,240,5450523018474,576,4057743036663,,,La Scala,La Scala,white,,Yes,,,La Scala
16-3318-2640,Flat plate,Villeroy & Boch,Hospitality – Crockery,£6.09,,,,DE,69111000,3318,2640,La Scala,6,191,225,225,75,Flat plate,1633182640,6.81,341g,210,5450523018498,900,4057743036670,,,La Scala,La Scala,white,,Yes,,,La Scala
16-3318-2660,Flat plate,Villeroy & Boch,Hospitality – Crockery,£4.79,,,,DE,69111000,3318,2660,La Scala,6,121,180,170,80,Flat plate,1633182660,5.36,200g,160,5450523018801,1680,4057743036687,,,La Scala,La Scala,white,,Yes,,,La Scala
16-3318-2800,Flat plate,Villeroy & Boch,Hospitality – Crockery,£15.18,,,,DE,69111000,3318,2800,La Scala,6,368,325,330,90,Flat plate,1633182800,16.97,891g,320,5450523018856,408,4057743036748,,,La Scala,La Scala,white,,,,,La Scala
16-3275-2630,Flat plate,Villeroy & Boch,Hospitality – Crockery,£9.59,,,,DE,69111000,3275,2630,Marchesi,6,272,295,295,85,Flat plate,1632752630,10.72,520g,250,5450523039707,528,4057743032719,,,Marchesi,Marchesi,white,,,,,Marchesi
16-3275-2660,Flat plate,Villeroy & Boch,Hospitality – Crockery,£5.55,,,,DE,69111000,3275,2660,Marchesi,6,140,185,185,95,Flat plate,1632752660,6.21,225g,170,5450523039714,1152,4057743032726,,,Marchesi,Marchesi,white,,Yes,,,Marchesi
16-3275-2795,Flat plate,Villeroy & Boch,Hospitality – Crockery,£13.13,,,,DE,69111000,3275,2795,Marchesi,6,219,290,290,98,Flat plate,1632752795,14.68,852g,290/145x50,5450102384693,480,4057743032757,,,Marchesi,Marchesi,white,,Yes,,,Marchesi
16-3275-2796,Flat plate,Villeroy & Boch,Hospitality – Crockery,£13.13,,,,DE,69111000,3275,2796,Marchesi,6,272,295,295,85,Flat plate,1632752796,14.68,772g,290/180,5450102384709,528,4057743032764,,,Marchesi,Marchesi,white,,Yes,,,Marchesi
16-3275-2797,Flat plate,Villeroy & Boch,Hospitality – Crockery,£13.13,,,,DE,69111000,3275,2797,Marchesi,6,272,295,295,85,Flat plate,1632752797,14.68,748g,290/220,5450102384716,528,4057743032771,,,Marchesi,Marchesi,white,,,,,Marchesi
10-4652-2620,Flat plate,Villeroy & Boch,Hospitality – Crockery,£41.30,,https://static.wixstatic.com/media/042ed7_78cbfb0fbce8437ba5898d8704c8c01a~mv2.png,,DE,69111000,4652,2620,MetroChic,6,266,295,295,85,Flat plate,1046522620,46.17,588g,270x270x20,4003686365414,528,4057743110219,,,MetroChic,MetroChic,MetroChic,,,,,MetroChic
10-4654-2620,Flat plate,Villeroy & Boch,Hospitality – Crockery,£17.09,,https://static.wixstatic.com/media/042ed7_dcdde3fe365841e29275c26edf074bc3~mv2.png,,DE,69111000,4654,2620,MetroChic blanc,6,272,295,295,85,Flat plate,1046542620,19.11,588g,270x270x20,4003686376403,528,4057743155715,,,MetroChic blanc,MetroChic blanc,MetroChic blanc,,,,,MetroChic
10-4510-2600,Flat plate,Villeroy & Boch,Hospitality – Crockery,£23.90,,https://static.wixstatic.com/media/042ed7_eec173e7a40540109ffe3a027ddafa2a~mv2.png,,DE,69111000,4510,2600,Modern Grace,1,212,350,350,20,Flat plate,1045102600,26.72,1000g,310x310x21,4003686154742,196,,,,Modern Grace,Modern Grace,Novelties 2010,,,,,Modern Grace
10-4510-2610,Flat plate,Villeroy & Boch,Hospitality – Crockery,£18.24,,https://static.wixstatic.com/media/042ed7_459a13a3ecce4639b3a55b553efd6d0f~mv2.png,,DE,69111000,4510,2610,Modern Grace,6,272,295,295,85,Flat plate,1045102610,20.39,735g,270x270x25,4003683481735,528,4057743001838,,,Modern Grace,Modern Grace,Novelties 2010,,,,,Modern Grace
10-4510-2640,Flat plate,Villeroy & Boch,Hospitality – Crockery,£15.30,,https://static.wixstatic.com/media/042ed7_f653792bdcdc47658ba950106537e3bc~mv2.png,,DE,69111000,4510,2640,Modern Grace,6,222,250,250,95,Flat plate,1045102640,17.11,507g,230x230x20,4003683481742,576,4057743012742,,,Modern Grace,Modern Grace,Novelties 2010,,,,,Modern Grace
10-4510-2660,Flat plate,Villeroy & Boch,Hospitality – Crockery,£7.74,,https://static.wixstatic.com/media/042ed7_74e44e0a18704dfba598f9ecb58dec73~mv2.png,,DE,69111000,4510,2660,Modern Grace,6,121,180,170,80,Flat plate,1045102660,8.66,200g,160x160x16,4003686181106,1680,4057743012759,,,Modern Grace,Modern Grace,Novelties Autumn 2012,,,,,Modern Grace
10-4264-2601,Flat plate,Villeroy & Boch,Hospitality – Crockery,£14.71,,https://static.wixstatic.com/media/042ed7_7e50f429e37344cf8aba64a762fe8b8b~mv2.png,,DE,69111000,4264,2601,NewMoon,6,403,315,315,120,Flat plate,1042642601,16.45,786g,290x290x25,4003686408272,300,4057743170329,,,NewMoon,NewMoon,Novelties 2020,,,Novelties 2020,,NewMoon
10-4264-2620,Flat plate,Villeroy & Boch,Hospitality – Crockery,£12.24,,https://static.wixstatic.com/media/042ed7_cf6104739a1f4d50afffb2bd9f582b5a~mv2.png,,DE,69111000,4264,2620,NewMoon,6,272,295,295,85,Flat plate,1042642620,13.69,674g,270x270x25,4003686386518,528,4057743160399,,,NewMoon,NewMoon,Novelties 2020,,,Novelties 2020,,NewMoon
10-4264-2640,Flat plate,Villeroy & Boch,Hospitality – Crockery,£10.79,,https://static.wixstatic.com/media/042ed7_f37aaf77cb4e4e1a833337705c32376f~mv2.png,,DE,69111000,4264,2640,NewMoon,6,222,250,250,95,Flat plate,1042642640,12.06,554g,240x240x25,4003686386525,576,4057743160801,,,NewMoon,NewMoon,Novelties 2020,,,Novelties 2020,,NewMoon
10-4264-2660,Flat plate,Villeroy & Boch,Hospitality – Crockery,£6.06,,https://static.wixstatic.com/media/042ed7_b16cb0d8f01c4212aef2c004e13093dd~mv2.png,,DE,69111000,4264,2660,NewMoon,6,121,180,170,80,Flat plate,1042642660,6.77,214g,160x160x20,4003686386532,1680,4057743160818,,,NewMoon,NewMoon,Novelties 2020,,,Novelties 2020,,NewMoon
10-4264-2680,Flat plate,Villeroy & Boch,Hospitality – Crockery,£16.34,,https://static.wixstatic.com/media/042ed7_a5d174aecb0e45a5a77d2dca40717c5e~mv2.png,,DE,69111000,4264,2680,NewMoon,1,138,360,355,30,Flat plate,1042642680,18.27,986g,320x320x25,4003686386501,196,,,,NewMoon,NewMoon,Novelties 2020,,,Novelties 2020,,NewMoon
10-4291-2601,Flat plate,Villeroy & Boch,Hospitality – Crockery,£14.71,,https://static.wixstatic.com/media/042ed7_40b2032e59a04a63a0045d0246f23e44~mv2.png,,DE,69111000,4291,2601,NewMoon Beige,6,403,315,315,120,Flat plate,1042912601,16.45,791g,290x290x25,4003686429925,300,4057743180731,,,NewMoon Beige,NewMoon Beige,Novelties 2023,,,,,NewMoon
10-4291-2620,Flat plate,Villeroy & Boch,Hospitality – Crockery,£12.24,,https://static.wixstatic.com/media/042ed7_41e843f358504006b353e1ac4a463416~mv2.png,,DE,69111000,4291,2620,NewMoon Beige,6,272,295,295,85,Flat plate,1042912620,13.69,686g,270x270x25,4003686429864,528,4057743180182,,,NewMoon Beige,NewMoon Beige,Novelties 2023,,,,,NewMoon
10-4291-2640,Flat plate,Villeroy & Boch,Hospitality – Crockery,£10.79,,https://static.wixstatic.com/media/042ed7_d67e8f21da3e4186a131c9fce781b808~mv2.png,,DE,69111000,4291,2640,NewMoon Beige,6,222,250,250,95,Flat plate,1042912640,12.06,517g,240x240x25,4003686429871,576,4057743180199,,,NewMoon Beige,NewMoon Beige,Novelties 2023,,,,,NewMoon
10-4291-2660,Flat plate,Villeroy & Boch,Hospitality – Crockery,£6.06,,https://static.wixstatic.com/media/042ed7_033187f817cf422d9d65ee9c9613e9fb~mv2.png,,DE,69111000,4291,2660,NewMoon Beige,6,121,180,170,80,Flat plate,1042912660,6.77,214g,160x160x20,4003686429918,1680,4057743180724,,,NewMoon Beige,NewMoon Beige,Novelties 2023,,,,,NewMoon
19-5174-2610,Flat plate,Villeroy & Boch,Hospitality – Crockery,£12.64,,https://static.wixstatic.com/media/042ed7_f28d8c0ba521450a929080ca0cdfc365~mv2.png,,DE,69111000,5174,2610,Perlemor Alga,6,219,290,290,98,Flat plate,1951742610,14.13,826g,270x270x30,4003686412446,480,4057743174808,,,Perlemor Alga,Perlemor Alga,Novelties 2024,,,,,Perlemor
19-5172-2610,Flat plate,Villeroy & Boch,Hospitality – Crockery,£12.64,,https://static.wixstatic.com/media/042ed7_bf06023dfff348bf83077371093de7a0~mv2.png,,DE,69111000,5172,2610,Perlemor Sand,6,219,290,290,98,Flat plate,1951722610,14.13,826g,270x270x30,4003686410787,480,4057743173689,,,Perlemor Sand,Perlemor Sand,Novelties 2023,,,,,Perlemor
19-5172-2621,Flat plate,Villeroy & Boch,Hospitality – Crockery,£14.89,,https://static.wixstatic.com/media/042ed7_5f97b4b86f01494c8fa82059c92d9b70~mv2.png,,DE,69111000,5172,2621,Perlemor Sand,1,118,310,310,55,Flat plate,1951722621,16.65,995g,290x290x30,4003686456297,128,,,,Perlemor Sand,Perlemor Sand,Novelties 2025,NEW,,,,Perlemor
19-5172-2661,Flat plate,Villeroy & Boch,Hospitality – Crockery,£7.93,,https://static.wixstatic.com/media/042ed7_044f9d35d791471e9979ed003a262629~mv2.png,,DE,69111000,5172,2661,Perlemor Sand,6,140,185,185,95,Flat plate,1951722661,8.87,243g,160x160x30,4003686456303,1152,4057743195995,,,Perlemor Sand,Perlemor Sand,Novelties 2025,NEW,,,,Perlemor
16-3356-2590,Flat plate,Villeroy & Boch,Hospitality – Crockery,£22.97,,,,DE,69111000,3356,2590,Sedona,6,368,325,330,90,Flat plate,1633562590,25.68,1006g,320,5450523047481,408,4057743044361,,,Sedona,Sedona,Dune,,,,,Sedona
16-3356-2600,Flat plate,Villeroy & Boch,Hospitality – Crockery,£17.45,,,,DE,69111000,3356,2600,Sedona,6,403,315,315,120,Flat plate,1633562600,19.52,925g,290,5450523047504,300,4057743044385,,,Sedona,Sedona,Dune,,,,,Sedona
16-3356-2630,Flat plate,Villeroy & Boch,Hospitality – Crockery,£12.28,,,,DE,69111000,3356,2630,Sedona,6,272,295,295,85,Flat plate,1633562630,13.73,520g,250,5450523047511,528,4057743044408,,,Sedona,Sedona,Marchesi,,,,,Sedona
16-3356-2660,Flat plate,Villeroy & Boch,Hospitality – Crockery,£7.26,,,,DE,69111000,3356,2660,Sedona,6,140,185,185,95,Flat plate,1633562660,8.11,198g,160,5450523047542,1152,4057743044439,,,Sedona,Sedona,Dune,,,,,Sedona
16-3356-2665,Flat plate,Villeroy & Boch,Hospitality – Crockery,£7.60,,,,DE,69111000,3356,2665,Sedona,6,140,185,185,95,Flat plate,1633562665,8.5,225g,170,5450523047566,1152,4057743044453,,,Sedona,Sedona,Marchesi,,,,,Sedona
16-3356-2795,Flat plate,Villeroy & Boch,Hospitality – Crockery,£18.05,,,,DE,69111000,3356,2795,Sedona,6,219,290,290,98,Flat plate,1633562795,20.18,852g,290/145,5450523034597,480,4057743044514,,,Sedona,Sedona,Marchesi,,,,,Sedona
16-3356-2796,Flat plate,Villeroy & Boch,Hospitality – Crockery,£17.71,,,,DE,69111000,3356,2796,Sedona,6,272,295,295,85,Flat plate,1633562796,19.8,772g,290/180,5450523034603,528,4057743044521,,,Sedona,Sedona,Marchesi,,,,,Sedona
16-3356-2797,Flat plate,Villeroy & Boch,Hospitality – Crockery,£18.05,,,,DE,69111000,3356,2797,Sedona,6,272,295,295,85,Flat plate,1633562797,20.18,748g,290/220,5450523034610,528,4057743044538,,,Sedona,Sedona,Marchesi,,,,,Sedona
16-4003-2600,Flat plate,Villeroy & Boch,Hospitality – Crockery,£18.37,,,,DE,69111000,4003,2600,Sedona Function,6,272,295,295,85,Flat plate,1640032600,20.54,746g,290,5450523054199,528,4057743046365,,,Sedona Function,Sedona Function,Novelties Spring 2012,,,,,Sedona
16-4003-2620,Flat plate,Villeroy & Boch,Hospitality – Crockery,£15.37,,,,DE,69111000,4003,2620,Sedona Function,6,272,295,295,85,Flat plate,1640032620,17.19,594g,270,5450523054205,528,4057743046372,,,Sedona Function,Sedona Function,Novelties Spring 2012,,,,,Sedona
16-4003-2630,Flat plate,Villeroy & Boch,Hospitality – Crockery,£12.39,,,,DE,69111000,4003,2630,Sedona Function,6,222,250,250,95,Flat plate,1640032630,13.85,490g,240,5450523054212,576,4057743046389,,,Sedona Function,Sedona Function,Novelties Spring 2012,,,,,Sedona
16-4003-2640,Flat plate,Villeroy & Boch,Hospitality – Crockery,£10.27,,,,DE,69111000,4003,2640,Sedona Function,6,191,225,225,75,Flat plate,1640032640,11.49,381g,210,5450523054229,900,4057743046396,,,Sedona Function,Sedona Function,Novelties Spring 2012,,,,,Sedona
16-4003-2660,Flat plate,Villeroy & Boch,Hospitality – Crockery,£7.10,,,,DE,69111000,4003,2660,Sedona Function,6,121,180,170,80,Flat plate,1640032660,7.94,215g,160,5450523054236,1680,4057743046402,,,Sedona Function,Sedona Function,Novelties Spring 2012,,,,,Sedona
16-4033-2630,Flat plate,Villeroy & Boch,Hospitality – Crockery,£16.11,,,,DE,69111000,4033,2630,Stella Blossom,6,272,295,295,85,Flat plate,1640332630,18.01,610g,270,5450523068684,528,4057743052038,,,Stella Blossom,Stella Blossom,Novelties Spring 2016,NEW,,,,Stella
16-4033-2650,Flat plate,Villeroy & Boch,Hospitality – Crockery,£9.91,,,,DE,69111000,4033,2650,Stella Blossom,6,191,225,225,75,Flat plate,1640332650,11.08,354g,210,5450523068677,900,4057743052045,,,Stella Blossom,Stella Blossom,Novelties Spring 2016,NEW,,,,Stella
16-4033-2660,Flat plate,Villeroy & Boch,Hospitality – Crockery,£7.46,,,,DE,69111000,4033,2660,Stella Blossom,6,140,185,185,95,Flat plate,1640332660,8.35,185g,170,5450523068660,1152,4057743052052,,,Stella Blossom,Stella Blossom,Novelties Spring 2016,NEW,,,,Stella
16-4033-2680,Flat plate,Villeroy & Boch,Hospitality – Crockery,£24.06,,,,DE,69111000,4033,2680,Stella Blossom,1,141,347,350,41,Flat plate,1640332680,26.91,820g,320,5450523068691,132,,,,Stella Blossom,Stella Blossom,Novelties Spring 2016,NEW,,,,Stella
16-4090-2632,Flat plate,Villeroy & Boch,Hospitality – Crockery,£12.28,,,,DE,69111000,4090,2632,Stella Cosmo,6,219,290,290,98,Flat plate,1640902632,13.73,572g,250x250x30,5450523146887,480,4057743159409,,,Stella Cosmo,Stella Cosmo,Stella Cosmo,,,Novelties 2020,,Stella
16-3272-2600,Flat plate,Villeroy & Boch,Hospitality – Crockery,£19.99,,,,DE,69111000,3272,2600,Stella Hotel,6,272,295,295,85,Flat plate,1632722600,22.35,670g,290,5450102384259,528,4057743032320,,,Stella Hotel,Stella Hotel,Stella Hotel,,Yes,,,Stella
16-3272-2630,Flat plate,Villeroy & Boch,Hospitality – Crockery,£15.80,,,,DE,69111000,3272,2630,Stella Hotel,6,272,295,295,85,Flat plate,1632722630,17.67,617g,280,5450102384129,528,4057743032344,,,Stella Hotel,Stella Hotel,Stella Hotel,,Yes,,,Stella
16-3272-2640,Flat plate,Villeroy & Boch,Hospitality – Crockery,£11.75,,,,DE,69111000,3272,2640,Stella Hotel,6,222,250,250,95,Flat plate,1632722640,13.13,407g,240,5450523038984,576,4057743032351,,,Stella Hotel,Stella Hotel,Stella Hotel,,Yes,,,Stella
16-3272-2650,Flat plate,Villeroy & Boch,Hospitality – Crockery,£9.69,,,,DE,69111000,3272,2650,Stella Hotel,6,191,225,225,75,Flat plate,1632722650,10.83,360g,220,5450102384136,900,4057743032375,,,Stella Hotel,Stella Hotel,Stella Hotel,,Yes,,,Stella
16-3272-2660,Flat plate,Villeroy & Boch,Hospitality – Crockery,£7.34,,,,DE,69111000,3272,2660,Stella Hotel,6,121,180,170,80,Flat plate,1632722660,8.21,185g,160,5450102384143,1680,4057743032399,,,Stella Hotel,Stella Hotel,Stella Hotel,,Yes,,,Stella
16-3272-2795,Flat plate,Villeroy & Boch,Hospitality – Crockery,£19.66,,,,DE,69111000,3272,2795,Stella Hotel,6,272,295,295,85,Flat plate,1632722795,21.99,600g,290/140,5450523051914,528,4057743032450,,,Stella Hotel,Stella Hotel,Stella Hotel,,,Novelties 2012,,Stella
16-3272-2796,Flat plate,Villeroy & Boch,Hospitality – Crockery,£19.66,,,,DE,69111000,3272,2796,Stella Hotel,6,272,295,295,85,Flat plate,1632722796,21.99,600g,290/180,5450523051921,528,4057743032467,,,Stella Hotel,Stella Hotel,Stella Hotel,,,Novelties 2012,,Stella
16-3272-2810,Flat plate,Villeroy & Boch,Hospitality – Crockery,£26.64,,,,DE,69111000,3272,2810,Stella Hotel,6,259,345,345,120,Flat plate,1632722810,29.79,955g,330,5450102384105,312,4057743032474,,,Stella Hotel,Stella Hotel,Stella Hotel,,Yes,,,Stella
16-4008-2630,Flat plate,Villeroy & Boch,Hospitality – Crockery,£19.83,,,,DE,69111000,4008,2630,Stella Vogue,6,272,295,295,85,Flat plate,1640082630,22.17,617g,280,5450523077730,528,4057743074160,,,Stella Vogue,Stella Vogue,Novelties 2017,,,,,Stella
16-4008-2640,Flat plate,Villeroy & Boch,Hospitality – Crockery,£14.74,,,,DE,69111000,4008,2640,Stella Vogue,6,222,250,250,95,Flat plate,1640082640,16.48,407g,240,5450523077747,576,4057743074177,,,Stella Vogue,Stella Vogue,Novelties 2017,,,,,Stella
16-4008-2650,Flat plate,Villeroy & Boch,Hospitality – Crockery,£12.51,,,,DE,69111000,4008,2650,Stella Vogue,6,191,225,225,75,Flat plate,1640082650,13.99,360g,220,5450523077754,900,4057743074184,,,Stella Vogue,Stella Vogue,Novelties 2017,,,,,Stella
16-4008-2660,Flat plate,Villeroy & Boch,Hospitality – Crockery,£9.45,,,,DE,69111000,4008,2660,Stella Vogue,6,121,180,170,80,Flat plate,1640082660,10.57,185g,160,5450523078713,1680,4057743074368,,,Stella Vogue,Stella Vogue,Novelties 2017,,,,,Stella
16-4008-2795,Flat plate,Villeroy & Boch,Hospitality – Crockery,£25.62,,,,DE,69111000,4008,2795,Stella Vogue,6,272,295,295,85,Flat plate,1640082795,28.65,600g,290/140,5450523077853,528,4057743074283,,,Stella Vogue,Stella Vogue,Novelties 2017,,,,,Stella
16-4008-2810,Flat plate,Villeroy & Boch,Hospitality – Crockery,£33.77,,,,DE,69111000,4008,2810,Stella Vogue,6,259,345,345,120,Flat plate,1640082810,37.76,955g,330,5450523077808,312,4057743074238,,,Stella Vogue,Stella Vogue,Novelties 2017,,,,,Stella
16-4074-2620,Flat plate,Villeroy & Boch,Hospitality – Crockery,£14.13,,,,DE,69111000,4074,2620,The Rock Black Shale,6,272,295,295,85,Flat plate,1640742620,15.8,565g,270x270x20,5450523105044,528,4057743119533,,,The Rock Black Shale,The Rock Black Shale,Novelties 2018,,,,,The Rock
16-4074-2640,Flat plate,Villeroy & Boch,Hospitality – Crockery,£11.28,,,,DE,69111000,4074,2640,The Rock Black Shale,6,191,225,225,75,Flat plate,1640742640,12.61,355g,220x220x20,5450523105051,900,4057743119540,,,The Rock Black Shale,The Rock Black Shale,Novelties 2018,,,,,The Rock
16-4077-2620,Flat plate,Villeroy & Boch,Hospitality – Crockery,£14.13,,,,DE,69111000,4077,2620,The Rock White Glacier,6,272,295,295,85,Flat plate,1640772620,15.8,565g,270x270x20,5450523095628,528,4057743111902,,,The Rock White Glacier,The Rock White Glacier,Novelties 2018,,,,,The Rock
16-4077-2640,Flat plate,Villeroy & Boch,Hospitality – Crockery,£11.28,,,,DE,69111000,4077,2640,The Rock White Glacier,6,191,225,225,75,Flat plate,1640772640,12.61,355g,220x220x20,5450523095635,900,4057743111919,,,The Rock White Glacier,The Rock White Glacier,Novelties 2018,,,,,The Rock
16-2954-2620,Flat plate,Villeroy & Boch,Hospitality – Crockery,£14.56,,,,DE,69111000,2954,2620,The Rock White Glazed,6,272,295,295,85,Flat plate,1629542620,16.27,565g,270x270x20,5450523168506,528,4057743199672,,,The Rock White Glazed,The Rock White Glazed,Novelties 2026,NEW,,,,The Rock
16-2954-2640,Flat plate,Villeroy & Boch,Hospitality – Crockery,£11.73,,,,DE,69111000,2954,2640,The Rock White Glazed,6,191,225,225,75,Flat plate,1629542640,13.11,355g,220x220x20,5450523168513,900,4057743199689,,,The Rock White Glazed,The Rock White Glazed,Novelties 2026,NEW,,,,The Rock
16-2040-2630,Flat plate,Villeroy & Boch,Hospitality – Crockery,£8.96,,,,DE,69111000,2040,2630,Universal,6,272,295,295,85,Flat plate,1620402630,10.02,621g,260x260x30,5450523158569,528,4057743187051,,,Universal,Universal,Universal,,,Neufchatel,,Universal
10-3514-2610,Flat plate,Villeroy & Boch,Porcelain – Crockery,£34.83,,https://static.wixstatic.com/media/042ed7_1949f2405311482486986f9f7abce24f~mv2.png,,DE,69111000,3514,2610,Amazonia,6,266,295,295,85,Flat plate,1035142610,38.94,735g,274x274x25,4003686161580,528,4057743001784,Porcelain,,,,,,,,,Amazonia
10-4381-2630,Flat plate,Villeroy & Boch,Porcelain – Crockery,£34.83,,https://static.wixstatic.com/media/042ed7_71ae2126e9474bba890577c3959b25a8~mv2.png,,DE,69111000,4381,2630,Amazonia Anmut,6,266,295,295,85,Flat plate,1043812630,38.94,617g,277x277x21,4003686260177,528,4057743011271,Porcelain,,,,,,,,,Amazonia
10-4545-2630,Flat plate,Villeroy & Boch,Porcelain – Crockery,£23.20,,https://static.wixstatic.com/media/042ed7_5c5c213a48ff4e2288980f600b8dc9e9~mv2.png,,DE,69111000,4545,2630,Anmut,6,272,295,295,85,Flat plate,1045452630,25.94,617g,277x277x21,4003683226664,528,4057743013848,Porcelain,,,,,,,,,Anmut
10-1070-2610,Flat plate,Villeroy & Boch,Porcelain – Crockery,£34.83,,https://static.wixstatic.com/media/042ed7_68f1c6a7fc98459a83d0ee1aaa8e974c~mv2.png,,DE,69111000,1070,2610,Audun Chasse,6,272,295,295,85,Flat plate,1010702610,38.94,585g,271x271x20,4003683110987,528,4057743001739,Porcelain,,,,,,,,,Audun
10-1067-2610,Flat plate,Villeroy & Boch,Porcelain – Crockery,£34.83,,https://static.wixstatic.com/media/042ed7_006a086c74a0477cbb49b1b1318e428c~mv2.png,,DE,69111000,1067,2610,Audun Ferme,6,272,295,295,85,Flat plate,1010672610,38.94,585g,271x271x20,4003683109042,528,4057743001708,Porcelain,,,,,,,,,Audun
10-1068-2610,Flat plate,Villeroy & Boch,Porcelain – Crockery,£34.83,,https://static.wixstatic.com/media/042ed7_33a9b9cfa43b4adb99b77605d30950f4~mv2.png,,DE,69111000,1068,2610,Audun Fleur,6,272,295,295,85,Flat plate,1010682610,38.94,585g,271x271x20,4003683109585,528,4057743001715,Porcelain,,,,,,,,,Audun
10-1069-2610,Flat plate,Villeroy & Boch,Porcelain – Crockery,£34.83,,https://static.wixstatic.com/media/042ed7_06cadd0a7ce84db8abccec8c9a9cf58d~mv2.png,,DE,69111000,1069,2610,Audun Promenade,6,272,295,295,85,Flat plate,1010692610,38.94,585g,271x271x20,4003683109790,528,4057743001722,Porcelain,,,,,,,,,Audun
10-4655-2620,Flat plate,Villeroy & Boch,Porcelain – Crockery,£34.83,,https://static.wixstatic.com/media/042ed7_8efb2b3ec8104e4fbe542888b75d2e03~mv2.png,,DE,69111000,4655,2620,Avarua,6,271,295,295,85,Flat plate,1046552620,38.94,588g,272x272x18,4003686393707,528,4057743163277,Porcelain,,,,,,,,,Avarua
10-4655-2621,Flat plate,Villeroy & Boch,Porcelain – Crockery,£34.83,,https://static.wixstatic.com/media/042ed7_5258aa1490a44289be4d93b153512ffa~mv2.png,,DE,69111000,4655,2621,Avarua,6,271,295,295,85,Flat plate,1046552621,38.94,588g,272x272x18,4003686409286,528,4057743172804,Porcelain,,,,,,,,,Avarua
10-4600-2610,Flat plate,Villeroy & Boch,Porcelain – Crockery,£19.13,,https://static.wixstatic.com/media/042ed7_7003a7b79af94f059b47ba3720161087~mv2.png,,DE,69111000,4600,2610,Cellini,6,272,295,295,85,Flat plate,1046002610,21.39,545g,272x272x20,4003686135642,528,4057743001852,Porcelain,,,,,,,,,Cellini
14-8663-2620,Flat plate,Villeroy & Boch,Decoration & Gifts – Crockery,£16.22,,https://static.wixstatic.com/media/042ed7_ffb67d51ec004bc1bb6fdfc4ea538a38~mv2.png,,DE,69111000,8663,2620,Colourful Spring,6,272,295,295,85,Flat plate,1486632620,18.14,610g,274x274x20,4003686357051,528,4057743106861,Decoration & Gifts,,,,,,,,,Colourful Spring
10-4153-2620,Flat plate,Villeroy & Boch,Porcelain – Crockery,£13.32,,https://static.wixstatic.com/media/042ed7_c1970219263b4553aa39461ed392eabd~mv2.png,,DE,69111000,4153,2620,For Me,6,272,295,295,85,Flat plate,1041532620,14.89,610g,274x274x20,4003686259379,528,4057743009742,Porcelain,,,,,,,,,For Me
10-2281-2620,Flat plate,Villeroy & Boch,Porcelain – Crockery,£19.13,,https://static.wixstatic.com/media/042ed7_fcff2bef00d247a88df601d70dd72feb~mv2.png,,DE,69111000,2281,2620,French Garden Fleurence,6,272,295,295,85,Flat plate,1022812620,21.39,650g,267x267x30,5450102345076,528,4057743003634,Porcelain,,,,,,,,,French Garden
10-2284-2620,Flat plate,Villeroy & Boch,Porcelain – Crockery,£19.13,,https://static.wixstatic.com/media/042ed7_29f5551d668542c791517abcdcab61f8~mv2.png,,DE,69111000,2284,2620,French Garden Orange,6,272,295,295,85,Flat plate,1022842620,21.39,650g,267x267x30,5450102345397,528,4057743003863,Porcelain,,,,,,,,,French Garden
10-2282-2620,Flat plate,Villeroy & Boch,Porcelain – Crockery,£19.13,,https://static.wixstatic.com/media/042ed7_51890e9e571448348ffb971b3a90e09e~mv2.png,,DE,69111000,2282,2620,French Garden Valence,6,272,295,295,85,Flat plate,1022822620,21.39,650g,267x267x30,5450102345311,528,4057743003788,Porcelain,,,,,,,,,French Garden
10-4281-2610,Flat plate,Villeroy & Boch,Porcelain – Crockery,£14.48,,https://static.wixstatic.com/media/042ed7_228f893e970f4f8b97c6f13abba529d2~mv2.png,,PT,69120025,4281,2610,Lave beige,6,280,280,270,115,Flat plate,1042812610,16.19,760g,280x278x24,4003686403475,432,4057743168067,Porcelain,,,,,,,,,Lave
10-4282-2610,Flat plate,Villeroy & Boch,Porcelain – Crockery,£14.48,,https://static.wixstatic.com/media/042ed7_220c82d6bd844920ba8dd9cfccef2787~mv2.png,,PT,69120025,4282,2610,Lave glacé,6,296,288,288,98,Flat plate,1042822610,16.19,775g,280x280x27,4003686403611,432,4057743168180,Porcelain,,,,,,,,,Lave
10-4259-2610,Flat plate,Villeroy & Boch,Porcelain – Crockery,£14.48,,https://static.wixstatic.com/media/042ed7_df72f9b986fe45918d52c40261e9e14b~mv2.png,,PT,69120025,4259,2610,Lave gris,6,280,280,270,115,Flat plate,1042592610,16.19,755g,280x278x24,4003686373433,432,4057743142067,Porcelain,,,,,,,,,Lave
10-4295-2610,Flat plate,Villeroy & Boch,Porcelain – Crockery,£14.48,,https://static.wixstatic.com/media/042ed7_898d79e9386841ebbbf80b2b3fab8749~mv2.png,,PT,69120025,4295,2610,Lave Vert,6,224,295,295,98,Flat plate,1042952610,16.19,805g,280x280x27,4003686437395,0,4057743184753,Porcelain,,,,,,,,,Lave
10-2396-2620,Flat plate,Villeroy & Boch,Porcelain – Crockery,£17.97,,https://static.wixstatic.com/media/042ed7_bc6af2c12fc445968fb924bb3bdc9997~mv2.png,,DE,69111000,2396,2620,Manoir,6,272,295,295,85,Flat plate,1023962620,20.09,650g,267x267x30,5450102015092,528,4057743004990,Porcelain,,,,,,,,,Manoir
10-4100-2620,Flat plate,Villeroy & Boch,Porcelain – Crockery,£16.22,,https://static.wixstatic.com/media/042ed7_6f76801724a744c2a174063413983eb4~mv2.png,,DE,69111000,4100,2620,Mariefleur Basic,6,272,295,295,85,Flat plate,1041002620,18.14,550g,268x268x23,4003686179882,528,4057743007915,Porcelain,,,,,,,,,Mariefleur
10-4104-2620,Flat plate,Villeroy & Boch,Porcelain – Crockery,£16.22,,https://static.wixstatic.com/media/042ed7_5c933e1f6c6c44ca8cbaad6f3a883b52~mv2.png,,DE,69111000,4104,2620,Mariefleur Gris Basic,6,272,295,295,85,Flat plate,1041042620,18.14,550g,268x268x23,4003686188853,528,4057743008110,Porcelain,,,,,,,,,Mariefleur
10-3460-2620,Flat plate,Villeroy & Boch,Porcelain – Crockery,£15.64,,https://static.wixstatic.com/media/042ed7_b028f32b6423438098b47f846e723d2d~mv2.png,,DE,69111000,3460,2620,New Cottage Basic,6,272,295,295,85,Flat plate,1034602620,17.49,550g,268x268x23,4003683455729,528,4057743006680,Porcelain,,,,,,,,,New Cottage
10-2341-2620,Flat plate,Villeroy & Boch,Porcelain – Crockery,£19.13,,https://static.wixstatic.com/media/042ed7_a3ef9f7bd0e248a0af6d15dec226bf68~mv2.png,,DE,69111000,2341,2620,Old Luxembourg,6,272,295,295,85,Flat plate,1023412620,21.39,540g,259x259x22,5450102022014,528,4057743004655,Porcelain,,,,,,,,,Vieux Luxembourg
10-2395-2620,Flat plate,Villeroy & Boch,Porcelain – Crockery,£19.13,,https://static.wixstatic.com/media/042ed7_45d2c111227b48d3bd6fcdb3b619b20c~mv2.png,,DE,69111000,2395,2620,Petite Fleur,6,272,295,295,85,Flat plate,1023952620,21.39,650g,267x267x30,5450102014538,528,4057743004846,Porcelain,,,,,,,,,Petite Fleur
10-4412-2620,Flat plate,Villeroy & Boch,Porcelain – Crockery,£20.29,,https://static.wixstatic.com/media/042ed7_dd920ae212b848fc9c16810411199188~mv2.png,,DE,69111000,4412,2620,Royal,6,272,295,295,85,Flat plate,1044122620,22.69,670g,290x290x23,4003683451257,528,4057743012001,Porcelain,,,,,,,,,Royal
10-4412-2630,Flat plate,Villeroy & Boch,Porcelain – Crockery,£20.29,,https://static.wixstatic.com/media/042ed7_3cc12ffd09e14467837f446f099587ee~mv2.png,,DE,69111000,4412,2630,Royal,6,272,295,295,85,Flat plate,1044122630,22.69,617g,277x277x21,4003686140318,528,4057743012018,Porcelain,,,,,,,,,Royal
10-4730-2630,Flat plate,Villeroy & Boch,Porcelain – Crockery,£46.45,,https://static.wixstatic.com/media/042ed7_19861b1c470e40d49c5c495f35dcc1cb~mv2.png,,DE,69111000,4730,2630,Samarkand Aquamarin,6,271,295,295,85,Flat plate,1047302630,51.94,617g,277x277x21,4003686211230,528,4057743014784,Porcelain,,,,,,,,,Samarkand
10-4732-2630,Flat plate,Villeroy & Boch,Porcelain – Crockery,£46.45,,https://static.wixstatic.com/media/042ed7_08be73f4caaf44739456427786c15b3f~mv2.png,,DE,69111000,4732,2630,Samarkand Mandarin,6,271,295,295,85,Flat plate,1047322630,51.94,617g,277x277x21,4003686211254,528,4057743014937,Porcelain,,,,,,,,,Samarkand
10-4731-2630,Flat plate,Villeroy & Boch,Porcelain – Crockery,£46.45,,https://static.wixstatic.com/media/042ed7_566f30a8eda7475a83603673d6ed5326~mv2.png,,DE,69111000,4731,2630,Samarkand Rubin,6,271,295,295,85,Flat plate,1047312630,51.94,617g,277x277x21,4003686211247,528,4057743014852,Porcelain,,,,,,,,,Samarkand
14-8638-2620,Flat plate,Villeroy & Boch,Decoration & Gifts – Crockery,£17.39,,https://static.wixstatic.com/media/042ed7_8dc6d9bd7ed940449614ec1db1cf09e2~mv2.png,,CN,69111000,8638,2620,Spring Awakening,6,314,280,280,75,Flat plate,1486382620,19.44,670g,270x270x21,4003686257610,528,4057743166353,Decoration & Gifts,,,,,,,,,Spring Awakening
14-8658-2620,Flat plate,Villeroy & Boch,Decoration & Gifts – Crockery,£17.39,,https://static.wixstatic.com/media/042ed7_3fc9d8761d02478ea223fc60d10ccd14~mv2.png,,DE,69111000,8658,2620,Toy's Delight Royal Classic,6,272,295,295,85,Flat plate,1486582620,19.44,775g,295x295x20,4003686328617,528,4057743083889,Decoration & Gifts,,,,,,,,,Toy's Delight Royal Classic
10-4389-2630,Flat plate,Villeroy & Boch,Porcelain – Crockery,£23.20,,https://static.wixstatic.com/media/042ed7_4f64a65f5fff4bfe912d99325b41205a~mv2.png,,DE,69111000,4389,2630,White Pearl,6,272,295,295,85,Flat plate,1043892630,25.94,592g,275x275x17,4003683481261,528,4057743011516,Porcelain,,,,,,,,,White Pearl
14-8671-2610,Flat plate,Villeroy & Boch,Decoration & Gifts – Crockery,£15.64,,https://static.wixstatic.com/media/042ed7_891b9c246f06464999fe5c037aec9b96~mv2.png,,CN,69111000,8671,2610,Winter Glow,6,446,288,288,98,Flat plate,1486712610,17.49,845g,273x273x22,4003686430426,336,4057743180908,Decoration & Gifts,,,,,Discontinued 30.06.2026,,,,Winter Glow
16-4070-2590,Flat plate (external),Villeroy & Boch,Hospitality – Crockery,£32.89,,,,DE,69111000,4070,2590,Copper Glow,6,368,325,330,90,Flat plate (external),1640702590,36.77,1006g,320,5450523090562,408,4057743096742,,,Copper Glow,Copper Glow,Novelties spring 2018,,,,,Copper Glow
16-4070-2795,Flat plate (external),Villeroy & Boch,Hospitality – Crockery,£24.05,,,,DE,69111000,4070,2795,Copper Glow,6,219,290,290,98,Flat plate (external),1640702795,26.88,852g,290/145,5450523090968,480,4057743096841,,,Copper Glow,Copper Glow,Novelties spring 2018,,,,,Copper Glow
16-4070-2796,Flat plate (external),Villeroy & Boch,Hospitality – Crockery,£24.05,,,,DE,69111000,4070,2796,Copper Glow,6,272,295,295,85,Flat plate (external),1640702796,26.88,840g,290/180,5450523090982,528,4057743096865,,,Copper Glow,Copper Glow,Novelties spring 2018,,,,,Copper Glow
10-4412-2595,Flat plate Coupe,Villeroy & Boch,Porcelain – Crockery,£26.11,,https://static.wixstatic.com/media/042ed7_0f9f6608c20948ff810b1421bcbf3164~mv2.png,,DE,69111000,4412,2595,Royal,6,368,325,330,90,Flat plate Coupe,1044122595,29.19,960g,330x330x18,4003686301504,408,4057743011998,Porcelain,,,,,,,,,Royal
10-4412-2641,Flat plate Coupe,Villeroy & Boch,Porcelain – Crockery,£20.29,,https://static.wixstatic.com/media/042ed7_471273eabdad4c55b6237ca9c2c16807~mv2.png,,DE,69111000,4412,2641,Royal,6,272,295,295,85,Flat plate Coupe,1044122641,22.69,510g,250x250x27,4003686301290,528,4057743012032,Porcelain,,,,,,,,,Royal
10-2337-2622,Flat plate Farmer,Villeroy & Boch,Porcelain – Crockery,£29.01,,https://static.wixstatic.com/media/042ed7_f23a787b973e44f3a2174872d513e86b~mv2.png,,DE,69111000,2337,2622,Design Naif,6,272,295,295,85,Flat plate Farmer,1023372622,32.44,710g,271x271x26,5450102206209,528,4057743004143,Porcelain,,,,,,,,,Design Naif
10-2337-2626,Flat plate Fireplace,Villeroy & Boch,Porcelain – Crockery,£29.01,,https://static.wixstatic.com/media/042ed7_f530fd6bdccd4448ba8e902632810799~mv2.png,,DE,69111000,2337,2626,Design Naif,6,272,295,295,85,Flat plate Fireplace,1023372626,32.44,710g,271x271x26,5450102206247,528,4057743004181,Porcelain,,,,,,,,,Design Naif
16-4008-2664,Flat plate Gold,Villeroy & Boch,Hospitality – Crockery,£11.68,,,,DE,69111000,4008,2664,Stella Vogue,6,108,180,170,80,Flat plate Gold,1640082664,13.06,185g,160,5450523078737,1680,4057743074382,,,Stella Vogue,Stella Vogue,Novelties 2017,,,,,Stella
16-4008-2811,Flat plate Gold,Villeroy & Boch,Hospitality – Crockery,£36.94,,,,DE,69111000,4008,2811,Stella Vogue,6,250,350,350,120,Flat plate Gold,1640082811,41.31,955g,330,5450523077815,312,4057743074245,,,Stella Vogue,Stella Vogue,Novelties 2017,,,,,Stella
10-2337-2627,Flat plate Huntsman,Villeroy & Boch,Porcelain – Crockery,£29.01,,https://static.wixstatic.com/media/042ed7_c1451bbc34d4430c8c91d4ec2bbc577f~mv2.png,,DE,69111000,2337,2627,Design Naif,6,272,295,295,85,Flat plate Huntsman,1023372627,32.44,710g,271x271x26,5450102206254,528,4057743004198,Porcelain,,,,,,,,,Design Naif
10-2337-2623,Flat plate Noah's ark,Villeroy & Boch,Porcelain – Crockery,£29.01,,https://static.wixstatic.com/media/042ed7_9a69367b30cf40f89a6e7a15e31ad004~mv2.png,,DE,69111000,2337,2623,Design Naif,6,272,295,295,85,Flat plate Noah's ark,1023372623,32.44,710g,271x271x26,5450102206216,528,4057743004150,Porcelain,,,,,,,,,Design Naif
10-2337-2624,Flat plate Poultry farm,Villeroy & Boch,Porcelain – Crockery,£29.01,,https://static.wixstatic.com/media/042ed7_42efacf195ca46f9b6d235c5e79a7727~mv2.png,,DE,69111000,2337,2624,Design Naif,6,272,295,295,85,Flat plate Poultry farm,1023372624,32.44,710g,271x271x26,5450102206223,528,4057743004167,Porcelain,,,,,,,,,Design Naif
10-2337-2625,Flat plate Village,Villeroy & Boch,Porcelain – Crockery,£29.01,,https://static.wixstatic.com/media/042ed7_06499425bd20454e80aa2d2a42273e2a~mv2.png,,DE,69111000,2337,2625,Design Naif,6,272,295,295,85,Flat plate Village,1023372625,32.44,710g,271x271x26,5450102206230,528,4057743004174,Porcelain,,,,,,,,,Design Naif
14-8585-2621,Flat plate green,Villeroy & Boch,Decoration & Gifts – Crockery,£17.39,,https://static.wixstatic.com/media/042ed7_477f67abbdee46d3beb9e6180bb5be03~mv2.png,,CN,69111000,8585,2621,Toy's Delight,6,350,280,280,95,Flat plate green,1485852621,19.44,700g,284x284x36,4003683494032,312,4057743001074,Decoration & Gifts,,,,,,,,,Toy's Delight
16-4090-2645,Flat plate oval mirror,Villeroy & Boch,Hospitality – Crockery,£22.20,,,,DE,69111000,4090,2645,Stella Cosmo,6,272,295,295,85,Flat plate oval mirror,1640902645,24.83,686g,290x290x20,5450523146894,528,4057743159416,,,Stella Cosmo,Stella Cosmo,Stella Cosmo,,,Novelties 2020,,Stella
14-8585-2620,Flat plate red,Villeroy & Boch,Decoration & Gifts – Crockery,£17.39,,https://static.wixstatic.com/media/042ed7_7603c96ee71b468c9ff900a4e12bde09~mv2.png,,CN,69111000,8585,2620,Toy's Delight,6,446,288,288,98,Flat plate red,1485852620,19.44,710g,284x284x36,4003683490584,312,4057743001067,Decoration & Gifts,,,,,,,,,Toy's Delight
14-8585-2622,Flat plate white,Villeroy & Boch,Decoration & Gifts – Crockery,£17.39,,https://static.wixstatic.com/media/042ed7_217bb014988a461898e74a9bc4c26484~mv2.png,,CN,69111000,8585,2622,Toy's Delight,6,260,280,275,105,Flat plate white,1485852622,19.44,700g,284x284x36,4003686182165,312,4057743001081,Decoration & Gifts,,,,,,,,,Toy's Delight
10-2525-2596,Flat rectangular antipasti plate,Villeroy & Boch,Hospitality – Crockery,£13.98,,https://static.wixstatic.com/media/042ed7_0d6cdb177d64444a9243bb3ad9842418~mv2.png,,DE,69111000,2525,2596,NewWave,4,231,440,170,95,Flat rectangular antipasti plate,1025252596,15.63,800g,420x150x35,4003686163454,356,4057743005379,,,NewWave,NewWave,NewWave,,,Novelties 2011,,NewWave
16-3364-2596,Flat rectangular plate,Villeroy & Boch,Hospitality – Crockery,£15.17,,,,DE,69111000,3364,2596,Cera,6,125,365,145,95,Flat rectangular plate,1633642596,16.96,600g,320x120,4003686180840,768,4057743044828,,,Cera,Cera,Novelties 2012,,,,,Cera
16-3364-2629,Flat rectangular plate,Villeroy & Boch,Hospitality – Crockery,£15.86,,,,DE,69111000,3364,2629,Cera,6,249,335,245,90,Flat rectangular plate,1633642629,17.74,826g,320x210,5450523038908,540,4057743044842,,,Cera,Cera,Cera,,,Big Buffet,,Cera
16-3364-2669,Flat rectangular plate,Villeroy & Boch,Hospitality – Crockery,£7.92,,,,DE,69111000,3364,2669,Cera,6,84,290,165,83,Flat rectangular plate,1633642669,8.86,320g,210x105,5450523038922,864,4057743044866,,,Cera,Cera,Cera,,,,,Cera
10-4510-2772,Flat rectangular plate,Villeroy & Boch,Hospitality – Crockery,£12.22,,https://static.wixstatic.com/media/042ed7_57a9dc041753420c818e240ad1d442eb~mv2.png,,DE,69111000,4510,2772,Modern Grace,6,84,290,165,83,Flat rectangular plate,1045102772,13.66,300g,240x140x19,4003686181113,864,4057743012780,,,Modern Grace,Modern Grace,Novelties Autumn 2012,,,,,Modern Grace
10-2525-2646,Flat rectangular plate,Villeroy & Boch,Hospitality – Crockery,£11.69,,https://static.wixstatic.com/media/042ed7_1f3d32d006c64e61833ee029fece357d~mv2.png,,DE,69111000,2525,2646,NewWave,4,102,317,232,70,Flat rectangular plate,1025252646,13.07,600g,260x200x30,4003686181779,512,4057743005409,,,NewWave,NewWave,NewWave,,,Novelties Autumn 2012,,NewWave
10-2525-2660,Flat rectangular plate,Villeroy & Boch,Hospitality – Crockery,£6.20,,https://static.wixstatic.com/media/042ed7_c018543d99954f8fb9e9ba9ac0b30eda~mv2.png,,DE,69111000,2525,2660,NewWave,4,140,185,185,95,Flat rectangular plate,1025252660,6.93,300g,180x150x22,4003686163423,768,4057743005447,,,NewWave,NewWave,NewWave,,,Novelties 2011,,NewWave
10-2525-2699,Flat rectangular plate,Villeroy & Boch,Hospitality – Crockery,£17.02,,https://static.wixstatic.com/media/042ed7_12ac140743f6452e91a79e11fc17b27d~mv2.png,,DE,69111000,2525,2699,NewWave,4,169,405,245,80,Flat rectangular plate,1025252699,19.03,970g,330x240x35,5450102385263,360,4057743005485,,,NewWave,NewWave,,,,Big Buffet,,NewWave
16-4004-2596,Flat rectangular plate  1/2 GN,Villeroy & Boch,Hospitality – Gastronorms,£20.50,,,,DE,69111000,4004,2596,Affinity,6,368,325,330,90,Flat rectangular plate  1/2 GN,1640042596,22.92,1000g,330x270x17,5450523089764,408,4057743095196,,,Affinity,Affinity,Novelties 2018,,,,,Affinity
16-4004-2646,Flat rectangular plate  1/4 GN,Villeroy & Boch,Hospitality – Gastronorms,£14.77,,,,DE,69111000,4004,2646,Affinity,6,112,290,165,80,Flat rectangular plate  1/4 GN,1640042646,16.52,540g,270x160x17,5450523089788,864,4057743095417,,,Affinity,Affinity,Novelties 2018,,,,,Affinity
16-4004-2669,Flat rectangular plate  1/9 GN,Villeroy & Boch,Hospitality – Gastronorms,£5.82,,,,DE,69111000,4004,2669,Affinity,6,140,185,185,95,Flat rectangular plate  1/9 GN,1640042669,6.51,220g,180x110x17,5450523089627,1152,4057743095097,,,Affinity,Affinity,Novelties 2018,,,,,Affinity
16-4004-2629,Flat rectangular plate 1/3 GN,Villeroy & Boch,Hospitality – Gastronorms,£17.90,,,,DE,69111000,4004,2629,Affinity,6,242,393,262,76,Flat rectangular plate 1/3 GN,1640042629,20.01,640g,330x180x17,5450523089771,540,4057743095400,,,Affinity,Affinity,Novelties 2018,,,,,Affinity
16-3364-2649,Flat square plate,Villeroy & Boch,Hospitality – Crockery,£13.87,,,,DE,69111000,3364,2649,Cera,6,194,225,230,95,Flat square plate,1633642649,15.5,576g,210x210,5450523038915,810,4057743044859,,,Cera,Cera,Cera,,,,,Cera
16-3364-2619,Flat square plate,Villeroy & Boch,Hospitality – Crockery,£16.32,,,,DE,69111000,3364,2619,Cera,4,272,295,295,85,Flat square plate,1633642619,18.25,950g,280x280,5450523044619,352,4057743044835,,,Cera,Cera,Novelties Spring 2009,,,Big Buffet,,Cera
10-2525-2619,Flat square plate,Villeroy & Boch,Hospitality – Crockery,£16.70,,https://static.wixstatic.com/media/042ed7_b3e55517255b45578db3954bca086afa~mv2.png,,DE,69111000,2525,2619,NewWave,4,272,295,295,85,Flat square plate,1025252619,18.66,837g,270x270x24,4003683209353,352,4057743005386,,,NewWave,NewWave,,,,,,NewWave
10-2525-2647,Flat square plate,Villeroy & Boch,Hospitality – Crockery,£11.43,,https://static.wixstatic.com/media/042ed7_d7bdb904e48b43eea1396fca1c61a679~mv2.png,,DE,69111000,2525,2647,NewWave,4,222,250,250,95,Flat square plate,1025252647,12.78,660g,240x240x22,4003683443504,384,4057743005416,,,NewWave,NewWave,,,,,,NewWave
16-4074-2680,Flat square plate,Villeroy & Boch,Hospitality – Crockery,£30.82,,,,DE,69111000,4074,2680,The Rock Black Shale,1,126,355,357,30,Flat square plate,1640742680,34.47,1342g,320x320x15,5450523148409,196,,,,The Rock Black Shale,The Rock Black Shale,Novelties 2020,,,,,The Rock
16-4077-2680,Flat square plate,Villeroy & Boch,Hospitality – Crockery,£30.82,,,,DE,69111000,4077,2680,The Rock White Glacier,1,126,355,357,30,Flat square plate,1640772680,34.47,1240g,320x320x15,5450523148515,196,,,,The Rock White Glacier,The Rock White Glacier,Novelties 2020,,,,,The Rock
16-2040-2629,Flat square plate,Villeroy & Boch,Hospitality – Crockery,£14.30,,,,DE,69111000,2040,2629,Universal,6,272,295,295,85,Flat square plate,1620402629,16,1070g,280x280,5450523158477,528,4057743186962,,,Universal,Universal,Universal,,,Pi Carré,,Universal
16-2040-2649,Flat square plate,Villeroy & Boch,Hospitality – Crockery,£11.33,,,,DE,69111000,2040,2649,Universal,6,222,250,250,95,Flat square plate,1620402649,12.67,535g,220x220x20,5450523158484,576,4057743186979,,,Universal,Universal,Universal,,,Pi Carré,,Universal
16-2040-2662,Flat square plate,Villeroy & Boch,Hospitality – Crockery,£8.84,,,,DE,69111000,2040,2662,Universal,6,121,180,170,80,Flat square plate,1620402662,9.88,275g,155x155x20,5450523158491,1680,4057743186986,,,Universal,Universal,Universal,,,Pi Carré,,Universal
16-2040-3837,Flat triangular bowl,Villeroy & Boch,Hospitality – Crockery,£5.08,,,,DE,69111000,2040,3837,Universal,6,115,155,155,86,Flat triangular bowl,1620403837,5.68,151g,170x100x25,5450523158538,1890,4057743187020,,0.1,Universal,Universal,Universal,,,Pi Carré,,Universal
14-8662-6332,Flower Meadow,Villeroy & Boch,Decoration & Gifts,£29.01,,https://static.wixstatic.com/media/042ed7_ca3eb5e2c771447a8eb6ff43e06a853e~mv2.png,,CN,95059000,8662,6332,Bunny Tales,1,96,170,170,110,Flower Meadow,1486626332,32.44,305g,129x85x123,4003686409170,168,,Decoration & Gifts,,,,,,,,,Bunny Tales
14-8671-3840,Footed Bowl,Villeroy & Boch,Decoration & Gifts – Crockery,£36.57,,https://static.wixstatic.com/media/042ed7_39905973cc264aa284ce02150ccb83fb~mv2.png,,CN,69111000,8671,3840,Winter Glow,1,220,245,245,110,Footed Bowl,1486713840,40.89,1090g,240x240x89,4003686430457,90,,Decoration & Gifts,1.1,,,,Discontinued 30.06.2026,,,,Winter Glow
14-8585-3842,Footed Individual bowl,Villeroy & Boch,Decoration & Gifts – Crockery,£23.20,,https://static.wixstatic.com/media/042ed7_f7b9242fd9294776be68a2f9154ab57b~mv2.png,,CN,69111000,8585,3842,Toy's Delight,1,109,160,160,115,Footed Individual bowl,1485853842,25.94,380g,152x152x108,4003686208391,245,,Decoration & Gifts,0.55,,,,,,,,Toy's Delight
14-8332-3600,"Footed bowl small, Gifts",Villeroy & Boch,Decoration & Gifts – Crockery,£17.39,,https://static.wixstatic.com/media/042ed7_ef3bc4405c8c4b3da7726d33bb404bbf~mv2.png,,CN,69111000,8332,3600,Toy's Fantasy,1,110,155,155,85,"Footed bowl small, Gifts",1483323600,19.44,280g,149x149x75,4003686411227,315,,Decoration & Gifts,0.22,,,,,,,,Toy's Fantasy
14-8332-3601,"Footed bowl, Santa reads wish lists",Villeroy & Boch,Decoration & Gifts – Crockery,£29.01,,https://static.wixstatic.com/media/042ed7_155a15b4574c4d4c80ba8ae00a9148b8~mv2.png,,CN,69111000,8332,3601,Toy's Fantasy,1,260,290,290,170,"Footed bowl, Santa reads wish lists",1483323601,32.44,840g,250x250x123,4003686411234,38,,Decoration & Gifts,0.95,,,,,,,,Toy's Fantasy
10-4153-2290,Footed cake plate,Villeroy & Boch,Porcelain – Crockery,£42.97,,https://static.wixstatic.com/media/042ed7_f347c637865545b5b1df1206e842294b~mv2.png,,CN,69111000,4153,2290,For Me,1,641,348,197,324,Footed cake plate,1041532290,48.04,1527g,303x303x132,4003686398894,24,,Porcelain,,,,,,,,,For Me
14-8585-2295,Footed cake plate,Villeroy & Boch,Decoration & Gifts – Crockery,£40.64,,https://static.wixstatic.com/media/042ed7_1218ce4c2ac24a52928dbf9e912b075d~mv2.png,,CN,69111000,8585,2295,Toy's Delight,1,345,335,335,165,Footed cake plate,1485852295,45.44,1050g,280x280x109,4003686234963,24,,Decoration & Gifts,,,,,,,,,Toy's Delight
14-8638-2290,Footed cake plate 33cm,Villeroy & Boch,Decoration & Gifts – Crockery,£47.62,,https://static.wixstatic.com/media/042ed7_e5a0f5875de54f10966632a5958f6223~mv2.png,,CN,69111000,8638,2290,Spring Awakening,1,490,335,335,97,Footed cake plate 33cm,1486382290,53.24,1520g,330x330x75,4003686257665,36,,Decoration & Gifts,,,,,,,,,Spring Awakening
14-8585-2291,Footed cake plate small,Villeroy & Boch,Decoration & Gifts – Crockery,£34.83,,https://static.wixstatic.com/media/042ed7_f4b0a37e51cf40b7a2b270b8dfdab493~mv2.png,,CN,69111000,8585,2291,Toy's Delight,1,220,245,245,110,Footed cake plate small,1485852291,38.94,592g,210x210x80,4003686288720,72,,Decoration & Gifts,,,,,,,,,Toy's Delight
16-3272-1900,Footed individual bowl,Villeroy & Boch,Hospitality – Crockery,£12.73,,,,DE,69111000,3272,1900,Stella Hotel,6,170,180,180,225,Footed individual bowl,1632721900,14.23,318g,140x140x90,5450523086251,480,4057743090764,,0.62,Stella Hotel,Stella Hotel,Stella Hotel,,,,,Stella
10-1375-3841,Footed serving platter,Villeroy & Boch,Porcelain – Crockery,£74.99,,https://static.wixstatic.com/media/042ed7_64808444cc014bc3a86907249b6618ef~mv2.png,,IN,68029100,1375,3841,Manufacture Travertine,1,1170,330,330,120,Footed serving platter,1013753841,83.85,2550g,280x280x100,4003686440364,0,,Porcelain,,,,,NEW,,,,Manufacture Travertine
14-8612-3840,Footed star bowl,Villeroy & Boch,Decoration & Gifts – Crockery,£52.27,,https://static.wixstatic.com/media/042ed7_6c12cc5ff7514fa487f8092f52f68e15~mv2.png,,CN,69111000,8612,3840,Winter Bakery Delight,1,408,310,155,253,Footed star bowl,1486123840,58.44,1030g,271x239x116,4003686181632,51,,Decoration & Gifts,1.2,,,,,,,,Winter Bakery Delight
35-5375-0160,French Garden neu 20pcs,Villeroy & Boch,Decoration & Gifts,£2.62,,https://static.wixstatic.com/media/042ed7_4872147a51e9426eb0cce7abd139332d~mv2.png,,DE,48183000,5375,0160,Paper Napkins,12,150,355,170,175,French Garden neu 20pcs,3553750160,2.93,120g,325x325x1,4003686296312,576,4057743057422,Decoration & Gifts,,,,,,,,,Paper Napkins
14-8663-1900,French-Bol,Villeroy & Boch,Decoration & Gifts – Crockery,£15.06,,https://static.wixstatic.com/media/042ed7_b1612bb298fd48059173bf2e5f189859~mv2.png,,DE,69111000,8663,1900,Colourful Spring,4,140,185,185,230,French-Bol,1486631900,16.84,385g,149x129x79,4003686357181,320,4057743106939,Decoration & Gifts,0.7,,,,,,,,Colourful Spring
10-4153-1900,French-Bol,Villeroy & Boch,Porcelain – Crockery,£13.32,,https://static.wixstatic.com/media/042ed7_ee59c8638042406280cf592bdddd5bbb~mv2.png,,DE,69111000,4153,1900,For Me,4,140,185,185,230,French-Bol,1041531900,14.89,385g,149x129x79,4003686259362,320,4057743009735,Porcelain,0.7,,,,,,,,For Me
10-4100-1931,French-Bol,Villeroy & Boch,Porcelain – Crockery,£15.06,,https://static.wixstatic.com/media/042ed7_e2fbe074b36941539521d80883d8be26~mv2.png,,DE,69111000,4100,1931,Mariefleur Basic,4,140,185,185,230,French-Bol,1041001931,16.84,385g,149x129x79,4003686179875,320,4057743007885,Porcelain,0.7,,,,,,,,Mariefleur
10-4104-1931,French-Bol,Villeroy & Boch,Porcelain – Crockery,£15.06,,https://static.wixstatic.com/media/042ed7_2a7c1d39dec647adbff7e825c535f308~mv2.png,,DE,69111000,4104,1931,Mariefleur Gris Basic,4,140,185,185,230,French-Bol,1041041931,16.84,385g,149x129x79,4003686188846,320,4057743008097,Porcelain,0.7,,,,,,,,Mariefleur
10-3460-1931,French-Bol,Villeroy & Boch,Porcelain – Crockery,£13.32,,https://static.wixstatic.com/media/042ed7_208a479c03db472fa7f7c8eb7f8b119c~mv2.png,,DE,69111000,3460,1931,New Cottage Basic,4,140,185,185,230,French-Bol,1034601931,14.89,385g,149x129x79,4003683458287,320,4057743006642,Porcelain,0.7,,,,,,,,New Cottage
12-6526-0563,Fruit knife,Villeroy & Boch,Cutlery – Cutlery,£10.99,,https://static.wixstatic.com/media/042ed7_4468d55347be4898999e61f91e897db8~mv2.png,,VN,82119100,6526,0563,Boston,6,14,182,40,30,Fruit knife,1265260563,12.29,45g,181x15x5,4003686356788,8000,4057743106830,Cutlery,,,,,,,,,Boston
12-6351-0563,Fruit knife,Villeroy & Boch,Cutlery – Cutlery,£11.57,,https://static.wixstatic.com/media/042ed7_b3c408b5bcc3424aa803ce9cb3591ca4~mv2.png,,VN,82119100,6351,0563,Ella partially gold plated,6,19,190,30,30,Fruit knife,1263510563,12.94,30g,180x16x5,4003683313630,9000,4057743018799,Cutlery,,,,,,,,,Ella
12-6417-0560,Fruit knife,Villeroy & Boch,Cutlery – Cutlery,£12.74,,https://static.wixstatic.com/media/042ed7_398524fe83f047faa9264f669dd067ec~mv2.png,,VN,82119100,6417,0560,La Classica,6,39,200,55,25,Fruit knife,1264170560,14.24,47g,183x14x9,4003686262539,1800,4057743020150,Cutlery,,,,,,,,,La Classica
12-6527-0560,Fruit knife,Villeroy & Boch,Cutlery – Cutlery,£18.55,,https://static.wixstatic.com/media/042ed7_8f8119da3a34432a951626bcd4ea93f4~mv2.png,,ID,82119100,6527,0560,MetroChic,6,20,200,45,35,Fruit knife,1265270560,20.74,30g,180x15x5,4003686362192,6000,4057743109046,Cutlery,,,,,,,,,MetroChic
12-6448-0563,Fruit knife,Villeroy & Boch,Cutlery – Cutlery,£10.99,,https://static.wixstatic.com/media/042ed7_be8bda2dfa7348b5a704b3d7d2c9a016~mv2.png,,VN,82119100,6448,0563,Montauk,6,14,182,40,30,Fruit knife,1264480563,12.29,38g,181x14x6,4003686329003,2880,4057743084039,Cutlery,,,,,,,,,Montauk
12-6233-0560,Fruit knife,Villeroy & Boch,Cutlery – Cutlery,£17.39,,https://static.wixstatic.com/media/042ed7_3aece2937bcb4067b571fd0d06450823~mv2.png,,VN,82119100,6233,0560,Neufaden-Merlemont,6,25,205,40,40,Fruit knife,1262330560,19.44,58g,167x18x11,4011417038667,4500,4057743017259,Cutlery,,,,,,,,,Neufaden Merlemont
14-8327-6692,"Gift box round, Santa brings gifts",Villeroy & Boch,Decoration & Gifts,£72.09,,https://static.wixstatic.com/media/042ed7_e40c62e48c484cd09593183877867ddc~mv2.png,,CN,69131000,8327,6692,Christmas Toys,1,318,210,195,290,"Gift box round, Santa brings gifts",1483276692,80.6,2190g,169x169x220,4003686410862,60,,Decoration & Gifts,,,,,,,,,Christmas Toys
14-8327-6693,"Gift box square, Kids",Villeroy & Boch,Decoration & Gifts,£72.09,,https://static.wixstatic.com/media/042ed7_185e93ab3a5744e593aa5a07204e3fad~mv2.png,,CN,69131000,8327,6693,Christmas Toys,1,270,205,200,280,"Gift box square, Kids",1483276693,80.6,2210g,170x170x215,4003686410879,0,,Decoration & Gifts,,,,,,,,,Christmas Toys
14-8327-6505,Gingerbread House w/musical clock,Villeroy & Boch,Decoration & Gifts,£63.37,,https://static.wixstatic.com/media/042ed7_f108c3f10b124dac8e9450cad3ec1614~mv2.png,,CN,69131000,8327,6505,Christmas Toys,1,174,200,150,205,Gingerbread House w/musical clock,1483276505,70.85,1160g,163x130x160,4003686289468,96,,Decoration & Gifts,,,,,,,,,Christmas Toys
11-3658-7894,Glass 1,Villeroy & Boch,Hospitality – Tumblers,£14.08,,https://static.wixstatic.com/media/042ed7_396a74b64076452bb47c72916caea389~mv2.png,,SK,70133799,3658,7894,Entrée,1,160,215,215,110,Glass 1,1136587894,15.74,560g,103x103x100,4003686346796,105,,,0.55,Entrée,Entrée,Entrée,,Yes,,"Set 4pcs. Orders only by 4 pieces, prices per set",Entree
11-3658-7826,Glass 2,Villeroy & Boch,Hospitality – Tumblers,£14.08,,https://static.wixstatic.com/media/042ed7_2cf88a7167d8477a9b24e9cc131d297c~mv2.png,,SK,70133799,3658,7826,Entrée,1,136,190,190,120,Glass 2,1136587826,15.74,560g,89x89x110,4003686347007,144,,,0.48,Entrée,Entrée,Entrée,,Yes,,"Set 4pcs. Orders only by 4 pieces, prices per set",Entree
11-3658-7895,Glass 3,Villeroy & Boch,Hospitality – Tumblers,£14.08,,https://static.wixstatic.com/media/042ed7_ad624248eb2942069a83f2b3f9ddd6d6~mv2.png,,SK,70133799,3658,7895,Entrée,1,152,185,185,150,Glass 3,1136587895,15.74,800g,88x88x143,4003686347014,120,,,0.6,Entrée,Entrée,Entrée,,Yes,,"Set 4pcs. Orders only by 4 pieces, prices per set",Entree
35-9391-0079,Glass Tree with Ornaments,Villeroy & Boch,Decoration & Gifts – Tumblers,£11.57,,https://static.wixstatic.com/media/042ed7_d96e8b206e1049ac8c28711e7b977b77~mv2.png,,CN,95051010,9391,0079,Winter Collage Accessoires,1,60,240,95,95,Glass Tree with Ornaments,3593910079,12.94,160g,90x90x200,4003686406759,0,,Decoration & Gifts,,,,,,,,,Winter Collage Accessoires
35-9391-0075,Glass gloche gold Set3,Villeroy & Boch,Decoration & Gifts – Tumblers,£11.57,,https://static.wixstatic.com/media/042ed7_3350c60203bd493dba3b5564fd552957~mv2.png,,CN,70139900,9391,0075,Winter Collage Accessoires,6,200,195,195,185,Glass gloche gold Set3,3593910075,12.94,50g,195x195x185,4003686406339,96,4057743168951,Decoration & Gifts,,,,,,,,,Winter Collage Accessoires
35-9391-0078,"Glass hanging ornament angel, set of 3",Villeroy & Boch,Decoration & Gifts – Tumblers,£11.57,,https://static.wixstatic.com/media/042ed7_52f1a6b3d7e3430483adb4f931420f8d~mv2.png,,CN,70139900,9391,0078,Winter Collage Accessoires,6,555,240,140,230,"Glass hanging ornament angel, set of 3",3593910078,12.94,90g,210x115x30,4003686406742,0,4057743169095,Decoration & Gifts,,,,,,,,,Winter Collage Accessoires
14-8585-6150,Gob Runner XL,Villeroy & Boch,Decoration & Gifts – Accessories,£29.01,,https://static.wixstatic.com/media/042ed7_13b5bbf9f4ce43dbbf7bad50fee31484~mv2.png,,IN,63025100,8585,6150,Toy's Delight,4,16,380,270,70,Gob Runner XL,1485856150,32.44,420g,1430x490x2,4003686370968,448,4057743145860,Decoration & Gifts,,,,,,,,,Toy's Delight
14-8585-6120,Gob. Placemat Toys,Villeroy & Boch,Decoration & Gifts – Accessories,£6.34,,https://static.wixstatic.com/media/042ed7_1a0248c66d51432c852bb3a4627bea1f~mv2.png,,IN,63025100,8585,6120,Toy's Delight,6,11,398,270,30,Gob. Placemat Toys,1485856120,7.09,100g,480x320x2,4003686370951,1920,4057743145853,Decoration & Gifts,,,,,,,,,Toy's Delight
14-8585-6121,Gob. Placemat Tree,Villeroy & Boch,Decoration & Gifts – Accessories,£6.34,,https://static.wixstatic.com/media/042ed7_ab05240d9f8447e3aef1e082605bbf1f~mv2.png,,IN,63025100,8585,6121,Toy's Delight,6,11,398,270,30,Gob. Placemat Tree,1485856121,7.09,100g,480x320x2,4003686370975,1920,4057743145877,Decoration & Gifts,,,,,,,,,Toy's Delight
14-8585-6165,Gob. Runner L,Villeroy & Boch,Decoration & Gifts – Accessories,£17.39,,https://static.wixstatic.com/media/042ed7_ee30bb7263674b67bd0d34cc1ea656fc~mv2.png,,IN,63025100,8585,6165,Toy's Delight,4,15,335,250,45,Gob. Runner L,1485856165,19.44,200g,960x320x2,4003686370944,960,4057743145846,Decoration & Gifts,,,,,,,,,Toy's Delight
14-8585-6181,Gobelin Breadbasket,Villeroy & Boch,Decoration & Gifts,£17.39,,https://static.wixstatic.com/media/042ed7_79e6a8275db640988341be3ad25da1f7~mv2.png,,IN,63079098,8585,6181,Toy's Delight,2,15,370,225,35,Gobelin Breadbasket,1485856181,19.44,150g,240x240x160,4003686370937,800,4057743145839,Decoration & Gifts,,,,,,,,,Toy's Delight
14-8676-6120,Gobelin Placemat,Villeroy & Boch,Decoration & Gifts – Accessories,£6.34,,https://static.wixstatic.com/media/042ed7_5c064079ddf4437698ea106a579fd9c5~mv2.png,,IN,63025100,8676,6120,Easter Delight,6,5,340,260,30,Gobelin Placemat,1486766120,7.09,100g,320x480x2,4003686457980,,4057743196770,Decoration & Gifts,,,,,NEW,,,,Easter Delight
35-9083-0040,Gobelin Placemat Alt Luxemburg,Villeroy & Boch,Decoration & Gifts – Accessories,£5.76,,https://static.wixstatic.com/media/042ed7_ae1b1101a0dd479d9050b5d7f853b0d8~mv2.png,,IN,63025100,9083,0040,Table Decoration,6,15,335,270,40,Gobelin Placemat Alt Luxemburg,3590830040,6.44,100g,490x325x2,4003686340169,1920,4057743088693,Decoration & Gifts,,,,,,,,,Table Decoration
14-8644-6124,Gobelin Placemat Flower Meadow,Villeroy & Boch,Decoration & Gifts – Accessories,£6.34,,https://static.wixstatic.com/media/042ed7_437cf455fe874b608e6ec1cb7ff7ddf7~mv2.png,,IN,63025100,8644,6124,Spring Fantasy,6,15,330,270,30,Gobelin Placemat Flower Meadow,1486446124,7.09,100g,320x480x0,4003686410510,1920,4057743173511,Decoration & Gifts,,,,,,,,,Spring Fantasy
35-9083-0043,Gobelin Placemat French Garden,Villeroy & Boch,Decoration & Gifts – Accessories,£5.76,,https://static.wixstatic.com/media/042ed7_fbdb5a7a2b334dcf9a283f3ab9d9dcee~mv2.png,,IN,63025100,9083,0043,Table Decoration,6,10,340,280,40,Gobelin Placemat French Garden,3590830043,6.44,100g,490x325x2,4003686340190,1920,4057743088723,Decoration & Gifts,,,,,,,,,Table Decoration
35-9083-0041,Gobelin Placemat Petite Fleur,Villeroy & Boch,Decoration & Gifts – Accessories,£5.76,,https://static.wixstatic.com/media/042ed7_78ac954fb22a42cfae196661d03aa35c~mv2.png,,IN,63025100,9083,0041,Table Decoration,6,15,335,270,40,Gobelin Placemat Petite Fleur,3590830041,6.44,105g,490x325x2,4003686340176,1920,4057743088709,Decoration & Gifts,,,,,,,,,Table Decoration
14-8644-6123,Gobelin Placemat Picnic,Villeroy & Boch,Decoration & Gifts – Accessories,£6.34,,https://static.wixstatic.com/media/042ed7_bbeca7b9deb941a88f8fa33187dd2735~mv2.png,,IN,63025100,8644,6123,Spring Fantasy,6,15,330,270,30,Gobelin Placemat Picnic,1486446123,7.09,100g,320x480x0,4003686410503,1920,4057743173504,Decoration & Gifts,,,,,,,,,Spring Fantasy
14-8663-6120,Gobelin Placemat Snowdrop,Villeroy & Boch,Decoration & Gifts – Accessories,£6.92,,,,IN,63025100,8663,6120,Colourful Spring,6,15,330,270,30,Gobelin Placemat Snowdrop,1486636120,7.74,105g,480x320x2,4003686364141,1920,4057743109916,Decoration & Gifts,,,,,,,,,Colourful Spring
14-8332-6123,"Gobelin Placemat, Santa",Villeroy & Boch,Decoration & Gifts – Accessories,£6.34,,https://static.wixstatic.com/media/042ed7_ee532986ed774f70816f8b8ae88cbb10~mv2.png,,IN,63025100,8332,6123,Toy's Fantasy,6,15,330,265,50,"Gobelin Placemat, Santa",1483326123,7.09,100g,480x320x2,4003686441293,1920,4057743187143,Decoration & Gifts,,,,,,,,,Toy's Fantasy
35-9083-0070,Gobelin Runner Alt Luxemburg,Villeroy & Boch,Decoration & Gifts – Accessories,£22.04,,https://static.wixstatic.com/media/042ed7_6954fc287b8c45b59147d60a047ec9bb~mv2.png,,IN,63025100,9083,0070,Table Decoration,4,15,380,250,55,Gobelin Runner Alt Luxemburg,3590830070,24.64,410g,1430x490x0,4003686386358,448,4057743160764,Decoration & Gifts,,,,,,,,,Table Decoration
35-9083-0073,Gobelin Runner French Garden,Villeroy & Boch,Decoration & Gifts – Accessories,£22.04,,https://static.wixstatic.com/media/042ed7_afd08c0be45642b7bf15a672fe5582d2~mv2.png,,IN,63025100,9083,0073,Table Decoration,4,15,380,250,55,Gobelin Runner French Garden,3590830073,24.64,410g,1430x490x0,4003686386280,448,4057743160696,Decoration & Gifts,,,,,,,,,Table Decoration
35-9083-0071,Gobelin Runner Petite Fleur,Villeroy & Boch,Decoration & Gifts – Accessories,£22.04,,https://static.wixstatic.com/media/042ed7_629cc687c92d4758b9821abc1644e62b~mv2.png,,IN,63025100,9083,0071,Table Decoration,4,15,380,250,55,Gobelin Runner Petite Fleur,3590830071,24.64,410g,1430x490x0,4003686386266,1792,4057743160672,Decoration & Gifts,,,,,,,,,Table Decoration
14-8663-6150,Gobelin Runner Snowdrop,Villeroy & Boch,Decoration & Gifts – Accessories,£29.01,,https://static.wixstatic.com/media/042ed7_cae3c90869eb4df2928005d83a1732dc~mv2.png,,IN,63025100,8663,6150,Colourful Spring,4,15,380,250,55,Gobelin Runner Snowdrop,1486636150,32.44,420g,1430x490x2,4003686364134,448,4057743109909,Decoration & Gifts,,,,,,,,,Colourful Spring
14-8644-6152,Gobelin Runner XL Picnic,Villeroy & Boch,Decoration & Gifts – Accessories,£29.01,,https://static.wixstatic.com/media/042ed7_c3eb55ead65b4344ba4027227b8487b8~mv2.png,,IN,63025100,8644,6152,Spring Fantasy,4,16,380,270,70,Gobelin Runner XL Picnic,1486446152,32.44,410g,1430x490x2,4003686410527,1920,4057743173528,Decoration & Gifts,,,,,,,,,Spring Fantasy
14-8332-6153,"Gobelin Runner XL, Santa",Villeroy & Boch,Decoration & Gifts – Accessories,£29.01,,https://static.wixstatic.com/media/042ed7_d05ff5a88a394a7290da422bc595de61~mv2.png,,IN,63025100,8332,6153,Toy's Fantasy,4,20,420,320,70,"Gobelin Runner XL, Santa",1483326153,32.44,400g,1430x490x2,4003686441408,448,4057743187150,Decoration & Gifts,,,,,,,,,Toy's Fantasy
14-8332-6191,"Gobelin cushion, Santa",Villeroy & Boch,Decoration & Gifts,£29.01,,https://static.wixstatic.com/media/042ed7_52d67c658ef04f00822025a7be6a8473~mv2.png,,DK,63079098,8332,6191,Toy's Fantasy,1,25,420,420,160,"Gobelin cushion, Santa",1483326191,32.44,520g,450x450x65,4003686441422,0,,Decoration & Gifts,,,,,,,,,Toy's Fantasy
10-4288-8300,Gobelin placemat,Villeroy & Boch,Decoration & Gifts – Accessories,£5.76,,https://static.wixstatic.com/media/042ed7_9928b45c9ec94aa8b23dcf2f51a14487~mv2.png,,IN,63025100,4288,8300,Rose Garden Home,6,15,330,270,30,Gobelin placemat,1042888300,6.44,105g,490x325x2,4003686420564,0,4057743178165,Decoration & Gifts,,,,,,,,,Rose Garden
14-8644-6120,Gobelin placemat New Flowers,Villeroy & Boch,Decoration & Gifts – Accessories,£6.34,,https://static.wixstatic.com/media/042ed7_11ae7731f0694a3ca98bbec6ee0bb61c~mv2.png,,IN,63025100,8644,6120,Spring Fantasy,6,15,330,270,30,Gobelin placemat New Flowers,1486446120,7.09,105g,480x320x2,4003686364097,1920,4057743109862,Decoration & Gifts,,,,,,,,,Spring Fantasy
14-8638-6120,Gobelin placemat Spring Awakening,Villeroy & Boch,Decoration & Gifts – Accessories,£6.34,,,,IN,63025100,8638,6120,Spring Awakening,6,15,335,270,40,Gobelin placemat Spring Awakening,1486386120,7.09,100g,480x320x2,4003686364059,1200,4057743109824,Decoration & Gifts,,,,,,,,,Spring Awakening
14-8332-6190,"Gobelin reversible cushion, Santa",Villeroy & Boch,Decoration & Gifts,£29.01,,https://static.wixstatic.com/media/042ed7_65848c18a6d64eda90675c8fc56eacf8~mv2.png,,DK,63079098,8332,6190,Toy's Fantasy,1,25,450,350,120,"Gobelin reversible cushion, Santa",1483326190,32.44,450g,480x320x45,4003686441415,0,,Decoration & Gifts,,,,,,,,,Toy's Fantasy
10-4288-8390,Gobelin runner,Villeroy & Boch,Decoration & Gifts – Accessories,£22.04,,https://static.wixstatic.com/media/042ed7_3516445cb0824bed9957d4ae1310c615~mv2.png,,IN,63025100,4288,8390,Rose Garden Home,4,15,380,260,65,Gobelin runner,1042888390,24.64,425g,1480x480x2,4003686420571,0,4057743178172,Decoration & Gifts,,,,,,,,,Rose Garden
14-8644-6150,Gobelin runner New Flowers XL,Villeroy & Boch,Decoration & Gifts – Accessories,£29.01,,https://static.wixstatic.com/media/042ed7_49a60da63b234548bfbfcac6ca6a6be3~mv2.png,,IN,63025100,8644,6150,Spring Fantasy,4,16,380,270,70,Gobelin runner New Flowers XL,1486446150,32.44,400g,1430x490x2,4003686364073,448,4057743109848,Decoration & Gifts,,,,,,,,,Spring Fantasy
14-8638-6165,Gobelin table runner Spring Awakening L,Villeroy & Boch,Decoration & Gifts – Accessories,£17.39,,https://static.wixstatic.com/media/042ed7_31c0f0c39ae648ce839f51fdd6c3b4fa~mv2.png,,IN,63025100,8638,6165,Spring Awakening,4,10,330,250,40,Gobelin table runner Spring Awakening L,1486386165,19.44,200g,960x320x2,4003686364035,800,4057743109800,Decoration & Gifts,,,,,,,,,Spring Awakening
16-3275-3858,Gourmet boat,Villeroy & Boch,Hospitality – Crockery,£5.79,,,,DE,69111000,3275,3858,Marchesi,6,129,315,215,95,Gourmet boat,1632753858,6.48,305g,325x75x20,5450523034542,588,4057743032818,,,Marchesi,Marchesi,white,,,,,Marchesi
16-3356-3858,Gourmet boat,Villeroy & Boch,Hospitality – Crockery,£8.80,,,,DE,69111000,3356,3858,Sedona,6,129,315,215,95,Gourmet boat,1633563858,9.84,305g,325x75x20,5450523047641,588,4057743044583,,,Sedona,Sedona,Marchesi,,,,,Sedona
10-4293-2680,Gourmet plate,Villeroy & Boch,Hospitality – Crockery,£17.63,,https://static.wixstatic.com/media/042ed7_941b6c4b39904fdfb82303a290089288~mv2.png,,DE,69111000,4293,2680,Afina,1,148,300,340,45,Gourmet plate,1042932680,19.72,1155g,320x320x25,4003686436206,132,,,,Afina,Afina,Novelties 2024,,,,,Afina
16-6248-0120,Gourmet spoon,Villeroy & Boch,Hospitality – Cutlery,£7.40,,,,VN,82159910,6248,0120,Coupole,6,25,205,40,40,Gourmet spoon,1662480120,8.28,49g,184x37x21,4011417059259,4500,4057743054698,,,Coupole,Coupole,Cutlery,,,,,Coupole
14-8662-6320,Grandpa Hans,Villeroy & Boch,Decoration & Gifts,£20.87,,https://static.wixstatic.com/media/042ed7_d3994eb7217148de9be270604ecb6231~mv2.png,,CN,95059000,8662,6320,Bunny Tales,1,60,95,90,180,Grandpa Hans,1486626320,23.34,150g,65x60x145,4003686355965,384,,Decoration & Gifts,,,,,,,,,Bunny Tales
12-6387-1760,Gravy ladle,Villeroy & Boch,Cutlery – Utensils & Tools,£23.20,,https://static.wixstatic.com/media/042ed7_3e433ec461cc455e922735c14faf33e1~mv2.png,,VN,82159910,6387,1760,Blacksmith,1,2,270,60,50,Gravy ladle,1263871760,25.94,80g,170x55x46,4003683483753,528,,Cutlery,,,,,,,,,Blacksmith
12-6526-1760,Gravy ladle,Villeroy & Boch,Cutlery – Utensils & Tools,£23.20,,https://static.wixstatic.com/media/042ed7_84f040d02d7b456e8795e136b18df79f~mv2.png,,VN,82159910,6526,1760,Boston,1,2,180,60,45,Gravy ladle,1265261760,25.94,73g,171x69x32,4003686356825,1000,,Cutlery,,,,,,,,,Boston
12-6403-1760,Gravy ladle,Villeroy & Boch,Cutlery – Utensils & Tools,£10.99,,https://static.wixstatic.com/media/042ed7_a979d5f8b4cc47c4964a7705dfa9edb9~mv2.png,,ID,82159910,6403,1760,Daily Line,1,70,365,70,60,Gravy ladle,1264031760,12.29,81g,182x74x43,4003686200029,360,,Cutlery,,,,,,,,,Daily Line
12-6351-1760,Gravy ladle,Villeroy & Boch,Cutlery – Utensils & Tools,£23.20,,https://static.wixstatic.com/media/042ed7_533e726239354848b67458c28b080af6~mv2.png,,VN,82159910,6351,1760,Ella partially gold plated,1,2,270,80,35,Gravy ladle,1263511760,25.94,56g,170x58x36,4003683314132,6000,,Cutlery,,,,,,,,,Ella
12-6243-1760,Gravy ladle,Villeroy & Boch,Cutlery – Utensils & Tools,£33.08,,https://static.wixstatic.com/media/042ed7_5927cabde71c414288dcf29e30ef99ee~mv2.png,,VN,82159910,6243,1760,Kreuzband-Septfontaines,1,2,235,80,45,Gravy ladle,1262431760,36.99,78g,183x69x42,4011417045382,999,,Cutlery,,,,,,,,,Kreuzband Septfontaines
12-6417-1760,Gravy ladle,Villeroy & Boch,Cutlery – Utensils & Tools,£23.20,,https://static.wixstatic.com/media/042ed7_9597c69d42ef43a48da72e2ed2804fd8~mv2.png,,VN,82159910,6417,1760,La Classica,1,2,235,80,45,Gravy ladle,1264171760,25.94,78g,170x58x38,4003686262584,300,,Cutlery,,,,,,,,,La Classica
12-6527-1760,Gravy ladle,Villeroy & Boch,Cutlery – Utensils & Tools,£33.08,,https://static.wixstatic.com/media/042ed7_251758042c9e4ea2a2ec24d93b06674d~mv2.png,,ID,82159910,6527,1760,MetroChic,1,2,180,60,40,Gravy ladle,1265271760,36.99,85g,175x61x41,4003686362246,1000,,Cutlery,,,,,,,,,MetroChic
12-6448-1760,Gravy ladle,Villeroy & Boch,Cutlery – Utensils & Tools,£23.20,,https://static.wixstatic.com/media/042ed7_0de165b2340a4f58bdb4971e3ec7b76f~mv2.png,,VN,82159910,6448,1760,Montauk,1,2,180,60,45,Gravy ladle,1264481760,25.94,73g,170x58x38,4003686329041,960,,Cutlery,,,,,,,,,Montauk
12-6233-1760,Gravy ladle,Villeroy & Boch,Cutlery – Utensils & Tools,£33.08,,https://static.wixstatic.com/media/042ed7_9dafc116a06c40e0815020aa21d48908~mv2.png,,VN,82159910,6233,1760,Neufaden-Merlemont,1,2,250,70,50,Gravy ladle,1262331760,36.99,64g,170x69x50,4011417038896,2400,,Cutlery,,,,,,,,,Neufaden Merlemont
12-6338-1760,Gravy ladle,Villeroy & Boch,Cutlery – Utensils & Tools,£23.20,,https://static.wixstatic.com/media/042ed7_cadec40a605948468a9ccbde8b1c402e~mv2.png,,ID,82159910,6338,1760,NewWave,1,2,280,70,40,Gravy ladle,1263381760,25.94,116g,169x63x50,4003683257781,999,,Cutlery,,,,,,,,,NewWave
12-6264-1760,Gravy ladle,Villeroy & Boch,Cutlery – Utensils & Tools,£23.20,,https://static.wixstatic.com/media/042ed7_c30538d475304d6c9c158b3ea60fcaaf~mv2.png,,VN,82159910,6264,1760,Piemont,1,2,285,75,30,Gravy ladle,1262641760,25.94,67g,173x66x42,4011417052526,1920,,Cutlery,,,,,,,,,Piemont
12-6347-1760,Gravy ladle,Villeroy & Boch,Cutlery – Utensils & Tools,£23.20,,https://static.wixstatic.com/media/042ed7_9fc18aa3191c4653aa69b66c0b6b7bd3~mv2.png,,VN,82159910,6347,1760,Udine,1,2,260,80,30,Gravy ladle,1263471760,25.94,73g,172x52x43,4003683286385,6600,,Cutlery,,,,,,,,,Udine
10-2525-2855,Grill plate,Villeroy & Boch,Hospitality – Crockery,£16.70,,https://static.wixstatic.com/media/042ed7_a74ff4bbb8b0427bb4cc6ad5ff15f42b~mv2.png,,DE,69111000,2525,2855,NewWave,4,272,295,295,85,Grill plate,1025252855,18.66,810g,270x270x25,4003683281366,352,4057743005508,,,NewWave,NewWave,,,,,,NewWave
16-3272-3380,Half deep coupe plate,Villeroy & Boch,Hospitality – Crockery,£21.25,,,,DE,69111000,3272,3380,Stella Hotel,6,403,315,315,120,Half deep coupe plate,1632723380,23.76,900g,280,5450523086329,300,4057743090825,,,Stella Hotel,Stella Hotel,Stella Hotel,,,,,Stella
16-3272-3381,Half deep coupe plate,Villeroy & Boch,Hospitality – Crockery,£13.08,,,,DE,69111000,3272,3381,Stella Hotel,6,226,240,240,125,Half deep coupe plate,1632723381,14.62,484g,225,5450523086336,486,4057743090832,,,Stella Hotel,Stella Hotel,Stella Hotel,,,,,Stella
16-4090-2692,Half deep oval coupe plate,Villeroy & Boch,Hospitality – Crockery,£23.61,,,,DE,69111000,4090,2692,Stella Cosmo,6,219,290,290,98,Half deep oval coupe plate,1640902692,26.4,696g,340x225x55,5450523147112,480,4057743159430,,,Stella Cosmo,Stella Cosmo,Stella Cosmo,,,Novelties 2020,,Stella
16-4090-2765,Half deep oval coupe plate,Villeroy & Boch,Hospitality – Crockery,£17.64,,,,DE,69111000,4090,2765,Stella Cosmo,6,219,290,290,98,Half deep oval coupe plate,1640902765,19.72,542g,300x200x50,5450523147129,480,4057743159447,,,Stella Cosmo,Stella Cosmo,Stella Cosmo,,,Novelties 2020,,Stella
35-9391-0065,Hanger Nutcracker with Horse,Villeroy & Boch,Decoration & Gifts,£10.41,,https://static.wixstatic.com/media/042ed7_364889bbf7074f8f9f4ab288b5eb26a4~mv2.png,,CN,39264000,9391,0065,Winter Collage Accessoires,4,40,120,110,85,Hanger Nutcracker with Horse,3593910065,11.64,60g,82x25x115,4003686406230,540,4057743169019,Decoration & Gifts,,,,,,,,,Winter Collage Accessoires
10-1621-8406,Happy Birthday Set 2pcs.,Villeroy & Boch,Decoration & Gifts,£11.57,,https://static.wixstatic.com/media/042ed7_2a7e5104481e40cc9c26bb13142b309a~mv2.png,,DE,69111000,1621,8406,Statement,1,56,230,85,110,Happy Birthday Set 2pcs.,1016218406,12.94,524g,115x80x104,4003686439351,287,,Decoration & Gifts,0.35,,,,,,,,Statement
12-6400-1480,Hard cheese knife,Villeroy & Boch,Cutlery – Knives & Cutting Boards,£18.55,,https://static.wixstatic.com/media/042ed7_73fedca7cb6a419b9950b005f9507e2e~mv2.png,,ID,82119100,6400,1480,Kensington fromage,1,70,365,70,60,Hard cheese knife,1264001480,20.74,109g,263x25x12,4003686167322,640,,Cutlery,,,,,,,,,Kensington fromage
16-4025-1740,Hexagone deep bowl,Villeroy & Boch,Hospitality – Crockery,£11.68,,,,DE,69111000,4025,1740,Artesano Professionale,6,94,205,205,120,Hexagone deep bowl,1640251740,13.06,315g,215x140x45,5450523062439,774,4057743050898,,0.34,Artesano Professionale,Artesano Professionale,Novelties 2015,,,Artesano,,Artesano
16-4025-2782,Hexagone deep plate,Villeroy & Boch,Hospitality – Crockery,£17.35,,,,DE,69111000,4025,2782,Artesano Professionale,6,191,270,270,120,Hexagone deep plate,1640252782,19.4,620g,260,5450523063368,336,4057743051017,,1.3,Artesano Professionale,Artesano Professionale,Novelties 2015,,,Artesano,,Artesano
16-4025-2780,Hexagone flat plate,Villeroy & Boch,Hospitality – Crockery,£18.84,,,,DE,69111000,4025,2780,Artesano Professionale,4,272,295,295,85,Hexagone flat plate,1640252780,21.07,880g,315x240,5450523062446,352,4057743050997,,,Artesano Professionale,Artesano Professionale,Novelties 2015,,,Artesano,,Artesano
16-4025-2781,Hexagone flat plate,Villeroy & Boch,Hospitality – Crockery,£15.02,,,,DE,69111000,4025,2781,Artesano Professionale,6,222,250,250,95,Hexagone flat plate,1640252781,16.8,530g,255x195,5450523062453,576,4057743051000,,,Artesano Professionale,Artesano Professionale,Novelties 2015,,,Artesano,,Artesano
16-4025-2820,Hexagone flat plate,Villeroy & Boch,Hospitality – Crockery,£22.43,,,,DE,69111000,4025,2820,Artesano Professionale,1,150,425,290,45,Hexagone flat plate,1640252820,25.08,1300g,360x290,5450523062460,114,,,,Artesano Professionale,Artesano Professionale,Novelties 2015,,,Artesano,,Artesano
16-2040-2865,Hexagone platter,Villeroy & Boch,Hospitality – Crockery,£16.33,,,,DE,69111000,2040,2865,Universal,6,272,295,295,85,Hexagone platter,1620402865,18.26,420g,330x120x25,5450523158514,528,4057743187006,,0.38,Universal,Universal,Universal,,,Pi Carré,,Universal
16-4025-2670,Hexagone salad plate,Villeroy & Boch,Hospitality – Crockery,£20.71,,,,DE,69111000,4025,2670,Artesano Professionale,4,403,315,315,120,Hexagone salad plate,1640252670,23.16,1010g,310x240,5450523062408,200,4057743050973,,,Artesano Professionale,Artesano Professionale,Novelties 2015,,,Artesano,,Artesano
11-3721-8260,"Highball glass, Set 4 pcs",Villeroy & Boch,Glass – Hiballs,£26.11,,https://static.wixstatic.com/media/042ed7_e5d16a740d4a47c980419446e337fd8b~mv2.png,,SK,70133791,3721,8260,Afina,1,125,176,176,125,"Highball glass, Set 4 pcs",1137218260,29.19,677g,85x85x124,4003686436725,0,,Glass,0.522,,,,,,,,Afina
11-7299-0110,Highball/beer tumbler,Villeroy & Boch,Hospitality – Beer,£9.66,,https://splendid-product-images.pages.dev/vb/11-7299-0110.png,,DE,70133799,7299,0110,Boston,4,120,155,155,190,Highball/beer tumbler,1172990110,10.79,496g,75x75x160,4003683221652,448,4057743016481,,0.4,Boston,Boston,Boston,,,,,Boston
11-7331-0110,Highball/beer tumbler,Villeroy & Boch,Hospitality – Beer,£11.16,,https://splendid-product-images.pages.dev/vb/11-7331-0110.png,,DE,70133799,7331,0110,Boston Berry,4,118,165,165,150,Highball/beer tumbler,1173310110,12.48,496g,75x75x160,,448,,,0.4,Boston Berry,Boston Berry,Boston Berry,,,,,Boston
11-7333-0110,Highball/beer tumbler,Villeroy & Boch,Hospitality – Beer,£11.16,,https://splendid-product-images.pages.dev/vb/11-7333-0110.png,,DE,70133799,7333,0110,Boston Pearl,4,120,160,160,180,Highball/beer tumbler,1173330110,12.48,496g,75x75x160,4003686448919,448,4057743191164,,0.4,Boston Pearl,Boston Pearl,Boston Pearl,,,,,Boston
11-7332-0110,Highball/beer tumbler,Villeroy & Boch,Hospitality – Beer,£11.16,,https://splendid-product-images.pages.dev/vb/11-7332-0110.png,,DE,70133799,7332,0110,Boston Saffron,4,118,165,165,150,Highball/beer tumbler,1173320110,12.48,496g,75x75x160,,448,,,0.4,Boston Saffron,Boston Saffron,Boston Saffron,,,,,Boston
11-7309-0111,Highball/beer tumbler blue,Villeroy & Boch,Hospitality – Beer,£11.16,,https://splendid-product-images.pages.dev/vb/11-7309-0111.png,,DE,70133799,7309,0111,Boston coloured,4,120,155,155,190,Highball/beer tumbler blue,1173090111,12.48,496g,75x75x160,,448,,,0.4,Boston coloured,Boston coloured,Boston coloured,,,,,Boston
11-7309-0112,Highball/beer tumbler green,Villeroy & Boch,Hospitality – Beer,£11.16,,https://splendid-product-images.pages.dev/vb/11-7309-0112.png,,DE,70133799,7309,0112,Boston coloured,4,120,155,155,190,Highball/beer tumbler green,1173090112,12.48,496g,75x75x160,,448,,,0.4,Boston coloured,Boston coloured,Boston coloured,,,,,Boston
11-7309-0110,Highball/beer tumbler red,Villeroy & Boch,Hospitality – Beer,£11.16,,https://splendid-product-images.pages.dev/vb/11-7309-0110.png,,DE,70133799,7309,0110,Boston coloured,4,120,155,155,190,Highball/beer tumbler red,1173090110,12.48,496g,75x75x160,,448,,,0.4,Boston coloured,Boston coloured,Boston coloured,,,,,Boston
11-7309-0115,Highball/beer tumbler smoke,Villeroy & Boch,Hospitality – Beer,£11.16,,https://splendid-product-images.pages.dev/vb/11-7309-0115.png,,DE,70133799,7309,0115,Boston coloured,4,120,160,160,180,Highball/beer tumbler smoke,1173090115,12.48,470g,75x75x160,,448,,,0.4,Boston coloured,Boston coloured,Boston coloured,,,,,Boston
10-4289-8373,Hurricane Lamp S,Villeroy & Boch,Decoration & Gifts – Accessories,£24.94,,https://splendid-product-images.pages.dev/vb/10-4289-8373.png,,CN,70139900,4289,8373,Manufacture Rock Home,1,120,106,106,165,Hurricane Lamp S,1042898373,27.89,247g,80x80x132,4003686420694,322,,Decoration & Gifts,,,,,Discontinued 30.06.2026,,,,Manufacture
10-4289-8375,Hurricane lamp L,Villeroy & Boch,Decoration & Gifts – Accessories,£56.92,,https://splendid-product-images.pages.dev/vb/10-4289-8375.png,,CN,70139900,4289,8375,Manufacture Rock Home,1,353,173,173,285,Hurricane lamp L,1042898375,63.64,1144g,151x151x245,4003686420717,64,,Decoration & Gifts,,,,,Discontinued 30.06.2026,,,,Manufacture
10-4289-8374,Hurricane lamp M,Villeroy & Boch,Decoration & Gifts – Accessories,£39.48,,https://splendid-product-images.pages.dev/vb/10-4289-8374.png,,CN,70139900,4289,8374,Manufacture Rock Home,1,235,140,140,220,Hurricane lamp M,1042898374,44.14,644g,121x121x196,4003686420700,115,,Decoration & Gifts,,,,,Discontinued 30.06.2026,,,,Manufacture
14-8671-3995,Hurricane lamp tree,Villeroy & Boch,Decoration & Gifts – Accessories,£21.46,,https://splendid-product-images.pages.dev/vb/14-8671-3995.png,,CN,69131000,8671,3995,Winter Glow,1,180,225,155,150,Hurricane lamp tree,1486713995,23.99,630g,146x146x183,4003686430518,115,,Decoration & Gifts,,,,,Discontinued 30.06.2026,,,,Winter Glow
10-4412-3921,Individual Bowl,Villeroy & Boch,Porcelain – Crockery,£10.41,,https://splendid-product-images.pages.dev/vb/10-4412-3921.png,,DE,69111000,4412,3921,Royal,6,57,112,112,125,Individual Bowl,1044123921,11.64,78g,92x92x37,4003683471972,2160,4057743012131,Porcelain,0.13,,,,,,,,Royal
16-4004-3800,Individual bowl,Villeroy & Boch,Hospitality – Crockery,£5.95,,,,DE,69111000,4004,3800,Affinity,6,108,160,160,180,Individual bowl,1640043800,6.65,359g,150x150x45,5450523054809,840,4057743046945,,0.46,Affinity,Affinity,Novelties Spring 2013,,,,,Affinity
16-4004-3831,Individual bowl,Villeroy & Boch,Hospitality – Crockery,£3.78,,,,DE,69111000,4004,3831,Affinity,6,121,290,165,83,Individual bowl,1640043831,4.22,135g,80x80x50,5450523054762,864,4057743046969,,0.14,Affinity,Affinity,Novelties Spring 2013,,,,,Affinity
10-4293-3900,Individual bowl,Villeroy & Boch,Hospitality – Crockery,£6.46,,https://splendid-product-images.pages.dev/vb/10-4293-3900.png,,DE,69111000,4293,3900,Afina,6,80,130,140,140,Individual bowl,1042933900,7.22,211g,130x130x35,4003686436268,1440,4057743183831,,0.21,Afina,Afina,Novelties 2024,,,,,Afina
10-4653-3810,Individual bowl,Villeroy & Boch,Hospitality – Crockery,£14.66,,https://splendid-product-images.pages.dev/vb/10-4653-3810.png,,DE,69111000,4653,3810,Anmut Gold,6,85,156,156,183,Individual bowl,1046533810,16.39,173g,130x130x54,4003686375901,840,4057743155319,,0.42,Anmut Gold,Anmut Gold,Anmut Gold,,,,,Anmut
10-4636-3810,Individual bowl,Villeroy & Boch,Hospitality – Crockery,£14.14,,https://splendid-product-images.pages.dev/vb/10-4636-3810.png,,DE,69111000,4636,3810,Anmut Platinum No.1,6,89,156,156,183,Individual bowl,1046363810,15.81,173g,130x130x54,4003683397104,840,4057743014425,,0.42,Anmut Platinum No.1,Anmut Platinum No.1,Anmut Platinum No.1,,,,,Anmut
16-4025-3810,Individual bowl,Villeroy & Boch,Hospitality – Crockery,£8.00,,,,DE,69111000,4025,3810,Artesano Professionale,6,121,190,190,170,Individual bowl,1640253810,8.94,230g,130x130x40,5450523062477,576,4057743051031,,0.29,Artesano Professionale,Artesano Professionale,Novelties 2015,,Yes,Artesano,,Artesano
11-7299-0760,Individual bowl,Villeroy & Boch,Hospitality – Crockery,£9.66,,https://splendid-product-images.pages.dev/vb/11-7299-0760.png,,DE,70134999,7299,0760,Boston,4,147,245,245,85,Individual bowl,1172990760,10.79,418g,115x115x80,4003683221638,384,4057743016504,,0.43,Boston,Boston,Boston,,,,,Boston
11-7331-0760,Individual bowl,Villeroy & Boch,Hospitality – Crockery,£11.16,,https://splendid-product-images.pages.dev/vb/11-7331-0760.png,,DE,70134999,7331,0760,Boston Berry,4,147,245,245,85,Individual bowl,1173310760,12.48,418g,115x115x80,,384,,,0.43,Boston Berry,Boston Berry,Boston Berry,,,,,Boston
10-4661-3810,Individual bowl,Villeroy & Boch,Hospitality – Crockery,£14.82,,https://splendid-product-images.pages.dev/vb/10-4661-3810.png,,DE,69111000,4661,3810,Château Septfontaines,6,89,156,156,183,Individual bowl,1046613810,16.57,179g,130x130x55,4003686408098,840,4057743170176,,0.42,Château Septfontaines,Château Septfontaines,Novelties 2021,,,,,Chateau Septfontaines
10-4661-3901,Individual bowl,Villeroy & Boch,Hospitality – Crockery,£19.04,,https://splendid-product-images.pages.dev/vb/10-4661-3901.png,,DE,69111000,4661,3901,Château Septfontaines,6,85,156,156,183,Individual bowl,1046613901,21.29,235g,155x155x65,4003686403185,840,4057743167947,,0.65,Château Septfontaines,Château Septfontaines,Novelties 2021,,,,,Chateau Septfontaines
10-4661-3911,Individual bowl,Villeroy & Boch,Hospitality – Crockery,£13.26,,https://splendid-product-images.pages.dev/vb/10-4661-3911.png,,DE,69111000,4661,3911,Château Septfontaines,6,68,120,120,130,Individual bowl,1046613911,14.83,115g,110x110x45,4003686403192,2160,4057743173108,,0.25,Château Septfontaines,Château Septfontaines,Novelties 2021,,,,,Chateau Septfontaines
10-4661-5980,Individual bowl,Villeroy & Boch,Hospitality – Crockery,£12.41,,https://splendid-product-images.pages.dev/vb/10-4661-5980.png,,DE,69111000,4661,5980,Château Septfontaines,6,129,290,165,80,Individual bowl,1046615980,13.88,49g,70x70x30,4003686403208,864,4057743167954,,0.05,Château Septfontaines,Château Septfontaines,Novelties 2021,,,,,Chateau Septfontaines
10-3420-3810,Individual bowl,Villeroy & Boch,Hospitality – Crockery,£10.53,,https://splendid-product-images.pages.dev/vb/10-3420-3810.png,,DE,69111000,3420,3810,Flow,6,78,152,155,177,Individual bowl,1034203810,11.77,250g,160x130x85,4003683349776,840,4057743006369,,0.3,Flow,Flow,Flow,,,Big Buffet,,Flow
10-4392-3810,Individual bowl,Villeroy & Boch,Hospitality – Crockery,£26.63,,https://splendid-product-images.pages.dev/vb/10-4392-3810.png,,DE,69111000,4392,3810,Gray Pearl,6,192,160,160,180,Individual bowl,1043923810,29.78,173g,130x130x54,4003683201579,840,4057743011820,,0.42,Gray Pearl,Gray Pearl,Gray Pearl,,,,,Gray Pearl
10-4390-1945,Individual bowl,Villeroy & Boch,Hospitality – Crockery,£26.37,,https://splendid-product-images.pages.dev/vb/10-4390-1945.png,,DE,69111000,4390,1945,Ivoire,4,68,140,140,130,Individual bowl,1043901945,29.49,150g,110x110x55,4003686238848,960,4057743011639,,0.27,Ivoire,Ivoire,Ivoire,,,,,Ivoire
10-4390-3810,Individual bowl,Villeroy & Boch,Hospitality – Crockery,£27.76,,https://static.wixstatic.com/media/042ed7_2df20094a7c4465da8f3fce08df33497~mv2.png,,DE,69111000,4390,3810,Ivoire,6,89,156,156,183,Individual bowl,1043903810,31.04,173g,130x130x54,4003686131927,840,4057743011691,,0.42,Ivoire,Ivoire,Ivoire,,,,,Ivoire
16-3275-3831,Individual bowl,Villeroy & Boch,Hospitality – Crockery,£4.72,,,,DE,69111000,3275,3831,Marchesi,6,57,112,112,125,Individual bowl,1632753831,5.28,116g,100x75x45,5450523034474,2160,4057743032795,,0.11,Marchesi,Marchesi,white,,Yes,Big Buffet,,Marchesi
10-4264-3900,Individual bowl,Villeroy & Boch,Hospitality – Crockery,£8.21,,https://static.wixstatic.com/media/042ed7_3cdd9817b2f54496b5d9bd0b7295ff23~mv2.png,,DE,69111000,4264,3900,NewMoon,6,108,160,160,180,Individual bowl,1042643900,9.18,250g,130x130x45,4003686386563,840,4057743160849,,0.28,NewMoon,NewMoon,Novelties 2020,,,Novelties 2020,,NewMoon
10-2525-1901,Individual bowl,Villeroy & Boch,Hospitality – Crockery,£9.40,,https://static.wixstatic.com/media/042ed7_06bb50f2af8f4f19bc955c4ccc5df6e8~mv2.png,,DE,69111000,2525,1901,NewWave,4,168,295,180,165,Individual bowl,1025251901,10.51,300g,135x130x75,4003686163515,320,4057743005317,,0.39,NewWave,NewWave,NewWave,,,Novelties 2011,,NewWave
10-2525-3934,Individual bowl,Villeroy & Boch,Hospitality – Crockery,£6.02,,https://static.wixstatic.com/media/042ed7_049322fa266d4814afb3ccfdd2b96c3d~mv2.png,,DE,69111000,2525,3934,NewWave,4,115,155,155,86,Individual bowl,1025253934,6.73,275g,138x137x35,5450102385379,1260,4057743005591,,0.33,NewWave,NewWave,,,,Big Buffet,,NewWave
16-3356-3831,Individual bowl,Villeroy & Boch,Hospitality – Crockery,£6.10,,,,DE,69111000,3356,3831,Sedona,6,57,112,112,125,Individual bowl,1633563831,6.82,116g,100x75x45,5450523047634,2160,4057743044576,,0.11,Sedona,Sedona,Marchesi,,,,,Sedona
16-4033-3810,Individual bowl,Villeroy & Boch,Hospitality – Crockery,£9.78,,,,DE,69111000,4033,3810,Stella Blossom,6,140,185,185,95,Individual bowl,1640333810,10.93,175g,165x160x45,5450523068714,1152,4057743052076,,0.38,Stella Blossom,Stella Blossom,Novelties Spring 2016,NEW,,,,Stella
16-3272-1945,Individual bowl,Villeroy & Boch,Hospitality – Crockery,£8.02,,,,DE,69111000,3272,1945,Stella Hotel,6,207,322,215,117,Individual bowl,1632721945,8.97,150g,110x110x55,5450523086350,456,4057743090856,,0.27,Stella Hotel,Stella Hotel,Stella Hotel,,,,,Stella
16-3272-1946,Individual bowl,Villeroy & Boch,Hospitality – Crockery,£8.02,,,,DE,69111000,3272,1946,Stella Hotel,6,207,322,215,117,Individual bowl,1632721946,8.97,150g,110x110x55,5450523086367,456,4057743090863,,0.25,Stella Hotel,Stella Hotel,Stella Hotel,,,,,Stella
16-3272-3810,Individual bowl,Villeroy & Boch,Hospitality – Crockery,£9.27,,,,DE,69111000,3272,3810,Stella Hotel,6,78,152,155,177,Individual bowl,1632723810,10.37,173g,130x130x55,5450102384198,840,4057743032559,,0.42,Stella Hotel,Stella Hotel,Stella Hotel,,Yes,,,Stella
16-3272-3901,Individual bowl,Villeroy & Boch,Hospitality – Crockery,£12.25,,,,DE,69111000,3272,3901,Stella Hotel,6,80,175,131,163,Individual bowl,1632723901,13.69,215g,155x155x65,5450523038748,840,4057743032580,,0.65,Stella Hotel,Stella Hotel,Stella Hotel,,Yes,,,Stella
16-3272-3911,Individual bowl,Villeroy & Boch,Hospitality – Crockery,£8.53,,,,DE,69111000,3272,3911,Stella Hotel,6,49,118,120,135,Individual bowl,1632723911,9.53,115g,110x110x45,5450523038731,2160,4057743032603,,0.25,Stella Hotel,Stella Hotel,Stella Hotel,,,,,Stella
16-3272-5980,Individual bowl,Villeroy & Boch,Hospitality – Crockery,£7.99,,,,DE,69111000,3272,5980,Stella Hotel,6,121,290,165,83,Individual bowl,1632725980,8.93,41g,70x70x30,5450523038793,864,4057743032641,,0.05,Stella Hotel,Stella Hotel,Stella Hotel,,Yes,,,Stella
10-3514-1945,Individual bowl,Villeroy & Boch,Porcelain – Crockery,£23.20,,https://static.wixstatic.com/media/042ed7_fc6e38f102bd433a8a2172749e52463b~mv2.png,,DE,69111000,3514,1945,Amazonia,4,68,140,140,130,Individual bowl,1035141945,25.94,150g,110x110x53,4003686238800,960,4057743007588,Porcelain,0.27,,,,,,,,Amazonia
10-4545-3810,Individual bowl,Villeroy & Boch,Porcelain – Crockery,£13.32,,https://static.wixstatic.com/media/042ed7_af726bfaed2142aa8c107a1dea41630c~mv2.png,,DE,69111000,4545,3810,Anmut,6,78,152,155,177,Individual bowl,1045453810,14.89,173g,130x130x54,4003683226824,840,4057743013909,Porcelain,0.42,,,,,,,,Anmut
10-1067-1945,Individual bowl,Villeroy & Boch,Porcelain – Crockery,£17.39,,https://static.wixstatic.com/media/042ed7_9b29701391274b7791e3d90d9def1908~mv2.png,,DE,69111000,1067,1945,Audun Ferme,4,191,225,225,75,Individual bowl,1010671945,19.44,150g,110x110x53,4003686238343,600,4057743002118,Porcelain,0.27,,,,,,,,Audun
10-1067-3800,Individual bowl,Villeroy & Boch,Porcelain – Crockery,£22.62,,https://static.wixstatic.com/media/042ed7_38104c9a6eec428f9d8a61adee77c9ca~mv2.png,,DE,69111000,1067,3800,Audun Ferme,6,90,202,203,112,Individual bowl,1010673800,25.29,255g,155x155x40,4003683109226,774,4057743002194,Porcelain,0.34,,,,,,,,Audun
10-4600-3810,Individual bowl,Villeroy & Boch,Porcelain – Crockery,£12.15,,https://static.wixstatic.com/media/042ed7_950363b9b25c4ce0b4b32e50c1f8e654~mv2.png,,DE,69111000,4600,3810,Cellini,6,271,455,280,87,Individual bowl,1046003810,13.59,205g,128x128x56,4003686135826,360,4057743014043,Porcelain,0.35,,,,,,,,Cellini
10-2337-3800,Individual bowl,Villeroy & Boch,Porcelain – Crockery,£26.11,,https://static.wixstatic.com/media/042ed7_313c757b928544f9bb97249073811de0~mv2.png,,DE,69111000,2337,3800,Design Naif,6,103,160,120,160,Individual bowl,1023373800,29.19,200g,142x142x36,5450102033478,1260,4057743004419,Porcelain,0.29,,,,,,,,Design Naif
10-2337-3920,Individual bowl,Villeroy & Boch,Porcelain – Crockery,£19.13,,https://static.wixstatic.com/media/042ed7_a8962f6ea4e74d2f9a11466fcc42aaed~mv2.png,,DE,69111000,2337,3920,Design Naif,6,271,455,280,87,Individual bowl,1023373920,21.39,280g,136x136x54,5450102033195,360,4057743004426,Porcelain,0.5,,,,,,,,Design Naif
10-4153-3810,Individual bowl,Villeroy & Boch,Porcelain – Crockery,£10.99,,https://static.wixstatic.com/media/042ed7_7d750fb8d24a4655a7b8a4e04309028b~mv2.png,,DE,69111000,4153,3810,For Me,6,80,180,160,160,Individual bowl,1041533810,12.29,172g,129x129x52,4003686367333,840,4057743111988,Porcelain,0.37,,,,,,,,For Me
10-2281-3880,Individual bowl,Villeroy & Boch,Porcelain – Crockery,£12.15,,https://static.wixstatic.com/media/042ed7_f761d4ab1fb044cf830c528e358d2e8c~mv2.png,,DE,69111000,2281,3880,French Garden Fleurence,6,312,460,280,95,Individual bowl,1022813880,13.59,200g,117x117x57,5450102345281,360,4057743003719,Porcelain,0.36,,,,,,,,French Garden
10-2281-3900,Individual bowl,Villeroy & Boch,Porcelain – Crockery,£15.64,,https://static.wixstatic.com/media/042ed7_b343d3645ebd40afa6ab781d26f05126~mv2.png,,DE,69111000,2281,3900,French Garden Fleurence,6,78,152,155,177,Individual bowl,1022813900,17.49,293g,148x148x54,5450102345274,840,4057743003733,Porcelain,0.55,,,,,,,,French Garden
10-2396-3900,Individual bowl,Villeroy & Boch,Porcelain – Crockery,£15.64,,https://static.wixstatic.com/media/042ed7_def3fd84ff08431cad5d96c028495c3f~mv2.png,,DE,69111000,2396,3900,Manoir,6,78,152,155,177,Individual bowl,1023963900,17.49,293g,148x148x54,5450102015450,840,4057743005034,Porcelain,0.55,,,,,,,,Manoir
10-4100-3810,Individual bowl,Villeroy & Boch,Porcelain – Crockery,£15.06,,https://static.wixstatic.com/media/042ed7_2e7df10ed10f4b9bb992910d36827aac~mv2.png,,DE,69111000,4100,3810,Mariefleur Basic,6,80,180,160,160,Individual bowl,1041003810,16.84,172g,129x129x52,4003686317703,840,4057743071558,Porcelain,0.37,,,,,,,,Mariefleur
10-2341-1945,Individual bowl,Villeroy & Boch,Porcelain – Crockery,£10.99,,https://static.wixstatic.com/media/042ed7_ea1a9fd444954820808d417ac26d507f~mv2.png,,DE,69111000,2341,1945,Old Luxembourg,4,191,225,225,75,Individual bowl,1023411945,12.29,150g,110x110x53,4003686238381,600,4057743004587,Porcelain,0.27,,,,,,,,Vieux Luxembourg
10-2341-3880,Individual bowl,Villeroy & Boch,Porcelain – Crockery,£12.15,,https://static.wixstatic.com/media/042ed7_f7f82f3cbdec43cbb9bab1ac7a540791~mv2.png,,DE,69111000,2341,3880,Old Luxembourg,6,271,455,280,87,Individual bowl,1023413880,13.59,220g,129x129x57,5450102022441,360,4057743004716,Porcelain,0.43,,,,,,,,Vieux Luxembourg
10-2395-3880,Individual bowl,Villeroy & Boch,Porcelain – Crockery,£12.15,,https://static.wixstatic.com/media/042ed7_1e5938f729864f4795056ce2f495d0c2~mv2.png,,DE,69111000,2395,3880,Petite Fleur,6,312,460,280,95,Individual bowl,1023953880,13.59,200g,117x117x57,5450102014910,360,4057743004891,Porcelain,0.36,,,,,,,,Petite Fleur
10-2395-3900,Individual bowl,Villeroy & Boch,Porcelain – Crockery,£15.64,,https://static.wixstatic.com/media/042ed7_24c8781758a84dd4a4b8f4d32b35e5d8~mv2.png,,DE,69111000,2395,3900,Petite Fleur,6,78,152,155,177,Individual bowl,1023953900,17.49,293g,148x148x54,5450102014903,840,4057743004907,Porcelain,0.55,,,,,,,,Petite Fleur
10-4412-3810,Individual bowl,Villeroy & Boch,Porcelain – Crockery,£13.32,,https://static.wixstatic.com/media/042ed7_369741cf04ae4d6fa56d4653f9c8bfd2~mv2.png,,DE,69111000,4412,3810,Royal,6,78,152,155,177,Individual bowl,1044123810,14.89,173g,130x130x54,4003686140462,840,4057743012087,Porcelain,0.42,,,,,,,,Royal
10-4412-3901,Individual bowl,Villeroy & Boch,Porcelain – Crockery,£13.32,,https://static.wixstatic.com/media/042ed7_0aa8e885acc54b89922b69b4975b2778~mv2.png,,DE,69111000,4412,3901,Royal,6,80,175,131,163,Individual bowl,1044123901,14.89,215g,153x153x63,4003686188358,840,4057743012100,Porcelain,0.65,,,,,,,,Royal
10-4412-3911,Individual bowl,Villeroy & Boch,Porcelain – Crockery,£11.57,,https://static.wixstatic.com/media/042ed7_5959ab6aa5ae474e91142474204f8434~mv2.png,,DE,69111000,4412,3911,Royal,6,49,118,120,135,Individual bowl,1044123911,12.94,115g,111x111x46,4003683451264,2160,4057743012117,Porcelain,0.25,,,,,,,,Royal
10-4412-3925,Individual bowl,Villeroy & Boch,Porcelain – Crockery,£8.67,,https://static.wixstatic.com/media/042ed7_2813c3cd0958447d948623907751d9de~mv2.png,,DE,69111000,4412,3925,Royal,6,121,290,165,83,Individual bowl,1044123925,9.69,41g,71x71x30,4003686188389,864,4057743012155,Porcelain,0.05,,,,,,,,Royal
10-4730-3810,Individual bowl,Villeroy & Boch,Porcelain – Crockery,£37.73,,https://static.wixstatic.com/media/042ed7_58d510889fee45f9979ac96aea3459b6~mv2.png,,DE,69111000,4730,3810,Samarkand Aquamarin,6,89,156,156,183,Individual bowl,1047303810,42.19,173g,130x130x54,4003686212756,840,4057743014821,Porcelain,0.42,,,,,,,,Samarkand
10-4732-3810,Individual bowl,Villeroy & Boch,Porcelain – Crockery,£37.73,,https://static.wixstatic.com/media/042ed7_367f66a9f2c14f6490f7643962d91c49~mv2.png,,DE,69111000,4732,3810,Samarkand Mandarin,6,109,160,160,180,Individual bowl,1047323810,42.19,173g,130x130x54,4003686249448,840,4057743014975,Porcelain,0.42,,,,,,,,Samarkand
10-4731-3810,Individual bowl,Villeroy & Boch,Porcelain – Crockery,£37.73,,https://static.wixstatic.com/media/042ed7_f92467346c0a4dc3827a6ca993cfa952~mv2.png,,DE,69111000,4731,3810,Samarkand Rubin,6,89,156,156,183,Individual bowl,1047313810,42.19,173g,130x130x54,4003686213012,840,4057743014890,Porcelain,0.42,,,,,,,,Samarkand
10-4389-3810,Individual bowl,Villeroy & Boch,Porcelain – Crockery,£13.32,,https://static.wixstatic.com/media/042ed7_332bd5a3e661482999362f8060dc9395~mv2.png,,DE,69111000,4389,3810,White Pearl,6,99,150,150,170,Individual bowl,1043893810,14.89,173g,130x130x54,4003683481360,840,4057743011554,Porcelain,0.42,,,,,,,,White Pearl
16-4004-4910,Individual bowl /Mug without handle,Villeroy & Boch,Hospitality – Beverage Service,£5.21,,,,DE,69111000,4004,4910,Affinity,6,163,320,215,95,Individual bowl /Mug without handle,1640044910,5.83,209g,85x85x70,5450523055875,588,4057743047041,,0.24,Affinity,Affinity,Novelties Spring 2013,,,,,Affinity
16-3293-3905,Individual bowl N.1,Villeroy & Boch,Hospitality – Crockery,£9.45,,,,DE,69111000,3293,3905,Dune,6,276,390,280,123,Individual bowl N.1,1632933905,10.57,320g,155x130x85,5450523001513,288,4057743034416,,0.4,Dune,Dune,,,Yes,Big Buffet,,Dune
16-3356-3905,Individual bowl N.1,Villeroy & Boch,Hospitality – Crockery,£12.27,,,,DE,69111000,3356,3905,Sedona,6,276,390,280,123,Individual bowl N.1,1633563905,13.72,320g,150x130x85,5450523047719,288,4057743044651,,0.4,Sedona,Sedona,Dune,,,,,Sedona
16-2238-3930,Individual bowl N.3,Villeroy & Boch,Hospitality – Crockery,£4.89,,,,DE,69111000,2238,3930,Bella,6,90,160,120,160,Individual bowl N.3,1622383930,5.47,185g,120x120x35,5450102372973,1260,4057743031699,,0.15,Bella,Bella,,,,,,Bella
16-2016-3930,Individual bowl N.3,Villeroy & Boch,Hospitality – Crockery,£6.66,,,,DE,69111000,2016,3930,Corpo,6,140,185,185,95,Individual bowl N.3,1620163930,7.45,170g,120x120x30,5450102264315,1152,4057743023823,,0.15,Corpo,Corpo,white,,,,,Corpo
16-3293-3906,Individual bowl N.3,Villeroy & Boch,Hospitality – Crockery,£6.71,,,,DE,69111000,3293,3906,Dune,6,163,320,215,95,Individual bowl N.3,1632933906,7.5,240g,120x100x75,5450523001520,588,4057743034423,,0.22,Dune,Dune,,,,Big Buffet,,Dune
16-2155-3930,Individual bowl N.3,Villeroy & Boch,Hospitality – Crockery,£5.41,,,,DE,69111000,2155,3930,Easy,6,80,130,140,140,Individual bowl N.3,1621553930,6.05,155g,120,5450102346097,1440,4057743027272,,0.15,Easy,Easy,white,,,,,Easy
16-3318-3930,Individual bowl N.3,Villeroy & Boch,Hospitality – Crockery,£5.30,,,,DE,69111000,3318,3930,La Scala,6,80,130,140,140,Individual bowl N.3,1633183930,5.93,150g,140x120x40,5450523018917,1440,4057743036809,,0.15,La Scala,La Scala,white,,,,,La Scala
16-2016-3831,Individual bowl N.7,Villeroy & Boch,Hospitality – Crockery,£5.61,,,,DE,69111000,2016,3831,Corpo,6,35,112,116,93,Individual bowl N.7,1620163831,6.27,70g,90x90x25,5450102264285,3360,4057743023816,,0.08,Corpo,Corpo,white,,,,,Corpo
16-2155-3831,Individual bowl N.7,Villeroy & Boch,Hospitality – Crockery,£4.30,,,,DE,69111000,2155,3831,Easy,6,41,105,105,80,Individual bowl N.7,1621553831,4.8,81g,90x90x25,5450102346080,3360,4057743027265,,0.08,Easy,Easy,white,,,,,Easy
16-3318-3831,Individual bowl N.7,Villeroy & Boch,Hospitality – Crockery,£4.55,,,,DE,69111000,3318,3831,La Scala,6,60,115,115,90,Individual bowl N.7,1633183831,5.09,85g,100x90x30,5450523018924,3360,4057743036793,,0.1,La Scala,La Scala,white,,,,,La Scala
11-7309-0761,Individual bowl blue,Villeroy & Boch,Hospitality – Crockery,£11.16,,https://static.wixstatic.com/media/042ed7_a17defa27fc7453aa1103b0ea22750a9~mv2.png,,DE,70134999,7309,0761,Boston coloured,4,147,245,245,85,Individual bowl blue,1173090761,12.48,418g,115x115x80,4003683242503,384,4057743016740,,0.43,Boston coloured,Boston coloured,Boston coloured,,,,,Boston
11-7309-0762,Individual bowl green,Villeroy & Boch,Hospitality – Crockery,£11.16,,https://static.wixstatic.com/media/042ed7_e59c9d2ce5fe49bfbab8df940bc1b025~mv2.png,,DE,70134999,7309,0762,Boston coloured,4,147,245,245,85,Individual bowl green,1173090762,12.48,418g,115x115x80,4003683242510,384,4057743016757,,0.43,Boston coloured,Boston coloured,Boston coloured,,,,,Boston
11-7309-0760,Individual bowl red,Villeroy & Boch,Hospitality – Crockery,£11.16,,https://static.wixstatic.com/media/042ed7_13dbacb6f25c4962877ae1d37ac27a73~mv2.png,,DE,70134999,7309,0760,Boston coloured,4,147,245,245,85,Individual bowl red,1173090760,12.48,418g,115x115x80,4003683242497,384,4057743016733,,0.43,Boston coloured,Boston coloured,Boston coloured,,,,,Boston
11-7309-0765,Individual bowl smoke,Villeroy & Boch,Hospitality – Crockery,£11.16,,https://static.wixstatic.com/media/042ed7_17a76628987e4c4284e1f1b0feb91cab~mv2.png,,DE,70134999,7309,0765,Boston coloured,4,185,245,245,95,Individual bowl smoke,1173090765,12.48,380g,115x115x80,,384,,,0.43,Boston coloured,Boston coloured,Boston coloured,,,,,Boston
16-4004-3830,Individual bowl stackable,Villeroy & Boch,Hospitality – Crockery,£2.97,,,,DE,69111000,4004,3830,Affinity,6,35,112,116,93,Individual bowl stackable,1640043830,3.32,54g,60x60x25,5450523054779,3360,4057743046952,,0.03,Affinity,Affinity,Novelties Spring 2013,,,,,Affinity
16-3275-3811,Individual gourmet bowl,Villeroy & Boch,Hospitality – Crockery,£9.03,,,,DE,69111000,3275,3811,Marchesi,6,163,320,215,95,Individual gourmet bowl,1632753811,10.1,171g,105x105x65,5450523034559,588,4057743032788,,0.31,Marchesi,Marchesi,white,,,Big Buffet,,Marchesi
16-3356-3811,Individual gourmet bowl,Villeroy & Boch,Hospitality – Crockery,£11.45,,,,DE,69111000,3356,3811,Sedona,6,163,320,215,95,Individual gourmet bowl,1633563811,12.8,171g,105x105x65,5450523047627,588,4057743044569,,0.31,Sedona,Sedona,Marchesi,,,,,Sedona
16-3272-3921,Indivudual bowl,Villeroy & Boch,Hospitality – Crockery,£8.29,,,,DE,69111000,3272,3921,Stella Hotel,6,163,320,215,95,Indivudual bowl,1632723921,9.27,70g,90x90x35,5450523038700,588,4057743032627,,0.13,Stella Hotel,Stella Hotel,Stella Hotel,,,,,Stella
11-7299-0401,Jug,Villeroy & Boch,"Glass – Jugs, Pitchers & Carafes",£26.11,,https://static.wixstatic.com/media/042ed7_6a6b7d70682c433c8f291f1fe15ddaeb~mv2.png,,DE,70134999,7299,0401,Boston,1,110,165,135,195,Jug,1172990401,29.19,1480g,207x130x185,4003686384774,144,,Glass,1.3,,,,,,,,Boston
11-3658-0400,Jug,Villeroy & Boch,"Glass – Jugs, Pitchers & Carafes",£29.01,,https://static.wixstatic.com/media/042ed7_ae8f602154f14d20a1e03faeedfd482a~mv2.png,,PL,70134991,3658,0400,Entrée,1,124,130,130,270,Jug,1136580400,32.44,934g,157x109x250,4003686206519,108,,Glass,1.5,,,,,,,,Entree
10-2281-0700,Jug,Villeroy & Boch,Porcelain – Beverage Service,£42.97,,https://static.wixstatic.com/media/042ed7_76097d7abee04a0386f99fc19a18bc2e~mv2.png,,TH,69111000,2281,0700,French Garden Fleurence,1,124,175,175,240,Jug,1022810700,48.04,1040g,223x150x230,4003686358485,72,,Porcelain,2.1,,,,,,,,French Garden
11-3725-0400,Jug,Villeroy & Boch,"Glass – Jugs, Pitchers & Carafes",£26.11,,https://static.wixstatic.com/media/042ed7_0e6c27db921b45f09a38301f8b0b3bb1~mv2.png,,PL,70134991,3725,0400,Rose Garden,1,150,145,145,235,Jug,1137250400,29.19,1050g,173x120x230,4003686420366,120,,Glass,1.5,,,,,,,,Rose Garden
14-8332-4843,"Jumbo Mug, Santa",Villeroy & Boch,Decoration & Gifts – Beverage Service,£14.48,,https://static.wixstatic.com/media/042ed7_85204abc2b5149099aaff73c8a8ee11b~mv2.png,,CN,69111000,8332,4843,Toy's Fantasy,1,85,140,140,110,"Jumbo Mug, Santa",1483324843,16.19,381g,145x102x106,4003686411036,245,,Decoration & Gifts,0.48,,,,,,,,Toy's Fantasy
10-2281-4850,Jumbo mug,Villeroy & Boch,Porcelain – Beverage Service,£18.55,,https://static.wixstatic.com/media/042ed7_ba523f0ff7d94506b1b2d5a4fe490e75~mv2.png,,DE,69111000,2281,4850,French Garden Fleurence,6,226,365,210,145,Jumbo mug,1022814850,20.74,310g,131x102x107,4003686358478,456,4057743105277,Porcelain,0.47,,,,,,,,French Garden
14-8585-9080,La Boule,Villeroy & Boch,Decoration & Gifts,£231.95,,https://static.wixstatic.com/media/042ed7_44e337a83bc449ea92f6ba501d3728a3~mv2.png,,DE,69111000,8585,9080,Toy's Delight,1,864,245,245,288,La Boule,1485859080,259.35,4197g,,4003686395305,24,,Decoration & Gifts,,,,,,,,,Toy's Delight
10-1665-9100,La Boule Miami,Villeroy & Boch,Hospitality,£231.95,,https://static.wixstatic.com/media/042ed7_5417f7b6a0974608a3cd3a4cc64474da~mv2.png,,DE,69111000,1665,9100,Iconic,1,822,245,245,288,La Boule Miami,1016659100,259.35,4197g,240x240x235,4003686440401,24,,,,Iconic,Iconic,Novelties 2024,,,,,Iconic
10-1665-9097,La Boule beige,Villeroy & Boch,Hospitality,£170.02,,https://static.wixstatic.com/media/042ed7_634f74aada184237989a0e271f43c046~mv2.png,,DE,69111000,1665,9097,Iconic,1,895,245,245,288,La Boule beige,1016659097,190.1,4150g,,4003686413894,24,,,,Iconic,Iconic La Boule beige,Novelties 2022,,,,,Iconic
10-1665-9094,La Boule black,Villeroy & Boch,Hospitality,£170.02,,https://static.wixstatic.com/media/042ed7_35649c7d71af43cab47cc8543d46b895~mv2.png,,DE,69111000,1665,9094,Iconic,1,895,245,245,288,La Boule black,1016659094,190.1,4134g,240x240x235,4003686389281,24,,,,Iconic,Iconic La Boule black,Novelties 2020,,,,,Iconic
10-1665-9095,La Boule black & white,Villeroy & Boch,Hospitality,£170.02,,https://static.wixstatic.com/media/042ed7_0da27a4bac48477bb9a180199eb54c0d~mv2.png,,DE,69111000,1665,9095,Iconic,1,895,245,245,288,La Boule black & white,1016659095,190.1,4148g,240x240x235,4003686389489,24,,,,Iconic,Iconic La Boule black & white,Novelties 2020,,,,,Iconic
10-1665-9096,La Boule memphis,Villeroy & Boch,Hospitality,£231.95,,https://static.wixstatic.com/media/042ed7_0260da8ecc1e40b88c92b26507a3ceb8~mv2.png,,DE,69111000,1665,9096,Iconic,1,895,245,245,288,La Boule memphis,1016659096,259.35,4197g,239x239x233,,24,,,,Iconic,Iconic La Boule black & white,,,,,,Iconic
10-1665-9080,La Boule white,Villeroy & Boch,Hospitality,£170.02,,https://static.wixstatic.com/media/042ed7_5d9af02703c942cb883fbd5d738ac8d3~mv2.png,,DE,69111000,1665,9080,Iconic,1,895,245,245,288,La Boule white,1016659080,190.1,4183g,240x240x235,4003686388338,24,,,,Iconic,Iconic La Boule white,Novelties 2020,,,,,Iconic
14-8585-9050,La petite Boule,Villeroy & Boch,Decoration & Gifts,£115.69,,https://static.wixstatic.com/media/042ed7_2027e615374e455e8cb826d64e3a392f~mv2.png,,DE,69111000,8585,9050,Toy's Delight,1,353,180,180,175,La petite Boule,1485859050,129.35,970g,141x141x138,4003686441606,96,,Decoration & Gifts,,,,,,,,,Toy's Delight
10-1666-9054,La petite Boule Miami,Villeroy & Boch,Hospitality,£109.87,,https://static.wixstatic.com/media/042ed7_cef059fdab6146c0b993c33442e77b91~mv2.png,,DE,69111000,1666,9054,Iconic,1,363,182,182,182,La petite Boule Miami,1016669054,122.85,970g,140x140x140,4003686452510,96,,,,Iconic,Iconic,Novelties 2024,,,,,Iconic
10-1666-9051,La petite Boule black,Villeroy & Boch,Hospitality,£80.79,,https://static.wixstatic.com/media/042ed7_ca6d7bf9fdf345d7b369dc2cc31cb7df~mv2.png,,DE,69111000,1666,9051,Iconic,1,353,180,180,175,La petite Boule black,1016669051,90.33,938g,140x140x140,4003686440197,96,,,,Iconic,Iconic,Novelties 2024,,,,,Iconic
10-1666-9052,La petite Boule black & white,Villeroy & Boch,Hospitality,£80.79,,https://static.wixstatic.com/media/042ed7_59a0d37ce29749338c89ae05110c0a02~mv2.png,,DE,69111000,1666,9052,Iconic,1,353,180,180,175,La petite Boule black & white,1016669052,90.33,952g,140x140x140,4003686440203,96,,,,Iconic,Iconic,Novelties 2024,,,,,Iconic
10-1666-9053,La petite Boule memphis,Villeroy & Boch,Hospitality,£109.87,,https://static.wixstatic.com/media/042ed7_869b416534a748238077bd6d9d131c03~mv2.png,,DE,69111000,1666,9053,Iconic,1,353,180,180,175,La petite Boule memphis,1016669053,122.85,970g,140x140x140,4003686440333,96,,,,Iconic,Iconic,Novelties 2024,,,,,Iconic
10-1666-9050,La petite Boule white,Villeroy & Boch,Hospitality,£80.79,,https://static.wixstatic.com/media/042ed7_b284abd77d564ac0b009c0428556239a~mv2.png,,DE,69111000,1666,9050,Iconic,1,353,180,180,175,La petite Boule white,1016669050,90.33,970g,140x140x140,4003686439856,96,,,,Iconic,Iconic,Novelties 2024,,,,,Iconic
14-8327-6640,"Lantern, gift giving",Villeroy & Boch,Decoration & Gifts – Accessories,£40.64,,https://static.wixstatic.com/media/042ed7_997b6bc997794c67adb73a9751cb3228~mv2.png,,CN,95051090,8327,6640,Christmas Toys,1,172,200,180,205,"Lantern, gift giving",1483276640,45.44,655g,145x140x135,4003686367173,112,,Decoration & Gifts,,,,,,,,,Christmas Toys
14-8332-3660,"Large bowl, building a snowman",Villeroy & Boch,Decoration & Gifts – Crockery,£17.39,,https://static.wixstatic.com/media/042ed7_03d8a92eb70c48979f3a1e55bdd99e0c~mv2.png,,CN,69111000,8332,3660,Toy's Fantasy,1,155,260,260,50,"Large bowl, building a snowman",1483323660,19.44,800g,250x250x43,4003686440395,189,,Decoration & Gifts,0.96,,,,,,,,Toy's Fantasy
14-8332-3661,"Large bowl, toy shop",Villeroy & Boch,Decoration & Gifts – Crockery,£17.39,,https://static.wixstatic.com/media/042ed7_683c92e718c54a2d963be194b0ce8cfe~mv2.png,,CN,69111000,8332,3661,Toy's Fantasy,1,160,260,260,50,"Large bowl, toy shop",1483323661,19.44,600g,250x250x43,4003686440500,201,,Decoration & Gifts,0.96,,,,,,,,Toy's Fantasy
12-6402-1620,Lasagne server,Villeroy & Boch,Cutlery – Beverage Service,£21.46,,https://static.wixstatic.com/media/042ed7_6a8aa996d92d4cd4916616d52098d36d~mv2.png,,VN,82159910,6402,1620,Sereno XXL,1,72,365,55,70,Lasagne server,1264021620,23.99,188g,297x70x30,4003686167421,320,,Cutlery,,,,,,,,,Sereno
10-4100-1630,Latte Macciato Mug,Villeroy & Boch,Porcelain – Beverage Service,£16.81,,https://static.wixstatic.com/media/042ed7_88d21d34813145bcae643478a0b9b21c~mv2.png,,DE,69111000,4100,1630,Mariefleur Basic,6,175,367,218,142,Latte Macciato Mug,1041001630,18.79,350g,125x82x111,4003686179868,300,4057743007878,Porcelain,0.46,,,,,,,,Mariefleur
10-4104-1630,Latte Macciato Mug,Villeroy & Boch,Porcelain – Beverage Service,£16.81,,https://static.wixstatic.com/media/042ed7_a726b99049734d5ab3b1c6d9640e308c~mv2.png,,DE,69111000,4104,1630,Mariefleur Gris Basic,6,175,367,218,142,Latte Macciato Mug,1041041630,18.79,350g,125x82x111,4003686188839,300,4057743008080,Porcelain,0.46,,,,,,,,Mariefleur
10-3460-1630,Latte Macciato Mug,Villeroy & Boch,Porcelain – Beverage Service,£15.64,,https://static.wixstatic.com/media/042ed7_bbd8f85fdbde48a08ab3dece544c0739~mv2.png,,DE,69111000,3460,1630,New Cottage Basic,6,175,367,218,142,Latte Macciato Mug,1034601630,17.49,350g,125x82x111,4003683458294,300,4057743006635,Porcelain,0.46,,,,,,,,New Cottage
14-8602-6544,Locomotive,Villeroy & Boch,Decoration & Gifts,£168.01,,https://static.wixstatic.com/media/042ed7_8bc4b0307aa44431a16351adfe62c12e~mv2.png,,CN,69131000,8602,6544,Christmas Toys Memory,1,355,370,245,165,Locomotive,1486026544,187.85,2160g,313x120x193,4003686450240,0,,Decoration & Gifts,,,,,NEW,,,,Christmas Toys
16-6621-3660,Longdrink glass,Villeroy & Boch,Hospitality – Hiballs,£4.85,,,,SK,70133799,6621,3660,La Divina,6,112,240,170,150,Longdrink glass,1666213660,5.42,310g,70x70x151,5450523017392,750,4057743169316,,0.43,La Divina,La Divina,,,Yes,,,La Divina
12-6387-0600,Longdrink spoon,Villeroy & Boch,Hospitality – Cutlery,£3.85,,https://static.wixstatic.com/media/042ed7_9ad6e4d023ad4c85bf482d02afee3341~mv2.png,,VN,82159910,6387,0600,Blacksmith,6,38,230,40,40,Longdrink spoon,1263870600,4.31,45g,195x33x17,4003683483692,3600,4057743019383,,,Blacksmith,Blacksmith,Novelties 2017,,,,,Blacksmith
16-6248-0600,Longdrink spoon,Villeroy & Boch,Hospitality – Cutlery,£5.05,,,,VN,82159910,6248,0600,Coupole,6,25,205,40,40,Longdrink spoon,1662480600,5.65,38g,202x31x21,4011417048505,750,4057743054797,,,Coupole,Coupole,Cutlery,,,,,Coupole
12-6338-0600,Longdrink spoon,Villeroy & Boch,Hospitality – Cutlery,£3.72,,https://splendid-product-images.pages.dev/vb/12-6338-0600.png,,ID,82159910,6338,0600,NewWave Cutlery,6,19,220,40,30,Longdrink spoon,1263380600,4.16,38g,199x28x19,4003683371418,4800,4057743018225,,,NewWave Cutlery,NewWave Cutlery,Cutlery,,,,,NewWave
12-6339-0600,Longdrink spoon,Villeroy & Boch,Hospitality – Cutlery,£2.38,,https://splendid-product-images.pages.dev/vb/12-6339-0600.png,,ID,82159910,6339,0600,Oscar,6,20,220,40,30,Longdrink spoon,1263390600,2.66,36g,181x30x19,4003683371104,4800,4057743018386,,,Oscar,Oscar,Cutlery,,Yes,,,Oscar
12-6264-0600,Longdrink spoon,Villeroy & Boch,Hospitality – Cutlery,£4.36,,https://splendid-product-images.pages.dev/vb/12-6264-0600.png,,VN,82159910,6264,0600,Piemont,6,22,220,40,30,Longdrink spoon,1262640600,4.87,33g,190x30x17,4003683370985,2880,4057743017556,,,Piemont,Piemont,Cutlery,,Yes,,,Piemont
12-6351-0600,Longdrink spoon,Villeroy & Boch,Cutlery – Cutlery,£10.99,,https://splendid-product-images.pages.dev/vb/12-6351-0600.png,,VN,82159910,6351,0600,Ella partially gold plated,6,21,210,40,35,Longdrink spoon,1263510600,12.29,34g,198x26x18,4003683313647,4200,4057743018805,Cutlery,,,,,,,,,Ella
12-6417-0600,Longdrink spoon,Villeroy & Boch,Cutlery – Cutlery,£11.57,,https://splendid-product-images.pages.dev/vb/12-6417-0600.png,,VN,82159910,6417,0600,La Classica,6,38,230,40,40,Longdrink spoon,1264170600,12.94,33g,200x28x19,4003686262546,1800,4057743020167,Cutlery,,,,,,,,,La Classica
12-6527-0600,Longdrink spoon,Villeroy & Boch,Cutlery – Cutlery,£11.57,,https://splendid-product-images.pages.dev/vb/12-6527-0600.png,,ID,82159910,6527,0600,MetroChic,6,20,220,40,30,Longdrink spoon,1265270600,12.94,50g,195x33x14,4003686362208,6000,4057743109053,Cutlery,,,,,,,,,MetroChic
12-6403-9611,Longdrink spoon set of 6,Villeroy & Boch,Cutlery – Cutlery,£18.55,,https://splendid-product-images.pages.dev/vb/12-6403-9611.png,,ID,82159910,6403,9611,Daily Line,1,46,265,80,30,Longdrink spoon set of 6,1264039611,20.74,261g,200x30x17,4003686200050,480,,Cutlery,,,,,,,,,Daily Line
11-3776-8260,"Longdrink tumbler, Set 2 pcs",Villeroy & Boch,Glass – Hiballs,£17.39,,https://splendid-product-images.pages.dev/vb/11-3776-8260.png,,SK,70133791,3776,8260,Toy's Delight,1,65,150,75,165,"Longdrink tumbler, Set 2 pcs",1137768260,19.44,615g,70x70x151,4003686427464,395,,Glass,0.43,,,,,,,,Toy's Delight
11-3799-8260,"Longdrink tumbler, Set 4 pcs",Villeroy & Boch,Glass – Hiballs,£29.01,,https://splendid-product-images.pages.dev/vb/11-3799-8260.png,,SK,70133791,3799,8260,Manufacture Rock blanc,1,115,150,150,162,"Longdrink tumbler, Set 4 pcs",1137998260,32.44,1205g,70x70x151,4003686439481,200,,Glass,0.43,,,,,,,,Manufacture
11-3798-8260,"Longdrink tumbler, Set 4 pcs",Villeroy & Boch,Glass – Hiballs,£29.01,,https://splendid-product-images.pages.dev/vb/11-3798-8260.png,,SK,70133791,3798,8260,Manufacture Rock Glass,1,100,145,150,160,"Longdrink tumbler, Set 4 pcs",1137988260,32.44,1220g,70x70x151,4003686423343,200,,Glass,0.43,,,,,,,,Manufacture
11-3653-8260,"Longdrink tumbler, Set 4 pcs",Villeroy & Boch,Glass – Hiballs,£26.11,,https://splendid-product-images.pages.dev/vb/11-3653-8260.png,,SK,70133799,3653,8260,NewMoon,1,103,140,140,163,"Longdrink tumbler, Set 4 pcs",1136538260,29.19,1200g,66x66x160,4003686390911,160,,Glass,0.38,,,,,,,,NewMoon
11-3725-8260,"Longdrink tumbler, Set 4 pcs",Villeroy & Boch,Glass – Hiballs,£29.01,,https://splendid-product-images.pages.dev/vb/11-3725-8260.png,,SK,70133799,3725,8260,Rose Garden,1,100,145,150,160,"Longdrink tumbler, Set 4 pcs",1137258260,32.44,920g,70x70x151,4003686420342,200,,Glass,0.43,,,,,,,,Rose Garden
35-9072-0028,Lunch Napkin Bunnies,Villeroy & Boch,Decoration & Gifts – Table Service,£2.62,,https://splendid-product-images.pages.dev/vb/35-9072-0028.png,,DE,48183000,9072,0028,Easter Accessoires,12,166,355,175,180,Lunch Napkin Bunnies,3590720028,2.93,120g,330x330x0,4003686365254,576,4057743110493,Decoration & Gifts,,,,,,,,,Easter Accessoires
35-9072-0029,Lunch Napkin Family,Villeroy & Boch,Decoration & Gifts – Table Service,£2.62,,https://splendid-product-images.pages.dev/vb/35-9072-0029.png,,DE,48183000,9072,0029,Easter Accessoires,12,166,355,175,180,Lunch Napkin Family,3590720029,2.93,120g,330x330x0,4003686365261,576,4057743110905,Decoration & Gifts,,,,,,,,,Easter Accessoires
11-3786-8180,Margarita glass,Villeroy & Boch,Hospitality – Cocktails,£10.60,,https://splendid-product-images.pages.dev/vb/11-3786-8180.png,,SK,70132890,3786,8180,Purismo,1,130,120,165,240,Margarita glass,1137868180,11.85,370g,111x111x172,4003686355699,140,,,0.41,Purismo Bar,Purismo Bar,,,,,"Set 2pcs. Orders only by 2 pieces, prices per set",Purismo
35-9083-0003,Mariefl.Gobelin bread basket,Villeroy & Boch,Decoration & Gifts – Table Service,£14.48,,https://splendid-product-images.pages.dev/vb/35-9083-0003.png,,IN,63079098,9083,0003,Table Decoration,1,10,365,230,20,Mariefl.Gobelin bread basket,3590830003,16.19,150g,240x240x160,4003686271258,800,,Decoration & Gifts,,,,,,,,,Table Decoration
35-9083-0002,Mariefleur Gobelin placemat,Villeroy & Boch,Decoration & Gifts – Accessories,£5.76,,https://splendid-product-images.pages.dev/vb/35-9083-0002.png,,IN,63025100,9083,0002,Table Decoration,6,15,330,270,30,Mariefleur Gobelin placemat,3590830002,6.44,105g,490x325x2,4003686271241,1920,4057743058979,Decoration & Gifts,,,,,,,,,Table Decoration
35-9083-0001,Mariefleur Gobelin runner,Villeroy & Boch,Decoration & Gifts – Accessories,£22.04,,https://splendid-product-images.pages.dev/vb/35-9083-0001.png,,IN,63025100,9083,0001,Table Decoration,4,15,380,260,65,Mariefleur Gobelin runner,3590830001,24.64,425g,1480x480x2,4003686271234,448,4057743058962,Decoration & Gifts,,,,,,,,,Table Decoration
35-5375-0131,Mariefleur Gris 20pcs,Villeroy & Boch,Decoration & Gifts,£2.62,,https://www.villeroy-boch.co.uk/dw/image/v2/BLGB_PRD/on/demandware.static/-/Sites-master-dl/default/images/3553750131_on_fs-1.png?sw=1200&sh=1200&sm=fit,,DE,48183000,5375,0131,Paper Napkins,12,135,350,170,175,Mariefleur Gris 20pcs,3553750131,2.93,120g,325x325x1,4003686220447,576,4057743057316,Decoration & Gifts,,,,,,,,,Paper Napkins
35-5375-0163,Mariefleur neu 20pcs,Villeroy & Boch,Decoration & Gifts,£2.62,,https://www.villeroy-boch.co.uk/dw/image/v2/BLGB_PRD/on/demandware.static/-/Sites-master-dl/default/images/3553750163_on_fs-1.png?sw=1200&sh=1200&sm=fit,,DE,48183000,5375,0163,Paper Napkins,12,150,355,170,175,Mariefleur neu 20pcs,3553750163,2.93,120g,325x325x1,4003686296343,576,4057743057453,Decoration & Gifts,,,,,,,,,Paper Napkins
14-8662-6322,Max,Villeroy & Boch,Decoration & Gifts,£15.06,,https://www.villeroy-boch.co.uk/dw/image/v2/BLGB_PRD/on/demandware.static/-/Sites-master-dl/default/images/1486626322_on_fs-c-1.png?sw=1200&sh=1200&sm=fit,,CN,69131000,8662,6322,Bunny Tales,1,50,90,85,155,Max,1486626322,16.84,75g,50x50x110,4003686355989,290,,Decoration & Gifts,,,,,,,,,Bunny Tales
14-8662-6326,"Max, large",Villeroy & Boch,Decoration & Gifts,£29.01,,https://www.villeroy-boch.co.uk/dw/image/v2/BLGB_PRD/on/demandware.static/-/Sites-master-dl/default/images/1486626326_on_fs-c-1.png?sw=1200&sh=1200&sm=fit,,CN,69131000,8662,6326,Bunny Tales,1,130,140,140,265,"Max, large",1486626326,32.44,420g,97x103x215,4003686356115,100,,Decoration & Gifts,,,,,,,,,Bunny Tales
35-9391-0027,Metal hanger Tree,Villeroy & Boch,Decoration & Gifts,£10.41,,https://www.villeroy-boch.co.uk/dw/image/v2/BLGB_PRD/on/demandware.static/-/Sites-master-dl/default/images/3593910027_on_fs-1.png?sw=1200&sh=1200&sm=fit,,CN,95051090,9391,0027,Winter Collage Accessoires,6,70,125,115,110,Metal hanger Tree,3593910027,11.64,60g,120,4003686378933,0,4057743157221,Decoration & Gifts,,,,,,,,,Winter Collage Accessoires
35-9391-0028,Metal hanger xmas wreath,Villeroy & Boch,Decoration & Gifts,£10.41,,https://www.villeroy-boch.co.uk/dw/image/v2/BLGB_PRD/on/demandware.static/-/Sites-master-dl/default/images/3593910028_on_fs-1.png?sw=1200&sh=1200&sm=fit,,CN,95051090,9391,0028,Winter Collage Accessoires,6,70,125,115,110,Metal hanger xmas wreath,3593910028,11.64,52g,120,4003686378940,0,4057743157238,Decoration & Gifts,,,,,,,,,Winter Collage Accessoires
10-1621-8411,Mr and Mr Set 2pcs.,Villeroy & Boch,Decoration & Gifts,£11.57,,https://www.villeroy-boch.co.uk/dw/image/v2/BLGB_PRD/on/demandware.static/-/Sites-master-dl/default/images/1016218411_on_fs-1.png?sw=1200&sh=1200&sm=fit,,DE,69111000,1621,8411,Statement,1,56,230,85,110,Mr and Mr Set 2pcs.,1016218411,12.94,524g,115x80x104,4003686450844,,,Decoration & Gifts,0.35,,,,,,,,Statement
10-1621-8407,Mr and Mrs Set 2pcs.,Villeroy & Boch,Decoration & Gifts,£11.57,,https://www.villeroy-boch.co.uk/dw/image/v2/BLGB_PRD/on/demandware.static/-/Sites-master-dl/default/images/1016218407_on_fs-1.png?sw=1200&sh=1200&sm=fit,,DE,69111000,1621,8407,Statement,1,56,230,85,110,Mr and Mrs Set 2pcs.,1016218407,12.94,524g,115x80x104,4003686439368,287,,Decoration & Gifts,0.35,,,,,,,,Statement
10-1621-8412,Mrs and Mrs Set 2pcs.,Villeroy & Boch,Decoration & Gifts,£11.57,,https://www.villeroy-boch.co.uk/dw/image/v2/BLGB_PRD/on/demandware.static/-/Sites-master-dl/default/images/1016218412_on_fs-1.png?sw=1200&sh=1200&sm=fit,,DE,69111000,1621,8412,Statement,1,56,230,85,110,Mrs and Mrs Set 2pcs.,1016218412,12.94,524g,115x80x104,4003686450851,,,Decoration & Gifts,0.35,,,,,,,,Statement
10-4652-4856,Mug,Villeroy & Boch,Hospitality – Beverage Service,£28.55,,https://splendid-product-images.pages.dev/vb/10-4652-4856.png,,TH,69111000,4652,4856,MetroChic,6,176,320,215,95,Mug,1046524856,31.93,225g,115x80x90,4003686366909,588,4057743155654,,0.32,MetroChic,MetroChic,MetroChic,,,,,MetroChic
10-4865-9300,Mug,Villeroy & Boch,Hospitality – Beverage Service,£14.98,,https://splendid-product-images.pages.dev/vb/10-4865-9300.png,,DE,69111000,4865,9300,To Go,6,187,295,180,165,Mug,1048659300,16.75,383g,90x90x120,4003686413221,0,4057743175003,,0.38,To Go,To Go,To Go,,,To Go,,To Go
10-4865-9681,Mug,Villeroy & Boch,Hospitality – Beverage Service,£17.23,,,,DE,69111000,4865,9681,To Go,6,172,295,180,165,Mug,1048659681,19.27,390g,90x90x150,4003686413085,0,4057743174938,,0.43,To Go,To Go,To Go,,,To Go,,To Go
10-3514-9651,Mug,Villeroy & Boch,Porcelain – Beverage Service,£24.94,,https://splendid-product-images.pages.dev/vb/10-3514-9651.png,,DE,69111000,3514,9651,Amazonia,1,42,120,110,90,Mug,1035149651,27.89,225g,108x75x85,4003686189683,560,,Porcelain,0.3,,,,,,,,Amazonia
10-4381-9651,Mug,Villeroy & Boch,Porcelain – Beverage Service,£24.94,,https://splendid-product-images.pages.dev/vb/10-4381-9651.png,,DE,69111000,4381,9651,Amazonia Anmut,6,211,320,220,115,Mug,1043819651,27.89,230g,119x82x107,4003686260832,456,4057743011332,Porcelain,0.37,,,,,,,,Amazonia
10-4545-9651,Mug,Villeroy & Boch,Porcelain – Beverage Service,£15.64,,https://splendid-product-images.pages.dev/vb/10-4545-9651.png,,DE,69111000,4545,9651,Anmut,6,207,322,215,117,Mug,1045459651,17.49,230g,119x82x107,4003683226848,456,4057743013923,Porcelain,0.37,,,,,,,,Anmut
10-1070-9651,Mug,Villeroy & Boch,Porcelain – Beverage Service,£19.13,,https://static.wixstatic.com/media/042ed7_6ca32cf64073447891cca69da8983153~mv2.png,,DE,69111000,1070,9651,Audun Chasse,6,207,322,215,117,Mug,1010709651,21.39,230g,112x82x91,4003683111021,456,4057743002347,Porcelain,0.31,,,,,,,,Audun
10-1067-9651,Mug,Villeroy & Boch,Porcelain – Beverage Service,£19.13,,https://static.wixstatic.com/media/042ed7_1cb112c3a9534169bdeefc63d51c81a2~mv2.png,,DE,69111000,1067,9651,Audun Ferme,6,207,322,215,117,Mug,1010679651,21.39,230g,112x82x91,4003683109417,456,4057743002217,Porcelain,0.31,,,,,,,,Audun
10-1068-9651,Mug,Villeroy & Boch,Porcelain – Beverage Service,£19.13,,https://static.wixstatic.com/media/042ed7_914bda23c9224e0c9b68130c7eb0d3b1~mv2.png,,DE,69111000,1068,9651,Audun Fleur,6,207,322,215,117,Mug,1010689651,21.39,230g,112x82x91,4003683109622,456,4057743002255,Porcelain,0.31,,,,,,,,Audun
10-1069-9651,Mug,Villeroy & Boch,Porcelain – Beverage Service,£19.13,,https://static.wixstatic.com/media/042ed7_d5e3597b483942678a2d6446b983ecc5~mv2.png,,DE,69111000,1069,9651,Audun Promenade,6,207,322,215,117,Mug,1010699651,21.39,230g,112x82x91,4003683109837,456,4057743002309,Porcelain,0.31,,,,,,,,Audun
10-4655-4856,Mug,Villeroy & Boch,Porcelain – Beverage Service,£24.94,,https://static.wixstatic.com/media/042ed7_cceecaf94d8346fbb18fe5832081ae12~mv2.png,,TH,69111000,4655,4856,Avarua,6,176,320,215,95,Mug,1046554856,27.89,228g,114x80x92,4003686393684,0,4057743163253,Porcelain,0.32,,,,,,,,Avarua
10-4550-9651,Mug,Villeroy & Boch,Porcelain – Beverage Service,£10.41,,https://static.wixstatic.com/media/042ed7_4839e65949ed4a0ca8f24d723d03a79c~mv2.png,,DE,69111000,4550,9651,Fleur vert,6,207,322,215,117,Mug,1045509651,11.64,262g,115x80x104,4003686450806,456,4057743193410,Porcelain,0.35,,,,NEW,,,,Fleur
10-4551-9651,Mug,Villeroy & Boch,Porcelain – Beverage Service,£10.41,,https://static.wixstatic.com/media/042ed7_ddd1a129ed1a4435a01b182243e8f5ef~mv2.png,,DE,69111000,4551,9651,Fleur bleu,6,207,322,215,117,Mug,1045519651,11.64,262g,115x80x104,4003686450998,456,4057743193502,Porcelain,0.35,,,,NEW,,,,Fleur
10-4552-9651,Mug,Villeroy & Boch,Porcelain – Beverage Service,£10.41,,https://static.wixstatic.com/media/042ed7_1b84f69ef3b042b989965d0aefa4bea9~mv2.png,,DE,69111000,4552,9651,Fleur soleil,6,207,322,215,117,Mug,1045529651,11.64,262g,115x80x104,4003686451155,456,4057743193670,Porcelain,0.35,,,,NEW,,,,Fleur
10-4553-9651,Mug,Villeroy & Boch,Porcelain – Beverage Service,£10.41,,https://static.wixstatic.com/media/042ed7_da526793965d4b92a7e3b403e19fd682~mv2.png,,DE,69111000,4553,9651,Fleur cassis,6,207,322,215,117,Mug,1045539651,11.64,262g,115x80x104,4003686451278,456,4057743193779,Porcelain,0.35,,,,NEW,,,,Fleur
10-4600-4870,Mug,Villeroy & Boch,Porcelain – Beverage Service,£15.06,,https://static.wixstatic.com/media/042ed7_53e53c33b6e1456f94dcb1bb09eec351~mv2.png,,DE,69111000,4600,4870,Cellini,6,207,322,215,117,Mug,1046004870,16.84,230g,115x87x99,4003686141513,456,4057743014067,Porcelain,0.34,,,,,,,,Cellini
14-8676-9650,Mug,Villeroy & Boch,Decoration & Gifts – Beverage Service,£13.32,,https://static.wixstatic.com/media/042ed7_63351e73c4bf419183ef5809eb637714~mv2.png,,ID,69111000,8676,9650,Easter Delight,6,1,380,265,110,Mug,1486769650,14.89,304g,128x99x88,4003686457997,,4057743196787,Decoration & Gifts,0.43,,,,NEW,,,,Easter Delight
10-4153-9651,Mug,Villeroy & Boch,Porcelain – Beverage Service,£8.67,,https://static.wixstatic.com/media/042ed7_91f6fc3ff77f4bf8b28c4acde2953f03~mv2.png,,DE,69111000,4153,9651,For Me,6,207,322,215,117,Mug,1041539651,9.69,262g,115x80x104,4003686259447,456,4057743009803,Porcelain,0.35,,,,,,,,For Me
10-2281-4870,Mug,Villeroy & Boch,Porcelain – Beverage Service,£15.64,,https://static.wixstatic.com/media/042ed7_84d783c90b734520a0b70f96f575c369~mv2.png,,DE,69111000,2281,4870,French Garden Fleurence,6,207,322,215,117,Mug,1022814870,17.49,210g,113x88x90,5450102345304,456,4057743003757,Porcelain,0.31,,,,,,,,French Garden
10-4281-9651,Mug,Villeroy & Boch,Porcelain – Beverage Service,£13.32,,https://static.wixstatic.com/media/042ed7_32b657f291b3468e946a204112677395~mv2.png,,PT,69120025,4281,9651,Lave beige,6,300,325,216,126,Mug,1042819651,14.89,370g,121x90x106,4003686403512,360,4057743168104,Porcelain,0.42,,,,,,,,Lave
10-4282-9651,Mug,Villeroy & Boch,Porcelain – Beverage Service,£13.32,,https://static.wixstatic.com/media/042ed7_2924b109adca4828850df341f9915037~mv2.png,,PT,69120025,4282,9651,Lave glacé,6,300,325,216,126,Mug,1042829651,14.89,370g,121x90x106,4003686403659,360,4057743168227,Porcelain,0.42,,,,,,,,Lave
10-4259-9651,Mug,Villeroy & Boch,Porcelain – Beverage Service,£13.32,,https://static.wixstatic.com/media/042ed7_e56b4576d8434ec6a0e3fb80a5561e14~mv2.png,,PT,69120025,4259,9651,Lave gris,6,320,355,240,140,Mug,1042599651,14.89,370g,121x90x106,4003686373419,360,4057743142043,Porcelain,0.42,,,,,,,,Lave
10-4295-9651,Mug,Villeroy & Boch,Porcelain – Beverage Service,£13.32,,https://static.wixstatic.com/media/042ed7_bb6c739611464c0ab864dc3270ca5273~mv2.png,,PT,69120025,4295,9651,Lave Vert,6,320,355,240,140,Mug,1042959651,14.89,350g,125x90x105,4003686437487,0,4057743184845,Porcelain,0.42,,,,,,,,Lave
10-2396-4870,Mug,Villeroy & Boch,Porcelain – Beverage Service,£13.32,,https://static.wixstatic.com/media/042ed7_de632a23b13241469b759b99e7744f2c~mv2.png,,DE,69111000,2396,4870,Manoir,6,207,322,215,117,Mug,1023964870,14.89,210g,113x88x90,5450102015085,456,4057743005041,Porcelain,,,,,,,,,Manoir
10-4100-9651,Mug,Villeroy & Boch,Porcelain – Beverage Service,£13.90,,https://static.wixstatic.com/media/042ed7_ab453c9ebce541b3b9f469cd2a46aa9c~mv2.png,,DE,69111000,4100,9651,Mariefleur Basic,6,207,322,215,117,Mug,1041009651,15.54,235g,118x77x91,4003686179929,456,4057743007984,Porcelain,0.33,,,,,,,,Mariefleur
10-4104-9651,Mug,Villeroy & Boch,Porcelain – Beverage Service,£13.90,,https://static.wixstatic.com/media/042ed7_33cb3726486642bf845a701cefe0690b~mv2.png,,DE,69111000,4104,9651,Mariefleur Gris Basic,6,207,322,215,117,Mug,1041049651,15.54,235g,118x77x91,4003686188891,456,4057743008189,Porcelain,0.33,,,,,,,,Mariefleur
10-4217-4841,Mug,Villeroy & Boch,Porcelain – Beverage Service,£13.90,,https://static.wixstatic.com/media/042ed7_0870dacbd659482281036f3cd03f26d4~mv2.png,,DE,69111000,4217,4841,Mariefleur Tea,6,196,320,220,115,Mug,1042174841,15.54,278g,123x87x103,4003686332256,456,4057743085869,Porcelain,0.43,,,,,,,,Mariefleur
10-4510-9100,Mug,Villeroy & Boch,Porcelain – Beverage Service,£15.64,,https://static.wixstatic.com/media/042ed7_f4c99ee7f41047c29a988e82a54b7bf0~mv2.png,,DE,69111000,4510,9100,Modern Grace,1,38,120,110,90,Mug,1045109100,17.49,190g,111x77x99,4003686293489,560,,Porcelain,0.3,,,,,,,,Modern Grace
10-3460-9651,Mug,Villeroy & Boch,Porcelain – Beverage Service,£14.48,,https://static.wixstatic.com/media/042ed7_d2b4984d417e4a6d89c928a7b568008b~mv2.png,,DE,69111000,3460,9651,New Cottage Basic,6,175,367,218,142,Mug,1034609651,16.19,235g,118x77x91,4003683458317,300,4057743006727,Porcelain,0.33,,,,,,,,New Cottage
10-2341-4870,Mug,Villeroy & Boch,Porcelain – Beverage Service,£15.64,,https://static.wixstatic.com/media/042ed7_f7d1203372ee4b1abf319a0930c2c017~mv2.png,,DE,69111000,2341,4870,Old Luxembourg,6,207,322,215,117,Mug,1023414870,17.49,185g,112x83x91,5450102022007,456,4057743004723,Porcelain,0.32,,,,,,,,Vieux Luxembourg
10-2395-4870,Mug,Villeroy & Boch,Porcelain – Beverage Service,£15.64,,https://static.wixstatic.com/media/042ed7_7aba9c40381a4e7cb61e7c5ebf914cfe~mv2.png,,DE,69111000,2395,4870,Petite Fleur,6,207,322,215,117,Mug,1023954870,17.49,210g,113x88x90,5450102014521,456,4057743004914,Porcelain,,,,,,,,,Petite Fleur
10-4412-4902,Mug,Villeroy & Boch,Porcelain – Beverage Service,£14.48,,https://static.wixstatic.com/media/042ed7_bab506ccfb024e299e9d224db9c5d8f6~mv2.png,,DE,69111000,4412,4902,Royal,6,163,320,215,95,Mug,1044124902,16.19,190g,111x77x99,4003686140455,588,4057743012186,Porcelain,0.29,,,,,,,,Royal
10-4412-9651,Mug,Villeroy & Boch,Porcelain – Beverage Service,£15.64,,https://static.wixstatic.com/media/042ed7_f510605655684d5aa81ccec5f8db703e~mv2.png,,DE,69111000,4412,9651,Royal,6,207,322,215,117,Mug,1044129651,17.49,230g,119x82x107,4003686297678,456,4057743012216,Porcelain,0.37,,,,,,,,Royal
10-4730-9651,Mug,Villeroy & Boch,Porcelain – Beverage Service,£40.64,,https://static.wixstatic.com/media/042ed7_39eb055bd918459ba5cffb82dfb764ea~mv2.png,,DE,69111000,4730,9651,Samarkand Aquamarin,1,42,120,110,90,Mug,1047309651,45.44,222g,111x77x99,4003686159808,560,,Porcelain,0.3,,,,,,,,Samarkand
10-4732-9651,Mug,Villeroy & Boch,Porcelain – Beverage Service,£40.64,,https://static.wixstatic.com/media/042ed7_f5a71293d9d84d6c98d5fd80fbb6180e~mv2.png,,DE,69111000,4732,9651,Samarkand Mandarin,1,42,120,110,90,Mug,1047329651,45.44,222g,111x77x99,4003686159891,560,,Porcelain,0.3,,,,,,,,Samarkand
10-4731-9651,Mug,Villeroy & Boch,Porcelain – Beverage Service,£40.64,,https://static.wixstatic.com/media/042ed7_0ffe6939b511433c98f4fe305189502a~mv2.png,,DE,69111000,4731,9651,Samarkand Rubin,1,42,120,110,90,Mug,1047319651,45.44,222g,111x77x99,4003686159846,560,,Porcelain,0.3,,,,,,,,Samarkand
14-8638-4860,Mug,Villeroy & Boch,Decoration & Gifts – Beverage Service,£14.48,,https://static.wixstatic.com/media/042ed7_46e582dba32e45c28ec7e84a167384a7~mv2.png,,CN,69111000,8638,4860,Spring Awakening,6,320,340,235,105,Mug,1486384860,16.19,340g,138x100x96,4003686257535,378,4057743166384,Decoration & Gifts,0.49,,,,,,,,Spring Awakening
14-8585-4860,Mug,Villeroy & Boch,Decoration & Gifts – Beverage Service,£14.48,,https://static.wixstatic.com/media/042ed7_df4a5c24eaed4c7eab78a66d0ef07e44~mv2.png,,DE,69111000,8585,4860,Toy's Delight,6,234,295,260,115,Mug,1485854860,16.19,270g,137x96x101,4003683490546,300,4057743001234,Decoration & Gifts,0.47,,,,,,,,Toy's Delight
14-8585-4863,Mug,Villeroy & Boch,Decoration & Gifts – Beverage Service,£14.48,,https://static.wixstatic.com/media/042ed7_3e4e5daca5164fedb263fc555afb4381~mv2.png,,DE,69111000,8585,4863,Toy's Delight,6,236,270,270,120,Mug,1485854863,16.19,280g,137x96x101,4003686182196,300,4057743001241,Decoration & Gifts,0.47,,,,,,,,Toy's Delight
14-8658-4860,Mug,Villeroy & Boch,Decoration & Gifts – Beverage Service,£14.48,,https://static.wixstatic.com/media/042ed7_9468b6c563754207a1d6a76bc805a768~mv2.png,,DE,69111000,8658,4860,Toy's Delight Royal Classic,6,196,320,220,115,Mug,1486584860,16.19,265g,118x84x98,4003686328600,456,4057743083919,Decoration & Gifts,0.32,,,,,,,,Toy's Delight Royal Classic
14-8671-9651,Mug,Villeroy & Boch,Decoration & Gifts – Beverage Service,£13.90,,https://static.wixstatic.com/media/042ed7_adda3c0831e1465281ed6937a5239c18~mv2.png,,CN,69111000,8671,9651,Winter Glow,6,210,250,250,120,Mug,1486719651,15.54,265g,118x86x104,4003686430402,414,4057743180786,Decoration & Gifts,0.43,,,,Discontinued 30.06.2026,,,,Winter Glow
10-4865-9310,Mug (Gift box),Villeroy & Boch,Hospitality – Beverage Service,£14.98,,,,DE,69111000,4865,9310,To Go,1,33,89,89,127,Mug (Gift box),1048659310,16.75,410g,90x90x120,4003686416505,0,,,0.38,To Go,To Go,To Go,,,To Go,,To Go
10-4865-9620,Mug (Gift box),Villeroy & Boch,Hospitality – Beverage Service,£17.23,,https://static.wixstatic.com/media/042ed7_e29b4837d712457a8d97955c5df7b4c8~mv2.png,,DE,69111000,4865,9620,To Go,1,42,85,165,100,Mug (Gift box),1048659620,19.27,390g,90x90x150,4003686316591,432,,,0.43,To Go,To Go,To Go,,,To Go,,To Go
14-8627-4868,Mug 2026,Villeroy & Boch,Decoration & Gifts – Beverage Service,£16.22,,https://static.wixstatic.com/media/042ed7_d4ba91b686674fd1858716dd05776d28~mv2.png,,CN,69111000,8627,4868,Annual Easter Edition,1,1,145,130,110,Mug 2026,1486274868,18.14,350g,138x100x96,4003686457140,,,Decoration & Gifts,0.49,,,,NEW,,,,Annual Easter Edition
10-1621-9655,Mug Amazing. Not Perfect.,Villeroy & Boch,Decoration & Gifts – Beverage Service,£5.76,,https://static.wixstatic.com/media/042ed7_067730cbebc64970a3e98820009bfeeb~mv2.png,,DE,69111000,1621,9655,Statement,6,207,322,215,117,Mug Amazing. Not Perfect.,1016219655,6.44,262g,115x80x104,4003686417762,456,4057743176567,Decoration & Gifts,0.35,,,,,,,,Statement
10-1616-5811,Mug Aquarius,Villeroy & Boch,Porcelain – Beverage Service,£11.57,,https://static.wixstatic.com/media/042ed7_b608e5464b0f48cfb585116c9982f92d~mv2.png,,DE,69111000,1616,5811,NewWave Stars,1,57,116,116,116,Mug Aquarius,1016165811,12.94,290g,130x95x113,4003686393875,360,,Porcelain,0.32,,,,,,,,NewWave
10-1616-5813,Mug Aries,Villeroy & Boch,Porcelain – Beverage Service,£11.57,,https://static.wixstatic.com/media/042ed7_8061ab7de89c4c619a084f91faebe7b2~mv2.png,,DE,69111000,1616,5813,NewWave Stars,1,57,116,116,116,Mug Aries,1016165813,12.94,290g,130x95x113,4003686393851,360,,Porcelain,0.32,,,,,,,,NewWave
10-1689-8003,Mug Be Happy,Villeroy & Boch,Porcelain – Beverage Service,£5.76,,https://static.wixstatic.com/media/042ed7_9ca9dcedaef6405a8ee64e57399adbc0~mv2.png,,DE,69111000,1689,8003,With Love,6,158,320,215,95,Mug Be Happy,1016898003,6.44,331g,125x94x83,4003686446977,588,4057743190334,Porcelain,0.37,,,,NEW,,,,With Love
10-2337-4873,Mug Boat,Villeroy & Boch,Porcelain – Beverage Service,£19.13,,https://static.wixstatic.com/media/042ed7_89986b5bf2fc42bea7accc5d3956cfb3~mv2.png,,DE,69111000,2337,4873,Design Naif,6,207,322,215,117,Mug Boat,1023374873,21.39,241g,113x81x93,5450102205936,456,4057743004457,Porcelain,0.33,,,,,,,,Design Naif
10-1621-9669,Mug But first Coffee,Villeroy & Boch,Decoration & Gifts – Beverage Service,£5.76,,https://static.wixstatic.com/media/042ed7_b4606e01ccff43aa919ac6d12b4b3c10~mv2.png,,DE,69111000,1621,9669,Statement,6,207,322,215,117,Mug But first Coffee,1016219669,6.44,262g,115x80x104,4003686431102,456,4057743181233,Decoration & Gifts,0.35,,,,,,,,Statement
10-1616-5816,Mug Cancer,Villeroy & Boch,Porcelain – Beverage Service,£11.57,,https://static.wixstatic.com/media/042ed7_b9900674ead4440e99292a2be93d13a1~mv2.png,,DE,69111000,1616,5816,NewWave Stars,1,57,116,116,116,Mug Cancer,1016165816,12.94,290g,130x95x113,4003686393820,360,,Porcelain,0.32,,,,,,,,NewWave
10-1616-5810,Mug Capricorn,Villeroy & Boch,Porcelain – Beverage Service,£11.57,,https://static.wixstatic.com/media/042ed7_3318612113034001bf8cdcaacfb29413~mv2.png,,DE,69111000,1616,5810,NewWave Stars,1,57,116,116,116,Mug Capricorn,1016165810,12.94,290g,130x95x113,4003686393882,360,,Porcelain,0.32,,,,,,,,NewWave
10-2337-4872,Mug Castle,Villeroy & Boch,Porcelain – Beverage Service,£19.13,,https://static.wixstatic.com/media/042ed7_43298938e4bb44d78b8b9d2e4084dbde~mv2.png,,DE,69111000,2337,4872,Design Naif,6,207,322,215,117,Mug Castle,1023374872,21.39,241g,113x81x93,5450102205929,456,4057743004440,Porcelain,0.33,,,,,,,,Design Naif
10-4156-9100,Mug Conure (giftbox),Villeroy & Boch,Decoration & Gifts – Beverage Service,£11.57,,https://static.wixstatic.com/media/042ed7_debb3d6b7e9e4bf8beef87420de68b31~mv2.png,,DE,69111000,4156,9100,NewWave Caffè,1,66,115,115,115,Mug Conure (giftbox),1041569100,12.94,290g,130x95x113,4003686262232,360,,Decoration & Gifts,0.32,,,,,,,,NewWave
10-4194-9100,Mug Deep green hairstreak (giftbox),Villeroy & Boch,Decoration & Gifts – Beverage Service,£11.57,,https://static.wixstatic.com/media/042ed7_de72267b532b4bd98cf1fdb9eed067bc~mv2.png,,DE,69111000,4194,9100,NewWave Caffè,1,66,115,115,115,Mug Deep green hairstreak (giftbox),1041949100,12.94,290g,130x95x113,4003686306646,360,,Decoration & Gifts,0.32,,,,,,,,NewWave
10-1629-8000,Mug Family,Villeroy & Boch,Decoration & Gifts – Beverage Service,£5.76,,https://static.wixstatic.com/media/042ed7_4e9b18c92adb434bad6e213fd04fe44c~mv2.png,,DE,69111000,1629,8000,Statement Lines,6,207,322,215,117,Mug Family,1016298000,6.44,262g,115x80x104,4003686439061,456,4057743185255,Decoration & Gifts,0.35,,,,,,,,Statement
10-2337-4874,Mug Fisherman,Villeroy & Boch,Porcelain – Beverage Service,£19.13,,https://static.wixstatic.com/media/042ed7_0611f5fb24f64c77afd9f88ae99b486f~mv2.png,,DE,69111000,2337,4874,Design Naif,6,207,322,215,117,Mug Fisherman,1023374874,21.39,241g,113x81x93,5450102205943,456,4057743004464,Porcelain,0.33,,,,,,,,Design Naif
10-4155-9100,Mug Flamingo (giftbox),Villeroy & Boch,Decoration & Gifts – Beverage Service,£11.57,,https://static.wixstatic.com/media/042ed7_c28c2cac5ebb452da5b896b44377729e~mv2.png,,DE,69111000,4155,9100,NewWave Caffè,1,66,115,115,115,Mug Flamingo (giftbox),1041559100,12.94,290g,130x95x113,4003686262218,360,,Decoration & Gifts,0.32,,,,,,,,NewWave
10-2337-4871,Mug Gardener,Villeroy & Boch,Porcelain – Beverage Service,£19.13,,https://static.wixstatic.com/media/042ed7_fcefafe377424d83be23df4b1b48f18a~mv2.png,,DE,69111000,2337,4871,Design Naif,6,207,322,215,117,Mug Gardener,1023374871,21.39,241g,113x81x93,5450102205912,456,4057743004433,Porcelain,0.33,,,,,,,,Design Naif
10-1616-5815,Mug Gemini,Villeroy & Boch,Porcelain – Beverage Service,£11.57,,https://static.wixstatic.com/media/042ed7_306fcad707314d98b347876a6067df13~mv2.png,,DE,69111000,1616,5815,NewWave Stars,1,57,116,116,116,Mug Gemini,1016165815,12.94,290g,130x95x113,4003686394124,360,,Porcelain,0.32,,,,,,,,NewWave
10-1689-8001,Mug Good Luck,Villeroy & Boch,Porcelain – Beverage Service,£5.76,,https://static.wixstatic.com/media/042ed7_ba69dabc0b7f42ffa8658850d8ca122f~mv2.png,,DE,69111000,1689,8001,With Love,6,158,320,215,95,Mug Good Luck,1016898001,6.44,331g,125x94x83,4003686446953,588,4057743190310,Porcelain,0.37,,,,NEW,,,,With Love
10-1621-9656,"Mug Good Morning, Sunshine",Villeroy & Boch,Decoration & Gifts – Beverage Service,£5.76,,https://static.wixstatic.com/media/042ed7_94415715342d4c8da0ea8b32e984e9a4~mv2.png,,DE,69111000,1621,9656,Statement,6,207,322,215,117,"Mug Good Morning, Sunshine",1016219656,6.44,262g,115x80x104,4003686418318,456,4057743176819,Decoration & Gifts,0.35,,,,,,,,Statement
10-2337-4875,Mug Hamlet,Villeroy & Boch,Porcelain – Beverage Service,£19.13,,https://static.wixstatic.com/media/042ed7_14393dce5d9d4e1c84711699b47948b5~mv2.png,,DE,69111000,2337,4875,Design Naif,6,207,322,215,117,Mug Hamlet,1023374875,21.39,241g,113x81x93,5450102218219,456,4057743004471,Porcelain,0.33,,,,,,,,Design Naif
10-1621-9671,Mug Happiness is homemade,Villeroy & Boch,Decoration & Gifts – Beverage Service,£5.76,,https://static.wixstatic.com/media/042ed7_7e4c1e1b46ba4d33a4790bac07e6a660~mv2.png,,DE,69111000,1621,9671,Statement,6,207,322,215,117,Mug Happiness is homemade,1016219671,6.44,262g,115x80x104,4003686431126,456,4057743181257,Decoration & Gifts,0.35,,,,,,,,Statement
10-1689-8002,Mug Happy Birthday,Villeroy & Boch,Porcelain – Beverage Service,£5.76,,https://static.wixstatic.com/media/042ed7_d8ce9a9d65b84133b020825bca530bfb~mv2.png,,DE,69111000,1689,8002,With Love,6,158,320,215,95,Mug Happy Birthday,1016898002,6.44,331g,125x94x83,4003686446960,588,4057743190327,Porcelain,0.37,,,,NEW,,,,With Love
10-1689-8004,Mug Hello Sunshine,Villeroy & Boch,Porcelain – Beverage Service,£5.76,,https://static.wixstatic.com/media/042ed7_9667be92388141fd8ceb644116d4aa94~mv2.png,,DE,69111000,1689,8004,With Love,6,158,320,215,95,Mug Hello Sunshine,1016898004,6.44,331g,125x94x83,4003686446984,588,4057743190341,Porcelain,0.37,,,,NEW,,,,With Love
10-1621-9672,Mug Je t'aime,Villeroy & Boch,Decoration & Gifts – Beverage Service,£5.76,,https://static.wixstatic.com/media/042ed7_429782d9609d495f8746a1be8690cc0d~mv2.png,,DE,69111000,1621,9672,Statement,6,207,322,215,117,Mug Je t'aime,1016219672,6.44,262g,115x80x104,4003686431133,456,4057743181264,Decoration & Gifts,0.35,,,,,,,,Statement
10-1621-9652,Mug Keep calm and drink coffee,Villeroy & Boch,Decoration & Gifts – Beverage Service,£5.76,,https://splendid-product-images.pages.dev/vb/10-1621-9652.png,,DE,69111000,1621,9652,Statement,6,207,322,215,117,Mug Keep calm and drink coffee,1016219652,6.44,262g,115x80x104,4003686417731,456,4057743176536,Decoration & Gifts,0.35,,,,,,,,Statement
10-4149-9100,Mug King Fisher (giftbox),Villeroy & Boch,Decoration & Gifts – Beverage Service,£11.57,,https://splendid-product-images.pages.dev/vb/10-4149-9100.png,,DE,69111000,4149,9100,NewWave Caffè,1,66,115,115,115,Mug King Fisher (giftbox),1041499100,12.94,290g,130x95x113,4003686258556,360,,Decoration & Gifts,0.32,,,,,,,,NewWave
10-1621-9673,Mug La vie est belle,Villeroy & Boch,Decoration & Gifts – Beverage Service,£5.76,,https://splendid-product-images.pages.dev/vb/10-1621-9673.png,,DE,69111000,1621,9673,Statement,6,207,322,215,117,Mug La vie est belle,1016219673,6.44,262g,115x80x104,4003686431140,456,4057743181271,Decoration & Gifts,0.35,,,,,,,,Statement
10-1616-5817,Mug Leo,Villeroy & Boch,Porcelain – Beverage Service,£11.57,,https://splendid-product-images.pages.dev/vb/10-1616-5817.png,,DE,69111000,1616,5817,NewWave Stars,1,57,116,116,116,Mug Leo,1016165817,12.94,290g,130x95x113,4003686394131,360,,Porcelain,0.32,,,,,,,,NewWave
10-1616-5819,Mug Libra,Villeroy & Boch,Porcelain – Beverage Service,£11.57,,https://splendid-product-images.pages.dev/vb/10-1616-5819.png,,DE,69111000,1616,5819,NewWave Stars,1,57,116,116,116,Mug Libra,1016165819,12.94,290g,130x95x113,4003686393868,360,,Porcelain,0.32,,,,,,,,NewWave
10-1621-9651,Mug Lieblingsmensch,Villeroy & Boch,Decoration & Gifts – Beverage Service,£5.76,,https://splendid-product-images.pages.dev/vb/10-1621-9651.png,,DE,69111000,1621,9651,Statement,6,207,322,215,117,Mug Lieblingsmensch,1016219651,6.44,262g,115x80x104,4003686417724,456,4057743176529,Decoration & Gifts,0.35,,,,,,,,Statement
10-4200-9100,Mug Lilac Breasted Roller (giftbox),Villeroy & Boch,Decoration & Gifts – Beverage Service,£11.57,,https://splendid-product-images.pages.dev/vb/10-4200-9100.png,,DE,69111000,4200,9100,NewWave Caffè,1,66,115,115,115,Mug Lilac Breasted Roller (giftbox),1042009100,12.94,290g,130x95x113,4003686325913,360,,Decoration & Gifts,0.32,,,,,,,,NewWave
10-1621-9659,Mug Live Love Laugh,Villeroy & Boch,Decoration & Gifts – Beverage Service,£5.76,,https://splendid-product-images.pages.dev/vb/10-1621-9659.png,,DE,69111000,1621,9659,Statement,6,207,322,215,117,Mug Live Love Laugh,1016219659,6.44,262g,115x80x104,4003686418349,456,4057743176840,Decoration & Gifts,0.35,,,,,,,,Statement
10-4868-9358,Mug Manufacture Rock (Gift box),Villeroy & Boch,Hospitality – Beverage Service,£22.51,,https://splendid-product-images.pages.dev/vb/10-4868-9358.png,,DE,69111000,4868,9358,Coffee To Go,1,105,90,90,165,Mug Manufacture Rock (Gift box),1048689358,25.17,480g,90x90x150,4003686414167,360,,,0.43,Coffee To Go,Coffee To Go,Coffee To Go,,,To Go,,Coffee To Go
10-4868-9359,Mug Manufacture Rock (Gift box),Villeroy & Boch,Hospitality – Beverage Service,£21.00,,https://splendid-product-images.pages.dev/vb/10-4868-9359.png,,DE,69111000,4868,9359,Coffee To Go,1,75,91,91,140,Mug Manufacture Rock (Gift box),1048689359,23.48,435g,90x90x120,4003686414174,36,,,0.38,Coffee To Go,Coffee To Go,Coffee To Go,,,To Go,,Coffee To Go
10-4192-9100,Mug Morpho cypris (giftbox),Villeroy & Boch,Decoration & Gifts – Beverage Service,£11.57,,https://splendid-product-images.pages.dev/vb/10-4192-9100.png,,DE,69111000,4192,9100,NewWave Caffè,1,66,115,115,115,Mug Morpho cypris (giftbox),1041929100,12.94,290g,130x95x113,4003686306486,360,,Decoration & Gifts,0.32,,,,,,,,NewWave
10-1616-5812,Mug Pisces,Villeroy & Boch,Porcelain – Beverage Service,£11.57,,https://splendid-product-images.pages.dev/vb/10-1616-5812.png,,DE,69111000,1616,5812,NewWave Stars,1,57,116,116,116,Mug Pisces,1016165812,12.94,290g,130x95x113,4003686393844,360,,Porcelain,0.32,,,,,,,,NewWave
10-1616-5821,Mug Sagittarius,Villeroy & Boch,Porcelain – Beverage Service,£11.57,,https://splendid-product-images.pages.dev/vb/10-1616-5821.png,,DE,69111000,1616,5821,NewWave Stars,1,57,116,116,116,Mug Sagittarius,1016165821,12.94,290g,130x95x113,4003686394117,360,,Porcelain,0.32,,,,,,,,NewWave
10-1616-5820,Mug Scorpio,Villeroy & Boch,Porcelain – Beverage Service,£11.57,,https://splendid-product-images.pages.dev/vb/10-1616-5820.png,,DE,69111000,1616,5820,NewWave Stars,1,57,116,116,116,Mug Scorpio,1016165820,12.94,290g,130x95x113,4003686393899,360,,Porcelain,0.32,,,,,,,,NewWave
10-1689-8000,Mug Sending Love,Villeroy & Boch,Porcelain – Beverage Service,£5.76,,https://splendid-product-images.pages.dev/vb/10-1689-8000.png,,DE,69111000,1689,8000,With Love,6,158,320,215,95,Mug Sending Love,1016898000,6.44,331g,125x94x83,4003686446946,588,4057743190303,Porcelain,0.37,,,,NEW,,,,With Love
10-1681-8403,Mug Set 2pcs,Villeroy & Boch,Decoration & Gifts – Beverage Service,£20.29,,https://splendid-product-images.pages.dev/vb/10-1681-8403.png,,DE,69111000,1681,8403,Manufacture Collier blanc,1,140,242,138,99,Mug Set 2pcs,1016818403,22.69,470g,85x85x89,4003686420380,168,,Decoration & Gifts,0.36,,,,,,,,Manufacture
10-1682-8403,Mug Set 2pcs,Villeroy & Boch,Decoration & Gifts – Beverage Service,£20.29,,https://splendid-product-images.pages.dev/vb/10-1682-8403.png,,DE,69111000,1682,8403,Manufacture Collier noir,1,140,242,138,99,Mug Set 2pcs,1016828403,22.69,470g,85x85x89,4003686420397,168,,Decoration & Gifts,0.36,,,,,,,,Manufacture
10-1616-5814,Mug Taurus,Villeroy & Boch,Porcelain – Beverage Service,£11.57,,https://splendid-product-images.pages.dev/vb/10-1616-5814.png,,DE,69111000,1616,5814,NewWave Stars,1,57,116,116,116,Mug Taurus,1016165814,12.94,290g,130x95x113,4003686393837,360,,Porcelain,0.32,,,,,,,,NewWave
10-1621-9665,Mug The best is yet to come,Villeroy & Boch,Decoration & Gifts – Beverage Service,£5.76,,https://splendid-product-images.pages.dev/vb/10-1621-9665.png,,DE,69111000,1621,9665,Statement,6,207,322,215,117,Mug The best is yet to come,1016219665,6.44,262g,115x80x104,4003686418707,456,4057743176901,Decoration & Gifts,0.35,,,,,,,,Statement
10-4868-9220,Mug Toys Delight,Villeroy & Boch,Hospitality – Beverage Service,£17.23,,https://splendid-product-images.pages.dev/vb/10-4868-9220.png,,DE,69111000,4868,9220,Coffee To Go,6,172,295,180,165,Mug Toys Delight,1048689220,19.27,390g,90x90x150,4003686411616,480,4057743174211,,0.43,Coffee To Go,Coffee To Go,Coffee To Go,,,To Go,,Coffee To Go
10-2337-4876,Mug Village street,Villeroy & Boch,Porcelain – Beverage Service,£19.13,,https://splendid-product-images.pages.dev/vb/10-2337-4876.png,,DE,69111000,2337,4876,Design Naif,6,207,322,215,117,Mug Village street,1023374876,21.39,241g,113x81x93,5450102218226,456,4057743004488,Porcelain,0.33,,,,,,,,Design Naif
10-1616-5818,Mug Virgo,Villeroy & Boch,Porcelain – Beverage Service,£11.57,,https://splendid-product-images.pages.dev/vb/10-1616-5818.png,,DE,69111000,1616,5818,NewWave Stars,1,57,116,116,116,Mug Virgo,1016165818,12.94,290g,130x95x113,4003686394100,360,,Porcelain,0.32,,,,,,,,NewWave
10-1629-8001,Mug XMAS,Villeroy & Boch,Decoration & Gifts – Beverage Service,£6.34,,https://splendid-product-images.pages.dev/vb/10-1629-8001.png,,DE,69111000,1629,8001,Statement Lines,6,207,322,215,117,Mug XMAS,1016298001,7.09,262g,115x80x104,4003686439078,456,4057743185262,Decoration & Gifts,0.35,,,,,,,,Statement
14-8676-9640,"Mug and saucer, 2 pcs",Villeroy & Boch,Decoration & Gifts – Beverage Service,£20.29,,,,ID,69111000,8676,9640,Easter Delight,1,0,0,0,0,"Mug and saucer, 2 pcs",1486769640,22.69,569g,177x177x93,4003686457546,,,Decoration & Gifts,0.43,,,,NEW,,,,Easter Delight
14-8676-9700,Mug saucer,Villeroy & Boch,Decoration & Gifts – Beverage Service,£6.98,,https://splendid-product-images.pages.dev/vb/14-8676-9700.png,,ID,69111000,8676,9700,Easter Delight,6,1,165,162,65,Mug saucer,1486769700,7.8,265g,177x177x22,4003686458000,,4057743196794,Decoration & Gifts,,,,,NEW,,,,Easter Delight
14-8585-8404,"Mug set 2pcs, Toys",Villeroy & Boch,Decoration & Gifts – Beverage Service,£28.95,,https://splendid-product-images.pages.dev/vb/14-8585-8404.png,,DE,69111000,8585,8404,Toy's Delight,1,150,210,125,110,"Mug set 2pcs, Toys",1485858404,32.37,550g,137x96x101,4003686186545,180,,Decoration & Gifts,0.47,,,,,,,,Toy's Delight
14-8585-8403,"Mug set 2pcs, X-mas tree",Villeroy & Boch,Decoration & Gifts – Beverage Service,£28.95,,https://splendid-product-images.pages.dev/vb/14-8585-8403.png,,DE,69111000,8585,8403,Toy's Delight,1,85,210,125,110,"Mug set 2pcs, X-mas tree",1485858403,32.37,770g,137x96x101,4003686186538,180,,Decoration & Gifts,0.47,,,,,,,,Toy's Delight
19-5172-8403,Mug set 2pcs.,Villeroy & Boch,Hospitality – Beverage Service,£20.88,,https://splendid-product-images.pages.dev/vb/19-5172-8403.png,,DE,69111000,5172,8403,Perlemor Sand,1,140,242,138,99,Mug set 2pcs.,1951728403,23.35,470g,85x85x90,4003686420991,168,,,0.37,Perlemor Sand,Perlemor Sand,Novelties 2023,,,,,Perlemor
14-8638-8402,"Mug set, 2 pcs.",Villeroy & Boch,Decoration & Gifts – Beverage Service,£28.95,,https://splendid-product-images.pages.dev/vb/14-8638-8402.png,,CN,69111000,8638,8402,Spring Awakening,1,160,245,110,130,"Mug set, 2 pcs.",1486388402,32.37,665g,138x100x96,4003686410091,180,,Decoration & Gifts,0.49,,,,,,,,Spring Awakening
16-2040-4894,Mug stackable,Villeroy & Boch,Hospitality – Beverage Service,£8.40,,,,DE,69111000,2040,4894,Universal,6,143,367,218,142,Mug stackable,1620404894,9.39,250g,110x80x110,5450523051945,300,4057743024240,,0.38,Universal,Universal,Novelties 2012,,Yes,,,Universal
16-4004-4870,Mug with handle,Villeroy & Boch,Hospitality – Beverage Service,£7.72,,,,DE,69111000,4004,4870,Affinity,6,175,367,218,142,Mug with handle,1640044870,8.63,360g,90x90x100,5450523054939,300,4057743047010,,0.4,Affinity,Affinity,Novelties Spring 2013,,,,,Affinity
10-4293-9651,Mug with handle,Villeroy & Boch,Hospitality – Beverage Service,£7.41,,https://splendid-product-images.pages.dev/vb/10-4293-9651.png,,DE,69111000,4293,9651,Afina,6,190,320,215,110,Mug with handle,1042939651,8.29,292g,110x85x100,4003686436398,456,4057743183930,,0.37,Afina,Afina,Novelties 2024,,,,,Afina
10-4653-9651,Mug with handle,Villeroy & Boch,Hospitality – Beverage Service,£15.56,,https://splendid-product-images.pages.dev/vb/10-4653-9651.png,,DE,69111000,4653,9651,Anmut Gold,6,211,320,220,115,Mug with handle,1046539651,17.41,230g,118x80x107,4003686375857,456,4057743155074,,0.35,Anmut Gold,Anmut Gold,Anmut Gold,,,,,Anmut
10-4636-9651,Mug with handle,Villeroy & Boch,Hospitality – Beverage Service,£15.56,,https://splendid-product-images.pages.dev/vb/10-4636-9651.png,,DE,69111000,4636,9651,Anmut Platinum No.1,6,211,320,220,115,Mug with handle,1046369651,17.41,230g,118x80x107,4003683472115,456,4057743014432,,0.37,Anmut Platinum No.1,Anmut Platinum No.1,Anmut Platinum No.1,,,,,Anmut
16-4026-9651,Mug with handle,Villeroy & Boch,Hospitality – Beverage Service,£7.96,,,,DE,69111000,4026,9651,Artesano Barista,6,207,322,215,117,Mug with handle,1640269651,8.9,350g,120x85x105,5450523062552,456,4057743051161,,0.38,Artesano Barista,Artesano Barista,Novelties 2015,,Yes,Artesano,,Artesano
10-4130-9651,Mug with handle,Villeroy & Boch,Hospitality – Beverage Service,£7.96,,https://splendid-product-images.pages.dev/vb/10-4130-9651.png,,DE,69111000,4130,9651,Artesano Professionale,6,207,322,215,117,Mug with handle,1041309651,8.9,237g,115x85x105,4003686218581,456,4057743008929,,0.37,Artesano Original,Artesano Original,,,,Artesano,,Artesano
16-4088-9651,Mug with handle,Villeroy & Boch,Hospitality – Beverage Service,£7.23,,,,DE,69111000,4088,9651,Caffe Club,4,142,205,205,115,Mug with handle,1640889651,8.08,206g,120x90x105,5450523150327,516,4057743170121,,0.35,Caffe Club white,Caffe Club white,Novelties 2013,,Yes,,,Caffe Club
10-4661-9651,Mug with handle,Villeroy & Boch,Hospitality – Beverage Service,£15.45,,https://static.wixstatic.com/media/042ed7_7a97f1ffaec14d95b8e864ee8fb04ebb~mv2.png,,DE,69111000,4661,9651,Château Septfontaines,6,211,320,220,115,Mug with handle,1046619651,17.28,230g,110x75x90,4003686403215,456,4057743167961,,0.3,Château Septfontaines,Château Septfontaines,Novelties 2021,,,,,Chateau Septfontaines
16-2016-4870,Mug with handle,Villeroy & Boch,Hospitality – Beverage Service,£7.30,,,,DE,69111000,2016,4870,Corpo,6,190,320,215,110,Mug with handle,1620164870,8.16,230g,110x90,5450102264070,456,4057743023830,,0.3,Corpo,Corpo,white,,Yes,,,Corpo
19-5167-9651,Mug with handle,Villeroy & Boch,Hospitality – Beverage Service,£7.24,,https://static.wixstatic.com/media/042ed7_27a50781207e45d79d796a9c289c5b55~mv2.png,,TH,69111000,5167,9651,Crafted Breeze,6,155,300,210,100,Mug with handle,1951679651,8.1,270g,120x90x100,4003686397033,672,4057743164762,,0.37,Crafted Breeze,Crafted Breeze,Novelties 2020,,,,,Crafted
19-5183-9651,Mug with handle,Villeroy & Boch,Hospitality – Beverage Service,£7.24,,https://static.wixstatic.com/media/042ed7_15d6f988b1b84918bb65163969d6402c~mv2.png,,TH,69111000,5183,9651,Crafted Cotton,6,150,285,200,105,Mug with handle,1951839651,8.1,310g,120x90x100,4003686437623,672,4057743184968,,0.37,Crafted Cotton,Crafted Cotton,Novelties 2024,,,,,Crafted
19-5168-9651,Mug with handle,Villeroy & Boch,Hospitality – Beverage Service,£7.24,,https://static.wixstatic.com/media/042ed7_08231971a9ca487d8f61128ad03df45c~mv2.png,,TH,69111000,5168,9651,Crafted Denim,6,155,300,210,100,Mug with handle,1951689651,8.1,285g,120x90x100,4003686397675,672,4057743165448,,0.37,Crafted Denim,Crafted Denim,Novelties 2020,,,,,Crafted
16-3293-9651,Mug with handle,Villeroy & Boch,Hospitality – Beverage Service,£8.04,,,,DE,69111000,3293,9651,Dune,6,226,365,210,145,Mug with handle,1632939651,8.99,282g,130x90x110,5450523048136,480,4057743034461,,0.44,Dune,Dune,Novelties 2010,,,,,Dune
10-3420-9651,Mug with handle,Villeroy & Boch,Hospitality – Beverage Service,£10.60,,https://static.wixstatic.com/media/042ed7_450c1493347f434788163c527563f300~mv2.png,,DE,69111000,3420,9651,Flow,6,175,367,218,142,Mug with handle,1034209651,11.85,316g,125x95x110,4003683349783,300,4057743006376,,0.37,Flow,Flow,Flow,,,,,Flow
10-4264-9651,Mug with handle,Villeroy & Boch,Hospitality – Beverage Service,£8.46,,https://static.wixstatic.com/media/042ed7_86a1aa3b6cef44b488ca33a6783635f7~mv2.png,,DE,69111000,4264,9651,NewMoon,6,196,320,220,115,Mug with handle,1042649651,9.46,343g,125x90x95,4003686386617,456,4057743160863,,0.39,NewMoon,NewMoon,Novelties 2020,,,Novelties 2020,,NewMoon
10-2484-9631,Mug with handle,Villeroy & Boch,Hospitality – Beverage Service,£10.11,,https://static.wixstatic.com/media/042ed7_a80c1e3df25f4bf1aa872add222ec180~mv2.png,,DE,69111000,2484,9631,NewWave Caffè,6,207,322,215,117,Mug with handle,1024849631,11.3,218g,125x88x99,4003686153400,456,4057743005232,,0.24,NewWave Caffe,NewWave Caffe,NewWave Caffe,,,Novelties 2011,,NewWave
10-2484-9651,Mug with handle,Villeroy & Boch,Hospitality – Beverage Service,£11.01,,https://static.wixstatic.com/media/042ed7_3610c7705c044b21ab91285e1893aedc~mv2.png,,DE,69111000,2484,9651,NewWave Caffè,6,175,367,218,142,Mug with handle,1024849651,12.32,275g,135x95x110,4003683249984,300,4057743005249,,0.32,NewWave Caffe,NewWave Caffe,NewWave Caffè,,,,,NewWave
19-5174-9650,Mug with handle,Villeroy & Boch,Hospitality – Beverage Service,£7.66,,https://static.wixstatic.com/media/042ed7_0fd70095056240399e20e3156a408f23~mv2.png,,DE,69111000,5174,9650,Perlemor Alga,6,163,320,215,95,Mug with handle,1951749650,8.56,239g,115x90x75,4003686450646,588,4057743193175,,0.28,Perlemor Alga,Perlemor Alga,Novelties 2025,NEW,,,,Perlemor
19-5174-9651,Mug with handle,Villeroy & Boch,Hospitality – Beverage Service,£8.61,,https://static.wixstatic.com/media/042ed7_d7a5b80dbaed49d48cceca9e2a1a03f9~mv2.png,,DE,69111000,5174,9651,Perlemor Alga,6,158,320,215,95,Mug with handle,1951749651,9.63,317g,125x95x85,4003686412477,588,4057743174839,,0.37,Perlemor Alga,Perlemor Alga,Novelties 2024,,,,,Perlemor
19-5172-9650,Mug with handle,Villeroy & Boch,Hospitality – Beverage Service,£7.66,,https://static.wixstatic.com/media/042ed7_bf543092688345cb82f4fa49ffead503~mv2.png,,DE,69111000,5172,9650,Perlemor Sand,6,163,320,215,95,Mug with handle,1951729650,8.56,238g,115x90x75,4003686450615,588,4057743193144,,0.28,Perlemor Sand,Perlemor Sand,Novelties 2025,NEW,,,,Perlemor
19-5172-9651,Mug with handle,Villeroy & Boch,Hospitality – Beverage Service,£8.61,,https://static.wixstatic.com/media/042ed7_0de7223eac2049a4af2739741935f840~mv2.png,,DE,69111000,5172,9651,Perlemor Sand,6,158,320,215,95,Mug with handle,1951729651,9.63,317g,125x95x85,4003686410817,588,4057743173719,,0.37,Perlemor Sand,Perlemor Sand,Novelties 2023,,,,,Perlemor
16-4033-9651,Mug with handle,Villeroy & Boch,Hospitality – Beverage Service,£10.20,,,,DE,69111000,4033,9651,Stella Blossom,6,1,0,0,0,Mug with handle,1640339651,11.4,220g,120x90x90,5450523168612,0,4057743199788,,0.38,Stella Blossom,Stella Blossom,Novelties 2026,NEW,,,,Stella
16-3272-9651,Mug with handle,Villeroy & Boch,Hospitality – Beverage Service,£9.94,,,,DE,69111000,3272,9651,Stella Hotel,6,207,322,215,117,Mug with handle,1632729651,11.12,230g,,5450523038830,456,4057743032672,,0.35,Stella Hotel,Stella Hotel,Stella Hotel,,Yes,,,Stella
16-4077-9651,Mug with handle,Villeroy & Boch,Hospitality – Beverage Service,£10.89,,,,DE,69111000,4077,9651,The Rock White Glacier,6,196,320,220,115,Mug with handle,1640779651,12.18,286g,125x95x95,5450523148546,456,4057743164168,,0.38,The Rock White Glacier,The Rock White Glacier,Novelties 2020,,,,,The Rock
14-8663-4860,Mug with handle,Villeroy & Boch,Decoration & Gifts – Beverage Service,£14.48,,https://static.wixstatic.com/media/042ed7_124aab09d6184c1296b08e2d3dafb0b1~mv2.png,,DE,69111000,8663,4860,Colourful Spring,6,207,322,215,117,Mug with handle,1486634860,16.19,262g,115x80x104,4003686357099,456,4057743106892,Decoration & Gifts,0.35,,,,,,,,Colourful Spring
16-4088-9631,Mug with handle small,Villeroy & Boch,Hospitality – Beverage Service,£5.67,,,,DE,69111000,4088,9631,Caffe Club,4,140,205,205,115,Mug with handle small,1640889631,6.34,175g,105x75x85,5450523150099,516,4057743169866,,0.2,Caffe Club white,Caffe Club white,Novelties 2013,,Yes,,,Caffe Club
16-4004-4895,Mug with handle stackable,Villeroy & Boch,Hospitality – Beverage Service,£7.57,,,,DE,69111000,4004,4895,Affinity,6,175,367,218,142,Mug with handle stackable,1640044895,8.47,339g,87x87x114,5450523055905,300,4057743047034,,0.4,Affinity,Affinity,Novelties Autumn 2013,,,,,Affinity
16-2155-4879,Mug with handle stackable,Villeroy & Boch,Hospitality – Beverage Service,£6.88,,,,DE,69111000,2155,4879,Easy,6,163,320,215,95,Mug with handle stackable,1621554879,7.7,201g,110x80x80,5450102346127,588,4057743027289,,0.28,Easy,Easy,white,,Yes,,,Easy
16-3318-4879,Mug with handle stackable,Villeroy & Boch,Hospitality – Beverage Service,£7.41,,,,DE,69111000,3318,4879,La Scala,6,163,320,215,95,Mug with handle stackable,1633184879,8.29,220g,110x80x85,5450523018931,588,4057743036816,,0.27,La Scala,La Scala,white,,,,,La Scala
16-4003-4895,Mug with handle stackable,Villeroy & Boch,Hospitality – Beverage Service,£9.44,,,,DE,69111000,4003,4895,Sedona Function,6,163,320,215,95,Mug with handle stackable,1640034895,10.56,204g,110x80x80,5450523054359,588,4057743046440,,0.28,Sedona Function,Sedona Function,Novelties Spring 2012,,,,,Sedona
16-2040-4895,Mug with handle stackable,Villeroy & Boch,Hospitality – Beverage Service,£6.62,,,,DE,69111000,2040,4895,Universal,6,163,320,215,95,Mug with handle stackable,1620404895,7.4,204g,110x80x80,5450102354528,588,4057743024257,,0.28,Universal,Universal,white,,Yes,,,Universal
14-8676-8402,"Mug, 2 pieces",Villeroy & Boch,Decoration & Gifts – Beverage Service,£26.11,,https://static.wixstatic.com/media/042ed7_90d866a2819c4a4c87fa1bb851662ef4~mv2.png,,ID,69111000,8676,8402,Easter Delight,1,1,245,110,130,"Mug, 2 pieces",1486768402,29.19,608g,,4003686457966,,,Decoration & Gifts,,,,,NEW,,,,Easter Delight
14-8644-4861,"Mug, Family",Villeroy & Boch,Decoration & Gifts – Beverage Service,£14.48,,https://static.wixstatic.com/media/042ed7_a69e06a065564bc7af81fb78b4262828~mv2.png,,CN,69111000,8644,4861,Spring Fantasy,6,312,380,265,110,"Mug, Family",1486444861,16.19,390g,145x101x103,4003686409316,378,4057743175713,Decoration & Gifts,0.5,,,,,,,,Spring Fantasy
14-8644-4862,"Mug, Flower Meadow",Villeroy & Boch,Decoration & Gifts – Beverage Service,£14.48,,https://static.wixstatic.com/media/042ed7_110535e7daca4c91a1f23987e3d782a4~mv2.png,,CN,69111000,8644,4862,Spring Fantasy,6,366,370,255,130,"Mug, Flower Meadow",1486444862,16.19,410g,150x107x108,4003686410107,288,4057743175720,Decoration & Gifts,0.6,,,,,,,,Spring Fantasy
14-8638-9652,"Mug, Opa Hans & Paul",Villeroy & Boch,Decoration & Gifts – Beverage Service,£14.48,,https://static.wixstatic.com/media/042ed7_5352ddc71b704a5baf120e05903a85c7~mv2.png,,DE,69111000,8638,9652,Spring Awakening,1,48,109,81,107,"Mug, Opa Hans & Paul",1486389652,16.19,262g,115x79x103,4003686429444,588,,Decoration & Gifts,0.35,,,,,,,,Spring Awakening
14-8585-9652,"Mug, Santa Claus",Villeroy & Boch,Decoration & Gifts – Beverage Service,£14.48,,https://static.wixstatic.com/media/042ed7_ea1f929cb1f04f5d809eaa4765828f66~mv2.png,,DE,69111000,8585,9652,Toy's Delight,1,85,140,130,110,"Mug, Santa Claus",1485859652,16.19,280g,137x96x101,4003686440531,270,,Decoration & Gifts,0.47,,,,,,,,Toy's Delight
14-8332-4863,"Mug, building a snowman",Villeroy & Boch,Decoration & Gifts – Beverage Service,£15.64,,https://static.wixstatic.com/media/042ed7_4b1f62c330d843dca1f4f38455a54d67~mv2.png,,CN,69111000,8332,4863,Toy's Fantasy,1,100,135,135,110,"Mug, building a snowman",1483324863,17.49,330g,145x102x106,4003686441439,324,,Decoration & Gifts,0.55,,,,,,,,Toy's Fantasy
14-8658-9651,"Mug, large",Villeroy & Boch,Decoration & Gifts – Beverage Service,£15.64,,https://static.wixstatic.com/media/042ed7_9d90f6b723a64cc3b2cffc38afe4c6dd~mv2.png,,DE,69111000,8658,9651,Toy's Delight Royal Classic,1,49,118,120,135,"Mug, large",1486589651,17.49,410g,145x103x105,4003686393097,360,,Decoration & Gifts,0.5,,,,,,,,Toy's Delight Royal Classic
14-8585-9631,"Mug, small",Villeroy & Boch,Decoration & Gifts – Beverage Service,£11.57,,https://static.wixstatic.com/media/042ed7_92d4a3e2df724638a4adda48c76e7c9d~mv2.png,,DE,69111000,8585,9631,Toy's Delight,6,196,320,220,115,"Mug, small",1485859631,12.94,275g,119x83x88,4003686441255,456,4057743186849,Decoration & Gifts,0.29,,,,,,,,Toy's Delight
14-8332-4864,"Mug, toy shop",Villeroy & Boch,Decoration & Gifts – Beverage Service,£15.64,,https://static.wixstatic.com/media/042ed7_a740a3314b2744528050a3bbe4cbbe02~mv2.png,,CN,69111000,8332,4864,Toy's Fantasy,1,105,135,135,110,"Mug, toy shop",1483324864,17.49,340g,145x102x106,4003686441446,0,,Decoration & Gifts,0.55,,,,,,,,Toy's Fantasy
10-4264-9660,Mug without handle,Villeroy & Boch,Hospitality – Beverage Service,£7.72,,https://static.wixstatic.com/media/042ed7_6a79361bd7f3498488eafeaaf39f3221~mv2.png,,DE,69111000,4264,9660,NewMoon,6,150,320,220,115,Mug without handle,1042649660,8.63,330g,90x90x95,4003686386693,456,4057743160948,,0.39,NewMoon,NewMoon,Novelties 2020,,,Novelties 2020,,NewMoon
14-8662-6324,Mum Emma,Villeroy & Boch,Decoration & Gifts,£20.87,,https://static.wixstatic.com/media/042ed7_a0876c89a29d48de85192ee76f9a4345~mv2.png,,CN,95059000,8662,6324,Bunny Tales,1,70,110,90,180,Mum Emma,1486626324,23.34,185g,60x75x145,4003686355941,336,,Decoration & Gifts,,,,,,,,,Bunny Tales
14-8662-6325,"Mum Emma, large",Villeroy & Boch,Decoration & Gifts,£44.13,,https://static.wixstatic.com/media/042ed7_74e5e73b32e74b6c8eaeced302229fb7~mv2.png,,CN,95059000,8662,6325,Bunny Tales,1,200,175,150,320,"Mum Emma, large",1486626325,49.34,840g,112x140x280,4003686356108,70,,Decoration & Gifts,,,,,,,,,Bunny Tales
10-4483-5766,Napkin ring,Villeroy & Boch,Hospitality – Table Service,£15.87,,https://static.wixstatic.com/media/042ed7_64cf1c7a69b844b2a8b02a43d025017a~mv2.png,,TH,69111000,4483,5766,MetroChic Gifts,6,60,80,80,150,Napkin ring,1044835766,17.75,45g,65x25x55,4003686382046,3780,4057743158426,,,MetroChic Gifts,MetroChic Gifts,MetroChic Gifts,,,,,MetroChic
35-9391-0012,Napkin ring red berries,Villeroy & Boch,Decoration & Gifts – Table Service,£4.60,,https://static.wixstatic.com/media/042ed7_2f0c2b9220a047b0bf6d7a80820f60ea~mv2.png,,CN,67021000,9391,0012,Winter Collage Accessoires,12,65,215,140,45,Napkin ring red berries,3593910012,5.14,22g,60,4003686378858,0,4057743157061,Decoration & Gifts,,,,,,,,,Winter Collage Accessoires
14-8602-6560,Nativity,Villeroy & Boch,Decoration & Gifts,£92.43,,https://static.wixstatic.com/media/042ed7_7b6080aa2a42431fb36afd35aa7ad214~mv2.png,,CN,95051090,8602,6560,Christmas Toys Memory,1,385,320,200,220,Nativity,1486026560,103.35,2070g,270x160x160,4003686357839,36,,Decoration & Gifts,,,,,,,,,Christmas Toys
10-4286-5081,Nek vase beige small,Villeroy & Boch,Decoration & Gifts – Accessories,£16.22,,https://static.wixstatic.com/media/042ed7_49eb9cd747fc427bad0740a25bb187ba~mv2.png,,CN,69139093,4286,5081,Lave Home,1,109,130,130,150,Nek vase beige small,1042865081,18.14,710g,128x128x153,4003686416697,200,,Decoration & Gifts,1.2,,,,,,,,Lave
10-4286-5080,Nek vase bleu large,Villeroy & Boch,Decoration & Gifts – Accessories,£20.29,,https://static.wixstatic.com/media/042ed7_473849400e2d40de99f193388a83774b~mv2.png,,CN,69139093,4286,5080,Lave Home,1,202,160,160,225,Nek vase bleu large,1042865080,22.69,1135g,156x156x219,4003686416680,72,,Decoration & Gifts,2.7,,,,,,,,Lave
14-8602-6550,Nutcracker,Villeroy & Boch,Decoration & Gifts,£144.75,,https://static.wixstatic.com/media/042ed7_147594a9a14e42d69ea1fed5f75e4ed7~mv2.png,,CN,69131000,8602,6550,Christmas Toys Memory,1,370,180,165,410,Nutcracker,1486026550,161.85,1004.9999999999999g,138x122x367,4003686413160,55,,Decoration & Gifts,,,,,,,,,Christmas Toys
14-8640-6308,"Nutcracker, turning",Villeroy & Boch,Decoration & Gifts,£23.20,,https://static.wixstatic.com/media/042ed7_133bb63fcd044da8b04f775f041b0029~mv2.png,,CN,69131000,8640,6308,Nostalgic Melody,1,95,170,130,135,"Nutcracker, turning",1486406308,25.94,455g,90x90x146,4003686412958,216,,Decoration & Gifts,,,,,,,,,Nostalgic Melody
11-3799-8250,Old fashioned tumbler set 4 pcs,Villeroy & Boch,Glass – Rocks,£29.01,,https://static.wixstatic.com/media/042ed7_f1359ad8a5c64fbb9cbcc7c8080019b0~mv2.png,,SK,70133791,3799,8250,Manufacture Rock blanc,1,112,170,180,100,Old fashioned tumbler set 4 pcs,1137998250,32.44,970g,85x85x94,4003686439474,192,,Glass,0.37,,,,,,,,Manufacture
11-3798-8250,Old fashioned tumbler set 4 pcs,Villeroy & Boch,Glass – Rocks,£29.01,,https://static.wixstatic.com/media/042ed7_898ca62ce82f423ba103a5c449852393~mv2.png,,SK,70133791,3798,8250,Manufacture Rock Glass,1,100,175,175,100,Old fashioned tumbler set 4 pcs,1137988250,32.44,920g,85x85x94,4003686423336,192,,Glass,0.37,,,,,,,,Manufacture
11-7390-1410,Old-fashioned tumbler,Villeroy & Boch,Glass – Rocks,£21.46,,https://static.wixstatic.com/media/042ed7_b40394a1da5c4080b06d394cfd47ab31~mv2.png,,DE,70133799,7390,1410,Octavie,4,100,175,175,100,Old-fashioned tumbler,1173901410,23.99,300g,90x90x92,4003684023910,672,4057743062549,Glass,0.36,,,,,,,,Octavie
14-8635-6407,Ornament Bluebell,Villeroy & Boch,Decoration & Gifts,£8.67,,https://static.wixstatic.com/media/042ed7_39fc2e6cbb0940e8bb598a55cf35d4dd~mv2.png,,CN,69131000,8635,6407,New Flower Bells,6,240,230,160,105,Ornament Bluebell,1486356407,9.69,35g,45x45x60,4003686355613,864,4057743106236,Decoration & Gifts,,,,,,,,,New Flower Bells
14-8635-6406,Ornament Tulip,Villeroy & Boch,Decoration & Gifts,£8.67,,https://static.wixstatic.com/media/042ed7_9b090f9594c449538cff8f3fb928604e~mv2.png,,CN,69131000,8635,6406,New Flower Bells,6,240,230,160,105,Ornament Tulip,1486356406,9.69,36g,50x50x60,4003686355934,864,4057743106168,Decoration & Gifts,,,,,,,,,New Flower Bells
14-8671-4343,Ornament angel,Villeroy & Boch,Decoration & Gifts,£10.41,,https://static.wixstatic.com/media/042ed7_327895cb9539434097fa3e5d9cca16ad~mv2.png,,CN,69131000,8671,4343,Winter Glow,6,390,280,205,120,Ornament angel,1486714343,11.64,70g,89x50x76,4003686430587,792,4057743180977,Decoration & Gifts,,,,,Discontinued 30.06.2026,,,,Winter Glow
14-8662-6874,"Ornament basket, Anna",Villeroy & Boch,Decoration & Gifts – Table Service,£10.41,,https://static.wixstatic.com/media/042ed7_02a493e0d1a148e6ade040b8afb6c152~mv2.png,,CN,95059000,8662,6874,Bunny Tales,6,155,205,140,75,"Ornament basket, Anna",1486626874,11.64,60g,44x45x61,4003686356139,1740,4057743106304,Decoration & Gifts,,,,,,,,,Bunny Tales
14-8662-6875,"Ornament basket, Max",Villeroy & Boch,Decoration & Gifts – Table Service,£10.41,,https://static.wixstatic.com/media/042ed7_e08eeebafd234ec8b24e8e7d4a9f3e8d~mv2.png,,CN,95059000,8662,6875,Bunny Tales,6,158,210,135,70,"Ornament basket, Max",1486626875,11.64,58g,45x45x60,4003686356122,1500,4057743106199,Decoration & Gifts,,,,,,,,,Bunny Tales
14-8671-4345,Ornament star,Villeroy & Boch,Decoration & Gifts,£10.41,,https://static.wixstatic.com/media/042ed7_2505c3b295d8489285af1b4c6b6eefdf~mv2.png,,CN,69131000,8671,4345,Winter Glow,6,370,275,205,115,Ornament star,1486714345,11.64,40g,89x23x89,4003686430600,624,4057743180991,Decoration & Gifts,,,,,Discontinued 30.06.2026,,,,Winter Glow
14-8671-4340,Ornament tree,Villeroy & Boch,Decoration & Gifts,£10.41,,https://static.wixstatic.com/media/042ed7_620524e9e461455eb62c2595a8df345e~mv2.png,,CN,69131000,8671,4340,Winter Glow,6,280,235,160,105,Ornament tree,1486714340,11.64,60g,58x58x75,4003686430556,792,4057743180946,Decoration & Gifts,,,,,Discontinued 30.06.2026,,,,Winter Glow
14-8331-6685,Ornaments Gifts 3pcs.,Villeroy & Boch,Decoration & Gifts,£26.11,,https://static.wixstatic.com/media/042ed7_43cd99028a674889915873561f90a61f~mv2.png,,CN,95051090,8331,6685,Nostalgic Ornaments,1,80,200,140,65,Ornaments Gifts 3pcs.,1483316685,29.19,175g,200x140x65,4003686361171,340,,Decoration & Gifts,,,,,,,,,Nostalgic Ornaments
14-8659-6664,Ornaments Tablewareset 3pcs.,Villeroy & Boch,Decoration & Gifts,£24.94,,https://static.wixstatic.com/media/042ed7_3b4e6dd2647e46c6ab0c922e711c9da4~mv2.png,,CN,69131000,8659,6664,Toy's Delight Decoration,1,150,295,130,90,Ornaments Tablewareset 3pcs.,1486596664,27.89,155g,40x70,4003686361201,160,,Decoration & Gifts,,,,,,,,,Toy's Delight
14-8331-6690,"Ornaments candy cane, set 3pcs",Villeroy & Boch,Decoration & Gifts,£26.11,,https://static.wixstatic.com/media/042ed7_4c95d0a011bc4001a0a10c07d7b7bff8~mv2.png,,CN,69131000,8331,6690,Nostalgic Ornaments,1,60,160,130,60,"Ornaments candy cane, set 3pcs",1483316690,29.19,100g,129x35x77,4003686410558,546,,Decoration & Gifts,,,,,,,,,Nostalgic Ornaments
14-8331-6692,Ornaments dogs 3pcs,Villeroy & Boch,Decoration & Gifts,£26.11,,https://static.wixstatic.com/media/042ed7_c3524bfc978643e68187b5cb6e4d3fe3~mv2.png,,CN,69131000,8331,6692,Nostalgic Ornaments,1,90,195,140,65,Ornaments dogs 3pcs,1483316692,29.19,135g,195x140x65,4003686440548,340,,Decoration & Gifts,,,,,,,,,Nostalgic Ornaments
14-8331-6693,Ornaments snowmen 3pcs,Villeroy & Boch,Decoration & Gifts,£26.11,,https://static.wixstatic.com/media/042ed7_400eec456402476fb4f009bb51b94c37~mv2.png,,CN,69131000,8331,6693,Nostalgic Ornaments,1,90,195,140,65,Ornaments snowmen 3pcs,1483316693,29.19,130g,195x140x65,4003686441507,340,,Decoration & Gifts,,,,,,,,,Nostalgic Ornaments
16-4025-3577,Oval bowl,Villeroy & Boch,Hospitality – Crockery,£9.28,,,,DE,69111000,4025,3577,Artesano Professionale,1,78,243,228,36,Oval bowl,1640253577,10.38,400g,280x85x35,5450523062309,330,,,0.35,Artesano Professionale,Artesano Professionale,Novelties 2015,,,Artesano,,Artesano
16-4025-3580,Oval bowl,Villeroy & Boch,Hospitality – Crockery,£17.25,,,,DE,69111000,4025,3580,Artesano Professionale,1,231,440,170,95,Oval bowl,1640253580,19.29,800g,440x150x45,5450523062262,89,,,1.22,Artesano Professionale,Artesano Professionale,Novelties 2015,,,Artesano,,Artesano
16-4025-3844,Oval bowl,Villeroy & Boch,Hospitality – Crockery,£32.54,,,,DE,69111000,4025,3844,Artesano Professionale,1,148,565,190,70,Oval bowl,1640253844,36.38,1600g,550x185x60,5450523062279,91,,,2.55,Artesano Professionale,Artesano Professionale,Novelties 2015,,,Artesano,,Artesano
10-3514-3287,Oval bowl,Villeroy & Boch,Porcelain – Crockery,£74.99,,https://static.wixstatic.com/media/042ed7_3a137e846fb24ee2a1445d359944d273~mv2.png,,DE,69111000,3514,3287,Amazonia,1,387,315,315,120,Oval bowl,1035143287,83.85,900g,382x224x91,4003686194595,50,,Porcelain,3,,,,,,,,Amazonia
10-3514-3288,Oval bowl,Villeroy & Boch,Porcelain – Crockery,£63.37,,https://static.wixstatic.com/media/042ed7_6768db00856047b099228b8b9ed00189~mv2.png,,DE,69111000,3514,3288,Amazonia,1,215,250,250,95,Oval bowl,1035143288,70.85,600g,293x182x69,4003686194601,96,,Porcelain,1.5,,,,,,,,Amazonia
10-3514-3895,Oval bowl,Villeroy & Boch,Porcelain – Crockery,£36.57,,https://static.wixstatic.com/media/042ed7_782f6bc50ad0498f85c56da16d25d47f~mv2.png,,DE,69111000,3514,3895,Amazonia,1,163,225,225,75,Oval bowl,1035143895,40.89,310g,292x74x47,4003686194618,150,,Porcelain,0.4,,,,,,,,Amazonia
16-2040-3790,Oval bowl stackable,Villeroy & Boch,Hospitality – Crockery,£4.25,,,,DE,69111000,2040,3790,Universal,6,74,155,113,150,Oval bowl stackable,1620403790,4.75,150g,95x75x35,5450523060107,1260,4057743024158,,0.13,Universal,Universal,Novelties Autumn 2013,,,,,Universal
16-2040-3791,Oval bowl stackable,Villeroy & Boch,Hospitality – Crockery,£4.72,,,,DE,69111000,2040,3791,Universal,6,90,220,130,120,Oval bowl stackable,1620403791,5.27,195g,105x85x40,5450523060114,1008,4057743024165,,0.2,Universal,Universal,Novelties Autumn 2013,,,,,Universal
16-4004-2778,Oval compartment plate,Villeroy & Boch,Hospitality – Crockery,£13.92,,,,DE,69111000,4004,2778,Affinity,6,125,365,145,95,Oval compartment plate,1640042778,15.57,416g,300x120,5450523055042,768,4057743046846,,,Affinity,Affinity,Novelties Spring 2013,,,,,Affinity
16-3275-3869,Oval deep bowl,Villeroy & Boch,Hospitality – Crockery,£7.30,,,,DE,69111000,3275,3869,Marchesi,6,90,220,130,120,Oval deep bowl,1632753869,8.16,266g,180x125x50,5450523034481,1008,4057743032832,,0.4,Marchesi,Marchesi,white,,Yes,Big Buffet,,Marchesi
16-3356-3869,Oval deep bowl,Villeroy & Boch,Hospitality – Crockery,£9.44,,,,DE,69111000,3356,3869,Sedona,6,90,220,130,120,Oval deep bowl,1633563869,10.56,266g,180x125x50,5450523047689,1008,4057743044620,,0.4,Sedona,Sedona,Marchesi,,,,,Sedona
16-4004-2760,Oval deep plate,Villeroy & Boch,Hospitality – Crockery,£7.59,,,,DE,69111000,4004,2760,Affinity,6,288,270,270,150,Oval deep plate,1640042760,8.48,633g,230x200x60,5450523054717,288,4057743046815,,0.36,Affinity,Affinity,Novelties Spring 2013,,,,,Affinity
16-4004-2761,Oval deep plate,Villeroy & Boch,Hospitality – Crockery,£11.48,,,,DE,69111000,4004,2761,Affinity,6,211,289,296,155,Oval deep plate,1640042761,12.83,859g,290x250x50,5450523054700,288,4057743046822,,0.5,Affinity,Affinity,Novelties Spring 2013,,,,,Affinity
16-3318-2760,Oval deep plate,Villeroy & Boch,Hospitality – Crockery,£8.40,,,,DE,69111000,3318,2760,La Scala,6,113,220,220,142,Oval deep plate,1633182760,9.39,393g,255x185x50,5450523019105,558,4057743036724,,0.35,La Scala,La Scala,white,,Yes,,,La Scala
16-3318-2761,Oval deep plate,Villeroy & Boch,Hospitality – Crockery,£14.40,,,,DE,69111000,3318,2761,La Scala,6,288,270,270,150,Oval deep plate,1633182761,16.1,622g,290x210x55,5450523019112,288,4057743036731,,0.57,La Scala,La Scala,white,,,,,La Scala
16-3275-3882,Oval flat individual bowl,Villeroy & Boch,Hospitality – Crockery,£5.47,,,,DE,69111000,3275,3882,Marchesi,6,115,155,155,86,Oval flat individual bowl,1632753882,6.12,130g,150x100x20,5450523034498,1890,4057743032849,,,Marchesi,Marchesi,white,,Yes,Big Buffet,,Marchesi
16-3356-3882,Oval flat individual bowl,Villeroy & Boch,Hospitality – Crockery,£6.92,,,,DE,69111000,3356,3882,Sedona,6,115,155,155,86,Oval flat individual bowl,1633563882,7.74,130g,150x100x20,5450523047702,1890,4057743044644,,,Sedona,Sedona,Marchesi,,,,,Sedona
16-4004-2710,Oval flat plate,Villeroy & Boch,Hospitality – Crockery,£13.51,,,,DE,69111000,4004,2710,Affinity,4,368,325,330,90,Oval flat plate,1640042710,15.11,1067g,320x280,5450523055011,272,4057743046778,,,Affinity,Affinity,Novelties Autumn 2013,,,,,Affinity
16-4004-2720,Oval flat plate,Villeroy & Boch,Hospitality – Crockery,£9.30,,,,DE,69111000,4004,2720,Affinity,6,272,295,295,85,Oval flat plate,1640042720,10.4,768g,280x245,5450523054663,528,4057743046785,,,Affinity,Affinity,Novelties Spring 2013,,,,,Affinity
16-4004-2730,Oval flat plate,Villeroy & Boch,Hospitality – Crockery,£5.70,,,,DE,69111000,4004,2730,Affinity,6,191,225,225,75,Oval flat plate,1640042730,6.37,397g,220x190,5450523054670,900,4057743046792,,,Affinity,Affinity,Novelties Spring 2013,,,,,Affinity
16-4004-2740,Oval flat plate,Villeroy & Boch,Hospitality – Crockery,£4.33,,,,DE,69111000,4004,2740,Affinity,6,140,185,185,95,Oval flat plate,1640042740,4.84,222g,165x145,5450523055868,1152,4057743046808,,,Affinity,Affinity,Novelties Autumn 2013,,,,,Affinity
16-2238-2720,Oval flat plate,Villeroy & Boch,Hospitality – Crockery,£15.02,,,,DE,69111000,2238,2720,Bella,6,272,295,295,85,Oval flat plate,1622382720,16.8,884g,320x240,5450102377329,528,4057743031651,,,Bella,Bella,,,,,,Bella
16-2016-2720,Oval flat plate,Villeroy & Boch,Hospitality – Crockery,£18.12,,,,DE,69111000,2016,2720,Corpo,6,272,295,295,85,Oval flat plate,1620162720,20.26,775g,320x240,5450102264193,528,4057743023755,,,Corpo,Corpo,white,,,,,Corpo
16-3293-2720,Oval flat plate,Villeroy & Boch,Hospitality – Crockery,£21.05,,,,DE,69111000,3293,2720,Dune,6,403,315,315,120,Oval flat plate,1632932720,23.54,890g,360x250,5450523006808,300,4057743034331,,,Dune,Dune,,,Yes,Big Buffet,,Dune
16-3293-2730,Oval flat plate,Villeroy & Boch,Hospitality – Crockery,£17.16,,,,DE,69111000,3293,2730,Dune,6,226,240,240,125,Oval flat plate,1632932730,19.19,480g,260x210,5450523006501,486,4057743034348,,,Dune,Dune,,,Yes,Big Buffet,,Dune
16-2155-2710,Oval flat plate,Villeroy & Boch,Hospitality – Crockery,£16.89,,,,DE,69111000,2155,2710,Easy,6,169,405,245,80,Oval flat plate,1621552710,18.88,1085g,370x235,5450102345991,540,4057743027197,,,Easy,Easy,white,,,,,Easy
16-3318-2710,Oval flat plate,Villeroy & Boch,Hospitality – Crockery,£17.30,,,,DE,69111000,3318,2710,La Scala,6,403,315,315,120,Oval flat plate,1633182710,19.35,930g,360x260,5450523018832,300,4057743036700,,,La Scala,La Scala,white,,,,,La Scala
16-3318-2720,Oval flat plate,Villeroy & Boch,Hospitality – Crockery,£15.67,,,,DE,69111000,3318,2720,La Scala,6,272,295,295,85,Oval flat plate,1633182720,17.52,750g,300x230,5450523018849,528,4057743036717,,,La Scala,La Scala,white,,,,,La Scala
19-5172-2920,Oval flat plate,Villeroy & Boch,Hospitality – Crockery,£16.47,,https://static.wixstatic.com/media/042ed7_0239e627edbd4167a047d0df222dfc92~mv2.png,,DE,69111000,5172,2920,Perlemor Sand,1,103,357,242,44,Oval flat plate,1951722920,18.41,885g,340x180x30,4003686456914,189,,,,Perlemor Sand,Perlemor Sand,Novelties 2025,NEW,,,,Perlemor
19-5172-2930,Oval flat plate,Villeroy & Boch,Hospitality – Crockery,£11.34,,https://static.wixstatic.com/media/042ed7_f5050599cc204d46b8b9d20ecb5d5cba~mv2.png,,DE,69111000,5172,2930,Perlemor Sand,6,128,265,180,110,Oval flat plate,1951722930,12.68,405g,230x125x30,4003686456907,828,4057743196206,,,Perlemor Sand,Perlemor Sand,Novelties 2025,NEW,,,,Perlemor
16-3356-2720,Oval flat plate,Villeroy & Boch,Hospitality – Crockery,£33.13,,,,DE,69111000,3356,2720,Sedona,6,403,315,315,120,Oval flat plate,1633562720,37.04,890g,360x250,5450523047580,300,4057743044484,,,Sedona,Sedona,Dune,,,,,Sedona
16-3356-2730,Oval flat plate,Villeroy & Boch,Hospitality – Crockery,£19.40,,,,DE,69111000,3356,2730,Sedona,6,226,240,240,125,Oval flat plate,1633562730,21.69,480g,260x210,5450523047597,486,4057743044491,,,Sedona,Sedona,Dune,,,,,Sedona
16-4003-2720,Oval flat plate,Villeroy & Boch,Hospitality – Crockery,£23.72,,,,DE,69111000,4003,2720,Sedona Function,6,272,295,295,85,Oval flat plate,1640032720,26.53,775g,320x240,5450523054250,528,4057743046426,,,Sedona Function,Sedona Function,Novelties Spring 2012,,,,,Sedona
16-2238-3570,Oval pickle dish,Villeroy & Boch,Hospitality – Crockery,£10.01,,,,DE,69111000,2238,3570,Bella,6,191,225,225,75,Oval pickle dish,1622383570,11.2,400g,210x170x25,5450102378050,900,4057743031682,,,Bella,Bella,,,,,,Bella
16-2016-3570,Oval pickle dish,Villeroy & Boch,Hospitality – Crockery,£11.98,,,,DE,69111000,2016,3570,Corpo,6,191,225,225,75,Oval pickle dish,1620163570,13.39,315g,210x170,5450102316939,900,4057743023793,,,Corpo,Corpo,white,,,,,Corpo
16-3318-3570,Oval pickle dish,Villeroy & Boch,Hospitality – Crockery,£10.91,,,,DE,69111000,3318,3570,La Scala,4,191,225,225,75,Oval pickle dish,1633183570,12.2,345g,240x170x25,5450523018894,600,4057743036779,,,La Scala,La Scala,white,,,,,La Scala
10-4510-2535,Oval pickle dish,Villeroy & Boch,Hospitality – Crockery,£17.24,,https://static.wixstatic.com/media/042ed7_c0b4abf60a0549ffba748ceacf589131~mv2.png,,DE,69111000,4510,2535,Modern Grace,6,95,185,186,170,Oval pickle dish,1045102535,19.28,270g,190x120x58,4003683481810,576,4057743012735,,0.5,Modern Grace,Modern Grace,Novelties 2010,,,,,Modern Grace
16-4003-3570,Oval pickle dish,Villeroy & Boch,Hospitality – Crockery,£14.46,,,,DE,69111000,4003,3570,Sedona Function,6,191,225,225,75,Oval pickle dish,1640033570,16.17,315g,210x170,5450523054304,900,4057743046433,,,Sedona Function,Sedona Function,Novelties Spring 2012,,,,,Sedona
16-3272-3570,Oval pickle dish,Villeroy & Boch,Hospitality – Crockery,£18.72,,,,DE,69111000,3272,3570,Stella Hotel,6,191,225,225,75,Oval pickle dish,1632723570,20.93,259g,200x140x20,5450102384204,900,4057743032535,,,Stella Hotel,Stella Hotel,Stella Hotel,,,,,Stella
16-4004-2920,Oval platter,Villeroy & Boch,Hospitality – Crockery,£11.73,,,,DE,69111000,4004,2920,Affinity,6,125,365,145,95,Oval platter,1640042920,13.12,418g,300x120,5450523054731,768,4057743046884,,,Affinity,Affinity,Novelties Spring 2013,,,,,Affinity
16-4004-2930,Oval platter,Villeroy & Boch,Hospitality – Crockery,£12.26,,,,DE,69111000,4004,2930,Affinity,6,222,250,250,95,Oval platter,1640042930,13.71,510g,280x175,5450523054991,576,4057743046907,,,Affinity,Affinity,Novelties Spring 2013,,,,,Affinity
10-4653-2940,Oval platter,Villeroy & Boch,Hospitality – Crockery,£71.68,,https://static.wixstatic.com/media/042ed7_5859ab54f6214ecd8f47549dc6939172~mv2.png,,DE,69111000,4653,2940,Anmut Gold,1,143,424,294,43,Oval platter,1046532940,80.15,1387g,413x285x26,4003686376014,114,,,,Anmut Gold,Anmut Gold,Anmut Gold,,,,,Anmut
10-4636-2940,Oval platter,Villeroy & Boch,Hospitality – Crockery,£71.68,,https://static.wixstatic.com/media/042ed7_370fb7258218450b9162f469c8330c9c~mv2.png,,DE,69111000,4636,2940,Anmut Platinum No.1,1,143,424,294,43,Oval platter,1046362940,80.15,1387g,413x285x26,4003683397081,114,,,,Anmut Platinum No.1,Anmut Platinum No.1,Anmut Platinum No.1,,,,,Anmut
16-4025-2584,Oval platter,Villeroy & Boch,Hospitality – Crockery,£25.41,,,,DE,69111000,4025,2584,Artesano Professionale,1,158,445,332,40,Oval platter,1640252584,28.41,1494g,430x300,5450523062255,118,,,,Artesano Professionale,Artesano Professionale,Novelties 2015,,,Artesano,,Artesano
16-4025-3570,Oval platter,Villeroy & Boch,Hospitality – Crockery,£9.61,,,,DE,69111000,4025,3570,Artesano Professionale,1,94,357,195,42,Oval platter,1640253570,10.75,400g,280x160,5450523062286,260,,,,Artesano Professionale,Artesano Professionale,Novelties 2015,,Yes,Artesano,,Artesano
10-4661-2940,Oval platter,Villeroy & Boch,Hospitality – Crockery,£57.56,,https://static.wixstatic.com/media/042ed7_d4788975568643308c553f2da964c2ca~mv2.png,,DE,69111000,4661,2940,Château Septfontaines,1,143,424,294,43,Oval platter,1046612940,64.36,1397g,415x285x25,4003686403284,114,,,,Château Septfontaines,Château Septfontaines,Novelties 2021,,,,,Chateau Septfontaines
10-3420-2960,Oval platter,Villeroy & Boch,Hospitality – Crockery,£24.06,,https://static.wixstatic.com/media/042ed7_11eba0a4d79e495090716eef5ca3eef0~mv2.png,,DE,69111000,3420,2960,Flow,1,141,347,350,41,Oval platter,1034202960,26.91,890g,350x240x40,4003683369514,132,,,,Flow,Flow,Flow,,,Big Buffet,,Flow
10-4392-2960,Oval platter,Villeroy & Boch,Hospitality – Crockery,£83.58,,https://static.wixstatic.com/media/042ed7_c205670716084f12b0bf0bdcaecd3548~mv2.png,,DE,69111000,4392,2960,Gray Pearl,1,114,355,245,44,Oval platter,1043922960,93.45,755g,350x240x17,4003683201463,189,,,,Gray Pearl,Gray Pearl,Gray Pearl,,,,,Gray Pearl
10-4390-2960,Oval platter,Villeroy & Boch,Hospitality – Crockery,£96.70,,https://static.wixstatic.com/media/042ed7_ac11e3e060d646098c17aec7cf4682da~mv2.png,,DE,69111000,4390,2960,Ivoire,1,98,353,244,43,Oval platter,1043902960,108.12,755g,350x240x17,4003686131828,189,,,,Ivoire,Ivoire,Ivoire,,,,,Ivoire
16-3272-2940,Oval platter,Villeroy & Boch,Hospitality – Crockery,£37.20,,,,DE,69111000,3272,2940,Stella Hotel,2,132,425,293,40,Oval platter,1632722940,41.59,1387g,410x290,5450102384082,228,4057743032481,,,Stella Hotel,Stella Hotel,Stella Hotel,,,,,Stella
16-3272-2960,Oval platter,Villeroy & Boch,Hospitality – Crockery,£31.75,,,,DE,69111000,3272,2960,Stella Hotel,6,368,325,330,90,Oval platter,1632722960,35.5,760g,340x230,5450102384099,408,4057743032498,,,Stella Hotel,Stella Hotel,Stella Hotel,,,,,Stella
16-2040-3876,Oval platter,Villeroy & Boch,Hospitality – Crockery,£40.35,,,,DE,69111000,2040,3876,Universal,1,171,517,320,58,Oval platter,1620403876,45.12,1950g,500x270x50,5450523158439,64,,,2.9,Universal,Universal,Universal,,,Urban Nature,,Universal
16-2040-3877,Oval platter,Villeroy & Boch,Hospitality – Crockery,£32.87,,,,DE,69111000,2040,3877,Universal,1,178,445,335,40,Oval platter,1620403877,36.75,1210g,420x255x45,5450523158446,82,,,2.07,Universal,Universal,Universal,,,Urban Nature,,Universal
16-2040-3878,Oval platter,Villeroy & Boch,Hospitality – Crockery,£24.16,,,,DE,69111000,2040,3878,Universal,1,141,347,350,41,Oval platter,1620403878,27.01,1155g,350x240x40,5450523158453,132,,,1.55,Universal,Universal,Universal,,,Urban Nature,,Universal
10-4545-2940,Oval platter,Villeroy & Boch,Porcelain – Crockery,£66.85,,https://static.wixstatic.com/media/042ed7_14942d061ebc485ab0c907d305391ad2~mv2.png,,DE,69111000,4545,2940,Anmut,1,132,425,293,40,Oval platter,1045452940,74.75,1387g,413x285x26,4003683226718,114,,Porcelain,,,,,,,,,Anmut
10-1067-2960,Oval platter,Villeroy & Boch,Porcelain – Crockery,£63.37,,https://splendid-product-images.pages.dev/vb/10-1067-2960.png,,DE,69111000,1067,2960,Audun Ferme,1,103,357,242,44,Oval platter,1010672960,70.85,795g,342x135x18,4003683109110,189,,Porcelain,,,,,,,,,Audun
10-4600-2940,Oval platter,Villeroy & Boch,Porcelain – Crockery,£72.67,,https://splendid-product-images.pages.dev/vb/10-4600-2940.png,,DE,69111000,4600,2940,Cellini,1,158,445,332,40,Oval platter,1046002940,81.25,1079g,400x295x35,4003686135710,118,,Porcelain,,,,,,,,,Cellini
10-2337-2910,Oval platter,Villeroy & Boch,Porcelain – Crockery,£69.18,,https://splendid-product-images.pages.dev/vb/10-2337-2910.png,,DE,69111000,2337,2910,Design Naif,1,103,357,242,44,Oval platter,1023372910,77.35,945g,342x135x18,5450102033430,189,,Porcelain,,,,,,,,,Design Naif
10-4153-2940,Oval platter,Villeroy & Boch,Porcelain – Crockery,£33.66,,https://splendid-product-images.pages.dev/vb/10-4153-2940.png,,DE,69111000,4153,2940,For Me,1,150,425,290,45,Oval platter,1041532940,37.64,970g,411x288x26,4003686259423,114,,Porcelain,,,,,,,,,For Me
10-2281-2920,Oval platter,Villeroy & Boch,Porcelain – Crockery,£48.78,,https://splendid-product-images.pages.dev/vb/10-2281-2920.png,,DE,69111000,2281,2920,French Garden Fleurence,1,132,425,293,40,Oval platter,1022812920,54.54,1200g,367x264x40,5450102345144,114,,Porcelain,,,,,,,,,French Garden
10-2396-2920,Oval platter,Villeroy & Boch,Porcelain – Crockery,£48.78,,https://splendid-product-images.pages.dev/vb/10-2396-2920.png,,DE,69111000,2396,2920,Manoir,1,132,425,293,40,Oval platter,1023962920,54.54,1150g,367x264x40,5450102015221,114,,Porcelain,,,,,,,,,Manoir
10-2341-2920,Oval platter,Villeroy & Boch,Porcelain – Crockery,£48.78,,https://splendid-product-images.pages.dev/vb/10-2341-2920.png,,DE,69111000,2341,2920,Old Luxembourg,1,132,425,293,40,Oval platter,1023412920,54.54,940g,351x263x36,5450102022120,114,,Porcelain,,,,,,,,,Vieux Luxembourg
10-2395-2920,Oval platter,Villeroy & Boch,Porcelain – Crockery,£48.78,,https://splendid-product-images.pages.dev/vb/10-2395-2920.png,,DE,69111000,2395,2920,Petite Fleur,1,132,425,293,40,Oval platter,1023952920,54.54,1200g,367x264x40,5450102014675,114,,Porcelain,,,,,,,,,Petite Fleur
10-4412-2940,Oval platter,Villeroy & Boch,Porcelain – Crockery,£63.37,,https://splendid-product-images.pages.dev/vb/10-4412-2940.png,,DE,69111000,4412,2940,Royal,1,132,425,293,40,Oval platter,1044122940,70.85,1387g,413x285x26,4003686140349,114,,Porcelain,,,,,,,,,Royal
10-4412-2960,Oval platter,Villeroy & Boch,Porcelain – Crockery,£58.08,,https://splendid-product-images.pages.dev/vb/10-4412-2960.png,,DE,69111000,4412,2960,Royal,1,103,357,242,44,Oval platter,1044122960,64.94,760g,345x235x17,4003686140356,189,,Porcelain,,,,,,,,,Royal
14-8585-2910,Oval platter,Villeroy & Boch,Decoration & Gifts – Crockery,£74.99,,https://splendid-product-images.pages.dev/vb/14-8585-2910.png,,CN,69111000,8585,2910,Toy's Delight,1,395,330,50,510,Oval platter,1485852910,83.85,1930g,500x315x45,4003683490638,74,,Decoration & Gifts,,,,,,,,,Toy's Delight
10-4389-2960,Oval platter,Villeroy & Boch,Porcelain – Crockery,£61.04,,https://splendid-product-images.pages.dev/vb/10-4389-2960.png,,DE,69111000,4389,2960,White Pearl,1,125,350,235,35,Oval platter,1043892960,68.25,755g,350x240x17,4003683481322,189,,Porcelain,,,,,,,,,White Pearl
16-2040-3170,Oval salad bowl,Villeroy & Boch,Hospitality – Crockery,£32.87,,,,DE,69111000,2040,3170,Universal,1,202,240,240,125,Oval salad bowl,1620403170,36.75,1155g,255x195x100,5450523158422,81,,,2.87,Universal,Universal,Universal,,,Urban Nature,,Universal
10-2341-2360,Oval soup tureen,Villeroy & Boch,Porcelain – Crockery,£150.57,,https://splendid-product-images.pages.dev/vb/10-2341-2360.png,,TH,69111000,2341,2360,Old Luxembourg,1,171,321,244,127,Oval soup tureen,1023412360,168.35,1785g,308x200x205,5450102022205,70,,Porcelain,2.9,,,,,,,,Vieux Luxembourg
16-6248-0500,Oyster fork,Villeroy & Boch,Hospitality – Cutlery,£4.83,,,,VN,82159910,6248,0500,Universal 18/10,6,17,161,35,35,Oyster fork,1662480500,5.4,20g,127x26x14,5450523001209,9600,4057743054759,,,Coupole,Coupole,Neutral,,,,,Universal
12-6400-1483,Parmesan breaker,Villeroy & Boch,Cutlery – Cutlery,£18.55,,https://splendid-product-images.pages.dev/vb/12-6400-1483.png,,ID,82055100,6400,1483,Kensington fromage,1,46,265,80,30,Parmesan breaker,1264001483,20.74,148g,148x40x26,4003686167353,1120,,Cutlery,,,,,,,,,Kensington fromage
10-2484-2830,Partyplate,Villeroy & Boch,Hospitality – Crockery,£8.78,,https://splendid-product-images.pages.dev/vb/10-2484-2830.png,,DE,69111000,2484,2830,NewWave Caffè,6,129,282,193,140,Partyplate,1024842830,9.82,445g,220x170x34,4003683249779,480,4057743005201,,,NewWave Caffe,NewWave Caffe,NewWave Caffè,,,,,NewWave
10-2484-2831,Partyplate,Villeroy & Boch,Hospitality – Crockery,£7.06,,https://splendid-product-images.pages.dev/vb/10-2484-2831.png,,DE,69111000,2484,2831,NewWave Caffè,6,90,220,130,120,Partyplate,1024842831,7.9,222g,170x139x27,4003683249762,1008,4057743005218,,,NewWave Caffe,NewWave Caffe,NewWave Caffè,,,,,NewWave
10-2484-2832,Partyplate,Villeroy & Boch,Hospitality – Crockery,£8.20,,https://splendid-product-images.pages.dev/vb/10-2484-2832.png,,DE,69111000,2484,2832,NewWave Caffè,6,129,282,193,140,Partyplate,1024842832,9.18,335g,200x140x32,4003686153394,480,4057743005225,,,NewWave Caffe,NewWave Caffe,NewWave Caffe,,,Novelties 2011,,NewWave
19-5174-2536,Pasta Bowl,Villeroy & Boch,Hospitality – Crockery,£12.28,,https://splendid-product-images.pages.dev/vb/19-5174-2536.png,,DE,69111000,5174,2536,Perlemor Alga,6,288,270,270,150,Pasta Bowl,1951742536,13.73,628g,220x220x50,4003686419537,288,4057743177045,,1.24,Perlemor Alga,Perlemor Alga,Novelties 2024,,,,,Perlemor
19-5172-2536,Pasta Bowl,Villeroy & Boch,Hospitality – Crockery,£12.28,,https://splendid-product-images.pages.dev/vb/19-5172-2536.png,,DE,69111000,5172,2536,Perlemor Sand,6,288,270,270,150,Pasta Bowl,1951722536,13.73,628g,220x220x50,4003686419049,288,4057743177182,,1.2,Perlemor Sand,Perlemor Sand,Novelties 2023,,,,,Perlemor
10-4257-8472,Pasta Bowl Set 2 pcs,Villeroy & Boch,Porcelain – Crockery,£18.55,,https://splendid-product-images.pages.dev/vb/10-4257-8472.png,,DE,69111000,4257,8472,Vapiano,1,202,285,285,95,Pasta Bowl Set 2 pcs,1042578472,20.74,1200g,268x200x71,4003686364776,64,,Porcelain,0.85,,,,,,,,Vapiano
10-4550-3381,Pasta bowl,Villeroy & Boch,Porcelain – Crockery,£13.32,,https://splendid-product-images.pages.dev/vb/10-4550-3381.png,,DE,69111000,4550,3381,Fleur vert,6,226,240,240,125,Pasta bowl,1045503381,14.89,588g,240x240x51,4003686450783,486,4057743193298,Porcelain,1.2,,,,NEW,,,,Fleur
10-4551-3381,Pasta bowl,Villeroy & Boch,Porcelain – Crockery,£13.32,,https://splendid-product-images.pages.dev/vb/10-4551-3381.png,,DE,69111000,4551,3381,Fleur bleu,6,226,240,240,125,Pasta bowl,1045513381,14.89,588g,240x240x51,4003686450974,486,4057743193380,Porcelain,1.2,,,,NEW,,,,Fleur
10-4552-3381,Pasta bowl,Villeroy & Boch,Porcelain – Crockery,£13.32,,https://splendid-product-images.pages.dev/vb/10-4552-3381.png,,DE,69111000,4552,3381,Fleur soleil,6,226,240,240,125,Pasta bowl,1045523381,14.89,588g,240x240x51,4003686451131,486,4057743193656,Porcelain,1.2,,,,NEW,,,,Fleur
10-4553-3381,Pasta bowl,Villeroy & Boch,Porcelain – Crockery,£13.32,,https://splendid-product-images.pages.dev/vb/10-4553-3381.png,,DE,69111000,4553,3381,Fleur cassis,6,226,240,240,125,Pasta bowl,1045533381,14.89,588g,240x240x51,4003686451254,486,4057743193755,Porcelain,1.2,,,,NEW,,,,Fleur
14-8676-2536,Pasta bowl,Villeroy & Boch,Decoration & Gifts – Crockery,£14.48,,https://splendid-product-images.pages.dev/vb/14-8676-2536.png,,ID,69111000,8676,2536,Easter Delight,1,1,250,250,50,Pasta bowl,1486762536,16.19,676g,236x236x48,4003686457928,,,Decoration & Gifts,1.2,,,,NEW,,,,Easter Delight
10-1690-3811,Pasta bowl,Villeroy & Boch,Porcelain – Crockery,£23.20,,https://splendid-product-images.pages.dev/vb/10-1690-3811.png,,DE,69111000,1690,3811,Memphis Collection,6,264,270,270,150,Pasta bowl,1016903811,25.94,676g,238x238x39,4003686449565,0,,Porcelain,1.2,,,,NEW,,,,Memphis
16-3364-2698,Pasta plate,Villeroy & Boch,Hospitality – Crockery,£18.94,,,,DE,69111000,3364,2698,Cera,4,403,315,315,120,Pasta plate,1633642698,21.18,1216g,285x285x70,5450523038939,200,4057743044873,,0.9,Cera,Cera,Cera,,,,,Cera
10-3420-2790,Pasta plate,Villeroy & Boch,Hospitality – Crockery,£18.47,,https://splendid-product-images.pages.dev/vb/10-3420-2790.png,,DE,69111000,3420,2790,Flow,4,403,315,315,120,Pasta plate,1034202790,20.65,945g,300/200x65,4003683369354,200,4057743006345,,1.2,Flow,Flow,Flow,,,,,Flow
10-2525-2698,Pasta plate,Villeroy & Boch,Hospitality – Crockery,£18.44,,https://splendid-product-images.pages.dev/vb/10-2525-2698.png,,DE,69111000,2525,2698,NewWave,4,403,315,315,120,Pasta plate,1025252698,20.62,1100g,280x280x60,4003683209346,200,4057743005478,,1,NewWave,NewWave,,,,,,NewWave
16-3356-2790,Pasta plate,Villeroy & Boch,Hospitality – Crockery,£19.94,,,,DE,69111000,3356,2790,Sedona,6,403,315,315,120,Pasta plate,1633562790,22.29,940g,300/185x50,5450523034634,300,4057743044507,,1.17,Sedona,Sedona,Universal,,,,,Sedona
16-2040-2790,Pasta plate,Villeroy & Boch,Hospitality – Crockery,£13.45,,,,DE,69111000,2040,2790,Universal,6,403,315,315,120,Pasta plate,1620402790,15.04,940g,300/185x50,5450102384273,300,4057743024103,,1.17,Universal,Universal,white,,Yes,,,Universal
10-4412-2695,Pasta plate,Villeroy & Boch,Porcelain – Crockery,£26.11,,https://splendid-product-images.pages.dev/vb/10-4412-2695.png,,DE,69111000,4412,2695,Royal,6,403,315,315,120,Pasta plate,1044122695,29.19,830g,298x298x53,4003683243302,300,4057743012063,Porcelain,1.3,,,,,,,,Royal
10-4171-8468,Pasta plate L Set 2 pcs.,Villeroy & Boch,Porcelain – Crockery,£27.27,,https://splendid-product-images.pages.dev/vb/10-4171-8468.png,,DE,69111000,4171,8468,Pasta Passion,1,231,320,320,80,Pasta plate L Set 2 pcs.,1041718468,30.49,1920g,305x305x62,4003686285071,84,,Porcelain,0.7,,,,,,,,Pasta Passion
10-4171-8469,Pasta plate M Set 2 pcs.,Villeroy & Boch,Porcelain – Crockery,£24.36,,https://splendid-product-images.pages.dev/vb/10-4171-8469.png,,DE,69111000,4171,8469,Pasta Passion,1,196,290,290,80,Pasta plate M Set 2 pcs.,1041718469,27.24,1490g,272x272x58,4003686285088,104,,Porcelain,0.6,,,,,,,,Pasta Passion
10-4171-8466,Pasta plate Set 2 pcs.,Villeroy & Boch,Porcelain – Crockery,£27.27,,https://static.wixstatic.com/media/042ed7_3cdeb76fce8e47d7964a9c2d426e9a80~mv2.png,,DE,69111000,4171,8466,Pasta Passion,1,211,280,330,80,Pasta plate Set 2 pcs.,1041718466,30.49,1560g,313x270x52,4003686285064,86,,Porcelain,,,,,,,,,Pasta Passion
10-4257-8476,"Pasta plate set, 2 pcs",Villeroy & Boch,Porcelain – Crockery,£18.55,,https://static.wixstatic.com/media/042ed7_e153ce1eff414d5ea81fc759b0a8ebce~mv2.png,,DE,69111000,4257,8476,Vapiano,1,111,210,210,63,"Pasta plate set, 2 pcs",1042578476,20.74,960g,251x203x48,4003686364752,210,,Porcelain,0.4,,,,,,,,Vapiano
12-6402-1621,Pasta serving spoon,Villeroy & Boch,Cutlery – Cutlery,£21.46,,https://static.wixstatic.com/media/042ed7_3b77f992cb3d47b38981238265e5cda8~mv2.png,,VN,82159910,6402,1621,Sereno XXL,1,72,365,55,70,Pasta serving spoon,1264021621,23.99,161g,295x65x46,4003686167438,560,,Cutlery,,,,,,,,,Sereno
14-8612-4526,"Pastry box, large",Villeroy & Boch,Decoration & Gifts,£42.38,,https://static.wixstatic.com/media/042ed7_c64cfc5b14d149bea27bffcc6651f29d~mv2.png,,CN,69111000,8612,4526,Winter Bakery Delight,1,180,205,185,130,"Pastry box, large",1486124526,47.39,1453g,173x173x141,4003686163836,120,,Decoration & Gifts,1.6,,,,,,,,Winter Bakery Delight
14-8612-4524,"Pastry box, medium",Villeroy & Boch,Decoration & Gifts,£36.57,,https://static.wixstatic.com/media/042ed7_ed234b67ee0d4d4da901c07bce96fa53~mv2.png,,CN,69111000,8612,4524,Winter Bakery Delight,1,115,155,155,125,"Pastry box, medium",1486124524,40.89,900g,140x140x123,4003686181601,210,,Decoration & Gifts,0.8,,,,,,,,Winter Bakery Delight
14-8612-4520,"Pastry box, small",Villeroy & Boch,Decoration & Gifts,£24.94,,https://static.wixstatic.com/media/042ed7_2d8fd56d86e644328dfb80f2c82038d0~mv2.png,,CN,69111000,8612,4520,Winter Bakery Delight,1,81,120,120,115,"Pastry box, small",1486124520,27.89,508g,110x110x121,4003686163850,324,,Decoration & Gifts,0.5,,,,,,,,Winter Bakery Delight
12-6387-0190,Pastry fork,Villeroy & Boch,Hospitality – Cutlery,£2.97,,https://static.wixstatic.com/media/042ed7_246986c464d44f69858f636b4b8ea95e~mv2.png,,VN,82159910,6387,0190,Blacksmith,6,28,161,50,27,Pastry fork,1263870190,3.32,30g,156x20x16,4003683483678,9600,4057743019369,,,Blacksmith,Blacksmith,Novelties 2017,,,,,Blacksmith
16-6248-0190,Pastry fork,Villeroy & Boch,Hospitality – Cutlery,£3.39,,,,VN,82159910,6248,0190,Coupole,6,17,161,35,35,Pastry fork,1662480190,3.79,24g,144x21x22,4011417048475,9600,4057743054742,,,Coupole,Coupole,Cutlery,,,,,Coupole
12-6243-0190,Pastry fork,Villeroy & Boch,Hospitality – Cutlery,£4.69,,https://static.wixstatic.com/media/042ed7_b0303059be8e4c06be13d7a1eaa4914a~mv2.png,,VN,82159910,6243,0190,Kreuzband,6,28,161,50,27,Pastry fork,1262430190,5.24,28g,145x23x16,4011417043968,9600,4057743017396,,,Kreuzband,Kreuzband,Cutlery,,,,,Kreuzband
12-6338-0190,Pastry fork,Villeroy & Boch,Hospitality – Cutlery,£3.39,,https://static.wixstatic.com/media/042ed7_94c1fd8d7cb3465f947ce27da5762e75~mv2.png,,ID,82159910,6338,0190,NewWave Cutlery,6,13,170,35,30,Pastry fork,1263380190,3.79,28g,155x19x23,4003683246907,8400,4057743018195,,,NewWave Cutlery,NewWave Cutlery,Cutlery,,,,,NewWave
12-6339-0190,Pastry fork,Villeroy & Boch,Hospitality – Cutlery,£2.18,,https://static.wixstatic.com/media/042ed7_5efc1af6d305407abc713a19b786ecf6~mv2.png,,ID,82159910,6339,0190,Oscar,6,14,170,30,35,Pastry fork,1263390190,2.44,33g,158x23x19,4003683247089,7200,4057743018362,,,Oscar,Oscar,Cutlery,,Yes,,,Oscar
12-6264-0190,Pastry fork,Villeroy & Boch,Hospitality – Cutlery,£3.36,,https://static.wixstatic.com/media/042ed7_6d6959279cb141ddb4d58edba63285d1~mv2.png,,VN,82159910,6264,0190,Piemont,6,13,170,35,30,Pastry fork,1262640190,3.76,30g,160x22x18,4011417052441,8400,4057743017532,,,Piemont,Piemont,Cutlery,,Yes,,,Piemont
12-6347-0190,Pastry fork,Villeroy & Boch,Hospitality – Cutlery,£2.96,,https://static.wixstatic.com/media/042ed7_20d6a4eff787456f97a0c045607083da~mv2.png,,VN,82159910,6347,0190,Udine,6,17,161,35,35,Pastry fork,1263470190,3.31,29g,156x20x22,4003683285364,9600,4057743018508,,,Udine,Udine,Novelties Winter 2009,,,,,Udine
12-6350-0190,Pastry fork,Villeroy & Boch,Hospitality – Cutlery,£2.04,,https://static.wixstatic.com/media/042ed7_46a049a5ef384e0483bb40108991d042~mv2.png,,VN,82159910,6350,0190,Victor,6,49,165,35,30,Pastry fork,1263500190,2.28,20g,155x23x18,4003683330729,2000,4057743018652,,,Victor,Victor,Cutlery,,Yes,,,Victor
12-6526-0190,Pastry fork,Villeroy & Boch,Cutlery – Cutlery,£9.25,,https://static.wixstatic.com/media/042ed7_5c42a32708cc4051af6827396a02e350~mv2.png,,VN,82159910,6526,0190,Boston,6,28,161,50,27,Pastry fork,1265260190,10.34,31g,158x19x19,4003686356771,8000,4057743106823,Cutlery,,,,,,,,,Boston
12-6351-0190,Pastry fork,Villeroy & Boch,Cutlery – Cutlery,£10.41,,https://static.wixstatic.com/media/042ed7_d65ac68d9feb4756bb454e0561b2ebea~mv2.png,,VN,82159910,6351,0190,Ella partially gold plated,6,16,170,45,25,Pastry fork,1263510190,11.64,24g,159x19x19,4003683313623,8640,4057743018782,Cutlery,,,,,,,,,Ella
12-6417-0190,Pastry fork,Villeroy & Boch,Cutlery – Cutlery,£10.41,,https://static.wixstatic.com/media/042ed7_18c27daf04b54ee8bcf1f6b18f12a5c4~mv2.png,,VN,82159910,6417,0190,La Classica,6,28,161,50,27,Pastry fork,1264170190,11.64,32g,158x19x19,4003686262522,8100,4057743020143,Cutlery,,,,,,,,,La Classica
12-6527-0190,Pastry fork,Villeroy & Boch,Cutlery – Cutlery,£9.83,,https://static.wixstatic.com/media/042ed7_77fdd6746f3d461abd87f16ae39f8c3c~mv2.png,,ID,82159910,6527,0190,MetroChic,6,25,240,50,30,Pastry fork,1265270190,10.99,28g,153x20x15,4003686362185,5760,4057743109039,Cutlery,,,,,,,,,MetroChic
12-6528-0190,Pastry fork,Villeroy & Boch,Cutlery – Cutlery,£17.39,,https://static.wixstatic.com/media/042ed7_2dd85fbc22d14a75b2e0fb1e71862fe7~mv2.png,,ID,82159910,6528,0190,MetroChic d'Or,6,25,240,50,30,Pastry fork,1265280190,19.44,30g,153x20x15,4003686388819,5760,4057743161747,Cutlery,,,,,,,,,MetroChic
12-6448-0190,Pastry fork,Villeroy & Boch,Cutlery – Cutlery,£9.25,,https://static.wixstatic.com/media/042ed7_39b438b8920240b38d324ee4d68a8d7f~mv2.png,,VN,82159910,6448,0190,Montauk,6,28,161,50,27,Pastry fork,1264480190,10.34,28g,160x19x19,4003686328792,9600,4057743084015,Cutlery,,,,,,,,,Montauk
12-6233-0190,Pastry fork,Villeroy & Boch,Cutlery – Cutlery,£9.83,,https://static.wixstatic.com/media/042ed7_082646bba7f845bc9971469e8f4dad64~mv2.png,,VN,82159910,6233,0190,Neufaden-Merlemont,6,17,161,35,35,Pastry fork,1262330190,10.99,26g,146x22x19,4011417038612,9600,4057743017242,Cutlery,,,,,,,,,Neufaden Merlemont
12-6529-0190,Pastry fork,Villeroy & Boch,Cutlery – Cutlery,£8.67,,https://static.wixstatic.com/media/042ed7_2cc781e1fd6d4d68be44425e6bcc0856~mv2.png,,ID,82159910,6529,0190,NewMoon,6,28,161,50,27,Pastry fork,1265290190,9.69,40g,155x20x15,4003686388895,6000,4057743161822,Cutlery,,,,,,,,,NewMoon
12-6403-9600,Pastry fork set of 6,Villeroy & Boch,Cutlery – Cutlery,£15.64,,https://static.wixstatic.com/media/042ed7_2f8272f2ef6c4bd49f939b00dd6c212a~mv2.png,,ID,82159910,6403,9600,Daily Line,1,46,265,80,30,Pastry fork set of 6,1264039600,17.49,168g,147x21x18,4003686200043,480,,Cutlery,,,,,,,,,Daily Line
14-8332-2281,"Pastry plate deep, Kids dancing",Villeroy & Boch,Decoration & Gifts – Crockery,£58.08,,https://static.wixstatic.com/media/042ed7_539ffe583a7842db8f77498ffaaf48e5~mv2.png,,CN,69111000,8332,2281,Toy's Fantasy,1,360,455,435,90,"Pastry plate deep, Kids dancing",1483322281,64.94,1448g,392x392x32,4003686410909,28,,Decoration & Gifts,1.9,,,,,,,,Toy's Fantasy
14-8662-6323,Paul,Villeroy & Boch,Decoration & Gifts,£11.57,,https://static.wixstatic.com/media/042ed7_47f155690b8c4f518b0489f616f03956~mv2.png,,CN,95059000,8662,6323,Bunny Tales,1,40,80,80,120,Paul,1486626323,12.94,50g,40x40x80,4003686355767,756,,Decoration & Gifts,,,,,,,,,Bunny Tales
16-3293-3480,Pepper shaker,Villeroy & Boch,Hospitality – Mills & Cruets,£8.86,,,,TH,69111000,3293,3480,Dune,6,116,285,165,80,Pepper shaker,1632933480,9.9,75g,50x30x75,5450523001452,864,4057743034362,,,Dune,Dune,,,,,,Dune
10-2525-3480,Pepper shaker,Villeroy & Boch,Hospitality – Mills & Cruets,£9.04,,https://static.wixstatic.com/media/042ed7_8516dc5903fc4915aa9f2f8eed287cde~mv2.png,,TH,69111000,2525,3480,NewWave,2,35,112,116,93,Pepper shaker,1025253480,10.11,144g,70x40x75,4003683334222,1664,4057743005522,,0.11,NewWave,NewWave,NewWave,,,Novelties Autumn 2008,,NewWave
16-3356-3480,Pepper shaker,Villeroy & Boch,Hospitality – Mills & Cruets,£10.94,,,,TH,69111000,3356,3480,Sedona,6,66,120,120,130,Pepper shaker,1633563480,12.24,75g,75,5450523047610,2160,4057743044552,,,Sedona,Sedona,Dune,,,,,Sedona
16-4090-3480,Pepper shaker,Villeroy & Boch,Hospitality – Mills & Cruets,£9.87,,,,TH,69111000,4090,3480,Stella Cosmo,6,145,213,144,103,Pepper shaker,1640903480,11.04,90g,65x65x70,5450523147761,1200,4057743161501,,0.09,Stella Cosmo,Stella Cosmo,Stella Cosmo,,,Novelties 2020,,Stella
16-2040-3480,Pepper shaker,Villeroy & Boch,Hospitality – Mills & Cruets,£5.67,,,,DE,69111000,2040,3480,Universal,6,121,290,165,83,Pepper shaker,1620403480,6.34,75g,55,5450523018986,864,4057743024141,,,Universal,Universal,white,,,,,Universal
35-5375-0161,Petite Fleur neu 20pcs,Villeroy & Boch,Decoration & Gifts,£2.62,,https://static.wixstatic.com/media/042ed7_ea1e910130c04d04b7b648342799f06a~mv2.png,,DE,48183000,5375,0161,Paper Napkins,12,150,355,170,175,Petite Fleur neu 20pcs,3553750161,2.93,120g,325x325x1,4003686296329,576,4057743057439,Decoration & Gifts,,,,,,,,,Paper Napkins
10-4545-3570,Pickle Dish/Saucer sauceboat,Villeroy & Boch,Porcelain – Crockery,£26.11,,https://static.wixstatic.com/media/042ed7_3f3a1a9e07544d929a3be33f2f51fae3~mv2.png,,DE,69111000,4545,3570,Anmut,1,69,228,195,42,Pickle Dish/Saucer sauceboat,1045453570,29.19,259g,203x145x22,4003683226817,372,,Porcelain,,,,,,,,,Anmut
10-2281-3570,Pickle Dish/Saucer sauceboat,Villeroy & Boch,Porcelain – Crockery,£24.36,,https://static.wixstatic.com/media/042ed7_e85146375f6742a2ab4c116ea69f1218~mv2.png,,DE,69111000,2281,3570,French Garden Fleurence,1,69,228,195,42,Pickle Dish/Saucer sauceboat,1022813570,27.24,328g,239x162x27,5450102345267,372,,Porcelain,,,,,,,,,French Garden
10-4412-3570,Pickle Dish/Saucer sauceboat,Villeroy & Boch,Porcelain – Crockery,£26.11,,https://static.wixstatic.com/media/042ed7_63e77ba80f414d6c89b1f007a5d0a308~mv2.png,,DE,69111000,4412,3570,Royal,1,69,228,195,42,Pickle Dish/Saucer sauceboat,1044123570,29.19,259g,203x145x22,4003686140448,372,,Porcelain,,,,,,,,,Royal
10-4653-3570,Pickle dish,Villeroy & Boch,Hospitality – Crockery,£25.97,,https://static.wixstatic.com/media/042ed7_489239e0df754bd28937f0c7ac6574d6~mv2.png,,DE,69111000,4653,3570,Anmut Gold,1,63,197,232,40,Pickle dish,1046533570,29.04,259g,205x147x21,4003686375994,372,,,,Anmut Gold,Anmut Gold,Anmut Gold,,,,,Anmut
10-4636-3570,Pickle dish,Villeroy & Boch,Hospitality – Crockery,£25.97,,https://static.wixstatic.com/media/042ed7_865386abb9bd464ea8fb243b29812fc1~mv2.png,,DE,69111000,4636,3570,Anmut Platinum No.1,1,63,197,232,40,Pickle dish,1046363570,29.04,259g,205x147x21,4003683398415,372,,,,Anmut Platinum No.1,Anmut Platinum No.1,Anmut Platinum No.1,,,,,Anmut
10-2525-3570,Pickle dish,Villeroy & Boch,Hospitality – Crockery,£6.64,,https://static.wixstatic.com/media/042ed7_31ef7db59666472bbdb11b4380ec30ab~mv2.png,,DE,69111000,2525,3570,NewWave,1,69,228,195,42,Pickle dish,1025253570,7.42,350g,211x144x26,4003683414511,372,,,,NewWave,NewWave,NewWave,,,Novelties Autumn 2008,,NewWave
10-1067-3570,Pickle dish,Villeroy & Boch,Porcelain – Crockery,£33.66,,https://static.wixstatic.com/media/042ed7_24694679b19c45c8a4e9fd03812bf08b~mv2.png,,DE,69111000,1067,3570,Audun Ferme,1,69,228,195,42,Pickle dish,1010673570,37.64,260g,199x141x22,4003683109219,372,,Porcelain,,,,,,,,,Audun
10-2337-3570,Pickle dish,Villeroy & Boch,Porcelain – Crockery,£31.92,,https://static.wixstatic.com/media/042ed7_dd0bfd8afef24278b12a9fecf6704a3c~mv2.png,,DE,69111000,2337,3570,Design Naif,1,69,228,195,42,Pickle dish,1023373570,35.69,385g,199x141x22,5450102032976,372,,Porcelain,,,,,,,,,Design Naif
10-2396-3570,Pickle dish,Villeroy & Boch,Porcelain – Crockery,£24.36,,https://static.wixstatic.com/media/042ed7_ddb426d57cfc4d01a112bc0c0e2c2653~mv2.png,,DE,69111000,2396,3570,Manoir,1,69,228,195,42,Pickle dish,1023963570,27.24,328g,239x162x27,5450102015146,372,,Porcelain,,,,,,,,,Manoir
10-2341-3570,Pickle dish,Villeroy & Boch,Porcelain – Crockery,£24.36,,https://static.wixstatic.com/media/042ed7_5c9344f052bf44aa93452c1521bdf9b9~mv2.png,,TH,69111000,2341,3570,Old Luxembourg,1,69,228,195,42,Pickle dish,1023413570,27.24,240g,235x146x26,5450102022076,372,,Porcelain,,,,,,,,,Vieux Luxembourg
10-2395-3570,Pickle dish,Villeroy & Boch,Porcelain – Crockery,£24.36,,https://static.wixstatic.com/media/042ed7_8cc94cb610814668a2aaa9b9f4a42407~mv2.png,,DE,69111000,2395,3570,Petite Fleur,1,69,228,195,42,Pickle dish,1023953570,27.24,328g,239x162x27,5450102014590,372,,Porcelain,,,,,,,,,Petite Fleur
10-3514-2535,Pickle dish/Individual bowl,Villeroy & Boch,Porcelain – Crockery,£37.73,,https://static.wixstatic.com/media/042ed7_5e63e4b2cee74e309e3aca46089ba359~mv2.png,,DE,69111000,3514,2535,Amazonia,6,125,195,198,170,Pickle dish/Individual bowl,1035142535,42.19,90g,190x119x57,4003686194526,576,4057743007595,Porcelain,0.5,,,,,,,,Amazonia
10-4661-3570,Pickle dish/Saucer sauceboat,Villeroy & Boch,Hospitality – Crockery,£29.28,,https://static.wixstatic.com/media/042ed7_e161295f939540769dbcc972ec865aec~mv2.png,,DE,69111000,4661,3570,Château Septfontaines,1,63,197,232,40,Pickle dish/Saucer sauceboat,1046613570,32.75,270g,205x145x20,4003686403260,372,,,,Château Septfontaines,Château Septfontaines,Novelties 2021,,,,,Chateau Septfontaines
14-8662-6333,Picnic,Villeroy & Boch,Decoration & Gifts,£29.01,,https://static.wixstatic.com/media/042ed7_67061597dfbc4d73b6486b7324070ee8~mv2.png,,CN,69131000,8662,6333,Bunny Tales,1,70,130,120,110,Picnic,1486626333,32.44,180g,83x83x80,4003686409453,324,,Decoration & Gifts,,,,,,,,,Bunny Tales
12-6387-1870,Pie server,Villeroy & Boch,Cutlery – Beverage Service,£23.20,,https://static.wixstatic.com/media/042ed7_b03ac9bdf097417f8e91fb57c1f7c077~mv2.png,,VN,82159910,6387,1870,Blacksmith,1,2,270,60,20,Pie server,1263871870,25.94,80g,245x54x22,4003683483777,2400,,Cutlery,,,,,,,,,Blacksmith
12-6526-1870,Pie server,Villeroy & Boch,Cutlery – Beverage Service,£23.20,,https://static.wixstatic.com/media/042ed7_18cab794b2424bc4a9b86eb423872dfe~mv2.png,,VN,82159910,6526,1870,Boston,1,2,240,60,30,Pie server,1265261870,25.94,76g,233x50x28,4003686356849,1500,,Cutlery,,,,,,,,,Boston
12-6403-1870,Pie server,Villeroy & Boch,Cutlery – Beverage Service,£10.41,,https://static.wixstatic.com/media/042ed7_20b721fc62404355b7d5539c2b30c821~mv2.png,,ID,82159910,6403,1870,Daily Line,1,70,365,70,60,Pie server,1264031870,11.64,80g,230x47x20,4003686200005,360,,Cutlery,,,,,,,,,Daily Line
12-6351-1870,Pie server,Villeroy & Boch,Cutlery – Beverage Service,£23.20,,https://static.wixstatic.com/media/042ed7_e82aa3b9295c4cd28fe49cf214ea915e~mv2.png,,VN,82159910,6351,1870,Ella partially gold plated,1,2,270,80,25,Pie server,1263511870,25.94,72g,237x48x31,4003683314163,2400,,Cutlery,,,,,,,,,Ella
12-6243-1870,Pie server,Villeroy & Boch,Cutlery – Beverage Service,£33.08,,https://static.wixstatic.com/media/042ed7_72c5aef683bb47a6b234061a36ba7023~mv2.png,,VN,82159910,6243,1870,Kreuzband-Septfontaines,1,2,285,60,45,Pie server,1262431870,36.99,66g,235x53x28,4011417045405,999,,Cutlery,,,,,,,,,Kreuzband Septfontaines
12-6417-1870,Pie server,Villeroy & Boch,Cutlery – Beverage Service,£23.20,,https://static.wixstatic.com/media/042ed7_9542965fd0a144feaf69d55c6576712c~mv2.png,,VN,82159910,6417,1870,La Classica,1,2,230,50,35,Pie server,1264171870,25.94,70g,232x50x28,4003686262607,2400,,Cutlery,,,,,,,,,La Classica
12-6527-1870,Pie server,Villeroy & Boch,Cutlery – Beverage Service,£33.08,,https://static.wixstatic.com/media/042ed7_f6180fb6df054ecf8abd83bb053add9a~mv2.png,,ID,82159910,6527,1870,MetroChic,1,5,240,50,15,Pie server,1265271870,36.99,85g,247x50x26,4003686362260,6000,,Cutlery,,,,,,,,,MetroChic
12-6448-1870,Pie server,Villeroy & Boch,Cutlery – Beverage Service,£23.20,,https://static.wixstatic.com/media/042ed7_702646a8f94247d5a0efb54fed7a81fa~mv2.png,,VN,82159910,6448,1870,Montauk,1,2,240,60,30,Pie server,1264481870,25.94,82g,234x54x28,4003686329065,2400,,Cutlery,,,,,,,,,Montauk
12-6233-1870,Pie server,Villeroy & Boch,Cutlery – Beverage Service,£33.08,,https://static.wixstatic.com/media/042ed7_5113c55a9e664fcf9330571c036d8523~mv2.png,,VN,82159910,6233,1870,Neufaden-Merlemont,1,2,285,80,30,Pie server,1262331870,36.99,74g,242x60x23,4011417038919,2400,,Cutlery,,,,,,,,,Neufaden Merlemont
12-6338-1870,Pie server,Villeroy & Boch,Cutlery – Beverage Service,£23.20,,https://static.wixstatic.com/media/042ed7_a0cc6786e67b4cf68de2ef503b98dc7f~mv2.png,,ID,82159910,6338,1870,NewWave,1,2,280,80,15,Pie server,1263381870,25.94,74g,239x59x27,4003683372392,3840,,Cutlery,,,,,,,,,NewWave
12-6264-1870,Pie server,Villeroy & Boch,Cutlery – Beverage Service,£23.20,,https://static.wixstatic.com/media/042ed7_866949eed9284a16b0a06e36d13750e9~mv2.png,,VN,82159910,6264,1870,Piemont,1,2,250,60,15,Pie server,1262641870,25.94,80g,247x59x15,4011417052540,3840,,Cutlery,,,,,,,,,Piemont
12-6402-1872,Pie server,Villeroy & Boch,Cutlery – Beverage Service,£18.55,,https://static.wixstatic.com/media/042ed7_696d3a8d9ed94572ba897d0d0b2d041d~mv2.png,,VN,82159910,6402,1872,Sereno XXL,1,72,365,55,70,Pie server,1264021872,20.74,136g,297x68x36,4003686167452,560,,Cutlery,,,,,,,,,Sereno
12-6347-1870,Pie server,Villeroy & Boch,Cutlery – Beverage Service,£23.20,,https://static.wixstatic.com/media/042ed7_f9106b54d565426681f7edb96d60f77c~mv2.png,,VN,82159910,6347,1870,Udine,1,2,275,55,25,Pie server,1263471870,25.94,108g,237x48x31,4003683286408,3480,,Cutlery,,,,,,,,,Udine
14-8671-4348,Pine cone ornament,Villeroy & Boch,Decoration & Gifts – Table Service,£10.41,,https://static.wixstatic.com/media/042ed7_ca895fde697e4225b3a3af630ffd2a96~mv2.png,,CN,69131000,8671,4348,Winter Glow,6,240,230,160,105,Pine cone ornament,1486714348,11.64,35g,37x37x88,4003686439573,792,4057743185606,Decoration & Gifts,,,,,Discontinued 30.06.2026,,,,Winter Glow
11-3785-8165,Pint glass,Villeroy & Boch,Hospitality – Beer,£13.46,,https://static.wixstatic.com/media/042ed7_990ef576468346fdbbe20eae318fcdc2~mv2.png,,SK,70133799,3785,8165,Purismo,1,100,180,180,110,Pint glass,1137858165,15.05,740g,92x92x160,4003686363182,192,,,0.6,Purismo Beer,Purismo Beer,,,,,"Set 2pcs. Orders only by 2 pieces, prices per set",Purismo
12-6404-1570,Pizza cutter,Villeroy & Boch,Cutlery – Pizza Service,£12.15,,https://static.wixstatic.com/media/042ed7_eaeadb4ccb864ab596289107b471eded~mv2.png,,VN,82055100,6404,1570,Daily Line Specials,1,47,220,85,30,Pizza cutter,1264041570,13.59,135g,190x80x10,4003686272712,480,,Cutlery,,,,,,,,,Daily Line
16-3293-2594,Pizza plate,Villeroy & Boch,Hospitality – Crockery,£16.60,,,,DE,69111000,3293,2594,Dune,6,304,350,350,120,Pizza plate,1632932594,18.56,1130g,340,5450523066888,312,4057743034232,,,Dune,Dune,Novelties Autumn 2015,,Yes,,,Dune
12-6338-9373,Pizza&Steak knife Set 6 pcs.,Villeroy & Boch,Cutlery – Knives & Cutting Boards,£46.45,,https://static.wixstatic.com/media/042ed7_3903a0be43bb43a9ae5f7ac860ff5a7e~mv2.png,,ID,82119100,6338,9373,NewWave,1,82,280,125,50,Pizza&Steak knife Set 6 pcs.,1263389373,51.94,930g,280x130x50,4003686166202,240,,Cutlery,,,,,,,,,NewWave
12-6339-9373,Pizza&Steak knife Set 6pcs.,Villeroy & Boch,Cutlery – Knives & Cutting Boards,£43.55,,https://static.wixstatic.com/media/042ed7_e53ae5939d0e450fbdee1cba2a293567~mv2.png,,ID,82119100,6339,9373,Oscar,1,82,280,125,50,Pizza&Steak knife Set 6pcs.,1263399373,48.69,1085g,280x130x50,4003686166240,240,,Cutlery,,,,,,,,,Oscar
12-6264-9373,Pizza&Steak knife Set 6pcs.,Villeroy & Boch,Cutlery – Knives & Cutting Boards,£46.45,,https://static.wixstatic.com/media/042ed7_049e7a2982ca4f01ab73af5bc2d82a93~mv2.png,,ID,82119100,6264,9373,Piemont,1,82,280,125,50,Pizza&Steak knife Set 6pcs.,1262649373,51.94,925g,280x130x50,4003686166264,360,,Cutlery,,,,,,,,,Piemont
14-8627-2651,Plate 2026,Villeroy & Boch,Decoration & Gifts – Crockery,£16.22,,https://splendid-product-images.pages.dev/vb/14-8627-2651.png,,CN,69111000,8627,2651,Annual Easter Edition,1,1,234,238,238,Plate 2026,1486272651,18.14,480g,223x223x19,4003686457126,,,Decoration & Gifts,,,,,NEW,,,,Annual Easter Edition
16-4004-2816,Platter,Villeroy & Boch,Hospitality – Crockery,£19.44,,,,DE,69111000,4004,2816,Affinity,4,219,290,290,98,Platter,1640042816,21.74,980g,290x290,5450523089917,320,4057743095585,,,Affinity,Affinity,Novelties 2018,,,,,Affinity
16-4004-2817,Platter,Villeroy & Boch,Hospitality – Crockery,£15.96,,,,DE,69111000,4004,2817,Affinity,4,219,290,290,98,Platter,1640042817,17.84,850g,270x270,5450523089696,320,4057743095561,,,Affinity,Affinity,Novelties 2018,,,,,Affinity
16-4004-2818,Platter,Villeroy & Boch,Hospitality – Crockery,£12.99,,,,DE,69111000,4004,2818,Affinity,4,226,240,240,125,Platter,1640042818,14.52,540g,210x210,5450523089900,324,4057743095578,,,Affinity,Affinity,Novelties 2018,,,,,Affinity
14-8585-0560,Pot with cover,Villeroy & Boch,Decoration & Gifts – Beverage Service,£58.08,,https://splendid-product-images.pages.dev/vb/14-8585-0560.png,,CN,69111000,8585,0560,Toy's Delight,1,302,270,180,155,Pot with cover,1485850560,64.94,975g,273x167x177,4003683490577,51,,Decoration & Gifts,1.7,,,,,,,,Toy's Delight
10-4264-2990,Presentation tray,Villeroy & Boch,Hospitality – Buffet & Display,£32.04,,https://static.wixstatic.com/media/042ed7_c8f5241157714fa696ce897c3a21608a~mv2.png,,DE,69111000,4264,2990,NewMoon,1,255,380,380,35,Presentation tray,1042642990,35.82,1304g,370x370x30,4003686389519,112,,,,NewMoon,NewMoon,Novelties 2020,,,Novelties 2020,,NewMoon
10-4291-2990,Presentation tray,Villeroy & Boch,Hospitality – Buffet & Display,£32.04,,https://splendid-product-images.pages.dev/vb/10-4291-2990.png,,DE,69111000,4291,2990,NewMoon Beige,1,255,380,380,35,Presentation tray,1042912990,35.82,1304g,370x370x30,4003686429901,112,,,,NewMoon Beige,NewMoon Beige,Novelties 2023,,,,,NewMoon
10-4153-0630,Professional teapot w/ lid a. tea filter,Villeroy & Boch,Porcelain – Beverage Service,£48.78,,https://splendid-product-images.pages.dev/vb/10-4153-0630.png,,TH,69111000,4153,0630,For Me,1,62,140,140,130,Professional teapot w/ lid a. tea filter,1041530630,54.54,397g,195x115x106,4003686399020,240,,Porcelain,0.55,,,,,,,,For Me
35-9389-0002,Rabbit hanging Set of 3,Villeroy & Boch,Decoration & Gifts,£11.57,,https://www.villeroy-boch.co.uk/dw/image/v2/BLGB_PRD/on/demandware.static/-/Sites-master-dl/default/images/3593890002_on_fs-1.png?sw=1200&sh=1200&sm=fit,,CN,95059000,9389,0002,Spring Fantasy Accessories,4,70,140,130,75,Rabbit hanging Set of 3,3593890002,12.94,70g,40x28x71,4003686365896,0,4057743110837,Decoration & Gifts,,,,,,,,,Spring Fantasy
16-4074-2281,Rectangular Plate,Villeroy & Boch,Hospitality – Crockery,£19.43,,,,DE,69111000,4074,2281,The Rock Black Shale,1,94,357,195,42,Rectangular Plate,1640742281,21.72,672g,350x180x15,5450523148379,260,,,,The Rock Black Shale,The Rock Black Shale,Novelties 2020,,,,,The Rock
16-4074-2772,Rectangular Plate,Villeroy & Boch,Hospitality – Crockery,£13.91,,,,DE,69111000,4074,2772,The Rock Black Shale,1,94,357,195,42,Rectangular Plate,1640742772,15.56,569g,280x170x15,5450523148416,260,,,,The Rock Black Shale,The Rock Black Shale,Novelties 2020,,,,,The Rock
16-4077-2281,Rectangular Plate,Villeroy & Boch,Hospitality – Crockery,£19.43,,,,DE,69111000,4077,2281,The Rock White Glacier,1,94,357,195,42,Rectangular Plate,1640772281,21.72,672g,350x180x15,5450523148096,260,,,,The Rock White Glacier,The Rock White Glacier,Novelties 2020,,,,,The Rock
16-4077-2772,Rectangular Plate,Villeroy & Boch,Hospitality – Crockery,£13.91,,,,DE,69111000,4077,2772,The Rock White Glacier,1,94,357,195,42,Rectangular Plate,1640772772,15.56,544g,280x170x15,5450523148522,260,,,,The Rock White Glacier,The Rock White Glacier,Novelties 2020,,,,,The Rock
13-6021-3272,Rectangular baking dish,Villeroy & Boch,Porcelain – Crockery,£27.27,,https://splendid-product-images.pages.dev/vb/13-6021-3272.png,,DE,69111000,6021,3272,Clever Cooking,1,245,390,282,80,Rectangular baking dish,1360213272,30.49,2188g,392x240x62,4003686217546,72,,Porcelain,3.6,,,,,,,,Clever Cooking
13-6021-3273,Rectangular baking dish,Villeroy & Boch,Porcelain – Crockery,£21.46,,https://splendid-product-images.pages.dev/vb/13-6021-3273.png,,DE,69111000,6021,3273,Clever Cooking,1,135,395,210,63,Rectangular baking dish,1360213273,23.99,1500g,350x203x61,4003686217553,132,,Porcelain,2.6,,,,,,,,Clever Cooking
13-6021-3274,Rectangular baking dish,Villeroy & Boch,Porcelain – Crockery,£18.55,,https://splendid-product-images.pages.dev/vb/13-6021-3274.png,,DE,69111000,6021,3274,Clever Cooking,1,102,290,165,83,Rectangular baking dish,1360213274,20.74,880g,283x139x60,4003686217560,144,,Porcelain,1.3,,,,,,,,Clever Cooking
14-8612-2850,Rectangular cake platter large,Villeroy & Boch,Decoration & Gifts – Crockery,£46.45,,https://splendid-product-images.pages.dev/vb/14-8612-2850.png,,CN,69111000,8612,2850,Winter Bakery Delight,1,380,450,295,65,Rectangular cake platter large,1486122850,51.94,1840g,400x275x28,4003686289062,96,,Decoration & Gifts,,,,,,,,,Winter Bakery Delight
14-8612-2856,Rectangular cake platter small,Villeroy & Boch,Decoration & Gifts – Crockery,£29.01,,https://splendid-product-images.pages.dev/vb/14-8612-2856.png,,CN,69111000,8612,2856,Winter Bakery Delight,6,185,290,290,60,Rectangular cake platter small,1486122856,32.44,965g,274x227x27,4003686289079,462,4057743001258,Decoration & Gifts,,,,,,,,,Winter Bakery Delight
16-4004-2830,Rectangular partyplate,Villeroy & Boch,Hospitality – Crockery,£14.54,,,,DE,69111000,4004,2830,Affinity,6,114,290,165,80,Rectangular partyplate,1640042830,16.25,520g,270x160x17,5450523089634,864,4057743095509,,,Affinity,Affinity,Novelties 2018,,,,,Affinity
16-3364-2850,Rectangular platter,Villeroy & Boch,Hospitality – Crockery,£21.82,,,,DE,69111000,3364,2850,Cera,6,195,455,280,87,Rectangular platter,1633642850,24.4,1000g,420x220,4003686180833,360,4057743044880,,,Cera,Cera,Novelties 2012,,,,,Cera
16-3364-2851,Rectangular platter,Villeroy & Boch,Hospitality – Crockery,£20.87,,,,DE,69111000,3364,2851,Cera,6,231,440,170,95,Rectangular platter,1633642851,23.34,950g,420x150,4003686180857,534,4057743044897,,,Cera,Cera,Novelties 2012,,,,,Cera
10-2525-2281,Rectangular platter,Villeroy & Boch,Hospitality – Crockery,£29.70,,https://splendid-product-images.pages.dev/vb/10-2525-2281.png,,DE,69111000,2525,2281,NewWave,1,171,517,320,58,Rectangular platter,1025252281,33.21,2060g,490x300x43,4003683333690,64,,,,NewWave,NewWave,,,,Big Buffet,,NewWave
16-2040-2850,Rectangular platter,Villeroy & Boch,Hospitality – Crockery,£16.33,,,,DE,69111000,2040,2850,Universal,6,249,335,245,90,Rectangular platter,1620402850,18.26,745g,320x190x25,5450523158507,540,4057743186993,,,Universal,Universal,Universal,,,Pi Carré,,Universal
16-2238-1100,Rectangular sugar bowl,Villeroy & Boch,Hospitality – Beverage Service,£9.74,,,,DE,69111000,2238,1100,Bella,6,163,320,215,95,Rectangular sugar bowl,1622381100,10.9,205g,105x75x40,5450102372812,588,4057743031484,,0.2,Bella,Bella,,,,,,Bella
16-2040-1100,Rectangular sugar bowl,Villeroy & Boch,Hospitality – Beverage Service,£4.96,,,,DE,69111000,2040,1100,Universal,6,163,320,215,95,Rectangular sugar bowl,1620401100,5.54,205g,105x75x40,5450102350957,588,4057743023960,,0.2,Universal,Universal,white,,Yes,,,Universal
11-3780-0235,Red wine decanter,Villeroy & Boch,Glass – Wine,£33.08,,https://splendid-product-images.pages.dev/vb/11-3780-0235.png,,TR,70134991,3780,0235,Purismo Wine,1,256,200,200,250,Red wine decanter,1137800235,36.99,815g,204x204x266,4003686209428,30,,Glass,2.5,,,,,,,,Purismo
11-3721-8110,"Red wine glass, Set 4 pcs",Villeroy & Boch,Glass – Wine,£29.01,,https://splendid-product-images.pages.dev/vb/11-3721-8110.png,,SK,70132890,3721,8110,Afina,1,211,205,205,220,"Red wine glass, Set 4 pcs",1137218110,32.44,760g,96x96x227,4003686436749,0,,Glass,0.565,,,,,,,,Afina
11-7299-0020,Red wine goblet,Villeroy & Boch,Hospitality – Wine,£7.30,,https://splendid-product-images.pages.dev/vb/11-7299-0020.png,,DE,70132890,7299,0020,Boston,4,110,185,185,130,Red wine goblet,1172990020,8.16,345g,90x90x132,4003683204334,480,4057743016450,,0.3,Boston,Boston,Boston,,,,,Boston
11-7331-0020,Red wine goblet,Villeroy & Boch,Hospitality – Wine,£9.66,,https://splendid-product-images.pages.dev/vb/11-7331-0020.png,,DE,70132890,7331,0020,Boston Berry,4,130,190,190,150,Red wine goblet,1173310020,10.79,350g,90x90x132,,480,,,0.3,Boston Berry,Boston Berry,Boston Berry,,,,,Boston
11-7333-0020,Red wine goblet,Villeroy & Boch,Hospitality – Wine,£9.66,,https://splendid-product-images.pages.dev/vb/11-7333-0020.png,,DE,70132890,7333,0020,Boston Pearl,4,138,196,196,145,Red wine goblet,1173330020,10.79,350g,90x90x132,4003686448889,480,4057743191133,,0.3,Boston Pearl,Boston Pearl,Boston Pearl,,,,,Boston
11-7332-0020,Red wine goblet,Villeroy & Boch,Hospitality – Wine,£9.66,,https://splendid-product-images.pages.dev/vb/11-7332-0020.png,,DE,70132890,7332,0020,Boston Saffron,4,130,190,190,150,Red wine goblet,1173320020,10.79,350g,90x90x132,,480,,,0.3,Boston Saffron,Boston Saffron,Boston Saffron,,,,,Boston
11-3658-7808,Red wine goblet,Villeroy & Boch,Hospitality – Wine,£14.22,,https://splendid-product-images.pages.dev/vb/11-3658-7808.png,,SK,70132890,3658,7808,Entrée,1,187,180,180,210,Red wine goblet,1136587808,15.89,736g,86x86x198,4003686346765,72,,,0.47,Entrée,Entrée,Entrée,,Yes,,"Set 4pcs. Orders only by 4 pieces, prices per set",Entree
16-6621-0020,Red wine goblet,Villeroy & Boch,Hospitality – Wine,£4.85,,,,SK,70132890,6621,0020,La Divina,6,230,310,210,255,Red wine goblet,1666210020,5.42,185g,96x96x234,5450523017323,216,4057743054803,,0.49,La Divina,La Divina,,,Yes,,,La Divina
11-7390-0020,Red wine goblet,Villeroy & Boch,Glass – Wine,£21.46,,https://splendid-product-images.pages.dev/vb/11-7390-0020.png,,DE,70132890,7390,0020,Octavie,4,146,180,180,192,Red wine goblet,1173900020,23.99,230g,84x84x196,4003684022531,288,4057743062372,Glass,0.28,,,,,,,,Octavie
11-3801-8116,Red wine goblet Set 2pcs,Villeroy & Boch,Glass – Wine,£34.83,,https://splendid-product-images.pages.dev/vb/11-3801-8116.png,,SK,70132890,3801,8116,MetroChic,1,202,240,240,125,Red wine goblet Set 2pcs,1138018116,38.94,330g,114x114x240,4003686427471,90,,Glass,0.8,,,,,,,,MetroChic
11-7209-8110,Red wine goblet Set 4pcs,Villeroy & Boch,Glass – Wine,£24.36,,https://splendid-product-images.pages.dev/vb/11-7209-8110.png,,SK,70132890,7209,8110,Ovid,1,233,213,213,236,Red wine goblet Set 4pcs,1172098110,27.24,652g,100x100x215,4003686285446,45,,Glass,0.55,,,,,,,,Ovid
11-7309-0021,Red wine goblet blue,Villeroy & Boch,Hospitality – Wine,£9.66,,https://splendid-product-images.pages.dev/vb/11-7309-0021.png,,DE,70132890,7309,0021,Boston coloured,4,102,193,193,134,Red wine goblet blue,1173090021,10.79,350g,90x90x132,4003683242534,480,4057743016542,,0.3,Boston coloured,Boston coloured,Boston coloured,,,,,Boston
11-7309-0022,Red wine goblet green,Villeroy & Boch,Hospitality – Wine,£9.66,,https://splendid-product-images.pages.dev/vb/11-7309-0022.png,,DE,70132890,7309,0022,Boston coloured,4,102,193,193,134,Red wine goblet green,1173090022,10.79,350g,90x90x132,4003683242541,480,4057743016559,,0.3,Boston coloured,Boston coloured,Boston coloured,,,,,Boston
11-7309-0020,Red wine goblet red,Villeroy & Boch,Hospitality – Wine,£9.66,,https://splendid-product-images.pages.dev/vb/11-7309-0020.png,,DE,70132890,7309,0020,Boston coloured,4,102,193,193,134,Red wine goblet red,1173090020,10.79,350g,90x90x132,4003683242527,480,4057743016535,,0.3,Boston coloured,Boston coloured,Boston coloured,,,,,Boston
11-3618-8116,Red wine goblet set 2pcs,Villeroy & Boch,Glass – Wine,£58.08,,https://splendid-product-images.pages.dev/vb/11-3618-8116.png,,TR,70132810,3618,8116,Grand Royal,1,120,200,100,260,Red wine goblet set 2pcs,1136188116,64.94,520g,95x95x230,4003686435902,114,,Glass,0.32,,,,,,,,Grand Royal
11-3621-8116,Red wine goblet set 2pcs,Villeroy & Boch,Glass – Wine,£69.76,,https://splendid-product-images.pages.dev/vb/11-3621-8116.png,,TR,70132810,3621,8116,Grand Royal Gold,1,135,200,100,240,Red wine goblet set 2pcs,1136218116,78,660g,200x100x240,4003686435971,228,,Glass,0.32,,,,,,,,Grand Royal
11-3780-8112,Red wine goblet set 4 pcs,Villeroy & Boch,Hospitality – Wine,£19.45,,https://splendid-product-images.pages.dev/vb/11-3780-8112.png,,SK,70132890,3780,8112,Purismo,1,210,205,205,215,Red wine goblet set 4 pcs,1137808112,21.75,680g,102x102x208,4003686455351,45,,,0.55,Purismo Wine,Purismo Wine,,,,,"Set 4pcs. Orders only by 4 pieces, prices per set",Purismo
11-3780-8113,Red wine goblet set 4 pcs,Villeroy & Boch,Hospitality – Wine,£19.45,,https://splendid-product-images.pages.dev/vb/11-3780-8113.png,,SK,70132890,3780,8113,Purismo,1,190,200,200,240,Red wine goblet set 4 pcs,1137808113,21.75,750g,95x95x230,4003686455368,45,,,0.57,Purismo Wine,Purismo Wine,,,,,"Set 4pcs. Orders only by 4 pieces, prices per set",Purismo
11-7309-0025,Red wine goblet smoke,Villeroy & Boch,Hospitality – Wine,£9.66,,https://splendid-product-images.pages.dev/vb/11-7309-0025.png,,DE,70132890,7309,0025,Boston coloured,4,132,185,140,190,Red wine goblet smoke,1173090025,10.79,350g,90x90x132,,480,,,0.3,Boston coloured,Boston coloured,Boston coloured,,,,,Boston
11-3776-8115,"Red wine goblet, Set 2 pcs",Villeroy & Boch,Glass – Wine,£17.39,,https://splendid-product-images.pages.dev/vb/11-3776-8115.png,,SK,70132890,3776,8115,Toy's Delight,1,135,210,115,225,"Red wine goblet, Set 2 pcs",1137768115,19.44,340g,96x96x234,4003686412699,114,,Glass,0.49,,,,,,,,Toy's Delight
11-3799-8110,"Red wine goblet, Set 4 pcs",Villeroy & Boch,Glass – Wine,£29.01,,https://splendid-product-images.pages.dev/vb/11-3799-8110.png,,SK,70132890,3799,8110,Manufacture Rock blanc,1,200,190,190,250,"Red wine goblet, Set 4 pcs",1137998110,32.44,715g,96x96x234,4003686439443,45,,Glass,0.49,,,,,,,,Manufacture
11-3798-8110,"Red wine goblet, Set 4 pcs",Villeroy & Boch,Glass – Wine,£29.01,,https://splendid-product-images.pages.dev/vb/11-3798-8110.png,,SK,70132890,3798,8110,Manufacture Rock Glass,1,200,190,190,250,"Red wine goblet, Set 4 pcs",1137988110,32.44,680g,194x194x252,4003686402805,45,,Glass,0.49,,,,,,,,Manufacture
11-3653-8110,"Red wine goblet, Set 4 pcs",Villeroy & Boch,Glass – Wine,£29.01,,https://static.wixstatic.com/media/042ed7_f60b54e5b620483284f74d7be8b8cd87~mv2.png,,SK,70132890,3653,8110,NewMoon,1,162,170,170,245,"Red wine goblet, Set 4 pcs",1136538110,32.44,830g,82x82x218,4003686390676,72,,Glass,0.43,,,,,,,,NewMoon
11-3725-8110,"Red wine goblet, Set 4 pcs",Villeroy & Boch,Glass – Wine,£29.01,,https://static.wixstatic.com/media/042ed7_d1e6042aec6445f3b80258bb9e984ef9~mv2.png,,SK,70132890,3725,8110,Rose Garden,1,190,200,200,240,"Red wine goblet, Set 4 pcs",1137258110,32.44,800g,95x95x230,4003686420311,45,,Glass,0.55,,,,,,,,Rose Garden
10-4239-1905,Rice bowl,Villeroy & Boch,Hospitality – Crockery,£10.17,,https://static.wixstatic.com/media/042ed7_066081114c3e40e58a4f5b6d654f4c00~mv2.png,,DE,69111000,4239,1905,The Rock Black Shale,4,191,225,225,75,Rice bowl,1042391905,11.37,176g,110x110x60,4003686409675,600,4057743173047,,0.31,Manufacture Rock,Manufacture Rock,Novelties spring 2021,,,,,The Rock
10-4240-1905,Rice bowl,Villeroy & Boch,Hospitality – Crockery,£10.17,,https://static.wixstatic.com/media/042ed7_571b1cb8f05944aaa87b5946231248ae~mv2.png,,DE,69111000,4240,1905,The Rock White Glacier,4,191,225,225,75,Rice bowl,1042401905,11.37,176g,110x110x60,4003686409699,600,4057743173061,,0.31,Manufacture Rock blanc,Manufacture Rock blanc,Novelties spring 2021,,,,,The Rock
10-4652-1905,Rice bowl,Villeroy & Boch,Hospitality – Crockery,£25.21,,https://static.wixstatic.com/media/042ed7_1a81a0a65f2f412696b872540ed6da9d~mv2.png,,DE,69111000,4652,1905,MetroChic,4,97,160,160,180,Rice bowl,1046521905,28.19,190g,115x115x65,4003686413771,560,4057743175430,,0.35,MetroChic,MetroChic,Novelties 2021,,,,,MetroChic
10-4655-1905,Rice bowl,Villeroy & Boch,Porcelain – Crockery,£21.46,,https://static.wixstatic.com/media/042ed7_34a9b9acf734491586962d44cbe33cc7~mv2.png,,DE,69111000,4655,1905,Avarua,4,82,160,120,160,Rice bowl,1046551905,23.99,189g,113x113x65,4003686408753,840,4057743171760,Porcelain,0.35,,,,,,,,Avarua
10-4282-1905,Rice bowl,Villeroy & Boch,Porcelain – Crockery,£10.41,,https://static.wixstatic.com/media/042ed7_fc6be5fda60c4003b362641805e84901~mv2.png,,PT,69120025,4282,1905,Lave glacé,4,133,245,250,75,Rice bowl,1042821905,11.64,270g,116x108x64,4003686437746,600,4057743184074,Porcelain,0.33,,,,,,,,Lave
10-4259-1905,Rice bowl,Villeroy & Boch,Porcelain – Crockery,£10.41,,https://static.wixstatic.com/media/042ed7_386dc953514e429ab490873918cbd1f2~mv2.png,,PT,69120025,4259,1905,Lave gris,4,133,245,250,75,Rice bowl,1042591905,11.64,270g,116x108x64,4003686437708,600,4057743189116,Porcelain,0.33,,,,,,,,Lave
12-6402-1470,Rice spoon,Villeroy & Boch,Cutlery – Cutlery,£18.55,,https://static.wixstatic.com/media/042ed7_093eeb7532ee4092b168ae2ff5ec77bb~mv2.png,,VN,82159910,6402,1470,Sereno XXL,1,72,365,55,70,Rice spoon,1264021470,20.74,153g,251x72x32,4003686167414,560,,Cutlery,,,,,,,,,Sereno
14-8327-6551,Rocking Horse,Villeroy & Boch,Decoration & Gifts,£31.92,,https://static.wixstatic.com/media/042ed7_2007410a4b334ab48ee4ce146283aacc~mv2.png,,CN,94055000,8327,6561,Christmas Toys,1,200,250,220,125,Rocking Horse,1483276551,35.69,630g,215x87x169,4003686429345,93,,Decoration & Gifts,,,,,,,,,Christmas Toys
35-9391-0004,Rocking horse XL,Villeroy & Boch,Decoration & Gifts,£29.01,,https://static.wixstatic.com/media/042ed7_a86ddcc507684486bdbaf43cf1de781a~mv2.png,,CN,95051090,9391,0004,Winter Collage Accessoires,1,165,365,360,140,Rocking horse XL,3593910004,32.44,1595g,328x108x325,4003686377882,30,,Decoration & Gifts,,,,,,,,,Winter Collage Accessoires
16-2040-4060,Round ashtray,Villeroy & Boch,Hospitality – Bins & Ashtrays,£5.61,,,,DE,69119000,2040,4060,Universal,6,163,320,215,95,Round ashtray,1620404060,6.27,103g,85x85x35,5450523032517,588,4057743024226,,,Universal,Universal,white,,,,,Universal
13-6021-3262,Round baking dish,Villeroy & Boch,Porcelain – Crockery,£27.27,,https://static.wixstatic.com/media/042ed7_bd2e8a4392264d558d1b69fc6e964cf2~mv2.png,,DE,69111000,6021,3262,Clever Cooking,1,272,295,295,85,Round baking dish,1360213262,30.49,1600g,329x280x60,4003686217522,88,,Porcelain,2.6,,,,,,,,Clever Cooking
10-4100-2790,Round gourmet plate,Villeroy & Boch,Porcelain – Crockery,£23.78,,https://static.wixstatic.com/media/042ed7_1f4f073ec2a24978b0bdea5afcdac9e7~mv2.png,,DE,69111000,4100,2790,Mariefleur Basic,1,126,355,357,30,Round gourmet plate,1041002790,26.59,750g,300x300x25,4003686179912,196,,Porcelain,,,,,,,,,Mariefleur
10-4104-2790,Round gourmet plate,Villeroy & Boch,Porcelain – Crockery,£23.78,,https://static.wixstatic.com/media/042ed7_5574e0b51c9b449f96709a769f7e32a9~mv2.png,,DE,69111000,4104,2790,Mariefleur Gris Basic,1,126,355,357,30,Round gourmet plate,1041042790,26.59,750g,300x300x25,4003686188884,196,,Porcelain,,,,,,,,,Mariefleur
10-3460-2790,Round gourmet plate,Villeroy & Boch,Porcelain – Crockery,£23.20,,https://static.wixstatic.com/media/042ed7_db878ac194dd498589704872971c4bbe~mv2.png,,DE,69111000,3460,2790,New Cottage Basic,1,126,355,357,30,Round gourmet plate,1034602790,25.94,750g,300x300x25,4003683468804,196,,Porcelain,,,,,,,,,New Cottage
13-6021-3780,Round individual bowl,Villeroy & Boch,Porcelain – Crockery,£10.41,,https://static.wixstatic.com/media/042ed7_57d40d99426644b89f33c9bd29f191f5~mv2.png,,DE,69111000,6021,3780,Clever Cooking,6,234,295,171,165,Round individual bowl,1360213780,11.64,540g,189x148x56,4003686217577,480,4057743020426,Porcelain,0.6,,,,,,,,Clever Cooking
14-8676-4500,"Round jar, egg",Villeroy & Boch,Decoration & Gifts,£58.08,,https://static.wixstatic.com/media/042ed7_1ddeb3fb33064b15abb0abff3fc81941~mv2.png,,ID,69111000,8676,4500,Easter Delight,1,1,395,255,170,"Round jar, egg",1486764500,64.94,1722g,182x160x300,4003686457973,,,Decoration & Gifts,,,,,NEW,,,,Easter Delight
10-4257-8411,Salad Bowl Set 2 pcs,Villeroy & Boch,Porcelain – Crockery,£18.55,,https://static.wixstatic.com/media/042ed7_419e39c6a82440399730a66199eb9d90~mv2.png,,DE,69111000,4257,8411,Vapiano,1,235,190,190,155,Salad Bowl Set 2 pcs,1042578411,20.74,1050g,205x169x85,4003686364783,120,,Porcelain,0.7,,,,,,,,Vapiano
10-4412-2640,Salad Plate large,Villeroy & Boch,Porcelain – Crockery,£19.13,,https://static.wixstatic.com/media/042ed7_69aba208869545cb8d894919050fa204~mv2.png,,DE,69111000,4412,2640,Royal,6,222,250,250,95,Salad Plate large,1044122640,21.39,407g,245x245x17,4003686298453,576,4057743012025,Porcelain,,,,,,,,,Royal
16-4004-3170,Salad bowl,Villeroy & Boch,Hospitality – Crockery,£17.06,,,,DE,69111000,4004,3170,Affinity,1,272,295,295,85,Salad bowl,1640043170,19.08,1336g,250x250x80,5450523055882,88,,,2.6,Affinity,Affinity,Novelties Autumn 2013,,,,,Affinity
16-4004-3180,Salad bowl,Villeroy & Boch,Hospitality – Crockery,£14.51,,,,DE,69111000,4004,3180,Affinity,1,160,225,225,75,Salad bowl,1640043180,16.22,906g,220x220x65,5450523054786,150,,,1.7,Affinity,Affinity,Novelties Spring 2013,,,,,Affinity
16-4004-3190,Salad bowl,Villeroy & Boch,Hospitality – Crockery,£11.14,,,,DE,69111000,4004,3190,Affinity,6,113,180,185,228,Salad bowl,1640043190,12.45,612g,180x180x55,5450523054793,480,4057743046921,,0.9,Affinity,Affinity,Novelties Spring 2013,,,,,Affinity
10-4293-3160,Salad bowl,Villeroy & Boch,Hospitality – Crockery,£23.72,,https://static.wixstatic.com/media/042ed7_d4c32762c6de4e6399ef1e862589c8be~mv2.png,,DE,69111000,4293,3160,Afina,1,165,270,270,125,Salad bowl,1042933160,26.52,1177g,260x260x100,4003686436237,56,,,3.7,Afina,Afina,Novelties 2024,,,,,Afina
10-4293-3170,Salad bowl,Villeroy & Boch,Hospitality – Crockery,£18.44,,https://static.wixstatic.com/media/042ed7_0a9e930ab87b4fc692286bfc4884754c~mv2.png,,DE,69111000,4293,3170,Afina,1,183,295,295,100,Salad bowl,1042933170,20.61,967g,240x240x90,4003686436244,80,,,2.8,Afina,Afina,Novelties 2024,,,,,Afina
10-4293-3180,Salad bowl,Villeroy & Boch,Hospitality – Crockery,£14.32,,https://static.wixstatic.com/media/042ed7_da3ff31d7f6446d68b29b6efd4dd3e0f~mv2.png,,DE,69111000,4293,3180,Afina,1,170,225,230,95,Salad bowl,1042933180,16.01,610g,195x195x75,4003686436251,135,,,1.4,Afina,Afina,Novelties 2024,,,,,Afina
10-4653-3170,Salad bowl,Villeroy & Boch,Hospitality – Crockery,£44.60,,https://static.wixstatic.com/media/042ed7_f9b14d6a8d2e49e4b80bc7401ab4f9b8~mv2.png,,DE,69111000,4653,3170,Anmut Gold,1,206,240,240,125,Salad bowl,1046533170,49.88,692g,225x225x90,4003686375918,81,,,2.2,Anmut Gold,Anmut Gold,Anmut Gold,,,,,Anmut
10-4636-3170,Salad bowl,Villeroy & Boch,Hospitality – Crockery,£44.60,,https://static.wixstatic.com/media/042ed7_d7b87e781698405b9ddfe4d785ecfd8e~mv2.png,,DE,69111000,4636,3170,Anmut Platinum No.1,1,206,240,240,125,Salad bowl,1046363170,49.88,692g,230x230x90,4003683397098,81,,,2.2,Anmut Platinum No.1,Anmut Platinum No.1,Anmut Platinum No.1,,,,,Anmut
16-4025-3170,Salad bowl,Villeroy & Boch,Hospitality – Crockery,£26.99,,,,DE,69111000,4025,3170,Artesano Professionale,1,211,289,296,155,Salad bowl,1640253170,30.18,1300g,280x280x125,5450523062323,48,,,4.88,Artesano Professionale,Artesano Professionale,Novelties 2015,,Yes,Artesano,,Artesano
10-4661-3170,Salad bowl,Villeroy & Boch,Hospitality – Crockery,£37.26,,https://static.wixstatic.com/media/042ed7_f626ef6980014af4a6bcb023b9e13c59~mv2.png,,DE,69111000,4661,3170,Château Septfontaines,1,206,240,240,125,Salad bowl,1046613170,41.66,700g,225x225x90,4003686403277,81,,,2.2,Château Septfontaines,Château Septfontaines,Novelties 2021,,,,,Chateau Septfontaines
10-3420-3180,Salad bowl,Villeroy & Boch,Hospitality – Crockery,£22.69,,https://static.wixstatic.com/media/042ed7_b53e5c4f851f4a499e35383933640546~mv2.png,,DE,69111000,3420,3180,Flow,1,202,240,240,125,Salad bowl,1034203180,25.37,790g,220x210x105,4003683349745,81,,,1.6,Flow,Flow,Flow,,,Big Buffet,,Flow
10-4392-3170,Salad bowl,Villeroy & Boch,Hospitality – Crockery,£70.18,,https://static.wixstatic.com/media/042ed7_2e60b70ae4474866a5bb7f85343d46a7~mv2.png,,TH,69111000,4392,3170,Gray Pearl,1,165,270,270,115,Salad bowl,1043923170,78.47,948g,240x240x100,4003683201517,80,,,2.8,Gray Pearl,Gray Pearl,Gray Pearl,,,,,Gray Pearl
10-4390-3170,Salad bowl,Villeroy & Boch,Hospitality – Crockery,£82.78,,https://static.wixstatic.com/media/042ed7_b657fb592c344c74b1c06da7059ae8e8~mv2.png,,TH,69111000,4390,3170,Ivoire,1,270,260,260,120,Salad bowl,1043903170,92.56,1010g,240x240x98,4003686131873,90,,,2.8,Ivoire,Ivoire,Ivoire,,,,,Ivoire
10-4390-3180,Salad bowl,Villeroy & Boch,Hospitality – Crockery,£69.50,,https://static.wixstatic.com/media/042ed7_e1b421e7151f4861ae1ed2e322f7e7be~mv2.png,,TH,69111000,4390,3180,Ivoire,1,180,220,220,90,Salad bowl,1043903180,77.71,670g,210x210x85,4003686132122,135,,,1.7,Ivoire,Ivoire,Ivoire,,,,,Ivoire
16-3318-3320,Salad bowl,Villeroy & Boch,Hospitality – Crockery,£15.06,,,,DE,69111000,3318,3320,La Scala,6,113,220,220,142,Salad bowl,1633183320,16.84,550g,210x210x60,5450523022303,558,4057743036755,,0.875,La Scala,La Scala,white,,,,,La Scala
16-3318-3330,Salad bowl,Villeroy & Boch,Hospitality – Crockery,£13.12,,,,DE,69111000,3318,3330,La Scala,6,90,202,203,112,Salad bowl,1633183330,14.67,370g,180x180x50,5450523022310,774,4057743036762,,0.535,La Scala,La Scala,white,,,,,La Scala
10-4652-3170,Salad bowl,Villeroy & Boch,Hospitality – Crockery,£71.16,,https://static.wixstatic.com/media/042ed7_bdb804d2bf9e4acfae9cfc676123440c~mv2.png,,DE,69111000,4652,3170,MetroChic,1,206,240,240,125,Salad bowl,1046523170,79.56,692g,225x225x90,4003686376083,81,,,2.2,MetroChic,MetroChic,MetroChic,,,,,MetroChic
10-4264-3160,Salad bowl,Villeroy & Boch,Hospitality – Crockery,£29.27,,https://static.wixstatic.com/media/042ed7_58ffa92d67934a779f5549183c6a92b6~mv2.png,,DE,69111000,4264,3160,NewMoon,1,397,315,315,120,Salad bowl,1042643160,32.72,1574g,285x285x105,4003686386600,50,,,4,NewMoon,NewMoon,Novelties 2020,,,Novelties 2020,,NewMoon
10-4264-3170,Salad bowl,Villeroy & Boch,Hospitality – Crockery,£22.47,,https://static.wixstatic.com/media/042ed7_6a53fd0a18324d0eb2c2c16b2a053df6~mv2.png,,DE,69111000,4264,3170,NewMoon,1,222,250,250,95,Salad bowl,1042643170,25.12,1010g,235x235x85,4003686386594,96,,,2.1,NewMoon,NewMoon,Novelties 2020,,,Novelties 2020,,NewMoon
10-4264-3180,Salad bowl,Villeroy & Boch,Hospitality – Crockery,£15.02,,https://static.wixstatic.com/media/042ed7_7ed296ce5e7d4a90934b162b0707a64a~mv2.png,,DE,69111000,4264,3180,NewMoon,1,160,225,225,75,Salad bowl,1042643180,16.8,602g,185x185x70,4003686386587,150,,,1,NewMoon,NewMoon,Novelties 2020,,,Novelties 2020,,NewMoon
10-2525-3160,Salad bowl,Villeroy & Boch,Hospitality – Crockery,£29.24,,https://static.wixstatic.com/media/042ed7_dcba7a5b11274a729e7f8a7ab00f7690~mv2.png,,DE,69111000,2525,3160,NewWave,1,250,345,352,140,Salad bowl,1025253160,32.69,2000g,345x335x143,4003686163461,34,,,4.9,NewWave,NewWave,NewWave,,,Novelties 2011,,NewWave
10-2525-3170,Salad bowl,Villeroy & Boch,Hospitality – Crockery,£23.10,,https://static.wixstatic.com/media/042ed7_d85797b5fcbd47ae8f93e33a2f9512d4~mv2.png,,DE,69111000,2525,3170,NewWave,1,211,289,296,155,Salad bowl,1025253170,25.82,1100g,249x240x153,4003686163478,48,,,3.2,NewWave,NewWave,NewWave,,,Novelties 2011,,NewWave
10-2525-3320,Salad bowl,Villeroy & Boch,Hospitality – Crockery,£28.86,,https://static.wixstatic.com/media/042ed7_7d0ecc5d64cd48fe94723ddd78b57c9f~mv2.png,,DE,69111000,2525,3320,NewWave,1,259,345,345,120,Salad bowl,1025253320,32.27,1650g,330x330x95,5450102384648,52,,,3.5,NewWave,NewWave,,,,Big Buffet,,NewWave
10-2525-3330,Salad bowl,Villeroy & Boch,Hospitality – Crockery,£24.37,,https://static.wixstatic.com/media/042ed7_99de7c344a13494ca7ba174534857a51~mv2.png,,DE,69111000,2525,3330,NewWave,1,215,250,250,95,Salad bowl,1025253330,27.24,1000g,244x244x80,4003683281410,96,,,1.5,NewWave,NewWave,,,,Big Buffet,,NewWave
10-3514-3175,Salad bowl,Villeroy & Boch,Porcelain – Crockery,£46.45,,https://static.wixstatic.com/media/042ed7_ad2e5aabebed4d6292ec5ad35a29e862~mv2.png,,DE,69111000,3514,3175,Amazonia,1,173,225,230,95,Salad bowl,1035143175,51.94,625g,210x210x79,4003686238787,135,,Porcelain,1.7,,,,,,,,Amazonia
10-4545-3170,Salad bowl,Villeroy & Boch,Porcelain – Crockery,£46.45,,https://static.wixstatic.com/media/042ed7_0ec5cc04a1694de08358475cac4b3db5~mv2.png,,DE,69111000,4545,3170,Anmut,1,202,240,240,125,Salad bowl,1045453170,51.94,692g,226x226x88,4003683226763,81,,Porcelain,2.2,,,,,,,,Anmut
10-4545-3180,Salad bowl,Villeroy & Boch,Porcelain – Crockery,£40.64,,https://static.wixstatic.com/media/042ed7_ca8db78fd3e94606968c4227b2226a7e~mv2.png,,DE,69111000,4545,3180,Anmut,1,170,225,230,95,Salad bowl,1045453180,45.44,625g,210x210x79,4003683226770,135,,Porcelain,1.7,,,,,,,,Anmut
10-4130-3160,Salad bowl,Villeroy & Boch,Porcelain – Crockery,£36.57,,https://static.wixstatic.com/media/042ed7_b70213d14ed04bedbcb647fb7a8e67f2~mv2.png,,DE,69111000,4130,3160,Artesano Original,1,202,240,240,125,Salad bowl,1041303160,40.89,866g,238x238x108,4003686245501,81,,Porcelain,2.9,,,,,,,,Artesano
10-4130-3190,Salad bowl,Villeroy & Boch,Porcelain – Crockery,£18.55,,https://static.wixstatic.com/media/042ed7_114fd3eb53ec4359a08d16c941f7ad16~mv2.png,,DE,69111000,4130,3190,Artesano Original,1,124,185,185,95,Salad bowl,1041303190,20.74,453g,174x174x81,4003686293304,216,,Porcelain,1.1,,,,,,,,Artesano
10-1067-3175,Salad bowl,Villeroy & Boch,Porcelain – Crockery,£43.55,,https://static.wixstatic.com/media/042ed7_6f40ac7738c74d768db310adf902df76~mv2.png,,DE,69111000,1067,3175,Audun Ferme,1,170,225,230,95,Salad bowl,1010673175,48.69,860g,206x206x80,4003686238329,135,,Porcelain,1.6,,,,,,,,Audun
10-1067-3180,Salad bowl,Villeroy & Boch,Porcelain – Crockery,£63.37,,https://static.wixstatic.com/media/042ed7_72668b397ade43768c62994663ed01b9~mv2.png,,DE,69111000,1067,3180,Audun Ferme,1,160,275,277,130,Salad bowl,1010673180,70.85,1075g,238x238x118,4003683109844,48,,Porcelain,2.9,,,,,,,,Audun
10-1067-3190,Salad bowl,Villeroy & Boch,Porcelain – Crockery,£55.17,,https://static.wixstatic.com/media/042ed7_598945af8eb044ac95ffee3e6c7199d5~mv2.png,,DE,69111000,1067,3190,Audun Ferme,1,119,197,197,105,Salad bowl,1010673190,61.69,727g,197x197x96,4003683109851,129,,Porcelain,1.4,,,,,,,,Audun
10-4655-3170,Salad bowl,Villeroy & Boch,Porcelain – Crockery,£63.37,,https://static.wixstatic.com/media/042ed7_bc5a4ef06cfe4c8a87e6978f0a1a50ab~mv2.png,,DE,69111000,4655,3170,Avarua,1,206,240,240,125,Salad bowl,1046553170,70.85,700g,226x226x88,4003686393752,81,,Porcelain,2.2,,,,,,,,Avarua
10-4554-3140,Salad bowl,Villeroy & Boch,Porcelain – Crockery,£51.10,,https://static.wixstatic.com/media/042ed7_af70cd9bac9e4322a6ff6ebe66b09f15~mv2.png,,DE,69111000,4554,3140,Fleur couleur,1,238,395,395,75,Salad bowl,1045543140,57.14,2050g,380x380x71,4003686451322,66,,Porcelain,5.5,,,,NEW,,,,Fleur
10-4554-3171,Salad bowl,Villeroy & Boch,Porcelain – Crockery,£29.01,,https://static.wixstatic.com/media/042ed7_4411e087900a404396ebd92cd29554d5~mv2.png,,DE,69111000,4554,3171,Fleur couleur,1,264,270,270,150,Salad bowl,1045543171,32.44,1088g,241x241x119,4003686451315,0,,Porcelain,3.3,,,,NEW,,,,Fleur
14-8663-3140,Salad bowl,Villeroy & Boch,Decoration & Gifts – Crockery,£52.27,,https://static.wixstatic.com/media/042ed7_52f3cc2b82b9420c922529fa08b0a86e~mv2.png,,DE,69111000,8663,3140,Colourful Spring,1,238,395,395,75,Salad bowl,1486633140,58.44,2050g,380x380x70,4003686386945,66,,Decoration & Gifts,5.5,,,,,,,,Colourful Spring
14-8663-3170,Salad bowl,Villeroy & Boch,Decoration & Gifts – Crockery,£33.66,,https://static.wixstatic.com/media/042ed7_1ccba1221b574bdbb757cfc4a57f9c19~mv2.png,,DE,69111000,8663,3170,Colourful Spring,1,202,240,240,125,Salad bowl,1486633170,37.64,880g,234x234x92,4003686386914,81,,Decoration & Gifts,2.5,,,,,,,,Colourful Spring
10-2337-3180,Salad bowl,Villeroy & Boch,Porcelain – Crockery,£58.08,,https://static.wixstatic.com/media/042ed7_01dd06da90c7418ba3fc2cc920c625ec~mv2.png,,TH,69111000,2337,3180,Design Naif,1,90,202,203,112,Salad bowl,1023373180,64.94,800g,196x196x89,5450102032990,129,,Porcelain,2,,,,,,,,Design Naif
10-4153-3140,Salad bowl,Villeroy & Boch,Porcelain – Crockery,£37.73,,https://static.wixstatic.com/media/042ed7_96d87f821b104be2886309b8219e59e7~mv2.png,,DE,69111000,4153,3140,For Me,1,238,395,395,75,Salad bowl,1041533140,42.19,2050g,380x380x71,4003686273320,66,,Porcelain,5.5,,,,,,,,For Me
10-4153-3170,Salad bowl,Villeroy & Boch,Porcelain – Crockery,£29.01,,https://static.wixstatic.com/media/042ed7_cc850eed4a0b4347bd8f0a6fac7f2e92~mv2.png,,DE,69111000,4153,3170,For Me,1,202,240,240,125,Salad bowl,1041533170,32.44,880g,234x234x92,4003686259515,81,,Porcelain,2.5,,,,,,,,For Me
10-2281-3170,Salad bowl,Villeroy & Boch,Porcelain – Crockery,£42.97,,https://static.wixstatic.com/media/042ed7_d83ee61f62cc420baa846192612747e6~mv2.png,,DE,69111000,2281,3170,French Garden Fleurence,1,170,225,230,95,Salad bowl,1022813170,48.04,722g,209x209x86,5450102345212,135,,Porcelain,1.8,,,,,,,,French Garden
10-2396-3170,Salad bowl,Villeroy & Boch,Porcelain – Crockery,£40.06,,https://static.wixstatic.com/media/042ed7_9e41ec94188c44aa9c1f385782918941~mv2.png,,DE,69111000,2396,3170,Manoir,1,202,240,240,125,Salad bowl,1023963170,44.79,722g,209x209x86,5450102015191,81,,Porcelain,1.8,,,,,,,,Manoir
10-4105-3131,Salad bowl,Villeroy & Boch,Porcelain – Crockery,£48.78,,https://static.wixstatic.com/media/042ed7_9726d649c91f430fb3ea468f0bcef9ad~mv2.png,,DE,69111000,4105,3131,Mariefleur Gris Serve & Salad,1,183,295,295,100,Salad bowl,1041053131,54.54,1000g,341x222x98,4003686188952,80,,Porcelain,1.2,,,,,,,,Mariefleur
10-4101-3131,Salad bowl,Villeroy & Boch,Porcelain – Crockery,£48.78,,https://static.wixstatic.com/media/042ed7_b09679feb3b24df9820b0f7192b37b4a~mv2.png,,DE,69111000,4101,3131,Mariefleur Serve & Salad,1,230,335,245,90,Salad bowl,1041013131,54.54,1000g,341x222x98,4003686179950,90,,Porcelain,1.2,,,,,,,,Mariefleur
10-3461-3131,Salad bowl,Villeroy & Boch,Porcelain – Crockery,£42.97,,https://static.wixstatic.com/media/042ed7_276a7a53cabf48a98218af2523f9e0d9~mv2.png,,DE,69111000,3461,3131,New Cottage Special Serve Salad,1,219,290,290,98,Salad bowl,1034613131,48.04,1000g,341x222x98,4003683456207,80,,Porcelain,1.2,,,,,,,,New Cottage
10-2341-3160,Salad bowl,Villeroy & Boch,Porcelain – Crockery,£48.78,,https://static.wixstatic.com/media/042ed7_7509110ef8db488497cd29d3c10ae532~mv2.png,,TH,69111000,2341,3160,Old Luxembourg,1,160,275,277,130,Salad bowl,1023413160,54.54,1000g,249x249x89,5450102022083,56,,Porcelain,2.7,,,,,,,,Vieux Luxembourg
10-2341-3170,Salad bowl,Villeroy & Boch,Porcelain – Crockery,£42.97,,https://static.wixstatic.com/media/042ed7_d83842caaab94c749ae77b3ac4837d56~mv2.png,,TH,69111000,2341,3170,Old Luxembourg,1,170,225,230,95,Salad bowl,1023413170,48.04,720g,214x214x78,5450102022090,135,,Porcelain,1.7,,,,,,,,Vieux Luxembourg
10-2395-3170,Salad bowl,Villeroy & Boch,Porcelain – Crockery,£42.97,,https://splendid-product-images.pages.dev/vb/10-2395-3170.png,,DE,69111000,2395,3170,Petite Fleur,1,170,225,230,95,Salad bowl,1023953170,48.04,722g,209x209x86,5450102014644,135,,Porcelain,1.8,,,,,,,,Petite Fleur
10-4412-3170,Salad bowl,Villeroy & Boch,Porcelain – Crockery,£46.45,,https://splendid-product-images.pages.dev/vb/10-4412-3170.png,,DE,69111000,4412,3170,Royal,1,202,240,240,125,Salad bowl,1044123170,51.94,692g,226x226x88,4003686140394,81,,Porcelain,2.2,,,,,,,,Royal
10-4412-3180,Salad bowl,Villeroy & Boch,Porcelain – Crockery,£40.64,,https://splendid-product-images.pages.dev/vb/10-4412-3180.png,,DE,69111000,4412,3180,Royal,1,170,225,230,95,Salad bowl,1044123180,45.44,625g,210x210x79,4003686140400,135,,Porcelain,1.7,,,,,,,,Royal
14-8585-3160,Salad bowl,Villeroy & Boch,Decoration & Gifts – Crockery,£52.27,,https://splendid-product-images.pages.dev/vb/14-8585-3160.png,,CN,69111000,8585,3160,Toy's Delight,1,372,320,320,120,Salad bowl,1485853160,58.44,1385g,322x322x113,4003683490614,46,,Decoration & Gifts,4.2,,,,,,,,Toy's Delight
10-4389-3170,Salad bowl,Villeroy & Boch,Porcelain – Crockery,£46.45,,https://splendid-product-images.pages.dev/vb/10-4389-3170.png,,TH,69111000,4389,3170,White Pearl,1,165,270,270,115,Salad bowl,1043893170,51.94,980g,240x240x100,4003683481339,90,,Porcelain,2.8,,,,,,,,White Pearl
10-4389-3180,Salad bowl,Villeroy & Boch,Porcelain – Crockery,£40.64,,https://splendid-product-images.pages.dev/vb/10-4389-3180.png,,TH,69111000,4389,3180,White Pearl,1,170,225,230,95,Salad bowl,1043893180,45.44,670g,210x210x85,4003683481346,135,,Porcelain,1.7,,,,,,,,White Pearl
16-2016-3180,Salad bowl N.2,Villeroy & Boch,Hospitality – Crockery,£17.32,,,,DE,69111000,2016,3180,Corpo,6,113,220,220,142,Salad bowl N.2,1620163180,19.37,463g,210x210x60,5450102264407,558,4057743023779,,0.75,Corpo,Corpo,white,,,,,Corpo
16-2155-3180,Salad bowl N.2,Villeroy & Boch,Hospitality – Crockery,£11.01,,,,DE,69111000,2155,3180,Easy,6,113,220,220,142,Salad bowl N.2,1621553180,12.31,595g,200x200x60,5450102346028,558,4057743027227,,0.75,Easy,Easy,white,,,,,Easy
16-3272-3170,Salad bowl N.2,Villeroy & Boch,Hospitality – Crockery,£23.67,,,,DE,69111000,3272,3170,Stella Hotel,1,215,250,250,95,Salad bowl N.2,1632723170,26.47,692g,225x225x90,5450102384068,96,,,2.27,Stella Hotel,Stella Hotel,Stella Hotel,,,,,Stella
16-2016-3190,Salad bowl N.3,Villeroy & Boch,Hospitality – Crockery,£13.26,,,,TH,69111000,2016,3190,Corpo,6,113,220,220,142,Salad bowl N.3,1620163190,14.82,328g,180x180x50,5450102264377,50,4057743023786,,0.5,Corpo,Corpo,white,,,,,Corpo
16-2155-3190,Salad bowl N.3,Villeroy & Boch,Hospitality – Crockery,£9.29,,,,DE,69111000,2155,3190,Easy,6,113,220,220,142,Salad bowl N.3,1621553190,10.39,455g,180x180x50,5450102346035,558,4057743027234,,0.5,Easy,Easy,white,,,,,Easy
16-3272-3180,Salad bowl N.3,Villeroy & Boch,Hospitality – Crockery,£21.92,,,,DE,69111000,3272,3180,Stella Hotel,1,170,225,230,95,Salad bowl N.3,1632723180,24.51,625g,210x210x80,5450102384075,135,,,1.7,Stella Hotel,Stella Hotel,Stella Hotel,,,,,Stella
10-1067-3821,Salad dish,Villeroy & Boch,Porcelain – Crockery,£34.83,,https://splendid-product-images.pages.dev/vb/10-1067-3821.png,,DE,69111000,1067,3821,Audun Ferme,6,90,202,203,112,Salad dish,1010673821,38.94,390g,199x199x39,4003683109233,774,4057743002200,Porcelain,0.46,,,,,,,,Audun
10-4600-3821,Salad dish,Villeroy & Boch,Porcelain – Crockery,£18.55,,https://splendid-product-images.pages.dev/vb/10-4600-3821.png,,DE,69111000,4600,3821,Cellini,6,90,202,203,112,Salad dish,1046003821,20.74,375g,200x200x38,4003686135833,774,4057743014050,Porcelain,0.43,,,,,,,,Cellini
14-8663-3821,Salad dish,Villeroy & Boch,Decoration & Gifts – Crockery,£15.64,,https://splendid-product-images.pages.dev/vb/14-8663-3821.png,,DE,69111000,8663,3821,Colourful Spring,6,119,200,200,115,Salad dish,1486633821,17.49,386g,187x187x45,4003686386938,774,4057743161020,Decoration & Gifts,0.7,,,,,,,,Colourful Spring
10-4153-3821,Salad dish,Villeroy & Boch,Porcelain – Crockery,£15.06,,https://splendid-product-images.pages.dev/vb/10-4153-3821.png,,DE,69111000,4153,3821,For Me,6,119,200,200,115,Salad dish,1041533821,16.84,386g,187x187x45,4003686259522,774,4057743009780,Porcelain,0.7,,,,,,,,For Me
10-4412-3821,Salad dish,Villeroy & Boch,Porcelain – Crockery,£17.39,,https://splendid-product-images.pages.dev/vb/10-4412-3821.png,,DE,69111000,4412,3821,Royal,6,90,202,203,112,Salad dish,1044123821,19.44,377g,205x205x40,4003686297661,774,4057743012094,Porcelain,0.5,,,,,,,,Royal
10-4653-2650,Salad plate,Villeroy & Boch,Hospitality – Crockery,£16.03,,https://splendid-product-images.pages.dev/vb/10-4653-2650.png,,DE,69111000,4653,2650,Anmut Gold,6,170,225,225,75,Salad plate,1046532650,17.91,360g,225x225x14,4003686375932,900,4057743155333,,,Anmut Gold,Anmut Gold,Anmut Gold,,,,,Anmut
10-4636-2650,Salad plate,Villeroy & Boch,Hospitality – Crockery,£16.03,,https://splendid-product-images.pages.dev/vb/10-4636-2650.png,,DE,69111000,4636,2650,Anmut Platinum No.1,6,170,225,225,75,Salad plate,1046362650,17.91,360g,225x225x14,4003683397050,900,4057743014395,,,Anmut Platinum No.1,Anmut Platinum No.1,Anmut Platinum No.1,,,,,Anmut
10-4392-2650,Salad plate,Villeroy & Boch,Hospitality – Crockery,£26.63,,https://splendid-product-images.pages.dev/vb/10-4392-2650.png,,DE,69111000,4392,2650,Gray Pearl,6,191,225,225,75,Salad plate,1043922650,29.78,376g,220x220x15,4003683201401,900,4057743011790,,,Gray Pearl,Gray Pearl,Gray Pearl,,,,,Gray Pearl
10-4390-2650,Salad plate,Villeroy & Boch,Hospitality – Crockery,£29.85,,https://splendid-product-images.pages.dev/vb/10-4390-2650.png,,DE,69111000,4390,2650,Ivoire,6,170,225,225,75,Salad plate,1043902650,33.37,376g,225x225x15,4003686131774,900,4057743011660,,,Ivoire,Ivoire,Ivoire,,,,,Ivoire
19-5174-2640,Salad plate,Villeroy & Boch,Hospitality – Crockery,£11.51,,https://splendid-product-images.pages.dev/vb/19-5174-2640.png,,DE,69111000,5174,2640,Perlemor Alga,6,222,250,250,95,Salad plate,1951742640,12.87,608g,240x240x30,4003686412453,576,4057743174815,,,Perlemor Alga,Perlemor Alga,Novelties 2024,,,,,Perlemor
19-5172-2640,Salad plate,Villeroy & Boch,Hospitality – Crockery,£11.51,,https://splendid-product-images.pages.dev/vb/19-5172-2640.png,,DE,69111000,5172,2640,Perlemor Sand,6,222,250,250,95,Salad plate,1951722640,12.87,608g,240x240x30,4003686410794,576,4057743173696,,,Perlemor Sand,Perlemor Sand,Novelties 2023,,,,,Perlemor
10-3514-2640,Salad plate,Villeroy & Boch,Porcelain – Crockery,£33.66,,https://splendid-product-images.pages.dev/vb/10-3514-2640.png,,DE,69111000,3514,2640,Amazonia,6,203,250,250,95,Salad plate,1035142640,37.64,507g,227x227x20,4003686161559,576,4057743007601,Porcelain,,,,,,,,,Amazonia
10-4381-2650,Salad plate,Villeroy & Boch,Porcelain – Crockery,£33.66,,https://splendid-product-images.pages.dev/vb/10-4381-2650.png,,DE,69111000,4381,2650,Amazonia Anmut,6,170,225,225,75,Salad plate,1043812650,37.64,360g,225x225x17,4003686260184,900,4057743011288,Porcelain,,,,,,,,,Amazonia
10-4545-2650,Salad plate,Villeroy & Boch,Porcelain – Crockery,£22.04,,https://splendid-product-images.pages.dev/vb/10-4545-2650.png,,DE,69111000,4545,2650,Anmut,6,191,225,225,75,Salad plate,1045452650,24.64,360g,225x225x17,4003683226671,900,4057743013855,Porcelain,,,,,,,,,Anmut
10-1070-2640,Salad plate,Villeroy & Boch,Porcelain – Crockery,£31.92,,https://splendid-product-images.pages.dev/vb/10-1070-2640.png,,DE,69111000,1070,2640,Audun Chasse,6,191,225,225,75,Salad plate,1010702640,35.69,355g,216x216x17,4003683110994,900,4057743002316,Porcelain,,,,,,,,,Audun
10-1067-2640,Salad plate,Villeroy & Boch,Porcelain – Crockery,£31.92,,https://splendid-product-images.pages.dev/vb/10-1067-2640.png,,DE,69111000,1067,2640,Audun Ferme,6,191,225,225,75,Salad plate,1010672640,35.69,355g,216x216x17,4003683109059,900,4057743002156,Porcelain,,,,,,,,,Audun
10-1068-2640,Salad plate,Villeroy & Boch,Porcelain – Crockery,£31.92,,https://splendid-product-images.pages.dev/vb/10-1068-2640.png,,DE,69111000,1068,2640,Audun Fleur,6,191,225,225,75,Salad plate,1010682640,35.69,355g,216x216x17,4003683109592,900,4057743002224,Porcelain,,,,,,,,,Audun
10-1069-2640,Salad plate,Villeroy & Boch,Porcelain – Crockery,£31.92,,https://splendid-product-images.pages.dev/vb/10-1069-2640.png,,DE,69111000,1069,2640,Audun Promenade,6,191,225,225,75,Salad plate,1010692640,35.69,355g,216x216x17,4003683109806,900,4057743002262,Porcelain,,,,,,,,,Audun
10-4600-2640,Salad plate,Villeroy & Boch,Porcelain – Crockery,£17.97,,https://splendid-product-images.pages.dev/vb/10-4600-2640.png,,DE,69111000,4600,2640,Cellini,6,191,225,225,75,Salad plate,1046002640,20.09,363g,220x220x18,4003686135659,900,4057743014012,Porcelain,,,,,,,,,Cellini
14-8663-2640,Salad plate,Villeroy & Boch,Decoration & Gifts – Crockery,£15.06,,https://splendid-product-images.pages.dev/vb/14-8663-2640.png,,DE,69111000,8663,2640,Colourful Spring,6,191,225,225,75,Salad plate,1486632640,16.84,310g,215x215x16,4003686357044,900,4057743106854,Decoration & Gifts,,,,,,,,,Colourful Spring
10-4153-2640,Salad plate,Villeroy & Boch,Porcelain – Crockery,£11.57,,https://splendid-product-images.pages.dev/vb/10-4153-2640.png,,DE,69111000,4153,2640,For Me,6,191,225,225,75,Salad plate,1041532640,12.94,310g,215x215x16,4003686259386,900,4057743009759,Porcelain,,,,,,,,,For Me
10-2281-2640,Salad plate,Villeroy & Boch,Porcelain – Crockery,£17.97,,https://splendid-product-images.pages.dev/vb/10-2281-2640.png,,DE,69111000,2281,2640,French Garden Fleurence,6,191,225,225,75,Salad plate,1022812640,20.09,328g,207x207x22,5450102345083,900,4057743003641,Porcelain,,,,,,,,,French Garden
10-2284-2640,Salad plate,Villeroy & Boch,Porcelain – Crockery,£17.97,,https://splendid-product-images.pages.dev/vb/10-2284-2640.png,,DE,69111000,2284,2640,French Garden Orange,6,191,225,225,75,Salad plate,1022842640,20.09,328g,207x207x22,5450102345403,900,4057743003870,Porcelain,,,,,,,,,French Garden
10-2282-2640,Salad plate,Villeroy & Boch,Porcelain – Crockery,£17.97,,https://splendid-product-images.pages.dev/vb/10-2282-2640.png,,DE,69111000,2282,2640,French Garden Valence,6,191,225,225,75,Salad plate,1022822640,20.09,328g,207x207x22,5450102345328,900,4057743003795,Porcelain,,,,,,,,,French Garden
10-4281-2640,Salad plate,Villeroy & Boch,Porcelain – Crockery,£13.32,,https://splendid-product-images.pages.dev/vb/10-4281-2640.png,,PT,69120025,4281,2640,Lave beige,6,220,245,245,110,Salad plate,1042812640,14.89,515g,235x230x26,4003686403482,612,4057743168074,Porcelain,,,,,,,,,Lave
10-4282-2640,Salad plate,Villeroy & Boch,Porcelain – Crockery,£13.32,,https://splendid-product-images.pages.dev/vb/10-4282-2640.png,,PT,69120025,4282,2640,Lave glacé,6,220,245,245,110,Salad plate,1042822640,14.89,505g,235x230x26,4003686403628,612,4057743168197,Porcelain,,,,,,,,,Lave
10-4259-2640,Salad plate,Villeroy & Boch,Porcelain – Crockery,£13.32,,https://static.wixstatic.com/media/042ed7_08bc0138708d4f5a9593af9f92f37f89~mv2.png,,PT,69120025,4259,2640,Lave gris,6,220,245,245,110,Salad plate,1042592640,14.89,520g,235x230x26,4003686373426,612,4057743142050,Porcelain,,,,,,,,,Lave
10-4295-2640,Salad plate,Villeroy & Boch,Porcelain – Crockery,£13.32,,https://static.wixstatic.com/media/042ed7_ad10f258b36c49f2836cc4c4d06810e2~mv2.png,,PT,69120025,4295,2640,Lave Vert,6,175,250,250,105,Salad plate,1042952640,14.89,525g,235x230x26,4003686437401,0,4057743184760,Porcelain,,,,,,,,,Lave
10-2396-2640,Salad plate,Villeroy & Boch,Porcelain – Crockery,£16.81,,https://static.wixstatic.com/media/042ed7_167abec778da47c095662b002e0466d8~mv2.png,,DE,69111000,2396,2640,Manoir,6,191,225,225,75,Salad plate,1023962640,18.79,328g,207x207x22,5450102015122,900,4057743005003,Porcelain,,,,,,,,,Manoir
10-4100-2640,Salad plate,Villeroy & Boch,Porcelain – Crockery,£15.06,,https://static.wixstatic.com/media/042ed7_e149d8e09d4d44f7bf2701887130ab08~mv2.png,,DE,69111000,4100,2640,Mariefleur Basic,6,191,225,225,75,Salad plate,1041002640,16.84,350g,215x215x21,4003686179899,900,4057743007922,Porcelain,,,,,,,,,Mariefleur
10-4104-2640,Salad plate,Villeroy & Boch,Porcelain – Crockery,£15.06,,https://static.wixstatic.com/media/042ed7_5e01ec3936f44d7284788ebf2d7fbe83~mv2.png,,DE,69111000,4104,2640,Mariefleur Gris Basic,6,191,225,225,75,Salad plate,1041042640,16.84,350g,215x215x21,4003686188860,900,4057743008127,Porcelain,,,,,,,,,Mariefleur
10-3460-2640,Salad plate,Villeroy & Boch,Porcelain – Crockery,£14.48,,https://static.wixstatic.com/media/042ed7_06c33fda978742eda87abecf2a78e893~mv2.png,,DE,69111000,3460,2640,New Cottage Basic,6,191,225,225,75,Salad plate,1034602640,16.19,350g,215x215x21,4003683455736,900,4057743062693,Porcelain,,,,,,,,,New Cottage
10-2341-2640,Salad plate,Villeroy & Boch,Porcelain – Crockery,£17.97,,https://static.wixstatic.com/media/042ed7_bb4c1cc6c19f4b14a4ec5a46bf03e92c~mv2.png,,DE,69111000,2341,2640,Old Luxembourg,6,191,225,225,75,Salad plate,1023412640,20.09,275g,205x205x16,5450102022052,900,4057743004662,Porcelain,,,,,,,,,Vieux Luxembourg
10-2395-2640,Salad plate,Villeroy & Boch,Porcelain – Crockery,£17.97,,https://static.wixstatic.com/media/042ed7_8aa58219bf4f49338854fc82ecf37ad7~mv2.png,,DE,69111000,2395,2640,Petite Fleur,6,191,225,225,75,Salad plate,1023952640,20.09,328g,207x207x22,5450102014576,900,4057743004853,Porcelain,,,,,,,,,Petite Fleur
10-4412-2650,Salad plate,Villeroy & Boch,Porcelain – Crockery,£19.13,,https://static.wixstatic.com/media/042ed7_95c4ae4ae1574fdf8748d56ae1f3e999~mv2.png,,DE,69111000,4412,2650,Royal,6,191,225,225,75,Salad plate,1044122650,21.39,385g,225x225x17,4003686140325,900,4057743012049,Porcelain,,,,,,,,,Royal
10-4730-2650,Salad plate,Villeroy & Boch,Porcelain – Crockery,£45.29,,https://static.wixstatic.com/media/042ed7_be496d74bf1743ef87190179b19c8269~mv2.png,,DE,69111000,4730,2650,Samarkand Aquamarin,6,170,225,225,75,Salad plate,1047302650,50.64,360g,225x225x17,4003686159495,900,4057743014791,Porcelain,,,,,,,,,Samarkand
10-4732-2650,Salad plate,Villeroy & Boch,Porcelain – Crockery,£45.29,,https://static.wixstatic.com/media/042ed7_0aed6e346db245d2a0ee2d64d2458386~mv2.png,,DE,69111000,4732,2650,Samarkand Mandarin,6,170,225,225,75,Salad plate,1047322650,50.64,360g,225x225x17,4003686159884,900,4057743014944,Porcelain,,,,,,,,,Samarkand
10-4731-2650,Salad plate,Villeroy & Boch,Porcelain – Crockery,£45.29,,https://static.wixstatic.com/media/042ed7_ca1621f0c1134aab8be77a8a8d35c8a2~mv2.png,,DE,69111000,4731,2650,Samarkand Rubin,6,170,225,225,75,Salad plate,1047312650,50.64,360g,225x225x17,4003686159839,900,4057743014869,Porcelain,,,,,,,,,Samarkand
14-8638-2640,Salad plate,Villeroy & Boch,Decoration & Gifts – Crockery,£15.64,,https://static.wixstatic.com/media/042ed7_88f199d48d35481cbec5db50218aa8c6~mv2.png,,CN,69111000,8638,2640,Spring Awakening,6,200,230,230,80,Salad plate,1486382640,17.49,410g,223x223x19,4003686257627,828,4057743166360,Decoration & Gifts,,,,,,,,,Spring Awakening
14-8658-2640,Salad plate,Villeroy & Boch,Decoration & Gifts – Crockery,£16.22,,https://static.wixstatic.com/media/042ed7_be32ee61dd3842aca1c832dc00dbd393~mv2.png,,DE,69111000,8658,2640,Toy's Delight Royal Classic,6,222,250,250,95,Salad plate,1486582640,18.14,510g,233x233x20,4003686328297,576,4057743083872,Decoration & Gifts,,,,,,,,,Toy's Delight Royal Classic
10-4389-2650,Salad plate,Villeroy & Boch,Porcelain – Crockery,£22.04,,https://static.wixstatic.com/media/042ed7_380c4121a7ee4e64b633bfa1263986d1~mv2.png,,DE,69111000,4389,2650,White Pearl,6,191,225,225,75,Salad plate,1043892650,24.64,376g,227x227x16,4003683481278,900,4057743011523,Porcelain,,,,,,,,,White Pearl
14-8671-2640,Salad plate,Villeroy & Boch,Decoration & Gifts – Crockery,£14.48,,https://static.wixstatic.com/media/042ed7_93999bade80042fea2baa0adb7b479ee~mv2.png,,CN,69111000,8671,2640,Winter Glow,6,307,245,240,105,Salad plate,1486712640,16.19,400g,211x211x20,4003686430419,690,4057743180793,Decoration & Gifts,,,,,Discontinued 30.06.2026,,,,Winter Glow
10-4100-2641,Salad plate - new,Villeroy & Boch,Porcelain – Crockery,£15.06,,https://static.wixstatic.com/media/042ed7_bd0d4c68ad5e494b91f27190b704095c~mv2.png,,DE,69111000,4100,2641,Mariefleur Basic,6,191,225,225,75,Salad plate - new,1041002641,16.84,350g,215x215x21,4003686237964,900,4057743007939,Porcelain,,,,,,,,,Mariefleur
10-4104-2641,Salad plate - new,Villeroy & Boch,Porcelain – Crockery,£15.06,,https://static.wixstatic.com/media/042ed7_bf7763e7ba5f4be5859ffbfb52ab296c~mv2.png,,DE,69111000,4104,2641,Mariefleur Gris Basic,6,191,225,225,75,Salad plate - new,1041042641,16.84,350g,215x215x21,4003686247505,900,4057743008134,Porcelain,,,,,,,,,Mariefleur
10-1621-6153,Salad plate Amazing not perfect,Villeroy & Boch,Decoration & Gifts – Crockery,£7.50,,https://static.wixstatic.com/media/042ed7_fcf0520ab8384eed84debc9342c813ae~mv2.png,,DE,69111000,1621,6153,Statement,6,222,250,250,95,Salad plate Amazing not perfect,1016216153,8.39,380g,212x212x24,4003686433878,576,4057743182285,Decoration & Gifts,,,,,,,,,Statement
10-1629-6150,Salad plate Family,Villeroy & Boch,Decoration & Gifts – Crockery,£7.50,,https://static.wixstatic.com/media/042ed7_6136413bd5e8408b88d9cf646e7c5c1f~mv2.png,,DE,69111000,1629,6150,Statement Lines,6,222,250,250,95,Salad plate Family,1016296150,8.39,380g,212x212x24,4003686439108,576,4057743185293,Decoration & Gifts,,,,,,,,,Statement
10-2337-2642,Salad plate Farmer,Villeroy & Boch,Porcelain – Crockery,£26.11,,https://static.wixstatic.com/media/042ed7_3830e8011a6a45419cf3db1b37f9348d~mv2.png,,DE,69111000,2337,2642,Design Naif,6,191,225,225,75,Salad plate Farmer,1023372642,29.19,360g,209x209x21,5450102206148,900,4057743004204,Porcelain,,,,,,,,,Design Naif
10-2337-2646,Salad plate Fireplace,Villeroy & Boch,Porcelain – Crockery,£26.11,,https://static.wixstatic.com/media/042ed7_aa45abe6b58c450b8603bad144c97e62~mv2.png,,DE,69111000,2337,2646,Design Naif,6,191,225,225,75,Salad plate Fireplace,1023372646,29.19,360g,209x209x21,5450102206186,900,4057743004242,Porcelain,,,,,,,,,Design Naif
10-1621-6151,Salad plate Good Morning Sunshine,Villeroy & Boch,Decoration & Gifts – Crockery,£7.50,,https://static.wixstatic.com/media/042ed7_2c9821d279f145a7ab2251e1ec5d196b~mv2.png,,DE,69111000,1621,6151,Statement,6,222,250,250,95,Salad plate Good Morning Sunshine,1016216151,8.39,380g,212x212x24,4003686433854,576,4057743182261,Decoration & Gifts,,,,,,,,,Statement
10-2337-2647,Salad plate Huntsman,Villeroy & Boch,Porcelain – Crockery,£26.11,,https://static.wixstatic.com/media/042ed7_d3cc3cb4a350418080933853de478222~mv2.png,,DE,69111000,2337,2647,Design Naif,6,191,225,225,75,Salad plate Huntsman,1023372647,29.19,360g,209x209x21,5450102206193,900,4057743004259,Porcelain,,,,,,,,,Design Naif
10-1621-6152,Salad plate Je t'aime,Villeroy & Boch,Decoration & Gifts – Crockery,£7.50,,https://static.wixstatic.com/media/042ed7_19d632cfb64943bd9119df7f5e9ca71b~mv2.png,,DE,69111000,1621,6152,Statement,6,222,250,250,95,Salad plate Je t'aime,1016216152,8.39,380g,212x212x24,4003686433861,576,4057743182278,Decoration & Gifts,,,,,,,,,Statement
10-1621-6150,Salad plate Lieblingsmensch,Villeroy & Boch,Decoration & Gifts – Crockery,£7.50,,https://static.wixstatic.com/media/042ed7_a0e162ffae0140f491053c2f014cce57~mv2.png,,DE,69111000,1621,6150,Statement,6,222,250,250,95,Salad plate Lieblingsmensch,1016216150,8.39,380g,212x212x24,4003686433847,576,4057743182254,Decoration & Gifts,,,,,,,,,Statement
10-2337-2643,Salad plate Noah's ark,Villeroy & Boch,Porcelain – Crockery,£26.11,,https://static.wixstatic.com/media/042ed7_9a8eea6da02e42b7970bc17c0de3bc0c~mv2.png,,DE,69111000,2337,2643,Design Naif,6,191,225,225,75,Salad plate Noah's ark,1023372643,29.19,360g,209x209x21,5450102206155,900,4057743004211,Porcelain,,,,,,,,,Design Naif
10-2337-2644,Salad plate Poultry farm,Villeroy & Boch,Porcelain – Crockery,£26.11,,https://static.wixstatic.com/media/042ed7_977f6abfb415433188f2f3eb74b29131~mv2.png,,DE,69111000,2337,2644,Design Naif,6,191,225,225,75,Salad plate Poultry farm,1023372644,29.19,360g,209x209x21,5450102206162,900,4057743004228,Porcelain,,,,,,,,,Design Naif
10-2337-2645,Salad plate Village,Villeroy & Boch,Porcelain – Crockery,£26.11,,https://static.wixstatic.com/media/042ed7_84060a287a1d47738084d136e4365f55~mv2.png,,DE,69111000,2337,2645,Design Naif,6,191,225,225,75,Salad plate Village,1023372645,29.19,360g,209x209x21,5450102206179,900,4057743004235,Porcelain,,,,,,,,,Design Naif
14-8585-2641,Salad plate green,Villeroy & Boch,Decoration & Gifts – Crockery,£16.22,,https://static.wixstatic.com/media/042ed7_877ac4f33af949e3a6cb80fdbdfd1087~mv2.png,,CN,69111000,8585,2641,Toy's Delight,6,216,245,245,90,Salad plate green,1485852641,18.14,466g,244x244x30,4003683494056,648,4057743001111,Decoration & Gifts,,,,,,,,,Toy's Delight
14-8585-2640,Salad plate red,Villeroy & Boch,Decoration & Gifts – Crockery,£16.22,,https://static.wixstatic.com/media/042ed7_22612a72088a4eb4adcc22a6ac0ff74f~mv2.png,,CN,69111000,8585,2640,Toy's Delight,6,216,245,245,90,Salad plate red,1485852640,18.14,453g,244x244x30,4003683490485,648,4057743001104,Decoration & Gifts,,,,,,,,,Toy's Delight
14-8585-2642,Salad plate white,Villeroy & Boch,Decoration & Gifts – Crockery,£16.22,,https://static.wixstatic.com/media/042ed7_cd8e3189dbe54723a9ea134a11b32de8~mv2.png,,CN,69111000,8585,2642,Toy's Delight,6,216,245,245,90,Salad plate white,1485852642,18.14,431g,244x244x30,4003686182189,576,4057743001128,Decoration & Gifts,,,,,,,,,Toy's Delight
12-6529-9330,Salad servers 2pcs,Villeroy & Boch,Cutlery – Beverage Service,£29.01,,https://static.wixstatic.com/media/042ed7_541076e3e7064cb8a2927f3fc1e26a76~mv2.png,,ID,82152010,6529,9330,NewMoon,1,29,260,60,40,Salad servers 2pcs,1265299330,32.44,230g,250x40x21,4003686388925,720,,Cutlery,,,,,,,,,NewMoon
10-4130-8699,Salad servers. 2pcs,Villeroy & Boch,Porcelain – Beverage Service,£15.64,,https://static.wixstatic.com/media/042ed7_0f35041f15d44a4ca29003b63e8a7405~mv2.png,,CN,44192090,4130,8699,Artesano Original,1,51,295,95,40,Salad servers. 2pcs,1041308699,17.49,189g,287x88x23,4003686210097,704,,Porcelain,,,,,,,,,Artesano
12-6403-9330,Salad servers. 2pcs,Villeroy & Boch,Cutlery – Beverage Service,£20.29,,https://static.wixstatic.com/media/042ed7_7d8fec99cbce40e2930a87d0199c49c7~mv2.png,,ID,82159910,6403,9330,Daily Line,1,70,365,70,60,Salad servers. 2pcs,1264039330,22.69,209g,250x55x26,4003686200012,240,,Cutlery,,,,,,,,,Daily Line
12-6387-1740,Salad serving fork,Villeroy & Boch,Cutlery – Cutlery,£23.20,,https://static.wixstatic.com/media/042ed7_194549b474ee42ca904e705ff542d98b~mv2.png,,VN,82159910,6387,1740,Blacksmith,1,2,295,80,25,Salad serving fork,1263871740,25.94,110g,240x56x29,4003683483746,2800,,Cutlery,,,,,,,,,Blacksmith
12-6351-1740,Salad serving fork,Villeroy & Boch,Cutlery – Cutlery,£23.20,,https://static.wixstatic.com/media/042ed7_174c315105a94926987b440a5b69d7c0~mv2.png,,VN,82159910,6351,1740,Ella partially gold plated,1,2,270,75,30,Salad serving fork,1263511740,25.94,76g,233x48x26,4003683314125,2400,,Cutlery,,,,,,,,,Ella
12-6243-1740,Salad serving fork,Villeroy & Boch,Cutlery – Cutlery,£33.08,,https://static.wixstatic.com/media/042ed7_f3ada6d95bfa440595b56fd1214c5d21~mv2.png,,VN,82159910,6243,1740,Kreuzband-Septfontaines,1,2,255,60,30,Salad serving fork,1262431740,36.99,76g,203x49x27,4011417044156,999,,Cutlery,,,,,,,,,Kreuzband Septfontaines
12-6233-1740,Salad serving fork,Villeroy & Boch,Cutlery – Cutlery,£33.08,,https://static.wixstatic.com/media/042ed7_6a8b0967be654b58b958ebd90687090d~mv2.png,,VN,82159910,6233,1740,Neufaden-Merlemont,1,2,240,60,25,Salad serving fork,1262331740,36.99,62g,203x48x27,4011417038889,4800,,Cutlery,,,,,,,,,Neufaden Merlemont
12-6264-1740,Salad serving fork,Villeroy & Boch,Cutlery – Cutlery,£23.20,,https://static.wixstatic.com/media/042ed7_b34906e189b74ae59cd9ff9aebf5a234~mv2.png,,VN,82159910,6264,1740,Piemont,1,2,285,75,35,Salad serving fork,1262641740,25.94,99g,241x63x35,4011417052519,512,,Cutlery,,,,,,,,,Piemont
12-6347-1740,Salad serving fork,Villeroy & Boch,Cutlery – Cutlery,£23.20,,https://static.wixstatic.com/media/042ed7_da0832edbacf44908b6bddd6696dfd3d~mv2.png,,VN,82159910,6347,1740,Udine,1,2,290,80,20,Salad serving fork,1263471740,25.94,121g,236x70x28,4003683286378,4400,,Cutlery,,,,,,,,,Udine
12-6402-2160,Salad serving set,Villeroy & Boch,Cutlery – Crockery,£34.83,,https://static.wixstatic.com/media/042ed7_500792f630994595a23d36cf43ee56b4~mv2.png,,VN,82152010,6402,2160,Sereno XXL,1,75,70,55,320,Salad serving set,1264022160,38.94,320g,297x65x30,4003686167476,384,,Cutlery,,,,,,,,,Sereno
12-6387-1730,Salad serving spoon,Villeroy & Boch,Cutlery – Cutlery,£23.20,,https://static.wixstatic.com/media/042ed7_192fdac064b34fb484c223a358ad224d~mv2.png,,VN,82159910,6387,1730,Blacksmith,1,2,295,80,25,Salad serving spoon,1263871730,25.94,110g,240x56x29,4003683483739,2800,,Cutlery,,,,,,,,,Blacksmith
12-6351-1730,Salad serving spoon,Villeroy & Boch,Cutlery – Cutlery,£23.20,,https://static.wixstatic.com/media/042ed7_6bf93b262d0d4df6a8f9d5e2019e2105~mv2.png,,VN,82159910,6351,1730,Ella partially gold plated,1,2,270,80,25,Salad serving spoon,1263511730,25.94,80g,233x48x26,4003683314118,2400,,Cutlery,,,,,,,,,Ella
12-6243-1730,Salad serving spoon,Villeroy & Boch,Cutlery – Cutlery,£33.08,,https://static.wixstatic.com/media/042ed7_04d18fc7dc31480db2431e35748d43fa~mv2.png,,VN,82159910,6243,1730,Kreuzband-Septfontaines,1,2,255,60,30,Salad serving spoon,1262431730,36.99,82g,203x49x27,4011417044149,999,,Cutlery,,,,,,,,,Kreuzband Septfontaines
12-6233-1730,Salad serving spoon,Villeroy & Boch,Cutlery – Cutlery,£33.08,,https://static.wixstatic.com/media/042ed7_80519f6b474d409bb3583b3b1367f597~mv2.png,,VN,82159910,6233,1730,Neufaden-Merlemont,1,2,240,60,30,Salad serving spoon,1262331730,36.99,72g,203x48x27,4011417038872,1800,,Cutlery,,,,,,,,,Neufaden Merlemont
12-6264-1730,Salad serving spoon,Villeroy & Boch,Cutlery – Cutlery,£23.20,,https://static.wixstatic.com/media/042ed7_479a104f6d1843e5985150e2bbdbe6a4~mv2.png,,VN,82159910,6264,1730,Piemont,1,2,285,80,35,Salad serving spoon,1262641730,25.94,104g,241x63x35,4011417052502,2400,,Cutlery,,,,,,,,,Piemont
12-6347-1730,Salad serving spoon,Villeroy & Boch,Cutlery – Cutlery,£23.20,,https://static.wixstatic.com/media/042ed7_9ed165f7369c4c168e812eacfce65c7d~mv2.png,,VN,82159910,6347,1730,Udine,1,2,290,80,20,Salad serving spoon,1263471730,25.94,122g,236x70x28,4003683286361,4400,,Cutlery,,,,,,,,,Udine
10-4153-3490,Salt and pepper shaker set,Villeroy & Boch,Porcelain – Mills & Cruets,£27.27,,https://static.wixstatic.com/media/042ed7_539c78ce094e4469ba04cd6666d91afb~mv2.png,,DE,69111000,4153,3490,For Me,1,42,120,110,90,Salt and pepper shaker set,1041533490,30.49,168g,52x52x59,4003686399037,486,,Porcelain,,,,,,,,,For Me
16-3293-3470,Salt shaker,Villeroy & Boch,Hospitality – Mills & Cruets,£8.86,,,,TH,69111000,3293,3470,Dune,6,121,290,165,83,Salt shaker,1632933470,9.9,90g,50x30x75,5450523001445,864,4057743034355,,,Dune,Dune,,,,,,Dune
10-2525-3470,Salt shaker,Villeroy & Boch,Hospitality – Mills & Cruets,£9.04,,https://static.wixstatic.com/media/042ed7_6167696a97eb4095a607fd750d8d25bf~mv2.png,,TH,69111000,2525,3470,NewWave,2,35,112,116,93,Salt shaker,1025253470,10.11,148g,70x40x75,4003683334215,1664,4057743005515,,0.11,NewWave,NewWave,NewWave,,,Novelties Autumn 2008,,NewWave
16-3356-3470,Salt shaker,Villeroy & Boch,Hospitality – Mills & Cruets,£10.94,,,,TH,69111000,3356,3470,Sedona,6,66,120,120,130,Salt shaker,1633563470,12.24,90g,75,5450523047603,2160,4057743044545,,,Sedona,Sedona,Dune,,,,,Sedona
16-4090-3470,Salt shaker,Villeroy & Boch,Hospitality – Mills & Cruets,£9.87,,,,TH,69111000,4090,3470,Stella Cosmo,6,145,213,144,103,Salt shaker,1640903470,11.04,90g,65x65x70,5450523147754,1200,4057743161495,,0.09,Stella Cosmo,Stella Cosmo,Stella Cosmo,,,Novelties 2020,,Stella
16-2040-3470,Salt shaker,Villeroy & Boch,Hospitality – Mills & Cruets,£5.67,,,,DE,69111000,2040,3470,Universal,6,121,290,165,83,Salt shaker,1620403470,6.34,93g,55,5450523018979,864,4057743024134,,,Universal,Universal,white,,,,,Universal
16-4004-3490,Salt/pepper set 2pcs,Villeroy & Boch,Hospitality – Mills & Cruets,£14.30,,,,TH,69111000,4004,3490,Affinity,1,48,114,93,117,Salt/pepper set 2pcs,1640043490,16,114g,,5450523056605,480,,,,Affinity,Affinity,Novelties Spring 2013,,,,,Affinity
14-8630-2220,Sandwich plate,Villeroy & Boch,Porcelain – Crockery,£48.78,,https://static.wixstatic.com/media/042ed7_9bbe72a2e84e4de08a47d9dd0a6dbe53~mv2.png,,DE,69111000,8630,2220,Charm & Breakfast Design Naif,1,94,357,195,42,Sandwich plate,1486302220,54.54,600g,345x158x18,4003686208858,260,,Porcelain,,,,,,,,,Design Naif
14-8595-2220,Sandwich plate,Villeroy & Boch,Porcelain – Crockery,£42.38,,https://static.wixstatic.com/media/042ed7_e5b3aed0774f4616b10380fbe557bba2~mv2.png,,DE,69111000,8595,2220,Charm & Breakfast French Garden,1,94,357,195,42,Sandwich plate,1485952220,47.39,600g,345x158x18,4003683488574,260,,Porcelain,,,,,,,,,French Garden
14-8663-2221,Sandwich plate,Villeroy & Boch,Decoration & Gifts – Crockery,£34.25,,https://static.wixstatic.com/media/042ed7_ff4d99728eff4d63aec919dc250fbfff~mv2.png,,DE,69111000,8663,2221,Colourful Spring,1,94,357,195,42,Sandwich plate,1486632221,38.29,600g,345x158x18,4003686357129,260,,Decoration & Gifts,,,,,,,,,Colourful Spring
14-8658-2220,Sandwich plate,Villeroy & Boch,Decoration & Gifts – Crockery,£38.90,,https://static.wixstatic.com/media/042ed7_e8fd68cd778a4d5c8f72519c59cd7161~mv2.png,,CN,69111000,8658,2220,Toy's Delight Royal Classic,1,180,445,75,200,Sandwich plate,1486582220,43.49,880g,400x160x38,4003686393110,99,,Decoration & Gifts,,,,,,,,,Toy's Delight Royal Classic
14-8327-6636,Santa on armchair,Villeroy & Boch,Decoration & Gifts,£49.36,,https://static.wixstatic.com/media/042ed7_3811878fc80a4f18ab30cf535bfa3520~mv2.png,,CN,95051090,8327,6636,Christmas Toys,1,145,145,165,195,Santa on armchair,1483276636,55.19,660g,100x100x150,4003686357372,145,,Decoration & Gifts,,,,,,,,,Christmas Toys
14-8602-6500,Santa's Sleigh-ride,Villeroy & Boch,Decoration & Gifts,£202.89,,https://static.wixstatic.com/media/042ed7_a350107917b346f9a722627003cb9034~mv2.png,,CN,95051090,8602,6500,Christmas Toys Memory,1,1036,455,455,270,Santa's Sleigh-ride,1486026500,226.85,5365g,700x220x215,4003683498337,8,,Decoration & Gifts,,,,,,,,,Christmas Toys
14-8640-6302,"Santa, turning",Villeroy & Boch,Decoration & Gifts,£23.20,,https://static.wixstatic.com/media/042ed7_17a3c76f976a4046854e81135fb6c9ac~mv2.png,,CN,95051090,8640,6302,Nostalgic Melody,1,108,170,133,122,"Santa, turning",1486406302,25.94,330g,87x86x150,4003686362352,204,,Decoration & Gifts,,,,,,,,,Nostalgic Melody
10-4153-3407,Sauce boat,Villeroy & Boch,Porcelain – Crockery,£33.14,,https://static.wixstatic.com/media/042ed7_ca0dc4b3334a410f93ddd317b8f7ce87~mv2.png,,DE,69111000,4153,3407,For Me,1,80,220,130,130,Sauce boat,1041533407,37.05,435g,205x97x119,4003686399204,168,,Porcelain,0.38,,,,,,,,For Me
14-8585-3401,Sauce boat and saucer,Villeroy & Boch,Decoration & Gifts – Crockery,£29.01,,https://static.wixstatic.com/media/042ed7_5227741fe2bc4f68993524e5291c2634~mv2.png,,CN,69111000,8585,3401,Toy's Delight,1,180,205,185,130,Sauce boat and saucer,1485853401,32.44,670g,200x180x105,4003686440388,0,,Decoration & Gifts,0.6,,,,,,,,Toy's Delight
16-4004-3450,Sauceboat,Villeroy & Boch,Hospitality – Crockery,£20.94,,,,TH,69111000,4004,3450,Affinity,1,78,200,125,115,Sauceboat,1640043450,23.41,357g,210x90x105,5450523055097,252,,,0.57,Affinity,Affinity,Novelties Spring 2013,,,,,Affinity
10-4661-3407,Sauceboat,Villeroy & Boch,Hospitality – Crockery,£35.10,,https://static.wixstatic.com/media/042ed7_6b123dbd0f514dc8b33c343c11d2b281~mv2.png,,TH,69111000,4661,3407,Château Septfontaines,1,68,230,133,131,Sauceboat,1046613407,39.24,362g,205x105x95,4003686403253,168,,,0.45,Château Septfontaines,Château Septfontaines,Novelties 2021,,,,,Chateau Septfontaines
16-3272-3435,Sauceboat,Villeroy & Boch,Hospitality – Crockery,£11.71,,,,TH,69111000,3272,3435,Stella Hotel,6,140,205,205,115,Sauceboat,1632723435,13.09,86g,150x60x55,5450523038816,684,4057743032504,,0.09,Stella Hotel,Stella Hotel,Stella Hotel,,,,,Stella
16-2040-3430,Sauceboat,Villeroy & Boch,Hospitality – Crockery,£7.70,,,,DE,69111000,2040,3430,Universal,6,200,305,220,80,Sauceboat,1620403430,8.61,112g,115x75x50,5450523039950,1092,4057743024127,,0.1,Universal,Universal,white,,,,,Universal
16-2040-3450,Sauceboat,Villeroy & Boch,Hospitality – Crockery,£17.31,,,,DE,69111000,2040,3450,Universal,1,90,220,130,120,Sauceboat,1620403450,19.35,435g,205x95x120,5450523018962,168,,,0.38,Universal,Universal,white,,,,,Universal
10-2341-3400,Sauceboat 1pc.,Villeroy & Boch,Porcelain – Crockery,£48.78,,https://splendid-product-images.pages.dev/vb/10-2341-3400.png,,TH,69111000,2341,3400,Old Luxembourg,1,90,220,130,120,Sauceboat 1pc.,1023413400,54.54,440g,210x136x82,5450102022144,168,,Porcelain,0.32,,,,,,,,Vieux Luxembourg
10-4653-3407,Sauceboat without saucer,Villeroy & Boch,Hospitality – Crockery,£37.09,,https://splendid-product-images.pages.dev/vb/10-4653-3407.png,,TH,69111000,4653,3407,Anmut Gold,1,68,230,133,131,Sauceboat without saucer,1046533407,41.46,365g,205x104x94,4003686376007,168,,,0.45,Anmut Gold,Anmut Gold,Anmut Gold,,,,,Anmut
10-4636-3407,Sauceboat without saucer,Villeroy & Boch,Hospitality – Crockery,£28.90,,https://splendid-product-images.pages.dev/vb/10-4636-3407.png,,TH,69111000,4636,3407,Anmut Platinum No.1,1,104,200,120,110,Sauceboat without saucer,1046363407,32.31,385g,205x104x94,4003683398408,231,,,0.45,Anmut Platinum No.1,Anmut Platinum No.1,Anmut Platinum No.1,,,,,Anmut
10-4545-3407,Sauceboat without saucer,Villeroy & Boch,Porcelain – Crockery,£29.07,,https://splendid-product-images.pages.dev/vb/10-4545-3407.png,,TH,69111000,4545,3407,Anmut,1,90,220,130,120,Sauceboat without saucer,1045453407,32.5,360g,207x103x94,4003683226794,168,,Porcelain,0.45,,,,,,,,Anmut
10-2281-3407,Sauceboat without saucer,Villeroy & Boch,Porcelain – Crockery,£28.49,,https://splendid-product-images.pages.dev/vb/10-2281-3407.png,,TH,69111000,2281,3407,French Garden Fleurence,1,95,200,125,110,Sauceboat without saucer,1022813407,31.85,286g,191x94x83,5450102382842,240,,Porcelain,0.38,,,,,,,,French Garden
10-4412-3407,Sauceboat without saucer,Villeroy & Boch,Porcelain – Crockery,£27.90,,https://splendid-product-images.pages.dev/vb/10-4412-3407.png,,TH,69111000,4412,3407,Royal,1,90,220,130,120,Sauceboat without saucer,1044123407,31.2,325g,207x116x100,4003686140424,168,,Porcelain,0.44,,,,,,,,Royal
10-3420-3400,Sauceboat/soup cup,Villeroy & Boch,Hospitality – Crockery,£13.40,,https://splendid-product-images.pages.dev/vb/10-3420-3400.png,,DE,69111000,3420,3400,Flow,1,103,155,155,86,Sauceboat/soup cup,1034203400,14.98,300g,190x125x70,4003683349738,315,,,0.42,Flow,Flow,Flow,,,,,Flow
16-4004-1250,Saucer,Villeroy & Boch,Hospitality – Beverage Service,£4.79,,,,DE,69111000,4004,1250,Affinity,6,140,185,185,95,Saucer,1640041250,5.36,305g,180x180x55,5450523054823,1152,4057743046525,,,Affinity,Affinity,Novelties Spring 2013,,,,,Affinity
16-4004-1280,Saucer,Villeroy & Boch,Hospitality – Beverage Service,£4.33,,,,DE,69111000,4004,1280,Affinity,6,140,185,185,95,Saucer,1640041280,4.84,265g,160,5450523054816,1152,4057743046556,,,Affinity,Affinity,Novelties Spring 2013,,Yes,,,Affinity
16-4004-1460,Saucer,Villeroy & Boch,Hospitality – Beverage Service,£3.83,,,,DE,69111000,4004,1460,Affinity,6,115,155,155,86,Saucer,1640041460,4.28,170g,135,5450523089672,1890,4057743095547,,,Affinity,Affinity,Novelties 2018,,,,,Affinity
10-4653-1280,Saucer,Villeroy & Boch,Hospitality – Beverage Service,£9.27,,https://splendid-product-images.pages.dev/vb/10-4653-1280.png,,DE,69111000,4653,1280,Anmut Gold,6,104,155,155,86,Saucer,1046531280,10.37,179g,150x150x24,4003686375819,1890,4057743155043,,,Anmut Gold,Anmut Gold,Anmut Gold,,,,,Anmut
10-4653-1430,Saucer,Villeroy & Boch,Hospitality – Beverage Service,£8.09,,https://splendid-product-images.pages.dev/vb/10-4653-1430.png,,DE,69111000,4653,1430,Anmut Gold,6,104,155,155,86,Saucer,1046531430,9.05,124g,120x120x20,4003686375864,1890,4057743155081,,,Anmut Gold,Anmut Gold,Anmut Gold,,,,,Anmut
10-4636-1280,Saucer,Villeroy & Boch,Hospitality – Beverage Service,£9.27,,https://splendid-product-images.pages.dev/vb/10-4636-1280.png,,DE,69111000,4636,1280,Anmut Platinum No.1,6,104,155,155,86,Saucer,1046361280,10.37,179g,150x150x24,4003683396985,1890,4057743014340,,,Anmut Platinum No.1,Anmut Platinum No.1,Anmut Platinum No.1,,,,,Anmut
10-4636-1430,Saucer,Villeroy & Boch,Hospitality – Beverage Service,£7.64,,https://splendid-product-images.pages.dev/vb/10-4636-1430.png,,DE,69111000,4636,1430,Anmut Platinum No.1,6,104,155,155,86,Saucer,1046361430,8.54,124g,120x120x20,4003683397005,1890,4057743014371,,,Anmut Platinum No.1,Anmut Platinum No.1,Anmut Platinum No.1,,,,,Anmut
16-4026-1280,Saucer,Villeroy & Boch,Hospitality – Beverage Service,£5.23,,,,DE,69111000,4026,1280,Artesano Barista,6,140,185,185,95,Saucer,1640261280,5.84,325g,170,5450523062538,1152,4057743051109,,,Artesano Barista,Artesano Barista,Novelties 2015,,Yes,Artesano,,Artesano
16-4026-1460,Saucer,Villeroy & Boch,Hospitality – Beverage Service,£4.63,,,,DE,69111000,4026,1460,Artesano Barista,6,115,155,155,86,Saucer,1640261460,5.18,171g,130x130x20,5450523062507,1890,4057743051130,,,Artesano Barista,Artesano Barista,Novelties 2015,,Yes,Artesano,,Artesano
16-2238-1280,Saucer,Villeroy & Boch,Hospitality – Beverage Service,£3.92,,,,DE,69111000,2238,1280,Bella,6,115,155,155,86,Saucer,1622381280,4.38,206g,150,5450102372843,1890,4057743031514,,,Bella,Bella,,,,,,Bella
16-2238-1460,Saucer,Villeroy & Boch,Hospitality – Beverage Service,£3.64,,,,DE,69111000,2238,1460,Bella,6,115,155,155,86,Saucer,1622381460,4.07,142g,120,5450102372874,1890,4057743031552,,,Bella,Bella,,,,,,Bella
16-4088-1310,Saucer,Villeroy & Boch,Hospitality – Beverage Service,£4.22,,,,DE,69111000,4088,1310,Caffe Club,4,121,180,170,80,Saucer,1640881310,4.72,150g,155x155x19,5450523150297,1120,4057743170091,,,Caffe Club white,Caffe Club white,Novelties 2013,,,,,Caffe Club
16-4088-1430,Saucer,Villeroy & Boch,Hospitality – Beverage Service,£3.95,,,,DE,69111000,4088,1430,Caffe Club,4,115,155,155,86,Saucer,1640881430,4.42,106g,125x125x17,5450523150310,1260,4057743170114,,,Caffe Club white,Caffe Club white,Novelties 2013,,,,,Caffe Club
10-4661-1280,Saucer,Villeroy & Boch,Hospitality – Beverage Service,£10.90,,https://splendid-product-images.pages.dev/vb/10-4661-1280.png,,DE,69111000,4661,1280,Château Septfontaines,6,127,185,185,95,Saucer,1046611280,12.19,192g,160x160x25,4003686402973,1152,4057743167770,,,Château Septfontaines,Château Septfontaines,Novelties 2021,,,,,Chateau Septfontaines
10-4661-1310,Saucer,Villeroy & Boch,Hospitality – Beverage Service,£9.91,,https://splendid-product-images.pages.dev/vb/10-4661-1310.png,,DE,69111000,4661,1310,Château Septfontaines,6,127,185,185,95,Saucer,1046611310,11.08,186g,155x155x25,4003686403000,1152,4057743167800,,,Château Septfontaines,Château Septfontaines,Novelties 2021,,,,,Chateau Septfontaines
10-4661-1430,Saucer,Villeroy & Boch,Hospitality – Beverage Service,£9.05,,https://splendid-product-images.pages.dev/vb/10-4661-1430.png,,DE,69111000,4661,1430,Château Septfontaines,6,104,155,155,86,Saucer,1046611430,10.12,123g,125x125x25,4003686403024,1890,4057743167824,,,Château Septfontaines,Château Septfontaines,Novelties 2021,,,,,Chateau Septfontaines
16-2016-1280,Saucer,Villeroy & Boch,Hospitality – Beverage Service,£4.56,,,,DE,69111000,2016,1280,Corpo,6,115,155,155,86,Saucer,1620161280,5.1,221g,150,5450102264117,1890,4057743023632,,,Corpo,Corpo,white,,Yes,,,Corpo
16-2016-1460,Saucer,Villeroy & Boch,Hospitality – Beverage Service,£4.16,,,,DE,69111000,2016,1460,Corpo,6,115,155,155,86,Saucer,1620161460,4.65,155g,120,5450102264124,1890,4057743023670,,,Corpo,Corpo,white,,,,,Corpo
19-5167-1310,Saucer,Villeroy & Boch,Hospitality – Beverage Service,£4.07,,https://splendid-product-images.pages.dev/vb/19-5167-1310.png,,TH,69111000,5167,1310,Crafted Breeze,6,120,167,167,88,Saucer,1951671310,4.55,205g,150x150x20,4003686397002,1296,4057743164731,,,Crafted Breeze,Crafted Breeze,Novelties 2020,,,,,Crafted
19-5167-1430,Saucer,Villeroy & Boch,Hospitality – Beverage Service,£3.28,,https://splendid-product-images.pages.dev/vb/19-5167-1430.png,,TH,69111000,5167,1430,Crafted Breeze,6,50,125,120,65,Saucer,1951671430,3.67,129g,120x120x15,4003686430037,1500,4057743180533,,,Crafted Breeze,Crafted Breeze,Novelties 2023,,,,,Crafted
19-5183-1310,Saucer,Villeroy & Boch,Hospitality – Beverage Service,£4.07,,https://splendid-product-images.pages.dev/vb/19-5183-1310.png,,TH,69111000,5183,1310,Crafted Cotton,6,110,150,150,100,Saucer,1951831310,4.55,230g,150x150x20,4003686437524,1296,4057743184883,,,Crafted Cotton,Crafted Cotton,Novelties 2024,,,,,Crafted
19-5168-1310,Saucer,Villeroy & Boch,Hospitality – Beverage Service,£4.07,,https://splendid-product-images.pages.dev/vb/19-5168-1310.png,,TH,69111000,5168,1310,Crafted Denim,6,120,167,167,88,Saucer,1951681310,4.55,205g,150x150x20,4003686397644,1296,4057743165417,,,Crafted Denim,Crafted Denim,Novelties 2020,,,,,Crafted
19-5168-1430,Saucer,Villeroy & Boch,Hospitality – Beverage Service,£3.28,,https://splendid-product-images.pages.dev/vb/19-5168-1430.png,,TH,69111000,5168,1430,Crafted Denim,6,50,125,120,65,Saucer,1951681430,3.67,129g,120x120x15,4003686430075,3168,4057743180571,,,Crafted Denim,Crafted Denim,Novelties 2023,,,,,Crafted
16-3293-1250,Saucer,Villeroy & Boch,Hospitality – Beverage Service,£5.66,,,,DE,69111000,3293,1250,Dune,6,119,197,197,105,Saucer,1632931250,6.32,300g,190,5450523048129,774,4057743034119,,,Dune,Dune,Novelties 2010,,,,,Dune
16-3293-1280,Saucer,Villeroy & Boch,Hospitality – Beverage Service,£5.12,,,,DE,69111000,3293,1280,Dune,6,140,185,185,95,Saucer,1632931280,5.72,221g,160,5450523001339,1152,4057743034140,,,Dune,Dune,,,Yes,,,Dune
16-3293-1460,Saucer,Villeroy & Boch,Hospitality – Beverage Service,£4.63,,,,DE,69111000,3293,1460,Dune,6,115,155,155,86,Saucer,1632931460,5.18,170g,130,5450523001360,1890,4057743034195,,,Dune,Dune,,,Yes,,,Dune
16-2155-1250,Saucer,Villeroy & Boch,Hospitality – Beverage Service,£4.39,,,,DE,69111000,2155,1250,Easy,6,140,185,185,95,Saucer,1621551250,4.91,251g,175,5450102345762,1152,4057743027043,,,Easy,Easy,white,,,,,Easy
16-2155-1280,Saucer,Villeroy & Boch,Hospitality – Beverage Service,£3.92,,,,DE,69111000,2155,1280,Easy,6,140,185,185,95,Saucer,1621551280,4.38,211g,150,5450102345809,1152,4057743027074,,,Easy,Easy,white,,Yes,,,Easy
16-2155-1460,Saucer,Villeroy & Boch,Hospitality – Beverage Service,£3.64,,,,DE,69111000,2155,1460,Easy,6,115,155,155,86,Saucer,1621551460,4.07,157g,130,5450102345861,1890,4057743027111,,,Easy,Easy,white,,Yes,,,Easy
10-3420-1250,Saucer,Villeroy & Boch,Hospitality – Beverage Service,£7.53,,https://splendid-product-images.pages.dev/vb/10-3420-1250.png,,DE,69111000,3420,1250,Flow,6,194,225,230,95,Saucer,1034201250,8.41,345g,215x185x38,4003683349516,810,4057743006246,,,Flow,Flow,Flow,,,,,Flow
10-3420-1310,Saucer,Villeroy & Boch,Hospitality – Beverage Service,£5.70,,https://splendid-product-images.pages.dev/vb/10-3420-1310.png,,DE,69111000,3420,1310,Flow,6,140,185,185,95,Saucer,1034201310,6.37,230g,177x150x35,4003683349608,1152,4057743006260,,,Flow,Flow,Flow,,,,,Flow
10-3420-1430,Saucer,Villeroy & Boch,Hospitality – Beverage Service,£5.10,,https://splendid-product-images.pages.dev/vb/10-3420-1430.png,,DE,69111000,3420,1430,Flow,6,115,155,155,86,Saucer,1034201430,5.7,110g,140x120,4003683349622,1890,4057743006284,,,Flow,Flow,Flow,,,,,Flow
10-4392-1250,Saucer,Villeroy & Boch,Hospitality – Beverage Service,£16.16,,https://splendid-product-images.pages.dev/vb/10-4392-1250.png,,DE,69111000,4392,1250,Gray Pearl,6,191,225,225,75,Saucer,1043921250,18.06,265g,185x185x22,4003683201258,900,4057743011721,,,Gray Pearl,Gray Pearl,Gray Pearl,,,,,Gray Pearl
10-4392-1310,Saucer,Villeroy & Boch,Hospitality – Beverage Service,£11.95,,https://splendid-product-images.pages.dev/vb/10-4392-1310.png,,DE,69111000,4392,1310,Gray Pearl,6,121,180,170,80,Saucer,1043921310,13.35,180g,160x160x21,4003683201289,1680,4057743011745,,,Gray Pearl,Gray Pearl,Gray Pearl,,,,,Gray Pearl
10-4392-1430,Saucer,Villeroy & Boch,Hospitality – Beverage Service,£10.54,,https://splendid-product-images.pages.dev/vb/10-4392-1430.png,,DE,69111000,4392,1430,Gray Pearl,6,115,155,155,86,Saucer,1043921430,11.78,110g,130x130x16,4003683201319,1890,4057743011769,,,Gray Pearl,Gray Pearl,Gray Pearl,,,,,Gray Pearl
10-4390-1250,Saucer,Villeroy & Boch,Hospitality – Beverage Service,£19.48,,https://splendid-product-images.pages.dev/vb/10-4390-1250.png,,DE,69111000,4390,1250,Ivoire,6,178,225,225,75,Saucer,1043901250,21.78,265g,185x185x22,4003686131613,900,4057743011578,,,Ivoire,Ivoire,Ivoire,,,,,Ivoire
10-4390-1310,Saucer,Villeroy & Boch,Hospitality – Beverage Service,£15.30,,https://splendid-product-images.pages.dev/vb/10-4390-1310.png,,DE,69111000,4390,1310,Ivoire,6,108,180,170,80,Saucer,1043901310,17.11,180g,160x160x21,4003686131644,1680,4057743011592,,,Ivoire,Ivoire,Ivoire,,,,,Ivoire
10-4390-1430,Saucer,Villeroy & Boch,Hospitality – Beverage Service,£13.92,,https://splendid-product-images.pages.dev/vb/10-4390-1430.png,,DE,69111000,4390,1430,Ivoire,6,104,155,155,86,Saucer,1043901430,15.56,110g,130x130x16,4003686131675,1890,4057743011615,,,Ivoire,Ivoire,Ivoire,,,,,Ivoire
16-3318-1250,Saucer,Villeroy & Boch,Hospitality – Beverage Service,£5.16,,,,DE,69111000,3318,1250,La Scala,6,194,225,230,95,Saucer,1633181250,5.77,295g,190,5450523047900,810,4057743036533,,,La Scala,La Scala,white,,,,,La Scala
16-3318-1280,Saucer,Villeroy & Boch,Hospitality – Beverage Service,£4.80,,,,DE,69111000,3318,1280,La Scala,6,140,185,185,95,Saucer,1633181280,5.37,219g,160,5450523018672,1152,4057743036564,,,La Scala,La Scala,white,,Yes,,,La Scala
16-3318-1460,Saucer,Villeroy & Boch,Hospitality – Beverage Service,£3.98,,,,DE,69111000,3318,1460,La Scala,6,115,155,155,86,Saucer,1633181460,4.45,133g,120,5450523018719,1890,4057743036601,,,La Scala,La Scala,white,,Yes,,,La Scala
10-4652-1310,Saucer,Villeroy & Boch,Hospitality – Beverage Service,£20.16,,https://splendid-product-images.pages.dev/vb/10-4652-1310.png,,DE,69111000,4652,1310,MetroChic,6,170,225,225,75,Saucer,1046521310,22.54,258g,185x185x20,4003686364585,900,4057743110004,,,MetroChic,MetroChic,MetroChic,,,,,MetroChic
10-4652-1430,Saucer,Villeroy & Boch,Hospitality – Beverage Service,£15.71,,https://splendid-product-images.pages.dev/vb/10-4652-1430.png,,DE,69111000,4652,1430,MetroChic,6,104,155,155,86,Saucer,1046521430,17.57,166g,140x140x15,4003686364561,1890,4057743111346,,,MetroChic,MetroChic,MetroChic,,,,,MetroChic
10-4654-1310,Saucer,Villeroy & Boch,Hospitality – Beverage Service,£7.46,,https://splendid-product-images.pages.dev/vb/10-4654-1310.png,,DE,69111000,4654,1310,MetroChic blanc,6,140,185,185,95,Saucer,1046541310,8.34,258g,185x185x20,4003686375741,1152,4057743149653,,,MetroChic blanc,MetroChic blanc,MetroChic blanc,,,,,MetroChic
10-4654-1430,Saucer,Villeroy & Boch,Hospitality – Beverage Service,£6.86,,https://splendid-product-images.pages.dev/vb/10-4654-1430.png,,DE,69111000,4654,1430,MetroChic blanc,6,115,155,155,86,Saucer,1046541430,7.67,166g,145x145x15,4003686376427,1890,4057743155739,,,MetroChic blanc,MetroChic blanc,MetroChic blanc,,,,,MetroChic
10-4510-1280,Saucer,Villeroy & Boch,Hospitality – Beverage Service,£7.13,,https://static.wixstatic.com/media/042ed7_ca6fef15e72b414c80089bd26e7f4ec3~mv2.png,,DE,69111000,4510,1280,Modern Grace,6,140,185,185,95,Saucer,1045101280,7.97,213g,170x140x17,4003683481674,1152,4057743012681,,,Modern Grace,Modern Grace,Novelties 2010,,,,,Modern Grace
10-4510-1310,Saucer,Villeroy & Boch,Hospitality – Beverage Service,£6.79,,https://static.wixstatic.com/media/042ed7_a6297ebffc374dbb96f01ce8970c01fc~mv2.png,,DE,69111000,4510,1310,Modern Grace,6,140,185,185,95,Saucer,1045101310,7.6,212g,170x140x19,4003683481681,1152,4057743012704,,,Modern Grace,Modern Grace,Novelties 2010,,,,,Modern Grace
10-4510-1430,Saucer,Villeroy & Boch,Hospitality – Beverage Service,£6.28,,https://static.wixstatic.com/media/042ed7_264d2bc9d0f2481585de903a61ef5277~mv2.png,,DE,69111000,4510,1430,Modern Grace,6,115,155,155,86,Saucer,1045101430,7.02,116g,140x110x20,4003683481698,1890,4057743012728,,,Modern Grace,Modern Grace,Novelties 2010,,,,,Modern Grace
10-4264-1310,Saucer,Villeroy & Boch,Hospitality – Beverage Service,£6.06,,https://static.wixstatic.com/media/042ed7_2560bea0af864c3799598c1c08b155e3~mv2.png,,DE,69111000,4264,1310,NewMoon,6,140,185,185,95,Saucer,1042641310,6.77,244g,170x170x20,4003686386655,1152,4057743160900,,,NewMoon,NewMoon,Novelties 2020,,,Novelties 2020,,NewMoon
10-4264-1430,Saucer,Villeroy & Boch,Hospitality – Beverage Service,£5.30,,https://static.wixstatic.com/media/042ed7_b3db084b73654bc79fe174b450b78543~mv2.png,,DE,69111000,4264,1430,NewMoon,6,115,155,155,86,Saucer,1042641430,5.92,134g,130x130x15,4003686386648,1890,4057743160894,,,NewMoon,NewMoon,Novelties 2020,,,Novelties 2020,,NewMoon
10-2525-1311,Saucer,Villeroy & Boch,Hospitality – Beverage Service,£5.83,,https://static.wixstatic.com/media/042ed7_0350d45d28e440b28f5ffd1854c20716~mv2.png,,DE,69111000,2525,1311,NewWave,6,140,185,185,95,Saucer,1025251311,6.52,300g,180x146x23,4003686163355,1152,4057743005270,,,NewWave Caffe,NewWave Caffe,NewWave Caffe,,,Novelties 2011,,NewWave
10-2525-1431,Saucer,Villeroy & Boch,Hospitality – Beverage Service,£5.52,,https://static.wixstatic.com/media/042ed7_c43fd6047e944b6dbacbf20192580615~mv2.png,,DE,69111000,2525,1431,NewWave,6,115,155,155,86,Saucer,1025251431,6.17,150g,140x115x20,4003686163362,1890,4057743005294,,,NewWave Caffe,NewWave Caffe,NewWave Caffe,,,Novelties 2011,,NewWave
16-3356-1280,Saucer,Villeroy & Boch,Hospitality – Beverage Service,£6.70,,,,DE,69111000,3356,1280,Sedona,6,140,185,185,95,Saucer,1633561280,7.49,221g,160,5450523047429,1152,4057743044309,,,Sedona,Sedona,Dune,,,,,Sedona
16-3356-1460,Saucer,Villeroy & Boch,Hospitality – Beverage Service,£5.92,,,,DE,69111000,3356,1460,Sedona,6,115,155,155,86,Saucer,1633561460,6.62,170g,130,5450523047474,1890,4057743044354,,,Sedona,Sedona,Dune,,,,,Sedona
16-4003-1280,Saucer,Villeroy & Boch,Hospitality – Beverage Service,£6.79,,,,DE,69111000,4003,1280,Sedona Function,6,140,185,185,95,Saucer,1640031280,7.59,195g,150,5450523054335,1152,4057743046327,,,Sedona Function,Sedona Function,Novelties Spring 2012,,,,,Sedona
16-4003-1460,Saucer,Villeroy & Boch,Hospitality – Beverage Service,£5.99,,,,DE,69111000,4003,1460,Sedona Function,6,115,155,155,86,Saucer,1640031460,6.69,155g,120,5450523054182,1890,4057743046341,,,Sedona Function,Sedona Function,Novelties Spring 2012,,,,,Sedona
16-4033-1310,Saucer,Villeroy & Boch,Hospitality – Beverage Service,£6.59,,,,DE,69111000,4033,1310,Stella Blossom,6,1,0,0,0,Saucer,1640331310,7.36,171g,160x155x20,5450523168551,0,4057743199726,,,Stella Blossom,Stella Blossom,Novelties 2026,NEW,,,,Stella
16-4033-1430,Saucer,Villeroy & Boch,Hospitality – Beverage Service,£6.02,,,,DE,69111000,4033,1430,Stella Blossom,6,1,0,0,0,Saucer,1640331430,6.73,,120x120x16,5450523168568,0,4057743199733,,,Stella Blossom,Stella Blossom,Novelties 2026,NEW,,,,Stella
16-4090-1310,Saucer,Villeroy & Boch,Hospitality – Beverage Service,£9.27,,,,DE,69111000,4090,1310,Stella Cosmo,6,170,225,225,75,Saucer,1640901310,10.36,258g,185x185x20,5450523148119,900,4057743164571,,,Stella Cosmo,Stella Cosmo,Stella Cosmo,,,Novelties 2020,,Stella
16-4090-1430,Saucer,Villeroy & Boch,Hospitality – Beverage Service,£6.02,,,,DE,69111000,4090,1430,Stella Cosmo,6,115,155,155,86,Saucer,1640901430,6.74,166g,145x145x15,5450523148126,1890,4057743164588,,,Stella Cosmo,Stella Cosmo,Stella Cosmo,,,Novelties 2020,,Stella
16-3272-1250,Saucer,Villeroy & Boch,Hospitality – Beverage Service,£7.89,,,,DE,69111000,3272,1250,Stella Hotel,6,140,185,185,95,Saucer,1632721250,8.83,243g,180x180x20,5450102383955,1152,4057743032122,,,Stella Hotel,Stella Hotel,Stella Hotel,,,,,Stella
16-3272-1280,Saucer,Villeroy & Boch,Hospitality – Beverage Service,£6.43,,,,DE,69111000,3272,1280,Stella Hotel,6,140,185,185,95,Saucer,1632721280,7.19,177g,150,5450523003319,1152,4057743032160,,,Stella Hotel,Stella Hotel,Stella Hotel,,Yes,,,Stella
16-3272-1281,Saucer,Villeroy & Boch,Hospitality – Beverage Service,£6.43,,,,DE,69111000,3272,1281,Stella Hotel,6,115,155,155,86,Saucer,1632721281,7.19,179g,150,5450523086381,1890,4057743090887,,,Stella Hotel,Stella Hotel,Stella Hotel,,,,,Stella
16-3272-1310,Saucer,Villeroy & Boch,Hospitality – Beverage Service,£6.43,,,,DE,69111000,3272,1310,Stella Hotel,6,115,155,155,86,Saucer,1632721310,7.19,179g,150,5450102383986,1890,4057743032184,,,Stella Hotel,Stella Hotel,Stella Hotel,,Yes,,,Stella
16-3272-1430,Saucer,Villeroy & Boch,Hospitality – Beverage Service,£5.86,,,,DE,69111000,3272,1430,Stella Hotel,6,115,155,155,86,Saucer,1632721430,6.56,124g,120,5450102384013,1890,4057743032214,,,Stella Hotel,Stella Hotel,Stella Hotel,,Yes,,,Stella
16-3272-1460,Saucer,Villeroy & Boch,Hospitality – Beverage Service,£5.86,,,,DE,69111000,3272,1460,Stella Hotel,6,115,155,155,86,Saucer,1632721460,6.56,120g,120,5450523003340,1890,4057743032245,,,Stella Hotel,Stella Hotel,Stella Hotel,,,,,Stella
16-4008-1310,Saucer,Villeroy & Boch,Hospitality – Beverage Service,£8.07,,,,DE,69111000,4008,1310,Stella Vogue,6,115,155,155,86,Saucer,1640081310,9.02,179g,150,5450523078744,1890,4057743074399,,,Stella Vogue,Stella Vogue,Novelties 2017,,,,,Stella
16-4008-1430,Saucer,Villeroy & Boch,Hospitality – Beverage Service,£7.37,,,,DE,69111000,4008,1430,Stella Vogue,6,115,155,155,86,Saucer,1640081430,8.24,124g,120,5450523077723,1890,4057743074153,,,Stella Vogue,Stella Vogue,Novelties 2017,,,,,Stella
16-4074-1220,Saucer,Villeroy & Boch,Hospitality – Beverage Service,£7.10,,,,DE,69111000,4074,1220,The Rock Black Shale,6,140,185,185,95,Saucer,1640741220,7.94,270g,170x170x20,5450523145729,1152,4057743155517,,,The Rock Black Shale,The Rock Black Shale,Novelties 2019,Discontinued 30.09.2026,,,,The Rock
16-4074-1310,Saucer,Villeroy & Boch,Hospitality – Beverage Service,£6.83,,,,DE,69111000,4074,1310,The Rock Black Shale,6,140,185,185,95,Saucer,1640741310,7.63,234g,155x155x20,5450523148355,1152,4057743165066,,,The Rock Black Shale,The Rock Black Shale,Novelties 2020,,,,,The Rock
16-4074-1430,Saucer,Villeroy & Boch,Hospitality – Beverage Service,£5.57,,,,DE,69111000,4074,1430,The Rock Black Shale,6,115,155,155,86,Saucer,1640741430,6.23,130g,120x120x20,5450523145736,1890,4057743155524,,,The Rock Black Shale,The Rock Black Shale,Novelties 2019,,,,,The Rock
16-4077-1220,Saucer,Villeroy & Boch,Hospitality – Beverage Service,£7.10,,,,DE,69111000,4077,1220,The Rock White Glacier,6,140,185,185,95,Saucer,1640771220,7.94,270g,170x170x20,5450523145743,1152,4057743155531,,,The Rock White Glacier,The Rock White Glacier,Novelties 2019,Discontinued 30.09.2026,,,,The Rock
16-4077-1310,Saucer,Villeroy & Boch,Hospitality – Beverage Service,£6.83,,,,DE,69111000,4077,1310,The Rock White Glacier,6,140,185,185,95,Saucer,1640771310,7.63,230g,155x155x20,5450523148072,1152,4057743164120,,,The Rock White Glacier,The Rock White Glacier,Novelties 2020,,,,,The Rock
16-4077-1430,Saucer,Villeroy & Boch,Hospitality – Beverage Service,£5.57,,,,DE,69111000,4077,1430,The Rock White Glacier,6,115,155,155,86,Saucer,1640771430,6.23,130g,120x120x20,5450523145750,1890,4057743155548,,,The Rock White Glacier,The Rock White Glacier,Novelties 2019,,,,,The Rock
16-2040-1250,Saucer,Villeroy & Boch,Hospitality – Beverage Service,£4.41,,,,DE,69111000,2040,1250,Universal,6,140,185,185,95,Saucer,1620401250,4.93,285g,175,5450523016500,1152,4057743023984,,,Universal,Universal,white,,,,,Universal
16-2040-1281,Saucer,Villeroy & Boch,Hospitality – Beverage Service,£5.19,,,,DE,69111000,2040,1281,Universal,6,121,180,170,80,Saucer,1620401281,5.8,230g,160x160x20,5450523158545,1680,4057743187037,,,Universal,Universal,Universal,,,Neufchatel,,Universal
10-4293-1250,Saucer HO,Villeroy & Boch,Hospitality – Beverage Service,£5.66,,,,DE,69111000,4293,1250,Afina,6,140,185,185,95,Saucer HO,1042931250,6.32,261g,160x160x25,4003686436336,1152,4057743183879,,,Afina,Afina,Novelties 2024,,,,,Afina
10-4293-1460,Saucer HO,Villeroy & Boch,Hospitality – Beverage Service,£4.99,,,,DE,69111000,4293,1460,Afina,6,140,185,185,95,Saucer HO,1042931460,5.57,187g,130x130x25,4003686436404,1152,4057743183947,,,Afina,Afina,Novelties 2024,,,,,Afina
10-2337-1250,Saucer breakfast cup,Villeroy & Boch,Porcelain – Beverage Service,£18.60,,https://static.wixstatic.com/media/042ed7_c721e21b5e3f4056a53a2c530090940b~mv2.png,,DE,69111000,2337,1250,Design Naif,6,140,185,185,95,Saucer breakfast cup,1023371250,20.8,250g,168x168x20,5450102085132,1152,4057743004020,Porcelain,,,,,,,,,Design Naif
10-4153-1250,Saucer breakfast cup,Villeroy & Boch,Porcelain – Beverage Service,£8.72,,https://static.wixstatic.com/media/042ed7_4216db711d884357a2f7c5421fab6e7f~mv2.png,,DE,69111000,4153,1250,For Me,6,140,185,185,95,Saucer breakfast cup,1041531250,9.75,232g,174x174x23,4003686259300,1152,4057743009674,Porcelain,,,,,,,,,For Me
10-4100-1250,Saucer breakfast cup,Villeroy & Boch,Porcelain – Beverage Service,£12.79,,https://static.wixstatic.com/media/042ed7_88c81887d573459283733acf26ad83c4~mv2.png,,DE,69111000,4100,1250,Mariefleur Basic,6,191,225,225,75,Saucer breakfast cup,1041001250,14.3,280g,190x190x21,4003686179813,900,4057743007823,Porcelain,,,,,,,,,Mariefleur
10-4104-1250,Saucer breakfast cup,Villeroy & Boch,Porcelain – Beverage Service,£12.79,,https://static.wixstatic.com/media/042ed7_8d3810336c0e4d6ba0a474786594c717~mv2.png,,DE,69111000,4104,1250,Mariefleur Gris Basic,6,191,225,225,75,Saucer breakfast cup,1041041250,14.3,280g,190x190x21,4003686188785,900,4057743008035,Porcelain,,,,,,,,,Mariefleur
10-3460-1250,Saucer breakfast cup,Villeroy & Boch,Porcelain – Beverage Service,£11.05,,https://static.wixstatic.com/media/042ed7_7ba4c6b9b5f04a9a88a6af5d67686410~mv2.png,,DE,69111000,3460,1250,New Cottage Basic,6,191,225,225,75,Saucer breakfast cup,1034601250,12.35,280g,190x190x21,4003683454975,900,4057743006581,Porcelain,,,,,,,,,New Cottage
10-2395-1250,Saucer breakfast cup,Villeroy & Boch,Porcelain – Beverage Service,£11.05,,https://static.wixstatic.com/media/042ed7_14d194f713d24a6eb59ee7c32f1f2bb7~mv2.png,,DE,69111000,2395,1250,Petite Fleur,6,140,185,185,95,Saucer breakfast cup,1023951250,12.35,242g,170x170x20,5450102063895,1152,4057743004747,Porcelain,,,,,,,,,Petite Fleur
10-4545-2520,Saucer breakfast/soup cup,Villeroy & Boch,Porcelain – Beverage Service,£13.95,,https://static.wixstatic.com/media/042ed7_826dd89920204d85a4a41e42c0b652a9~mv2.png,,DE,69111000,4545,2520,Anmut,6,140,185,185,95,Saucer breakfast/soup cup,1045452520,15.6,243g,179x179x21,4003683226640,1152,4057743013831,Porcelain,,,,,,,,,Anmut
10-1067-1250,Saucer breakfast/soup cup,Villeroy & Boch,Porcelain – Beverage Service,£17.44,,https://static.wixstatic.com/media/042ed7_97dd493dfc2e44d6b3decf956b752467~mv2.png,,DE,69111000,1067,1250,Audun Ferme,6,191,225,225,75,Saucer breakfast/soup cup,1010671250,19.5,243g,190x190x21,4003683108816,900,4057743002033,Porcelain,,,,,,,,,Audun
10-4600-1250,Saucer breakfast/soup cup,Villeroy & Boch,Porcelain – Beverage Service,£11.05,,https://static.wixstatic.com/media/042ed7_7c7f035d8fe3415eb63ba63943e7bda5~mv2.png,,DE,69111000,4600,1250,Cellini,6,140,185,185,95,Saucer breakfast/soup cup,1046001250,12.35,235g,175x175x26,4003686135499,1152,4057743013947,Porcelain,,,,,,,,,Cellini
10-2281-1250,Saucer breakfast/soup cup,Villeroy & Boch,Porcelain – Beverage Service,£11.05,,https://static.wixstatic.com/media/042ed7_c808ac8ced6c47d88288715769ca5345~mv2.png,,DE,69111000,2281,1250,French Garden Fleurence,6,140,185,185,95,Saucer breakfast/soup cup,1022811250,12.35,242g,170x170x20,5450102344932,1152,4057743003542,Porcelain,,,,,,,,,French Garden
10-4389-1250,Saucer breakfast/soup cup,Villeroy & Boch,Porcelain – Beverage Service,£13.95,,https://static.wixstatic.com/media/042ed7_921f50bb672644e28ec8c2d87e4e5d42~mv2.png,,DE,69111000,4389,1250,White Pearl,6,191,225,225,75,Saucer breakfast/soup cup,1043891250,15.6,265g,185x185x22,4003683496722,900,4057743011455,Porcelain,,,,,,,,,White Pearl
10-2341-1280,Saucer breakfast/tea cup,Villeroy & Boch,Porcelain – Beverage Service,£8.14,,https://static.wixstatic.com/media/042ed7_938b7c1cbc564829abb5efeb515fe282~mv2.png,,DE,69111000,2341,1280,Old Luxembourg,6,121,180,170,80,Saucer breakfast/tea cup,1023411280,9.1,205g,158x158x20,5450102072064,1680,4057743004518,Porcelain,,,,,,,,,Vieux Luxembourg
10-4293-1310,Saucer coffee cup,Villeroy & Boch,Hospitality – Beverage Service,£5.35,,https://static.wixstatic.com/media/042ed7_9a933298e1c4400a8f6e6461a02cf2fe~mv2.png,,DE,69111000,4293,1310,Afina,6,140,185,185,95,Saucer coffee cup,1042931310,5.98,211g,140x140x25,4003686436114,1152,4057743183725,,,Afina,Afina,Novelties 2024,,,,,Afina
19-5174-1310,Saucer coffee cup,Villeroy & Boch,Hospitality – Beverage Service,£6.94,,https://static.wixstatic.com/media/042ed7_beb82c0fba1c4653a62d9e306fad5963~mv2.png,,DE,69111000,5174,1310,Perlemor Alga,6,140,185,185,95,Saucer coffee cup,1951741310,7.76,276g,160x160x30,4003686412422,1152,4057743174785,,,Perlemor Alga,Perlemor Alga,Novelties 2024,,,,,Perlemor
19-5172-1310,Saucer coffee cup,Villeroy & Boch,Hospitality – Beverage Service,£6.94,,https://static.wixstatic.com/media/042ed7_bf95721ee0e0472ab0989e04e2c1d445~mv2.png,,DE,69111000,5172,1310,Perlemor Sand,6,140,185,185,95,Saucer coffee cup,1951721310,7.76,276g,160x160x30,4003686410763,1152,4057743173665,,,Perlemor Sand,Perlemor Sand,Novelties 2023,,,,,Perlemor
10-3514-1310,Saucer coffee cup,Villeroy & Boch,Porcelain – Beverage Service,£14.53,,https://static.wixstatic.com/media/042ed7_8b5203169ae949c09aadd6357bc9e668~mv2.png,,DE,69111000,3514,1310,Amazonia,6,127,185,185,95,Saucer coffee cup,1035141310,16.25,212g,175x136x20,4003686194496,1152,4057743007540,Porcelain,,,,,,,,,Amazonia
14-8663-1310,Saucer coffee cup,Villeroy & Boch,Decoration & Gifts – Beverage Service,£9.88,,https://static.wixstatic.com/media/042ed7_506ce39187ce45648a727ec3b2ffb289~mv2.png,,DE,69111000,8663,1310,Colourful Spring,6,115,155,155,86,Saucer coffee cup,1486631310,11.05,175g,148x148x24,4003686357075,1890,4057743106885,Decoration & Gifts,,,,,,,,,Colourful Spring
10-4281-1310,Saucer coffee cup,Villeroy & Boch,Porcelain – Beverage Service,£7.50,,https://static.wixstatic.com/media/042ed7_3bd156767f704142ba99c9da14263b7d~mv2.png,,PT,69120025,4281,1310,Lave beige,6,129,165,158,101,Saucer coffee cup,1042811310,8.39,220g,153x152x18,4003686403543,224,4057743168135,Porcelain,,,,,,,,,Lave
10-4282-1310,Saucer coffee cup,Villeroy & Boch,Porcelain – Beverage Service,£7.50,,https://static.wixstatic.com/media/042ed7_a3a053f67c844dfeadc89bd5a4078c82~mv2.png,,PT,69120025,4282,1310,Lave glacé,6,129,165,158,101,Saucer coffee cup,1042821310,8.39,220g,153x152x18,4003686403680,0,4057743168258,Porcelain,,,,,,,,,Lave
10-4259-1310,Saucer coffee cup,Villeroy & Boch,Porcelain – Beverage Service,£7.50,,https://static.wixstatic.com/media/042ed7_488178be85fa42ebbf7198907b4bce5c~mv2.png,,PT,69120025,4259,1310,Lave gris,6,120,167,167,88,Saucer coffee cup,1042591310,8.39,220g,153x152x18,4003686402492,1344,4057743167664,Porcelain,,,,,,,,,Lave
10-4295-1310,Saucer coffee cup,Villeroy & Boch,Porcelain – Beverage Service,£7.50,,https://static.wixstatic.com/media/042ed7_22fe365b2bd64208beaaf9f7426dbdf5~mv2.png,,PT,69120025,4295,1310,Lave Vert,6,156,205,205,100,Saucer coffee cup,1042951310,8.39,220g,152x152x18,4003686437357,0,4057743184715,Porcelain,,,,,,,,,Lave
10-4100-1310,Saucer coffee cup,Villeroy & Boch,Porcelain – Beverage Service,£9.88,,https://static.wixstatic.com/media/042ed7_847efe449a0d4c7f91b9dd2e64d51ac7~mv2.png,,DE,69111000,4100,1310,Mariefleur Basic,6,121,180,170,80,Saucer coffee cup,1041001310,11.05,200g,167x167x20,4003686179837,1680,4057743007847,Porcelain,,,,,,,,,Mariefleur
10-2341-1310,Saucer coffee cup,Villeroy & Boch,Porcelain – Beverage Service,£8.14,,https://static.wixstatic.com/media/042ed7_fb0233d267794fa9a97fdc8b2ae8cc31~mv2.png,,DE,69111000,2341,1310,Old Luxembourg,6,115,155,155,86,Saucer coffee cup,1023411310,9.1,150g,143x143x17,5450102072088,1890,4057743004532,Porcelain,,,,,,,,,Vieux Luxembourg
10-4381-1310,Saucer coffee/tea cup,Villeroy & Boch,Porcelain – Beverage Service,£14.53,,https://static.wixstatic.com/media/042ed7_40d89bf28e324c52ad5e51c404fc0899~mv2.png,,DE,69111000,4381,1310,Amazonia Anmut,6,104,155,155,86,Saucer coffee/tea cup,1043811310,16.25,179g,150x150x24,4003686260146,1890,4057743011233,Porcelain,,,,,,,,,Amazonia
10-4545-1310,Saucer coffee/tea cup,Villeroy & Boch,Porcelain – Beverage Service,£9.88,,https://static.wixstatic.com/media/042ed7_0e0ba4406f3d4d5082ae6a6fafba8090~mv2.png,,DE,69111000,4545,1310,Anmut,6,115,155,155,86,Saucer coffee/tea cup,1045451310,11.05,179g,150x150x24,4003683226268,1890,4057743013794,Porcelain,,,,,,,,,Anmut
10-4130-1310,Saucer coffee/tea cup,Villeroy & Boch,Porcelain – Beverage Service,£9.30,,https://static.wixstatic.com/media/042ed7_01d592fc386f4426bec992b1f65749f8~mv2.png,,DE,69111000,4130,1310,Artesano Original,6,140,185,185,95,Saucer coffee/tea cup,1041301310,10.4,200g,156x156x20,4003686231139,1152,4057743008790,Porcelain,,,,,,,,,Artesano
10-1067-1310,Saucer coffee/tea cup,Villeroy & Boch,Porcelain – Beverage Service,£15.11,,https://static.wixstatic.com/media/042ed7_73be5c5a2c814f9eb08d46666781826a~mv2.png,,DE,69111000,1067,1310,Audun Ferme,6,121,180,170,80,Saucer coffee/tea cup,1010671310,16.9,203g,167x167x20,4003683108847,1680,4057743002057,Porcelain,,,,,,,,,Audun
10-4655-1310,Saucer coffee/tea cup,Villeroy & Boch,Porcelain – Beverage Service,£14.53,,https://static.wixstatic.com/media/042ed7_70e85bf9735f4054b0c78e71c58504f2~mv2.png,,DE,69111000,4655,1310,Avarua,6,170,225,225,75,Saucer coffee/tea cup,1046551310,16.25,240g,186x186x17,4003686393653,900,4057743163222,Porcelain,,,,,,,,,Avarua
10-4600-1310,Saucer coffee/tea cup,Villeroy & Boch,Porcelain – Beverage Service,£8.14,,https://static.wixstatic.com/media/042ed7_282eba83359f43e49278d49b904116e3~mv2.png,,DE,69111000,4600,1310,Cellini,6,140,185,185,95,Saucer coffee/tea cup,1046001310,9.1,180g,155x155x26,4003686135529,1152,4057743013961,Porcelain,,,,,,,,,Cellini
10-2337-1280,Saucer coffee/tea cup,Villeroy & Boch,Porcelain – Beverage Service,£13.95,,https://static.wixstatic.com/media/042ed7_885ff75522ea4afcba38b20094c87b7c~mv2.png,,DE,69111000,2337,1280,Design Naif,6,115,155,155,86,Saucer coffee/tea cup,1023371280,15.6,200g,148x148x19,5450102085156,1890,4057743004044,Porcelain,,,,,,,,,Design Naif
10-4153-1310,Saucer coffee/tea cup,Villeroy & Boch,Porcelain – Beverage Service,£8.14,,https://static.wixstatic.com/media/042ed7_e0deb6b0a9e54e3a846ba03cad1bed9e~mv2.png,,DE,69111000,4153,1310,For Me,6,115,155,155,86,Saucer coffee/tea cup,1041531310,9.1,175g,148x148x24,4003686259331,1890,4057743009704,Porcelain,,,,,,,,,For Me
10-2281-1280,Saucer coffee/tea cup,Villeroy & Boch,Porcelain – Beverage Service,£8.14,,https://static.wixstatic.com/media/042ed7_265361818e8e4da3afabdefc9ad13885~mv2.png,,DE,69111000,2281,1280,French Garden Fleurence,6,115,155,155,86,Saucer coffee/tea cup,1022811280,9.1,150g,145x145x20,5450102345502,1890,4057743003566,Porcelain,,,,,,,,,French Garden
10-2396-1280,Saucer coffee/tea cup,Villeroy & Boch,Porcelain – Beverage Service,£7.56,,https://static.wixstatic.com/media/042ed7_4fadb8bc09e243b5bbfa16c5a1fb8c03~mv2.png,,DE,69111000,2396,1280,Manoir,6,115,155,155,86,Saucer coffee/tea cup,1023961280,8.45,150g,145x145x20,5450102064519,1890,4057743004938,Porcelain,,,,,,,,,Manoir
10-4104-1310,Saucer coffee/tea cup,Villeroy & Boch,Porcelain – Beverage Service,£9.88,,https://static.wixstatic.com/media/042ed7_7d10579f50c34fc5a11db3b4b6351a8c~mv2.png,,DE,69111000,4104,1310,Mariefleur Gris Basic,6,121,180,170,80,Saucer coffee/tea cup,1041041310,11.05,200g,167x167x20,4003686188808,1680,4057743008059,Porcelain,,,,,,,,,Mariefleur
10-3460-1310,Saucer coffee/tea cup,Villeroy & Boch,Porcelain – Beverage Service,£9.88,,https://static.wixstatic.com/media/042ed7_7d5021358ef34b1d94eac23e1df1e11d~mv2.png,,DE,69111000,3460,1310,New Cottage Basic,6,121,180,170,80,Saucer coffee/tea cup,1034601310,11.05,200g,167x167x20,4003683454999,1680,4057743006604,Porcelain,,,,,,,,,New Cottage
10-2395-1280,Saucer coffee/tea cup,Villeroy & Boch,Porcelain – Beverage Service,£8.14,,https://static.wixstatic.com/media/042ed7_2b1641bb26d341d097d4911faf181844~mv2.png,,DE,69111000,2395,1280,Petite Fleur,6,115,155,155,86,Saucer coffee/tea cup,1023951280,9.1,150g,145x145x20,5450102063918,1890,4057743004761,Porcelain,,,,,,,,,Petite Fleur
10-4412-1310,Saucer coffee/tea cup,Villeroy & Boch,Porcelain – Beverage Service,£9.30,,https://static.wixstatic.com/media/042ed7_d0ec08c970aa4065b9578bc9434c9159~mv2.png,,DE,69111000,4412,1310,Royal,6,115,155,155,86,Saucer coffee/tea cup,1044121310,10.4,179g,150x150x24,4003686140295,1890,4057743011905,Porcelain,,,,,,,,,Royal
14-8638-1311,Saucer coffee/tea cup,Villeroy & Boch,Decoration & Gifts – Beverage Service,£9.30,,https://static.wixstatic.com/media/042ed7_43a72142621440fbbae6a2e8554f0afa~mv2.png,,CN,69111000,8638,1311,Spring Awakening,6,102,165,162,65,Saucer coffee/tea cup,1486381311,10.4,241g,148x148x24,4003686257559,1584,4057743166346,Decoration & Gifts,,,,,,,,,Spring Awakening
14-8585-1311,Saucer coffee/tea cup,Villeroy & Boch,Decoration & Gifts – Beverage Service,£11.05,,https://static.wixstatic.com/media/042ed7_548646422c0442c79b46dda5300ee804~mv2.png,,CN,69111000,8585,1311,Toy's Delight,6,129,180,180,95,Saucer coffee/tea cup,1485851311,12.35,214g,165x165x25,4003686198517,1296,4057743000985,Decoration & Gifts,,,,,,,,,Toy's Delight
14-8658-1310,Saucer coffee/tea cup,Villeroy & Boch,Decoration & Gifts – Beverage Service,£11.05,,https://static.wixstatic.com/media/042ed7_c64837a95ea647aabf7eb6a429e9b55b~mv2.png,,DE,69111000,8658,1310,Toy's Delight Royal Classic,6,191,225,225,75,Saucer coffee/tea cup,1486581310,12.35,300g,185x185x18,4003686328631,900,4057743083902,Decoration & Gifts,,,,,,,,,Toy's Delight Royal Classic
10-4389-1310,Saucer coffee/tea cup,Villeroy & Boch,Porcelain – Beverage Service,£11.05,,https://static.wixstatic.com/media/042ed7_309cc735405d43079cc8b46d3b9dd422~mv2.png,,DE,69111000,4389,1310,White Pearl,6,121,180,170,80,Saucer coffee/tea cup,1043891310,12.35,180g,160x160x21,4003683481216,1680,4057743011479,Porcelain,,,,,,,,,White Pearl
14-8585-1313,Saucer coffee/tea cup white,Villeroy & Boch,Decoration & Gifts – Beverage Service,£11.05,,https://static.wixstatic.com/media/042ed7_452394bf73a24ff0a6cbc89912a371b6~mv2.png,,CN,69111000,8585,1313,Toy's Delight,6,120,167,167,88,Saucer coffee/tea cup white,1485851313,12.35,211g,175x175x25,4003686318311,1152,4057743072463,Decoration & Gifts,,,,,,,,,Toy's Delight
16-4026-6000,Saucer cup Hot Beverages,Villeroy & Boch,Hospitality – Beverage Service,£5.09,,,,DE,69111000,4026,6000,Artesano Barista,6,121,180,170,80,Saucer cup Hot Beverages,1640266000,5.69,200g,160,5450523063320,1680,4057743051154,,,Artesano Barista,Artesano Barista,Novelties 2015,,,Artesano,,Artesano
10-4293-1430,Saucer espresso cup,Villeroy & Boch,Hospitality – Beverage Service,£4.59,,https://static.wixstatic.com/media/042ed7_b174bda483e44c5e83e0bf47cb3f882a~mv2.png,,DE,69111000,4293,1430,Afina,6,66,120,120,130,Saucer espresso cup,1042931430,5.14,147g,115x115x20,4003686436138,2160,4057743183749,,,Afina,Afina,Novelties 2024,,,,,Afina
19-5174-1430,Saucer espresso cup,Villeroy & Boch,Hospitality – Beverage Service,£5.54,,https://static.wixstatic.com/media/042ed7_935dd767884e4f3ca656be12fdbbf911~mv2.png,,DE,69111000,5174,1430,Perlemor Alga,6,140,185,185,95,Saucer espresso cup,1951741430,6.2,152g,120x120x20,4003686412491,1152,4057743174853,,,Perlemor Alga,Perlemor Alga,Novelties 2024,,,,,Perlemor
19-5172-1430,Saucer espresso cup,Villeroy & Boch,Hospitality – Beverage Service,£5.54,,https://static.wixstatic.com/media/042ed7_cd6fb34b57734e40a92ee3866b93385e~mv2.png,,DE,69111000,5172,1430,Perlemor Sand,6,140,185,185,95,Saucer espresso cup,1951721430,6.2,152g,120x120x20,4003686410831,1152,4057743173733,,,Perlemor Sand,Perlemor Sand,Novelties 2023,,,,,Perlemor
10-3514-1430,Saucer espresso cup,Villeroy & Boch,Porcelain – Beverage Service,£13.37,,https://static.wixstatic.com/media/042ed7_4b46b551c57b40668045217e2bfb1335~mv2.png,,DE,69111000,3514,1430,Amazonia,6,104,155,155,86,Saucer espresso cup,1035141430,14.95,116g,138x106x18,4003686161535,1890,4057743007564,Porcelain,,,,,,,,,Amazonia
10-4381-1430,Saucer espresso cup,Villeroy & Boch,Porcelain – Beverage Service,£13.37,,https://static.wixstatic.com/media/042ed7_c2b7b3e3b74d421f89ca92c437066249~mv2.png,,DE,69111000,4381,1430,Amazonia Anmut,6,104,155,155,86,Saucer espresso cup,1043811430,14.95,105g,120x120x20,4003686260160,1890,4057743011257,Porcelain,,,,,,,,,Amazonia
10-4545-1430,Saucer espresso cup,Villeroy & Boch,Porcelain – Beverage Service,£8.72,,https://static.wixstatic.com/media/042ed7_5078ae94100e41f28ad3f2ecb57cb78b~mv2.png,,DE,69111000,4545,1430,Anmut,6,115,155,155,86,Saucer espresso cup,1045451430,9.75,124g,120x120x20,4003683226299,1890,4057743013817,Porcelain,,,,,,,,,Anmut
10-4130-1430,Saucer espresso cup,Villeroy & Boch,Porcelain – Beverage Service,£8.72,,https://static.wixstatic.com/media/042ed7_ff57a044573b4a18ade56efda3338ebb~mv2.png,,DE,69111000,4130,1430,Artesano Original,6,115,155,155,86,Saucer espresso cup,1041301430,9.75,140g,120x120x20,4003686208568,1890,4057743008813,Porcelain,,,,,,,,,Artesano
10-1067-1430,Saucer espresso cup,Villeroy & Boch,Porcelain – Beverage Service,£13.37,,https://static.wixstatic.com/media/042ed7_07506efcff894f02a5518883b3f522a8~mv2.png,,DE,69111000,1067,1430,Audun Ferme,6,115,155,155,86,Saucer espresso cup,1010671430,14.95,142g,136x136x18,4003683108878,1890,4057743002071,Porcelain,,,,,,,,,Audun
10-4655-1430,Saucer espresso cup,Villeroy & Boch,Porcelain – Beverage Service,£13.37,,https://static.wixstatic.com/media/042ed7_8f67781a17f142699b264914b2432f4e~mv2.png,,DE,69111000,4655,1430,Avarua,6,104,155,155,86,Saucer espresso cup,1046551430,14.95,148g,142x142x14,4003686393677,1890,4057743163246,Porcelain,,,,,,,,,Avarua
10-4600-1430,Saucer espresso cup,Villeroy & Boch,Porcelain – Beverage Service,£7.56,,https://static.wixstatic.com/media/042ed7_8dd201e43dc54758862e7699cc1ac47f~mv2.png,,DE,69111000,4600,1430,Cellini,6,115,155,155,86,Saucer espresso cup,1046001430,8.45,110g,123x123x23,4003686135550,1890,4057743013985,Porcelain,,,,,,,,,Cellini
14-8663-1430,Saucer espresso cup,Villeroy & Boch,Decoration & Gifts – Beverage Service,£8.72,,https://static.wixstatic.com/media/042ed7_5823417f44e74207b6c5c0ee0ad44ccc~mv2.png,,DE,69111000,8663,1430,Colourful Spring,6,115,155,155,86,Saucer espresso cup,1486631430,9.75,115g,117x117x20,4003686386907,1890,4057743161006,Decoration & Gifts,,,,,,,,,Colourful Spring
10-2337-1430,Saucer espresso cup,Villeroy & Boch,Porcelain – Beverage Service,£13.37,,https://splendid-product-images.pages.dev/vb/10-2337-1430.png,,DE,69111000,2337,1430,Design Naif,6,115,155,155,86,Saucer espresso cup,1023371430,14.95,115g,120x120x17,5450102085194,1890,4057743004075,Porcelain,,,,,,,,,Design Naif
10-4153-1430,Saucer espresso cup,Villeroy & Boch,Porcelain – Beverage Service,£6.39,,https://splendid-product-images.pages.dev/vb/10-4153-1430.png,,DE,69111000,4153,1430,For Me,6,115,155,155,86,Saucer espresso cup,1041531430,7.15,115g,117x117x20,4003686259355,1890,4057743009728,Porcelain,,,,,,,,,For Me
10-2281-1430,Saucer espresso cup,Villeroy & Boch,Porcelain – Beverage Service,£7.56,,https://splendid-product-images.pages.dev/vb/10-2281-1430.png,,DE,69111000,2281,1430,French Garden Fleurence,6,115,155,155,86,Saucer espresso cup,1022811430,8.45,105g,122x122x16,5450102344963,1890,4057743003597,Porcelain,,,,,,,,,French Garden
10-2396-1430,Saucer espresso cup,Villeroy & Boch,Porcelain – Beverage Service,£6.39,,https://splendid-product-images.pages.dev/vb/10-2396-1430.png,,DE,69111000,2396,1430,Manoir,6,115,155,155,86,Saucer espresso cup,1023961430,7.15,105g,122x122x16,5450102064557,1890,4057743004969,Porcelain,,,,,,,,,Manoir
10-4100-1430,Saucer espresso cup,Villeroy & Boch,Porcelain – Beverage Service,£8.72,,https://splendid-product-images.pages.dev/vb/10-4100-1430.png,,DE,69111000,4100,1430,Mariefleur Basic,6,115,155,155,86,Saucer espresso cup,1041001430,9.75,120g,120x120x15,4003686179851,1890,4057743007861,Porcelain,,,,,,,,,Mariefleur
10-4104-1430,Saucer espresso cup,Villeroy & Boch,Porcelain – Beverage Service,£8.72,,https://splendid-product-images.pages.dev/vb/10-4104-1430.png,,DE,69111000,4104,1430,Mariefleur Gris Basic,6,115,155,155,86,Saucer espresso cup,1041041430,9.75,120g,120x120x15,4003686188822,1890,4057743008073,Porcelain,,,,,,,,,Mariefleur
10-1690-1430,Saucer espresso cup,Villeroy & Boch,Porcelain – Beverage Service,£10.99,,https://splendid-product-images.pages.dev/vb/10-1690-1430.png,,DE,69111000,1690,1430,Memphis Collection,6,80,130,140,140,Saucer espresso cup,1016901430,12.29,166g,120x120x18,4003686450547,0,4057743193946,Porcelain,,,,,NEW,,,,Memphis
10-3460-1430,Saucer espresso cup,Villeroy & Boch,Porcelain – Beverage Service,£8.72,,https://splendid-product-images.pages.dev/vb/10-3460-1430.png,,DE,69111000,3460,1430,New Cottage Basic,6,115,155,155,86,Saucer espresso cup,1034601430,9.75,120g,120x120x15,4003683455712,1890,4057743006628,Porcelain,,,,,,,,,New Cottage
10-2341-1430,Saucer espresso cup,Villeroy & Boch,Porcelain – Beverage Service,£7.56,,https://splendid-product-images.pages.dev/vb/10-2341-1430.png,,DE,69111000,2341,1430,Old Luxembourg,6,115,155,155,86,Saucer espresso cup,1023411430,8.45,122g,120x120x16,5450102072101,1890,4057743004556,Porcelain,,,,,,,,,Vieux Luxembourg
10-2395-1430,Saucer espresso cup,Villeroy & Boch,Porcelain – Beverage Service,£7.56,,https://splendid-product-images.pages.dev/vb/10-2395-1430.png,,DE,69111000,2395,1430,Petite Fleur,6,115,155,155,86,Saucer espresso cup,1023951430,8.45,105g,122x122x16,5450102063956,1890,4057743004792,Porcelain,,,,,,,,,Petite Fleur
10-4412-1430,Saucer espresso cup,Villeroy & Boch,Porcelain – Beverage Service,£8.14,,https://splendid-product-images.pages.dev/vb/10-4412-1430.png,,DE,69111000,4412,1430,Royal,6,115,155,155,86,Saucer espresso cup,1044121430,9.1,124g,120x120x20,4003683213923,1890,4057743011929,Porcelain,,,,,,,,,Royal
10-4730-1430,Saucer espresso cup,Villeroy & Boch,Porcelain – Beverage Service,£22.09,,https://splendid-product-images.pages.dev/vb/10-4730-1430.png,,DE,69111000,4730,1430,Samarkand Aquamarin,6,104,155,155,86,Saucer espresso cup,1047301430,24.7,105g,126x126x23,4003686159488,1890,4057743014777,Porcelain,,,,,,,,,Samarkand
10-4732-1430,Saucer espresso cup,Villeroy & Boch,Porcelain – Beverage Service,£22.09,,https://splendid-product-images.pages.dev/vb/10-4732-1430.png,,DE,69111000,4732,1430,Samarkand Mandarin,6,104,155,155,86,Saucer espresso cup,1047321430,24.7,105g,126x126x23,4003686159877,1890,4057743014920,Porcelain,,,,,,,,,Samarkand
10-4731-1430,Saucer espresso cup,Villeroy & Boch,Porcelain – Beverage Service,£22.09,,https://splendid-product-images.pages.dev/vb/10-4731-1430.png,,DE,69111000,4731,1430,Samarkand Rubin,6,104,155,155,86,Saucer espresso cup,1047311430,24.7,105g,126x126x23,4003686159822,1890,4057743014845,Porcelain,,,,,,,,,Samarkand
14-8585-1431,Saucer espresso cup,Villeroy & Boch,Decoration & Gifts – Beverage Service,£10.46,,https://splendid-product-images.pages.dev/vb/14-8585-1431.png,,CN,69111000,8585,1431,Toy's Delight,6,145,137,66,138,Saucer espresso cup,1485851431,11.7,112g,130x130x21,4003686198548,2100,4057743001005,Decoration & Gifts,,,,,,,,,Toy's Delight
10-4389-1430,Saucer espresso cup,Villeroy & Boch,Porcelain – Beverage Service,£9.88,,https://splendid-product-images.pages.dev/vb/10-4389-1430.png,,DE,69111000,4389,1430,White Pearl,6,115,155,155,86,Saucer espresso cup,1043891430,11.05,110g,130x130x16,4003683481230,1890,4057743011493,Porcelain,,,,,,,,,White Pearl
10-4653-2520,Saucer soup cup,Villeroy & Boch,Hospitality – Beverage Service,£10.81,,,,DE,69111000,4653,2520,Anmut Gold,6,140,185,185,95,Saucer soup cup,1046532520,12.1,243g,180x180x20,4003686440838,1152,4057743186504,,,Anmut Gold,Anmut Gold,Novelties 2023,,,,,Anmut
10-4636-2520,Saucer soup cup,Villeroy & Boch,Hospitality – Beverage Service,£10.64,,,,DE,69111000,4636,2520,Anmut Platinum No.1,6,140,185,185,95,Saucer soup cup,1046362520,11.9,243g,180x180x20,4003686440890,1152,4057743186566,,,Anmut Platinum No.1,Anmut Platinum No.1,Novelties 2023,,,,,Anmut
10-4661-2520,Saucer soup cup,Villeroy & Boch,Hospitality – Beverage Service,£14.93,,https://splendid-product-images.pages.dev/vb/10-4661-2520.png,,DE,69111000,4661,2520,Château Septfontaines,6,209,185,185,95,Saucer soup cup,1046612520,16.69,242g,180x180x25,4003686403048,1152,4057743167848,,,Château Septfontaines,Château Septfontaines,Novelties 2021,,,,,Chateau Septfontaines
10-4652-2522,Saucer soup cup,Villeroy & Boch,Hospitality – Beverage Service,£21.99,,,,DE,69111000,4652,2522,MetroChic,6,127,185,185,95,Saucer soup cup,1046522522,24.59,240g,180x180x25,4003686440944,1152,4057743186610,,,MetroChic,MetroChic,Novelties 2024,,,,,MetroChic
10-2525-2528,Saucer soup cup,Villeroy & Boch,Hospitality – Beverage Service,£5.80,,https://splendid-product-images.pages.dev/vb/10-2525-2528.png,,DE,69111000,2525,2528,NewWave,4,140,185,185,95,Saucer soup cup,1025252528,6.49,315g,180x150x31,4003683405434,768,4057743005355,,,NewWave,NewWave,,,,,,NewWave
16-3272-2520,Saucer soup cup,Villeroy & Boch,Hospitality – Beverage Service,£7.89,,,,DE,69111000,3272,2520,Stella Hotel,6,140,185,185,95,Saucer soup cup,1632722520,8.83,243g,180x180x20,5450102384174,1152,4057743032290,,,Stella Hotel,Stella Hotel,Stella Hotel,,,,,Stella
16-3272-2522,Saucer soup cup,Villeroy & Boch,Hospitality – Beverage Service,£9.64,,,,DE,69111000,3272,2522,Stella Hotel,6,140,185,185,95,Saucer soup cup,1632722522,10.78,240g,180x180x25,5450523003364,1152,4057743032306,,,Stella Hotel,Stella Hotel,Stella Hotel,,Yes,,,Stella
10-1067-2521,Saucer soup cup,Villeroy & Boch,Porcelain – Beverage Service,£17.44,,https://splendid-product-images.pages.dev/vb/10-1067-2521.png,,DE,69111000,1067,2521,Audun Ferme,6,140,185,185,95,Saucer soup cup,1010672521,19.5,280g,192x192x22,4003686438057,1152,4057743184982,Porcelain,,,,,,,,,Audun
10-2337-2520,Saucer soup cup,Villeroy & Boch,Porcelain – Beverage Service,£19.18,,https://splendid-product-images.pages.dev/vb/10-2337-2520.png,,DE,69111000,2337,2520,Design Naif,6,191,225,225,75,Saucer soup cup,1023372520,21.45,295g,187x187x19,5450102085095,900,4057743004112,Porcelain,,,,,,,,,Design Naif
10-2341-2520,Saucer soup cup,Villeroy & Boch,Porcelain – Beverage Service,£11.05,,https://splendid-product-images.pages.dev/vb/10-2341-2520.png,,DE,69111000,2341,2520,Old Luxembourg,6,191,225,225,75,Saucer soup cup,1023412520,12.35,280g,187x187x18,5450102072026,900,4057743004648,Porcelain,,,,,,,,,Vieux Luxembourg
10-3514-1280,Saucer tea cup,Villeroy & Boch,Porcelain – Beverage Service,£14.53,,https://splendid-product-images.pages.dev/vb/10-3514-1280.png,,DE,69111000,3514,1280,Amazonia,6,127,185,185,95,Saucer tea cup,1035141280,16.25,213g,175x136x20,4003686194472,1152,4057743007526,Porcelain,,,,,,,,,Amazonia
10-4217-1280,Saucer tea cup,Villeroy & Boch,Porcelain – Beverage Service,£9.88,,https://splendid-product-images.pages.dev/vb/10-4217-1280.png,,DE,69111000,4217,1280,Mariefleur Tea,6,121,180,170,80,Saucer tea cup,1042171280,11.05,200g,167x167x20,4003686332270,1680,4057743085883,Porcelain,,,,,,,,,Mariefleur
10-4130-1220,Saucer white coffee cup,Villeroy & Boch,Porcelain – Beverage Service,£11.05,,https://splendid-product-images.pages.dev/vb/10-4130-1220.png,,DE,69111000,4130,1220,Artesano Original,6,140,185,185,95,Saucer white coffee cup,1041301220,12.35,239g,174x174x22,4003686290983,1152,4057743008769,Porcelain,,,,,,,,,Artesano
14-8585-1221,Saucer white coffee cup,Villeroy & Boch,Decoration & Gifts – Beverage Service,£11.05,,https://splendid-product-images.pages.dev/vb/14-8585-1221.png,,CN,69111000,8585,1221,Toy's Delight,6,250,194,83,196,Saucer white coffee cup,1485851221,12.35,245g,190x190x27,4003686198579,1080,4057743000961,Decoration & Gifts,,,,,,,,,Toy's Delight
14-8630-1220,Saucer white coffee cup XL,Villeroy & Boch,Porcelain – Beverage Service,£13.95,,https://splendid-product-images.pages.dev/vb/14-8630-1220.png,,DE,69111000,8630,1220,Charm & Breakfast Design Naif,6,194,225,230,95,Saucer white coffee cup XL,1486301220,15.6,300g,195x195x29,4003686208834,810,4057743023205,Porcelain,,,,,,,,,Design Naif
14-8595-1220,Saucer white coffee cup XL,Villeroy & Boch,Porcelain – Beverage Service,£11.05,,https://splendid-product-images.pages.dev/vb/14-8595-1220.png,,DE,69111000,8595,1220,Charm & Breakfast French Garden,6,194,225,230,95,Saucer white coffee cup XL,1485951220,12.35,300g,195x195x29,4003683488536,810,4057743021713,Porcelain,,,,,,,,,French Garden
10-4412-1220,Saucer white coffee/soup cup,Villeroy & Boch,Porcelain – Beverage Service,£12.21,,https://splendid-product-images.pages.dev/vb/10-4412-1220.png,,DE,69111000,4412,1220,Royal,6,140,185,185,95,Saucer white coffee/soup cup,1044121220,13.65,243g,179x179x21,4003683243098,1152,4057743011868,Porcelain,,,,,,,,,Royal
10-4290-7890,Scented Candle beige,Villeroy & Boch,Decoration & Gifts – Accessories,£18.55,,https://splendid-product-images.pages.dev/vb/10-4290-7890.png,,HU,34060000,4290,7890,New Moon Home,6,410,310,215,110,Scented Candle beige,1042907890,20.74,540g,86x86x91,4003686421417,84,4057743181141,Decoration & Gifts,0.29,,,,Discontinued 30.06.2026,,,,NewMoon
14-8585-7890,Scented candle,Villeroy & Boch,Decoration & Gifts – Accessories,£20.29,,https://splendid-product-images.pages.dev/vb/14-8585-7890.png,,HU,34060000,8585,7890,Toy's Delight,6,410,310,215,110,Scented candle,1485857890,22.69,510g,90x90x90,4003686441262,0,4057743186856,Decoration & Gifts,0.39,,,,NEW,,,,Toy's Delight
10-4290-7891,Scented candle taupe,Villeroy & Boch,Decoration & Gifts – Accessories,£18.55,,https://splendid-product-images.pages.dev/vb/10-4290-7891.png,,HU,34060000,4290,7891,New Moon Home,6,410,310,215,110,Scented candle taupe,1042907891,20.74,540g,86x86x91,4003686421424,84,4057743181158,Decoration & Gifts,0.29,,,,Discontinued 30.06.2026,,,,NewMoon
10-4483-6072,Serving / Decorative bowl,Villeroy & Boch,Hospitality – Crockery,£113.61,,https://static.wixstatic.com/media/042ed7_334c1e26e87641919f1cec87046a9327~mv2.png,,DE,69111000,4483,6072,MetroChic Gifts,1,247,435,355,70,Serving / Decorative bowl,1044836072,127.03,1478g,330x330x40,4003686381919,61,,,2.5,MetroChic Gifts,MetroChic Gifts,MetroChic Gifts,,,,,MetroChic
10-4656-6072,Serving / Decorative bowl,Villeroy & Boch,Porcelain – Crockery,£86.62,,https://static.wixstatic.com/media/042ed7_03cdb272b370465d88bbc9f03a34bc2e~mv2.png,,DE,69111000,4656,6072,Avarua Gifts,1,247,435,355,70,Serving / Decorative bowl,1046566072,96.85,1478g,330x330x40,4003686394476,61,,Porcelain,2.5,,,,,,,,Avarua
19-5174-3170,Serving Dish,Villeroy & Boch,Hospitality – Crockery,£20.38,,https://static.wixstatic.com/media/042ed7_379518ebcc21407888b4ae7a07393b43~mv2.png,,DE,69111000,5174,3170,Perlemor Alga,1,264,270,270,150,Serving Dish,1951743170,22.79,1068g,225x225x125,4003686419544,48,,,3.62,Perlemor Alga,Perlemor Alga,Novelties 2024,,,,,Perlemor
19-5172-3170,Serving Dish,Villeroy & Boch,Hospitality – Crockery,£20.38,,https://static.wixstatic.com/media/042ed7_6ba9f8b91eac4388b6d75926337e9125~mv2.png,,DE,69111000,5172,3170,Perlemor Sand,1,144,220,220,145,Serving Dish,1951723170,22.79,1068g,225x225x125,4003686419056,93,,,3.6,Perlemor Sand,Perlemor Sand,Novelties 2023,,,,,Perlemor
14-8585-3877,Serving bowl,Villeroy & Boch,Decoration & Gifts – Crockery,£23.20,,https://static.wixstatic.com/media/042ed7_0cee2dad6bf6496fa6c4280087d67c0c~mv2.png,,CN,69111000,8585,3877,Toy's Delight,1,100,170,55,170,Serving bowl,1485853877,25.94,366g,160x160x50,4003686267640,352,,Decoration & Gifts,,,,,,,,,Toy's Delight
14-8585-3884,Serving bowl,Villeroy & Boch,Decoration & Gifts – Crockery,£80.81,,https://static.wixstatic.com/media/042ed7_193c0c084a844717b222e64c5020dec9~mv2.png,,CN,69111000,8585,3884,Toy's Delight,1,506,495,495,90,Serving bowl,1485853884,90.35,2300g,457x457x50,4003683495411,17,,Decoration & Gifts,4.4,,,,,,,,Toy's Delight
10-4510-2581,Serving dish,Villeroy & Boch,Hospitality – Crockery,£22.46,,https://static.wixstatic.com/media/042ed7_26b0c6163c1c47d38ce267963b174fe7~mv2.png,,DE,69111000,4510,2581,Modern Grace,1,94,357,195,42,Serving dish,1045102581,25.11,700g,350x180x25,4003683481728,260,,,,Modern Grace,Modern Grace,Novelties 2010,,,,,Modern Grace
16-2040-2906,Serving dish,Villeroy & Boch,Hospitality – Crockery,£31.15,,,,DE,69111000,2040,2906,Universal,1,171,517,320,58,Serving dish,1620402906,34.83,2165g,500x260x55,5450523158408,64,,,,Universal,Universal,Universal,,,Urban Nature,,Universal
16-2040-2916,Serving dish,Villeroy & Boch,Hospitality – Crockery,£24.88,,,,DE,69111000,2040,2916,Universal,1,167,455,328,55,Serving dish,1620402916,27.82,1381g,420x240x50,5450523158415,82,,,,Universal,Universal,Universal,,,Urban Nature,,Universal
10-4281-2910,Serving dish,Villeroy & Boch,Porcelain – Crockery,£29.59,,https://static.wixstatic.com/media/042ed7_11fb5dcae183482382b4d9b33c0c4f50~mv2.png,,PT,69120025,4281,2910,Lave beige,4,490,335,335,97,Serving dish,1042812910,33.09,1172g,318x318x28,4003686403598,232,4057743181585,Porcelain,,,,,,,,,Lave
10-4282-2910,Serving dish,Villeroy & Boch,Porcelain – Crockery,£29.59,,https://static.wixstatic.com/media/042ed7_eb58b471c0b54c5694a6858980ef10ad~mv2.png,,PT,69120025,4282,2910,Lave glacé,4,490,335,335,97,Serving dish,1042822910,33.09,1300g,318x318x28,4003686403734,232,4057743181592,Porcelain,,,,,,,,,Lave
10-4259-2910,Serving dish,Villeroy & Boch,Porcelain – Crockery,£29.59,,https://static.wixstatic.com/media/042ed7_59ad8889b4964f70a4fb4bd809e931c0~mv2.png,,PT,69120025,4259,2910,Lave gris,4,490,335,335,97,Serving dish,1042592910,33.09,1172g,318x318x28,4003686403345,232,4057743181578,Porcelain,,,,,,,,,Lave
10-4295-2910,Serving dish,Villeroy & Boch,Porcelain – Crockery,£29.59,,https://static.wixstatic.com/media/042ed7_8c6da8971b6644e69022298f77aa6479~mv2.png,,PT,69120025,4295,2910,Lave Vert,4,390,330,330,95,Serving dish,1042952910,33.09,1265g,318x315x27,4003686437425,0,4057743184784,Porcelain,,,,,,,,,Lave
10-4100-2916,Serving dish,Villeroy & Boch,Porcelain – Crockery,£51.69,,https://static.wixstatic.com/media/042ed7_542b1ffc32bc4ff080bbed83ac800d7d~mv2.png,,DE,69111000,4100,2916,Mariefleur Basic,1,152,350,340,45,Serving dish,1041002916,57.79,950g,340x260x32,4003686238510,132,,Porcelain,,,,,,,,,Mariefleur
10-4104-2916,Serving dish,Villeroy & Boch,Porcelain – Crockery,£51.69,,https://static.wixstatic.com/media/042ed7_3d31b00035b74b8bb515d674818ac83b~mv2.png,,DE,69111000,4104,2916,Mariefleur Gris Basic,1,141,347,350,41,Serving dish,1041042916,57.79,950g,340x260x32,4003686238596,132,,Porcelain,,,,,,,,,Mariefleur
10-3460-2916,Serving dish,Villeroy & Boch,Porcelain – Crockery,£36.57,,https://static.wixstatic.com/media/042ed7_de5b3eb053884dbe9c9b27ffd286af1c~mv2.png,,DE,69111000,3460,2916,New Cottage Basic,1,141,347,350,41,Serving dish,1034602916,40.89,950g,340x260x32,4003683455798,132,,Porcelain,,,,,,,,,New Cottage
14-8585-2580,Serving dish,Villeroy & Boch,Decoration & Gifts – Crockery,£31.92,,https://static.wixstatic.com/media/042ed7_8668b1cd39794446bfb1ed44fa4596e2~mv2.png,,CN,69111000,8585,2580,Toy's Delight,1,150,275,275,35,Serving dish,1485852580,35.69,730g,265x265x31,4003686267633,256,,Decoration & Gifts,,,,,,,,,Toy's Delight
14-8585-2920,Serving dish medium,Villeroy & Boch,Decoration & Gifts – Crockery,£49.36,,https://static.wixstatic.com/media/042ed7_7b2029420e4e4565961473e5b43e3a18~mv2.png,,CN,69111000,8585,2920,Toy's Delight,1,227,395,250,45,Serving dish medium,1485852920,55.19,1137g,378x240x35,4003686288294,162,,Decoration & Gifts,,,,,,,,,Toy's Delight
12-6387-1260,Serving fork,Villeroy & Boch,Cutlery – Cutlery,£23.20,,https://static.wixstatic.com/media/042ed7_f3b01bf9b15a46569403f48319e92407~mv2.png,,VN,82159910,6387,1260,Blacksmith,1,2,270,60,25,Serving fork,1263871260,25.94,85g,230x32x28,4003683483715,600,,Cutlery,,,,,,,,,Blacksmith
12-6526-1260,Serving fork,Villeroy & Boch,Cutlery – Cutlery,£23.20,,https://static.wixstatic.com/media/042ed7_b3419059f96d4cc595e117cd29858d87~mv2.png,,VN,82159910,6526,1260,Boston,1,2,270,40,25,Serving fork,1265261260,25.94,126g,244x64x30,4003686356801,1500,,Cutlery,,,,,,,,,Boston
12-6351-1260,Serving fork,Villeroy & Boch,Cutlery – Cutlery,£23.20,,https://static.wixstatic.com/media/042ed7_390b9f4095aa447c8e60e89851feb77e~mv2.png,,VN,82159910,6351,1260,Ella partially gold plated,1,2,270,80,25,Serving fork,1263511260,25.94,74g,241x33x27,4003683313661,2400,,Cutlery,,,,,,,,,Ella
12-6243-1260,Serving fork,Villeroy & Boch,Cutlery – Cutlery,£33.08,,https://static.wixstatic.com/media/042ed7_f5ccc4622fd04bac8c4296f8a6fb1740~mv2.png,,VN,82159910,6243,1260,Kreuzband-Septfontaines,1,2,270,40,25,Serving fork,1262431260,36.99,90g,243x28x25,4011417044057,999,,Cutlery,,,,,,,,,Kreuzband Septfontaines
12-6417-1260,Serving fork,Villeroy & Boch,Cutlery – Cutlery,£23.20,,https://static.wixstatic.com/media/042ed7_9152b826e6854af497b05b268a53b123~mv2.png,,VN,82159910,6417,1260,La Classica,1,2,270,40,25,Serving fork,1264171260,25.94,94g,242x33x28,4003686262560,300,,Cutlery,,,,,,,,,La Classica
12-6448-1260,Serving fork,Villeroy & Boch,Cutlery – Cutlery,£23.20,,https://static.wixstatic.com/media/042ed7_61aed603c2174e75b020ebe3e006dc22~mv2.png,,VN,82159910,6448,1260,Montauk,1,2,270,40,25,Serving fork,1264481260,25.94,92g,242x32x28,4003686329027,1200,,Cutlery,,,,,,,,,Montauk
12-6233-1260,Serving fork,Villeroy & Boch,Cutlery – Cutlery,£33.08,,https://static.wixstatic.com/media/042ed7_c341970eafbe476094f9681f40c3b38f~mv2.png,,VN,82159910,6233,1260,Neufaden-Merlemont,1,2,285,80,30,Serving fork,1262331260,36.99,80g,246x39x28,4011417038759,2400,,Cutlery,,,,,,,,,Neufaden Merlemont
12-6338-1260,Serving fork,Villeroy & Boch,Cutlery – Cutlery,£23.20,,https://static.wixstatic.com/media/042ed7_2d6f3922942948a6bb23a71921fdf1ea~mv2.png,,ID,82159910,6338,1260,NewWave,1,2,270,40,25,Serving fork,1263381260,25.94,76g,236x30x34,4003683246914,999,,Cutlery,,,,,,,,,NewWave
12-6264-1260,Serving fork,Villeroy & Boch,Cutlery – Cutlery,£23.20,,https://static.wixstatic.com/media/042ed7_f4cf2671cbf243c498c53ecafdc8173b~mv2.png,,VN,82159910,6264,1260,Piemont,1,2,285,80,30,Serving fork,1262641260,25.94,84g,240x42x24,4011417052472,2400,,Cutlery,,,,,,,,,Piemont
12-6347-1260,Serving fork,Villeroy & Boch,Cutlery – Cutlery,£23.20,,https://static.wixstatic.com/media/042ed7_7481b03d2fd14dce8b750d3a9b85b364~mv2.png,,VN,82159910,6347,1260,Udine,1,2,310,60,30,Serving fork,1263471260,25.94,104g,246x38x31,4003683286323,5760,,Cutlery,,,,,,,,,Udine
10-3514-2580,Serving plate,Villeroy & Boch,Porcelain – Crockery,£58.08,,https://static.wixstatic.com/media/042ed7_8b22fc08ee54495c97cac1c01ecf9a6d~mv2.png,,DE,69111000,3514,2580,Amazonia,1,169,330,444,42,Serving plate,1035142580,64.94,900g,446x225x27,4003686194564,118,,Porcelain,,,,,,,,,Amazonia
10-3514-2581,Serving plate,Villeroy & Boch,Porcelain – Crockery,£49.36,,https://static.wixstatic.com/media/042ed7_d3ca6d71f95d4d32bcb5335f4f69c92c~mv2.png,,DE,69111000,3514,2581,Amazonia,1,97,355,185,40,Serving plate,1035142581,55.19,700g,347x178x25,4003686194571,260,,Porcelain,,,,,,,,,Amazonia
10-1665-6008,Serving plate black,Villeroy & Boch,Hospitality – Crockery,£17.70,,https://static.wixstatic.com/media/042ed7_3fc3a630dc284ba290ef0756d465e051~mv2.png,,DE,69111000,1665,6008,Iconic,6,222,250,250,95,Serving plate black,1016656008,19.79,578g,240x240x10,4003686389502,576,4057743162201,,,Iconic,Iconic La Boule black,Novelties 2020,,,,,Iconic
10-1665-6030,Serving plate grey,Villeroy & Boch,Hospitality – Crockery,£17.70,,https://static.wixstatic.com/media/042ed7_70e27c826bc44c06bb2b851dd37eac2d~mv2.png,,DE,69111000,1665,6030,Iconic,6,222,250,250,95,Serving plate grey,1016656030,19.79,621g,240x240x10,4003686413856,576,4057743175515,,,Iconic,Iconic La Boule beige,Novelties 2022,,,,,Iconic
10-1665-6004,Serving plate white,Villeroy & Boch,Hospitality – Crockery,£17.70,,https://static.wixstatic.com/media/042ed7_cabd2fd68ce84d00a86d70c542bbeda8~mv2.png,,DE,69111000,1665,6004,Iconic,6,222,250,250,95,Serving plate white,1016656004,19.79,609g,240x240x15,4003686388277,576,4057743161631,,,Iconic,Iconic La Boule white,Novelties 2020,,,,,Iconic
10-4554-2595,Serving platter,Villeroy & Boch,Porcelain – Crockery,£22.04,,https://static.wixstatic.com/media/042ed7_b428b800fdb14817a2887b5a5efeaf42~mv2.png,,DE,69111000,4554,2595,Fleur couleur,6,368,325,330,90,Serving platter,1045542595,24.64,998g,318x318x24,4003686451308,408,4057743193786,Porcelain,,,,,NEW,,,,Fleur
10-1375-2581,Serving platter,Villeroy & Boch,Porcelain – Crockery,£29.01,,https://static.wixstatic.com/media/042ed7_bf8ed4c083ee44218fa9922b63dab9ea~mv2.png,,IN,68029100,1375,2581,Manufacture Travertine,1,480,285,285,30,Serving platter,1013752581,32.44,1205g,245x245x17,4003686449725,0,,Porcelain,,,,,NEW,,,,Manufacture Travertine
10-1375-2906,Serving platter,Villeroy & Boch,Porcelain – Crockery,£58.08,,https://static.wixstatic.com/media/042ed7_2c1411d4e0004d4d8d79b8a2db72a6f6~mv2.png,,IN,68029100,1375,2906,Manufacture Travertine,1,750,450,325,30,Serving platter,1013752906,64.94,2790g,405x282x17,4003686449718,0,,Porcelain,,,,,NEW,,,,Manufacture Travertine
10-1375-2916,Serving platter,Villeroy & Boch,Porcelain – Crockery,£23.20,,https://static.wixstatic.com/media/042ed7_ce8c6cd3a20f4ccda5c3b47dcc11e8d8~mv2.png,,IN,68029100,1375,2916,Manufacture Travertine,1,285,155,305,30,Serving platter,1013752916,25.94,720g,255x105x15,4003686449732,0,,Porcelain,,,,,NEW,,,,Manufacture Travertine
10-1690-2815,Serving platter,Villeroy & Boch,Porcelain – Crockery,£58.08,,https://static.wixstatic.com/media/042ed7_a9c7041dde1f4557a69a55cac79ab67c~mv2.png,,DE,69111000,1690,2815,Memphis Collection,4,141,347,350,41,Serving platter,1016902815,64.94,1225g,330x330x29,4003686449626,208,4057743190754,Porcelain,,,,,NEW,,,,Memphis
10-1690-2816,Serving platter,Villeroy & Boch,Porcelain – Crockery,£40.64,,https://static.wixstatic.com/media/042ed7_0711e5582c4143ada7710fddc3bb2942~mv2.png,,DE,69111000,1690,2816,Memphis Collection,4,219,290,290,98,Serving platter,1016902816,45.44,980g,290x290x29,4003686449633,320,4057743190761,Porcelain,,,,,NEW,,,,Memphis
14-8585-2905,Serving platter,Villeroy & Boch,Decoration & Gifts – Crockery,£83.71,,https://static.wixstatic.com/media/042ed7_900352c98b6b45588a04ef3a0eaf3587~mv2.png,,CN,69111000,8585,2905,Toy's Delight,1,625,525,515,135,Serving platter,1485852905,93.6,3475g,462x462x68,4003686393073,16,,Decoration & Gifts,,,,,,,,,Toy's Delight
12-6387-1270,Serving spoon,Villeroy & Boch,Cutlery – Cutlery,£23.20,,https://static.wixstatic.com/media/042ed7_d99ef243be32424ba0c9683fb9e8668b~mv2.png,,VN,82159910,6387,1270,Blacksmith,1,2,300,90,30,Serving spoon,1263871270,25.94,110g,230x33x28,4003683483722,4922,,Cutlery,,,,,,,,,Blacksmith
12-6526-1270,Serving spoon,Villeroy & Boch,Cutlery – Cutlery,£23.20,,https://static.wixstatic.com/media/042ed7_390cd9fd211c499d8b2a614fbac5b5c8~mv2.png,,VN,82159910,6526,1270,Boston,1,5,250,65,30,Serving spoon,1265261270,25.94,130g,244x64x30,4003686356818,1500,,Cutlery,,,,,,,,,Boston
12-6403-1270,Serving spoon,Villeroy & Boch,Cutlery – Cutlery,£9.25,,https://static.wixstatic.com/media/042ed7_7b8b4c00a5574bf2800d1ab04efb11f0~mv2.png,,ID,82159910,6403,1270,Daily Line,1,46,265,80,30,Serving spoon,1264031270,10.34,69g,210x50x25,4003686200074,480,,Cutlery,,,,,,,,,Daily Line
12-6351-1270,Serving spoon,Villeroy & Boch,Cutlery – Cutlery,£23.20,,https://static.wixstatic.com/media/042ed7_0a48121ccfe940c79640cedea71014c3~mv2.png,,VN,82159910,6351,1270,Ella partially gold plated,1,2,275,80,20,Serving spoon,1263511270,25.94,88g,246x53x29,4003683314101,2400,,Cutlery,,,,,,,,,Ella
12-6243-1270,Serving spoon,Villeroy & Boch,Cutlery – Cutlery,£33.08,,https://static.wixstatic.com/media/042ed7_abb5cea07280478ab80bef75dca9cada~mv2.png,,VN,82159910,6243,1270,Kreuzband-Septfontaines,1,2,350,85,50,Serving spoon,1262431270,36.99,118g,250x53x44,4011417044064,1600,,Cutlery,,,,,,,,,Kreuzband Septfontaines
12-6417-1270,Serving spoon,Villeroy & Boch,Cutlery – Cutlery,£23.20,,https://static.wixstatic.com/media/042ed7_d0daa654128a400b952ff412e8d7c729~mv2.png,,VN,82159910,6417,1270,La Classica,1,2,350,85,50,Serving spoon,1264171270,25.94,119g,244x55x30,4003686262577,300,,Cutlery,,,,,,,,,La Classica
12-6448-1270,Serving spoon,Villeroy & Boch,Cutlery – Cutlery,£23.20,,https://static.wixstatic.com/media/042ed7_7c26ea9eb0cf46ef9fa43a19bf5de3e0~mv2.png,,VN,82159910,6448,1270,Montauk,1,2,350,85,50,Serving spoon,1264481270,25.94,110g,244x55x30,4003686329034,2400,,Cutlery,,,,,,,,,Montauk
12-6233-1270,Serving spoon,Villeroy & Boch,Cutlery – Cutlery,£33.08,,https://static.wixstatic.com/media/042ed7_d8a45a492b0e441bb349cf9d90959147~mv2.png,,VN,82159910,6233,1270,Neufaden-Merlemont,1,2,295,80,40,Serving spoon,1262331270,36.99,112g,249x57x35,4011417038773,4400,,Cutlery,,,,,,,,,Neufaden Merlemont
12-6529-1270,Serving spoon,Villeroy & Boch,Cutlery – Cutlery,£18.55,,https://static.wixstatic.com/media/042ed7_e92d4f3c20c14591ad9390a38e7a5f04~mv2.png,,ID,82159910,6529,1270,NewMoon,1,5,250,65,30,Serving spoon,1265291270,20.74,124g,250x40x21,4003686388918,120,,Cutlery,,,,,,,,,NewMoon
12-6338-1270,Serving spoon,Villeroy & Boch,Cutlery – Cutlery,£23.20,,https://static.wixstatic.com/media/042ed7_3df972fd9b054312b4bcc7047de1b83d~mv2.png,,ID,82159910,6338,1270,NewWave,1,2,275,80,20,Serving spoon,1263381270,25.94,92g,235x48x31,4003683246921,2400,,Cutlery,,,,,,,,,NewWave
12-6264-1270,Serving spoon,Villeroy & Boch,Cutlery – Cutlery,£23.20,,https://static.wixstatic.com/media/042ed7_a51088af1d534fd09ec7f9ddc2f793aa~mv2.png,,VN,82159910,6264,1270,Piemont,1,2,285,80,35,Serving spoon,1262641270,25.94,104g,241x64x35,4011417052489,2400,,Cutlery,,,,,,,,,Piemont
12-6402-1772,Serving spoon,Villeroy & Boch,Cutlery – Cutlery,£18.55,,https://static.wixstatic.com/media/042ed7_ade1bb15e6444aa798c30bccd91df8bd~mv2.png,,VN,82159910,6402,1772,Sereno XXL,1,72,365,55,70,Serving spoon,1264021772,20.74,174g,297x65x30,4003686167445,560,,Cutlery,,,,,,,,,Sereno
12-6347-1270,Serving spoon,Villeroy & Boch,Cutlery – Cutlery,£23.20,,https://static.wixstatic.com/media/042ed7_fffbabe117aa4b87a655bfd57f42475d~mv2.png,,VN,82159910,6347,1270,Udine,1,2,290,80,20,Serving spoon,1263471270,25.94,119g,246x54x31,4003683286330,4400,,Cutlery,,,,,,,,,Udine
12-6402-1970,Serving tongs,Villeroy & Boch,Cutlery – Utensils & Tools,£21.46,,https://static.wixstatic.com/media/042ed7_83daebcc597b40af924b6c5f7e71d746~mv2.png,,VN,82159910,6402,1970,Sereno XXL,1,72,365,55,70,Serving tongs,1264021970,23.99,142g,250x77x40,4003686167469,240,,Cutlery,,,,,,,,,Sereno
12-6527-1260,Serving/salad fork,Villeroy & Boch,Cutlery – Cutlery,£33.08,,https://static.wixstatic.com/media/042ed7_e65bd37441d74f4cb5b258b29c7ac225~mv2.png,,ID,82159910,6527,1260,MetroChic,1,2,240,60,20,Serving/salad fork,1265271260,36.99,130g,242x62x22,4003686362222,1000,,Cutlery,,,,,,,,,MetroChic
12-6527-1270,Serving/salad spoon,Villeroy & Boch,Cutlery – Cutlery,£33.08,,https://static.wixstatic.com/media/042ed7_5ef1385886cf49bcbb56d7265017f02c~mv2.png,,ID,82159910,6527,1270,MetroChic,1,2,240,60,20,Serving/salad spoon,1265271270,36.99,130g,242x62x22,4003686362239,1000,,Cutlery,,,,,,,,,MetroChic
14-8664-8427,Set 3pcs.,Villeroy & Boch,Kids – Crockery,£30.76,,https://static.wixstatic.com/media/042ed7_a812e08be0284c4c8066dbe3e40c295f~mv2.png,,DE,69111000,8664,8427,Happy as a Bear,1,360,265,135,240,Set 3pcs.,1486648427,34.39,856g,265x135x240,4003686418288,72,,Kids,,,,,,,,,Happy as a Bear
14-8665-8427,Set 3pcs.,Villeroy & Boch,Kids – Crockery,£30.76,,https://static.wixstatic.com/media/042ed7_032c26ecdf8049cf9949b33f4f90b07d~mv2.png,,DE,69111000,8665,8427,Hungry as a Bear,1,360,265,135,240,Set 3pcs.,1486658427,34.39,856g,265x135x240,4003686418301,72,,Kids,,,,,,,,,Hungry as a Bear
14-8673-8427,Set 3pcs.,Villeroy & Boch,Kids – Crockery,£30.76,,https://static.wixstatic.com/media/042ed7_1aeed7c6058b48a1a784a9a2f970d8ed~mv2.png,,DE,69111000,8673,8427,Roar like a Lion,1,325,266,133,232,Set 3pcs.,1486738427,34.39,852g,,4003686440562,72,,Kids,,,,,,,,,Roar like a Lion
14-8674-8427,Set 3pcs.,Villeroy & Boch,Kids – Crockery,£30.76,,https://static.wixstatic.com/media/042ed7_1fb9c8b41a9e48d08387a169ce140cdb~mv2.png,,DE,69111000,8674,8427,Walk like an Elephant,1,325,266,133,232,Set 3pcs.,1486748427,34.39,852g,,4003686440586,72,,Kids,,,,,,,,,Walk like an Elephant
14-8664-8435,Set 7pcs.,Villeroy & Boch,Kids – Crockery,£37.73,,https://static.wixstatic.com/media/042ed7_d2cfeaba594445fba202b19dcd9f42e7~mv2.png,,DE,69111000,8664,8435,Happy as a Bear,1,360,265,135,240,Set 7pcs.,1486648435,42.19,1115g,265x135x240,4003686418592,72,,Kids,,,,,,,,,Happy as a Bear
14-8665-8435,Set 7pcs.,Villeroy & Boch,Kids – Crockery,£37.73,,https://splendid-product-images.pages.dev/vb/14-8665-8435.png,,DE,69111000,8665,8435,Hungry as a Bear,1,360,265,135,240,Set 7pcs.,1486658435,42.19,1105g,265x135x240,4003686418608,72,,Kids,,,,,,,,,Hungry as a Bear
14-8673-8435,Set 7pcs.,Villeroy & Boch,Kids – Crockery,£37.73,,https://static.wixstatic.com/media/042ed7_1c414a808ac448268a03c718a7c209e5~mv2.png,,DE,69111000,8673,8435,Roar like a Lion,1,328,266,133,232,Set 7pcs.,1486738435,42.19,1097g,,4003686440579,72,,Kids,,,,,,,,,Roar like a Lion
14-8674-8435,Set 7pcs.,Villeroy & Boch,Kids – Crockery,£37.73,,https://splendid-product-images.pages.dev/vb/14-8674-8435.png,,DE,69111000,8674,8435,Walk like an Elephant,1,328,266,133,232,Set 7pcs.,1486748435,42.19,1097g,,4003686440593,72,,Kids,,,,,,,,,Walk like an Elephant
14-8658-8816,"Set, 12 pieces",Villeroy & Boch,Decoration & Gifts,£185.45,,https://www.villeroy-boch.co.uk/dw/image/v2/BLGB_PRD/on/demandware.static/-/Sites-master-dl/default/images/1486588816_on_fs-1.png?sw=1200&sh=1200&sm=fit,,DE,69111000,8658,8816,Toy's Delight Royal Classic,1,342,232,323,228,"Set, 12 pieces",1486588816,207.35,7540g,,4003686445505,18,,Decoration & Gifts,,,,,,,,,Toy's Delight Royal Classic
14-8658-9015,"Set, 8 pieces",Villeroy & Boch,Decoration & Gifts,£121.50,,https://www.villeroy-boch.co.uk/dw/image/v2/BLGB_PRD/on/demandware.static/-/Sites-master-dl/default/images/1486589015_on_fs-1.png?sw=1200&sh=1200&sm=fit,,DE,69111000,8658,9015,Toy's Delight Royal Classic,1,342,345,194,320,"Set, 8 pieces",1486589015,135.85,5140g,,4003686445512,24,,Decoration & Gifts,,,,,,,,,Toy's Delight Royal Classic
16-6621-3650,Shot glass,Villeroy & Boch,Hospitality – Shot Glasses,£4.18,,,,SK,70133799,6621,3650,La Divina,6,40,160,105,70,Shot glass,1666213650,4.67,80g,49x49x53,5450523154783,3366,4057743179704,,0.064,La Divina,La Divina,Novelties 2022,Discontinued 30.09.2026,,,,La Divina
11-3786-8240,Shot glass,Villeroy & Boch,Hospitality – Shot Glasses,£10.60,,https://splendid-product-images.pages.dev/vb/11-3786-8240.png,,CZ,70133799,3786,8240,Purismo,1,25,90,90,50,Shot glass,1137868240,11.85,162g,40x40x85,4003686298682,1632,,,0.06,Purismo Bar,Purismo Bar,Novelties 2016,,,,"Set 2pcs. Orders only by 2 pieces, prices per set",Purismo
11-3799-8240,"Shot glass, Set 4 pcs",Villeroy & Boch,Glass – Shot Glasses,£17.39,,https://splendid-product-images.pages.dev/vb/11-3799-8240.png,,SK,70133791,3799,8240,Manufacture Rock blanc,1,44,115,115,65,"Shot glass, Set 4 pcs",1137998240,19.44,335g,49x49x53,4003686439498,924,,Glass,0.06,,,,,,,,Manufacture
11-3798-8240,"Shot glass, Set 4 pcs",Villeroy & Boch,Glass – Shot Glasses,£17.39,,https://splendid-product-images.pages.dev/vb/11-3798-8240.png,,SK,70133791,3798,8240,Manufacture Rock Glass,1,44,115,115,65,"Shot glass, Set 4 pcs",1137988240,19.44,345g,49x49x53,4003686423350,924,,Glass,0.06,,,,,,,,Manufacture
11-3776-8241,"Shot glass, Set 4 pcs",Villeroy & Boch,Glass – Shot Glasses,£17.39,,https://splendid-product-images.pages.dev/vb/11-3776-8241.png,,SK,70133791,3776,8241,Toy's Delight,1,44,115,115,65,"Shot glass, Set 4 pcs",1137768241,19.44,350g,49x49x53,4003686439436,924,,Glass,0.06,,,,,,,,Toy's Delight
35-9391-0058,Sled Swing,Villeroy & Boch,Decoration & Gifts,£52.27,,https://www.villeroy-boch.co.uk/dw/image/v2/BLGB_PRD/on/demandware.static/-/Sites-master-dl/default/images/3593910058_on_fs-1.png?sw=1200&sh=1200&sm=fit,,CN,95051090,9391,0058,Winter Collage Accessoires,1,355,490,385,115,Sled Swing,3593910058,58.44,781g,480x115x500,4003686384552,26,,Decoration & Gifts,,,,,,,,,Winter Collage Accessoires
14-8327-6644,Sleigh nostalgia,Villeroy & Boch,Decoration & Gifts,£92.43,,https://www.villeroy-boch.co.uk/dw/image/v2/BLGB_PRD/on/demandware.static/-/Sites-master-dl/default/images/1483276644_on_fs-1.png?sw=1200&sh=1200&sm=fit,,CN,95051090,8327,6644,Christmas Toys,1,415,325,255,225,Sleigh nostalgia,1483276644,103.35,2490g,385x140x170,4003686392496,33,,Decoration & Gifts,,,,,,,,,Christmas Toys
16-2016-3800,Small bowl N.1,Villeroy & Boch,Hospitality – Crockery,£7.09,,,,DE,69111000,2016,3800,Corpo,6,103,160,120,160,Small bowl N.1,1620163800,7.93,218g,150x150x45,5450102264353,1260,4057743023809,,0.3,Corpo,Corpo,white,,Yes,,,Corpo
16-2155-3800,Small bowl N.1,Villeroy & Boch,Hospitality – Crockery,£5.26,,,,DE,69111000,2155,3800,Easy,6,103,160,120,160,Small bowl N.1,1621553800,5.89,299g,150x150x40,5450102346073,1260,4057743027258,,0.3,Easy,Easy,white,,Yes,,,Easy
10-1666-6311,Small bowl black,Villeroy & Boch,Hospitality – Crockery,£12.36,,,,DE,69111000,1666,6311,Iconic,1,115,155,155,86,Small bowl black,1016666311,13.82,120g,115x115x35,4003686440142,1890,,,0.14,Iconic,Iconic,Novelties 2024,NEW,,,,Iconic
10-1666-6301,Small bowl white,Villeroy & Boch,Hospitality – Crockery,£12.36,,,,DE,69111000,1666,6301,Iconic,1,115,155,155,86,Small bowl white,1016666301,13.82,125g,115x115x35,4003686439801,1890,,,0.14,Iconic,Iconic,Novelties 2024,NEW,,,,Iconic
14-8332-3713,"Small bowl, snowman with animals",Villeroy & Boch,Decoration & Gifts – Crockery,£14.48,,https://splendid-product-images.pages.dev/vb/14-8332-3713.png,,CN,69111000,8332,3713,Toy's Fantasy,6,575,245,185,180,"Small bowl, snowman with animals",1483323713,16.19,310g,165x165x35,4003686440517,0,4057743186115,Decoration & Gifts,0.33,,,,,,,,Toy's Fantasy
14-8332-3714,"Small bowl, surprise",Villeroy & Boch,Decoration & Gifts – Crockery,£14.48,,https://splendid-product-images.pages.dev/vb/14-8332-3714.png,,CN,69111000,8332,3714,Toy's Fantasy,6,575,245,185,180,"Small bowl, surprise",1483323714,16.19,248g,165x165x35,4003686440524,0,4057743186122,Decoration & Gifts,0.33,,,,,,,,Toy's Fantasy
16-3293-3925,Small individual bowl,Villeroy & Boch,Hospitality – Crockery,£4.77,,,,DE,69111000,3293,3925,Dune,6,121,290,165,83,Small individual bowl,1632933925,5.33,90g,85x70x35,5450523001537,864,4057743034430,,0.04,Dune,Dune,,,Yes,Big Buffet,,Dune
10-1666-6313,Small serving plate black,Villeroy & Boch,Hospitality – Crockery,£11.23,,,,DE,69111000,1666,6313,Iconic,1,140,185,185,95,Small serving plate black,1016666313,12.56,200g,140x140x15,4003686440166,1152,,,,Iconic,Iconic,Novelties 2024,NEW,,,,Iconic
10-1666-6303,Small serving plate white,Villeroy & Boch,Hospitality – Crockery,£11.23,,,,DE,69111000,1666,6303,Iconic,1,140,185,185,95,Small serving plate white,1016666303,12.56,204g,140x140x15,4003686439825,1152,,,,Iconic,Iconic,Novelties 2024,NEW,,,,Iconic
10-4153-8116,Snack-Set 2 pcs.,Villeroy & Boch,Porcelain – Crockery,£17.39,,https://splendid-product-images.pages.dev/vb/10-4153-8116.png,,DE,69111000,4153,8116,For Me,1,236,140,140,145,Snack-Set 2 pcs.,1041538116,19.44,770g,152x127x80,4003686279438,200,,Porcelain,,,,,,,,,For Me
16-6248-0530,Snail fork,Villeroy & Boch,Hospitality – Cutlery,£4.83,,,,VN,82159910,6248,0530,Universal 18/10,6,15,160,35,35,Snail fork,1662480530,5.4,20g,139x14x13,5450523001223,1440,4057743054766,,,Coupole,Coupole,Neutral,,,,,Universal
14-8671-6642,Snow globe,Villeroy & Boch,Decoration & Gifts,£24.36,,https://www.villeroy-boch.co.uk/dw/image/v2/BLGB_PRD/on/demandware.static/-/Sites-master-dl/default/images/1486716642_on_fs-1.png?sw=1200&sh=1200&sm=fit,,CN,95051010,8671,6642,Winter Glow,1,130,180,150,135,Snow globe,1486716642,27.24,1165g,110x110x129,4003686430549,160,,Decoration & Gifts,,,,,Discontinued 30.06.2026,,,,Winter Glow
14-8327-6694,"Snow globe large, Nutcracker",Villeroy & Boch,Decoration & Gifts,£37.73,,https://www.villeroy-boch.co.uk/dw/image/v2/BLGB_PRD/on/demandware.static/-/Sites-master-dl/default/images/1483276694_on_fs-c-1.png?sw=1200&sh=1200&sm=fit,,CN,70139900,8327,6694,Christmas Toys,1,170,154,152,217,"Snow globe large, Nutcracker",1483276694,42.19,1450g,125x125x170,4003686410886,130,,Decoration & Gifts,,,,,,,,,Christmas Toys
14-8327-6695,"Snow globe small, Bear",Villeroy & Boch,Decoration & Gifts,£17.39,,https://www.villeroy-boch.co.uk/dw/image/v2/BLGB_PRD/on/demandware.static/-/Sites-master-dl/default/images/1483276695_on_fs-c-1.png?sw=1200&sh=1200&sm=fit,,CN,70139900,8327,6695,Christmas Toys,1,66,120,105,105,"Snow globe small, Bear",1483276695,19.44,310g,65x65x90,4003686410893,496,,Decoration & Gifts,,,,,,,,,Christmas Toys
14-8327-6696,Snow globe train,Villeroy & Boch,Decoration & Gifts,£63.37,,https://www.villeroy-boch.co.uk/dw/image/v2/BLGB_PRD/on/demandware.static/-/Sites-master-dl/default/images/1483276696_on_fs-1.png?sw=1200&sh=1200&sm=fit,,CN,95051090,8327,6696,Christmas Toys,1,157,215,160,135,Snow globe train,1483276696,70.85,880g,220x85x125,4003686440722,145,,Decoration & Gifts,,,,,,,,,Christmas Toys
14-5487-5423,"Snowdrop, set 2 pcs",Villeroy & Boch,Decoration & Gifts,£11.57,,https://www.villeroy-boch.co.uk/dw/image/v2/BLGB_PRD/on/demandware.static/-/Sites-master-dl/default/images/1454875423_on_fs-c-1.png?sw=1200&sh=1200&sm=fit,,CN,69131000,5487,5423,Mini Flower Bells,3,130,220,140,90,"Snowdrop, set 2 pcs",1454875423,12.94,45g,330x100x60,4003686258105,792,4057743020822,Decoration & Gifts,,,,,,,,,Mini Flower Bells
14-8602-6545,Snowman,Villeroy & Boch,Decoration & Gifts,£173.82,,https://www.villeroy-boch.co.uk/dw/image/v2/BLGB_PRD/on/demandware.static/-/Sites-master-dl/default/images/1486026545_on_fs-c-1.png?sw=1200&sh=1200&sm=fit,,CN,69131000,8602,6545,Christmas Toys Memory,1,510,425,270,265,Snowman,1486026545,194.35,3370g,240x230x360,4003686441279,24,,Decoration & Gifts,,,,,,,,,Christmas Toys
14-8602-4501,Snowman jar,Villeroy & Boch,Decoration & Gifts,£63.37,,https://www.villeroy-boch.co.uk/dw/image/v2/BLGB_PRD/on/demandware.static/-/Sites-master-dl/default/images/1486024501_on_fs-1.png?sw=1200&sh=1200&sm=fit,,CN,69111000,8602,4501,Christmas Toys Memory,1,740,415,255,180,Snowman jar,1486024501,70.85,1520g,205x180x310,4003686441286,32,,Decoration & Gifts,,,,,,,,,Christmas Toys
14-8671-4347,Snowman ornament,Villeroy & Boch,Decoration & Gifts,£10.41,,https://www.villeroy-boch.co.uk/dw/image/v2/BLGB_PRD/on/demandware.static/-/Sites-master-dl/default/images/1486714347_on_fs-c-1.png?sw=1200&sh=1200&sm=fit,,CN,69131000,8671,4347,Winter Glow,6,240,230,160,105,Snowman ornament,1486714347,11.64,40g,44x44x80,4003686439566,792,4057743185194,Decoration & Gifts,,,,,Discontinued 30.06.2026,,,,Winter Glow
14-8640-6303,"Snowman, turning",Villeroy & Boch,Decoration & Gifts,£23.20,,https://www.villeroy-boch.co.uk/dw/image/v2/BLGB_PRD/on/demandware.static/-/Sites-master-dl/default/images/1486406303_on_fs-1.png?sw=1200&sh=1200&sm=fit,,CN,69131000,8640,6303,Nostalgic Melody,1,91,210,115,120,"Snowman, turning",1486406303,25.94,348g,80x80x150,4003686362369,198,,Decoration & Gifts,,,,,,,,,Nostalgic Melody
12-6400-1481,Soft cheese knife,Villeroy & Boch,Cutlery – Knives & Cutting Boards,£18.55,,https://splendid-product-images.pages.dev/vb/12-6400-1481.png,,ID,82119100,6400,1481,Kensington fromage,1,70,365,70,60,Soft cheese knife,1264001481,20.74,95g,254x25x12,4003686167339,640,,Cutlery,,,,,,,,,Kensington fromage
10-4653-3070,Soup Tureen,Villeroy & Boch,Hospitality – Crockery,£127.05,,https://splendid-product-images.pages.dev/vb/10-4653-3070.png,,TH,69111000,4653,3070,Anmut Gold,1,155,281,275,130,Soup Tureen,1046533070,142.06,1695g,305x255x145,4003686376038,56,,,2.5,Anmut Gold,Anmut Gold,Anmut Gold,,,,,Anmut
10-4661-2360,Soup Tureen,Villeroy & Boch,Hospitality – Crockery,£130.13,,https://splendid-product-images.pages.dev/vb/10-4661-2360.png,,TH,69111000,4661,2360,Château Septfontaines,1,155,281,275,130,Soup Tureen,1046612360,145.5,1740g,305x260x145,4003686403222,56,,,2.5,Château Septfontaines,Château Septfontaines,Novelties 2021,,,,,Chateau Septfontaines
10-4545-3070,Soup Tureen,Villeroy & Boch,Porcelain – Crockery,£80.81,,https://splendid-product-images.pages.dev/vb/10-4545-3070.png,,TH,69111000,4545,3070,Anmut,1,236,270,270,120,Soup Tureen,1045453070,90.35,1695g,304x258x147,4003683226732,56,,Porcelain,2.2,,,,,,,,Anmut
10-4239-2535,Soup bowl,Villeroy & Boch,Hospitality – Crockery,£11.31,,https://splendid-product-images.pages.dev/vb/10-4239-2535.png,,DE,69111000,4239,2535,The Rock Black Shale,4,99,150,150,170,Soup bowl,1042392535,12.65,216g,125x125x65,4003686409682,560,4057743173054,,0.47,Manufacture Rock,Manufacture Rock,Novelties spring 2021,,,,,The Rock
10-4240-2535,Soup bowl,Villeroy & Boch,Hospitality – Crockery,£11.31,,https://splendid-product-images.pages.dev/vb/10-4240-2535.png,,DE,69111000,4240,2535,The Rock White Glacier,4,172,295,180,165,Soup bowl,1042402535,12.65,216g,125x125x65,4003686410008,320,4057743173078,,0.47,Manufacture Rock blanc,Manufacture Rock blanc,Novelties spring 2021,,,,,The Rock
10-4652-2535,Soup bowl,Villeroy & Boch,Hospitality – Crockery,£27.37,,https://splendid-product-images.pages.dev/vb/10-4652-2535.png,,DE,69111000,4652,2535,MetroChic,4,184,295,180,165,Soup bowl,1046522535,30.61,240g,135x135x65,4003686413788,360,4057743175447,,0.48,MetroChic,MetroChic,Novelties 2021,,,,,MetroChic
10-4655-2535,Soup bowl,Villeroy & Boch,Porcelain – Crockery,£24.94,,https://splendid-product-images.pages.dev/vb/10-4655-2535.png,,DE,69111000,4655,2535,Avarua,4,97,160,160,180,Soup bowl,1046552535,27.89,248g,133x133x67,4003686408760,560,4057743171777,Porcelain,0.48,,,,,,,,Avarua
10-4282-2535,Soup bowl,Villeroy & Boch,Porcelain – Crockery,£11.57,,https://splendid-product-images.pages.dev/vb/10-4282-2535.png,,PT,69120025,4282,2535,Lave glacé,4,180,265,270,80,Soup bowl,1042822535,12.94,315g,129x128x66,4003686437739,480,4057743184067,Porcelain,0.45,,,,,,,,Lave
10-4259-2535,Soup bowl,Villeroy & Boch,Porcelain – Crockery,£11.57,,https://splendid-product-images.pages.dev/vb/10-4259-2535.png,,PT,69120025,4259,2535,Lave gris,4,180,265,270,80,Soup bowl,1042592535,12.94,315g,129x128x66,4003686436596,480,4057743184043,Porcelain,0.45,,,,,,,,Lave
16-3293-2535,"Soup bowl 0,2/0,4L",Villeroy & Boch,Hospitality – Crockery,£14.89,,,,DE,69111000,3293,2535,Dune,6,113,180,185,228,"Soup bowl 0,2/0,4L",1632932535,16.65,450g,180x160x90,5450523054014,480,4057743034218,,0.63,Dune,Dune,Novelties Spring 2012,,Yes,,,Dune
10-4257-8477,"Soup bowl set, 2 pcs",Villeroy & Boch,Porcelain – Crockery,£18.55,,https://static.wixstatic.com/media/042ed7_5ea981971ebd437ea00ff0a1eb610aa6~mv2.png,,DE,69111000,4257,8477,Vapiano,1,115,155,155,125,"Soup bowl set, 2 pcs",1042578477,20.74,900g,180x156x91,4003686364769,210,,Porcelain,0.6,,,,,,,,Vapiano
10-4173-3820,"Soup bowl, large",Villeroy & Boch,Porcelain – Crockery,£15.06,,https://static.wixstatic.com/media/042ed7_b0cad5478f654b7c896e68b5905e6a46~mv2.png,,DE,69111000,4173,3820,Soup Passion,1,132,225,225,91,"Soup bowl, large",1041733820,16.84,650g,205x205x79,4003686294660,150,,Porcelain,,,,,,,,,Soup Passion
10-4293-2513,Soup cup,Villeroy & Boch,Hospitality – Beverage Service,£8.85,,,,DE,69111000,4293,2513,Afina,6,312,460,280,95,Soup cup,1042932513,9.89,309g,150x110x65,4003686436343,360,4057743183886,,0.35,Afina,Afina,Novelties 2024,,,,,Afina
10-4653-2510,Soup cup,Villeroy & Boch,Hospitality – Beverage Service,£18.01,,,,DE,69111000,4653,2510,Anmut Gold,6,271,455,280,87,Soup cup,1046532510,20.13,199g,180x130x55,4003686440821,360,4057743186498,,0.4,Anmut Gold,Anmut Gold,Novelties 2023,,,,,Anmut
10-4636-2510,Soup cup,Villeroy & Boch,Hospitality – Beverage Service,£17.70,,,,DE,69111000,4636,2510,Anmut Platinum No.1,6,271,455,280,87,Soup cup,1046362510,19.79,199g,180x130x55,4003686440876,360,4057743186542,,0.4,Anmut Platinum No.1,Anmut Platinum No.1,Novelties 2023,,,,,Anmut
16-2016-2510,Soup cup,Villeroy & Boch,Hospitality – Beverage Service,£9.21,,,,TH,69111000,2016,2510,Corpo,6,342,265,265,125,Soup cup,1620162510,10.3,185g,135x60,5450102264063,384,4057743023687,,0.27,Corpo,Corpo,white,,Yes,,,Corpo
10-4390-2510,Soup cup,Villeroy & Boch,Hospitality – Beverage Service,£43.07,,https://static.wixstatic.com/media/042ed7_d58130cc69c94f9582513e1ad7e7a617~mv2.png,,DE,69111000,4390,2510,Ivoire,6,260,460,280,92,Soup cup,1043902510,48.15,199g,180x130x55,4003686131736,360,4057743011646,,0.4,Ivoire,Ivoire,Ivoire,,,,,Ivoire
16-3318-2510,Soup cup,Villeroy & Boch,Hospitality – Beverage Service,£8.49,,,,DE,69111000,3318,2510,La Scala,6,271,455,280,87,Soup cup,1633182510,9.5,210g,145x60,5450523018733,360,4057743036625,,0.3,La Scala,La Scala,white,,Yes,,,La Scala
10-2525-2519,Soup cup,Villeroy & Boch,Hospitality – Beverage Service,£10.76,,https://static.wixstatic.com/media/042ed7_2ca1ec4bbf4f4a8b929f0ba98e32f53e~mv2.png,,DE,69111000,2525,2519,NewWave,4,168,295,180,165,Soup cup,1025252519,12.04,315g,190x120x65,4003683209315,320,4057743005348,,0.4,NewWave,NewWave,,,,,,NewWave
16-3272-2510,Soup cup,Villeroy & Boch,Hospitality – Beverage Service,£15.05,,,,DE,69111000,3272,2510,Stella Hotel,6,271,455,280,87,Soup cup,1632722510,16.83,199g,180x130x55,5450102384167,360,4057743032269,,0.4,Stella Hotel,Stella Hotel,Stella Hotel,,,,,Stella
10-4545-2510,Soup cup,Villeroy & Boch,Porcelain – Beverage Service,£26.11,,https://static.wixstatic.com/media/042ed7_d6b80aef873d4a139f6dd48524ca0627~mv2.png,,DE,69111000,4545,2510,Anmut,6,271,455,280,87,Soup cup,1045452510,29.19,195g,177x130x58,4003683226626,360,4057743013824,Porcelain,0.43,,,,,,,,Anmut
10-1067-2510,Soup cup,Villeroy & Boch,Porcelain – Beverage Service,£33.66,,https://static.wixstatic.com/media/042ed7_688cb03a446240cdb06c21931eeee647~mv2.png,,DE,69111000,1067,2510,Audun Ferme,6,271,455,280,87,Soup cup,1010672510,37.64,265g,178x134x54,4003683109028,360,4057743002125,Porcelain,0.4,,,,,,,,Audun
10-4600-2510,Soup cup,Villeroy & Boch,Porcelain – Beverage Service,£27.27,,https://static.wixstatic.com/media/042ed7_b38935b2c724473f867d993f6e0264fa~mv2.png,,DE,69111000,4600,2510,Cellini,6,271,455,280,87,Soup cup,1046002510,30.49,195g,140x128x56,4003686135628,360,4057743014005,Porcelain,0.35,,,,,,,,Cellini
10-2337-2510,Soup cup,Villeroy & Boch,Porcelain – Beverage Service,£30.76,,https://static.wixstatic.com/media/042ed7_6a46cc3cdb9445b28f9f1c695e5389eb~mv2.png,,DE,69111000,2337,2510,Design Naif,6,271,455,280,87,Soup cup,1023372510,34.39,320g,183x138x54,5450102085088,360,4057743004105,Porcelain,0.5,,,,,,,,Design Naif
10-2281-2510,Soup cup,Villeroy & Boch,Porcelain – Beverage Service,£22.62,,https://static.wixstatic.com/media/042ed7_0d942a3b32ff422ea6c26e16ed1c093a~mv2.png,,DE,69111000,2281,2510,French Garden Fleurence,6,271,455,280,87,Soup cup,1022812510,25.29,210g,144x120x56,5450102345465,360,4057743003627,Porcelain,0.37,,,,,,,,French Garden
10-2341-2510,Soup cup,Villeroy & Boch,Porcelain – Beverage Service,£22.62,,https://static.wixstatic.com/media/042ed7_185f54f635cd470ca711cddfd047d2a5~mv2.png,,DE,69111000,2341,2510,Old Luxembourg,6,283,455,280,90,Soup cup,1023412510,25.29,245g,154x129x57,5450102072019,360,4057743004631,Porcelain,0.42,,,,,,,,Vieux Luxembourg
10-4412-2510,Soup cup,Villeroy & Boch,Porcelain – Beverage Service,£26.11,,https://static.wixstatic.com/media/042ed7_26e028fb594a4c1794f94166a87d7d0c~mv2.png,,DE,69111000,4412,2510,Royal,6,271,455,280,87,Soup cup,1044122510,29.19,199g,179x132x54,4003686297685,360,4057743011981,Porcelain,0.4,,,,,,,,Royal
14-8585-2511,Soup cup,Villeroy & Boch,Decoration & Gifts – Beverage Service,£17.39,,https://static.wixstatic.com/media/042ed7_c67a926db12147939cd27ca60975fd8a~mv2.png,,CN,69111000,8585,2511,Toy's Delight,6,115,165,165,80,Soup cup,1485852511,19.44,284g,169x115x67,4003686449459,0,4057743191904,Decoration & Gifts,0.37,,,,NEW,,,,Toy's Delight
14-8585-2501,Soup cup and saucer,Villeroy & Boch,Decoration & Gifts – Beverage Service,£28.43,,,,CN,69111000,8585,2501,Toy's Delight,1,0,0,0,0,Soup cup and saucer,1485852501,31.79,529g,,4003686450264,0,,Decoration & Gifts,,,,,NEW,,,,Toy's Delight
14-8643-2501,Soup cup and saucer,Villeroy & Boch,Decoration & Gifts – Beverage Service,£28.43,,,,CN,69111000,8643,2501,Toy's Delight Specials,1,0,0,0,0,Soup cup and saucer,1486432501,31.79,614g,,4003686456310,,,Decoration & Gifts,,,,,NEW,,,,Toy's Delight
16-4004-2513,Soup cup stackable,Villeroy & Boch,Hospitality – Beverage Service,£7.60,,,,DE,69111000,4004,2513,Affinity,6,271,455,280,87,Soup cup stackable,1640042513,8.5,281g,110x110x60,5450523054908,360,4057743046631,,0.34,Affinity,Affinity,Novelties Spring 2013,,,,,Affinity
16-2238-2513,Soup cup stackable,Villeroy & Boch,Hospitality – Beverage Service,£10.99,,,,DE,69111000,2238,2513,Bella,6,271,455,280,87,Soup cup stackable,1622382513,12.29,225g,135x100x55,5450523042790,360,4057743031576,,0.27,Bella,Bella,,,,,,Bella
10-4661-2510,Soup cup stackable,Villeroy & Boch,Hospitality – Beverage Service,£23.56,,https://static.wixstatic.com/media/042ed7_0552e6b59443475d8b098952089a0361~mv2.png,,DE,69111000,4661,2510,Château Septfontaines,6,324,460,280,95,Soup cup stackable,1046612510,26.34,246g,150x95x55,4003686403031,360,4057743167831,,0.29,Château Septfontaines,Château Septfontaines,Novelties 2021,,,,,Chateau Septfontaines
16-2155-2510,Soup cup stackable,Villeroy & Boch,Hospitality – Beverage Service,£9.96,,,,DE,69111000,2155,2510,Easy,6,271,455,280,87,Soup cup stackable,1621552510,11.14,196g,100x100x50,5450102345922,360,4057743027128,,0.27,Easy,Easy,white,,Yes,,,Easy
16-3318-2513,Soup cup stackable,Villeroy & Boch,Hospitality – Beverage Service,£10.19,,,,DE,69111000,3318,2513,La Scala,6,250,465,285,90,Soup cup stackable,1633182513,11.39,260g,165x65,5450523047917,360,4057743036632,,0.4,La Scala,La Scala,white,,,,,La Scala
10-4652-2513,Soup cup stackable,Villeroy & Boch,Hospitality – Beverage Service,£23.84,,,,DE,69111000,4652,2513,MetroChic,6,324,460,280,95,Soup cup stackable,1046522513,26.65,215g,150x95x55,4003686440937,360,4057743186603,,0.29,MetroChic,MetroChic,Novelties 2024,,,,,MetroChic
16-4003-2513,Soup cup stackable,Villeroy & Boch,Hospitality – Beverage Service,£12.07,,,,DE,69111000,4003,2513,Sedona Function,6,271,455,280,87,Soup cup stackable,1640032513,13.49,225g,135x100x55,5450523054342,360,4057743046358,,0.27,Sedona Function,Sedona Function,Novelties Spring 2012,,,,,Sedona
16-3272-2513,Soup cup stackable,Villeroy & Boch,Hospitality – Beverage Service,£15.05,,,,DE,69111000,3272,2513,Stella Hotel,6,271,455,280,87,Soup cup stackable,1632722513,16.83,215g,150x95x55,5450523003357,360,4057743032276,,0.29,Stella Hotel,Stella Hotel,Stella Hotel,,Yes,,,Stella
16-2040-2513,Soup cup stackable,Villeroy & Boch,Hospitality – Beverage Service,£8.77,,,,DE,69111000,2040,2513,Universal,6,271,455,280,87,Soup cup stackable,1620402513,9.81,225g,135x100x55,5450102324347,360,4057743024059,,0.27,Universal,Universal,white,,Yes,Big Buffet,,Universal
12-6387-1800,Soup ladle,Villeroy & Boch,Cutlery – Utensils & Tools,£34.83,,https://static.wixstatic.com/media/042ed7_baa727d045e94827848d1d6fa273311b~mv2.png,,VN,82159910,6387,1800,Blacksmith,1,4,350,110,65,Soup ladle,1263871800,38.94,195g,275x90x67,4003683483760,240,,Cutlery,,,,,,,,,Blacksmith
12-6526-1800,Soup ladle,Villeroy & Boch,Cutlery – Utensils & Tools,£37.73,,https://static.wixstatic.com/media/042ed7_fdf1798d6aec453a9aeae6e3f243a6d1~mv2.png,,VN,82159910,6526,1800,Boston,1,5,270,90,70,Soup ladle,1265261800,42.19,209g,293x90x65,4003686356832,1000,,Cutlery,,,,,,,,,Boston
12-6403-1800,Soup ladle,Villeroy & Boch,Cutlery – Utensils & Tools,£22.04,,https://static.wixstatic.com/media/042ed7_a6d3d9017ec14e4fb34ad5a9e5e3b8f3~mv2.png,,ID,82159910,6403,1800,Daily Line,1,99,95,80,315,Soup ladle,1264031800,24.64,203g,308x89x74,4003686289956,150,,Cutlery,,,,,,,,,Daily Line
12-6417-1800,Soup ladle,Villeroy & Boch,Cutlery – Utensils & Tools,£34.83,,https://static.wixstatic.com/media/042ed7_2b6af9f44a064ab0a4483919c9bf4653~mv2.png,,VN,82159910,6417,1800,La Classica,1,4,470,140,55,Soup ladle,1264171800,38.94,180g,305x91x82,4003686262591,300,,Cutlery,,,,,,,,,La Classica
12-6527-1800,Soup ladle,Villeroy & Boch,Cutlery – Utensils & Tools,£52.27,,https://static.wixstatic.com/media/042ed7_2ed011672c544de7960a41dbe37e40fe~mv2.png,,ID,82159910,6527,1800,MetroChic,1,5,270,90,70,Soup ladle,1265271800,58.44,255g,300x92x61,4003686362253,600,,Cutlery,,,,,,,,,MetroChic
12-6448-1800,Soup ladle,Villeroy & Boch,Cutlery – Utensils & Tools,£37.73,,https://static.wixstatic.com/media/042ed7_7c22bd783e274a4a9ab59dec78f22b04~mv2.png,,VN,82159910,6448,1800,Montauk,1,65,295,90,100,Soup ladle,1264481800,42.19,160g,293x92x65,4003686329058,1200,,Cutlery,,,,,,,,,Montauk
12-6351-1800,Soup ladle large,Villeroy & Boch,Cutlery – Utensils & Tools,£34.83,,https://static.wixstatic.com/media/042ed7_df85547957e34003b67cd51b0ea6f12f~mv2.png,,VN,82159910,6351,1800,Ella partially gold plated,1,3,345,115,50,Soup ladle large,1263511800,38.94,148g,283x88x60,4003683314156,1200,,Cutlery,,,,,,,,,Ella
12-6243-1800,Soup ladle large,Villeroy & Boch,Cutlery – Utensils & Tools,£52.27,,https://static.wixstatic.com/media/042ed7_cc87b85813094bf69bb0c1e849ee5d3d~mv2.png,,VN,82159910,6243,1800,Kreuzband-Septfontaines,1,4,470,140,55,Soup ladle large,1262431800,58.44,148g,300x102x55,4011417045399,999,,Cutlery,,,,,,,,,Kreuzband Septfontaines
12-6233-1800,Soup ladle large,Villeroy & Boch,Cutlery – Utensils & Tools,£52.27,,https://static.wixstatic.com/media/042ed7_a772f92075e74581aae859a5010ebf2b~mv2.png,,VN,82159910,6233,1800,Neufaden-Merlemont,1,4,380,120,60,Soup ladle large,1262331800,58.44,144g,295x98x65,4011417038902,2160,,Cutlery,,,,,,,,,Neufaden Merlemont
12-6338-1800,Soup ladle large,Villeroy & Boch,Cutlery – Utensils & Tools,£37.73,,https://static.wixstatic.com/media/042ed7_e6b3a3774f4d449194a911945750ab0a~mv2.png,,ID,82159910,6338,1800,NewWave,1,3,390,110,65,Soup ladle large,1263381800,42.19,203g,310x88x73,4003683372385,960,,Cutlery,,,,,,,,,NewWave
12-6264-1800,Soup ladle large,Villeroy & Boch,Cutlery – Utensils & Tools,£37.73,,https://static.wixstatic.com/media/042ed7_2faa254772f84c79947338ce2cb37dcc~mv2.png,,VN,82159910,6264,1800,Piemont,1,4,395,130,70,Soup ladle large,1262641800,42.19,154g,308x101x66,4011417052533,288,,Cutlery,,,,,,,,,Piemont
12-6347-1800,Soup ladle large,Villeroy & Boch,Cutlery – Utensils & Tools,£37.73,,https://static.wixstatic.com/media/042ed7_7b5463f8862d40b88ca5e76d67edcc1c~mv2.png,,VN,82159910,6347,1800,Udine,1,3,385,120,60,Soup ladle large,1263471800,42.19,212g,283x86x70,4003683286392,2160,,Cutlery,,,,,,,,,Udine
14-8585-2701,Soup plate green,Villeroy & Boch,Decoration & Gifts – Crockery,£17.39,,https://static.wixstatic.com/media/042ed7_59fa88805c76477691daeb88380a2d1f~mv2.png,,CN,69111000,8585,2701,Toy's Delight,6,342,265,265,125,Soup plate green,1485852701,19.44,725g,260x260x48,4003683494049,,4057743001197,Decoration & Gifts,,,,,NEW,,,,Toy's Delight
14-8643-2701,"Soup plate, red",Villeroy & Boch,Decoration & Gifts – Crockery,£16.22,,https://static.wixstatic.com/media/042ed7_eb5ddeac781b461abe40e5fa55c97178~mv2.png,,DE,69111000,8643,2701,Toy's Delight Specials,6,222,250,250,95,"Soup plate, red",1486432701,18.14,450g,230x230x45,4003686446793,,4057743189789,Decoration & Gifts,0.62,,,,,,,,Toy's Delight
14-8643-2790,"Soup plate, white",Villeroy & Boch,Decoration & Gifts – Crockery,£23.20,,https://static.wixstatic.com/media/042ed7_ac2e1184221049ffa1d7fbe29615aa02~mv2.png,,DE,69111000,8643,2790,Toy's Delight Specials,1,126,355,357,30,"Soup plate, white",1486432790,25.94,750g,302x302x24,4003686446779,,,Decoration & Gifts,,,,,,,,,Toy's Delight
12-6387-0130,Soup spoon,Villeroy & Boch,Hospitality – Cutlery,£5.38,,https://static.wixstatic.com/media/042ed7_85b1f812f22140ef89d5fe9f0c783ea7~mv2.png,,VN,82159910,6387,0130,Blacksmith,6,45,195,60,45,Soup spoon,1263870130,6.02,50g,168x41x20,4003683483647,3960,4057743019321,,,Blacksmith,Blacksmith,Novelties 2017,,Yes,,,Blacksmith
16-6248-0130,Soup spoon,Villeroy & Boch,Hospitality – Cutlery,£7.40,,,,VN,82159910,6248,0130,Coupole,6,30,237,50,45,Soup spoon,1662480130,8.28,37g,176x47x25,4011417049199,6480,4057743054704,,,Coupole,Coupole,Cutlery,,,,,Coupole
12-6243-0130,Soup spoon,Villeroy & Boch,Hospitality – Cutlery,£7.40,,https://static.wixstatic.com/media/042ed7_35b39971c8de4946b57b596633c0e35c~mv2.png,,VN,82159910,6243,0130,Kreuzband,6,45,195,60,45,Soup spoon,1262430130,8.28,50g,171x43x25,4011417043890,3960,4057743017358,,,Kreuzband,Kreuzband,Cutlery,,,,,Kreuzband
12-6338-0130,Soup spoon,Villeroy & Boch,Hospitality – Cutlery,£4.65,,https://static.wixstatic.com/media/042ed7_0cc956719f2e4b82a0720a5ea336dad4~mv2.png,,ID,82159910,6338,0130,NewWave Cutlery,6,23,220,45,45,Soup spoon,1263380130,5.19,41g,168x43x20,4003683371401,2880,4057743018157,,,NewWave Cutlery,NewWave Cutlery,Cutlery,,,,,NewWave
12-6339-0130,Soup spoon,Villeroy & Boch,Hospitality – Cutlery,£2.91,,https://static.wixstatic.com/media/042ed7_a44ca260fcaa428b9f2c9cedd94cb08a~mv2.png,,ID,82159910,6339,0130,Oscar,6,30,220,45,45,Soup spoon,1263390130,3.25,44g,175x45x22,4003683381929,3840,4057743018324,,,Oscar,Oscar,Cutlery,,Yes,,,Oscar
12-6264-0130,Soup spoon,Villeroy & Boch,Hospitality – Cutlery,£6.20,,https://static.wixstatic.com/media/042ed7_177ca0308a1842b1b144f046df426ab6~mv2.png,,VN,82159910,6264,0130,Piemont,6,28,220,45,45,Soup spoon,1262640130,6.93,49g,178x42x22,4011417052397,5400,4057743017501,,,Piemont,Piemont,Cutlery,,Yes,,,Piemont
12-6347-0130,Soup spoon,Villeroy & Boch,Hospitality – Cutlery,£5.37,,https://static.wixstatic.com/media/042ed7_d9f34482853c4b8cbd01012cd2a1f2a7~mv2.png,,VN,82159910,6347,0130,Udine,6,30,237,50,45,Soup spoon,1263470130,6,52g,178x38x21,4003683286286,6480,4057743018478,,,Udine,Udine,Novelties Winter 2009,,,,,Udine
12-6350-0130,Soup spoon,Villeroy & Boch,Hospitality – Cutlery,£3.00,,https://static.wixstatic.com/media/042ed7_3589b1e09d884d5aa31d7192cdb245fc~mv2.png,,VN,82159910,6350,0130,Victor,6,64,190,45,45,Soup spoon,1263500130,3.36,44g,177x42x25,4003683381905,5760,4057743018614,,,Victor,Victor,Cutlery,,Yes,,,Victor
14-8585-2360,Soup tureen,Villeroy & Boch,Decoration & Gifts – Crockery,£86.62,,https://static.wixstatic.com/media/042ed7_a9db19866143476e8de9f620b73bc0e4~mv2.png,,CN,69111000,8585,2360,Toy's Delight,1,332,290,290,210,Soup tureen,1485852360,96.85,1857g,294x231x151,4003686267527,32,,Decoration & Gifts,3.5,,,,,,,,Toy's Delight
12-6351-0130,Soup/cream spoon,Villeroy & Boch,Cutlery – Cutlery,£10.99,,https://static.wixstatic.com/media/042ed7_ac097176900641c0ab9417ccdf793f5e~mv2.png,,VN,82159910,6351,0130,Ella partially gold plated,6,26,180,50,50,Soup/cream spoon,1263510130,12.29,40g,171x46x21,4003683313142,2400,4057743018751,Cutlery,,,,,,,,,Ella
12-6417-0130,Soup/cream spoon,Villeroy & Boch,Cutlery – Cutlery,£11.57,,https://static.wixstatic.com/media/042ed7_f1b2b3c6748747159a3e1105896efc36~mv2.png,,VN,82159910,6417,0130,La Classica,6,45,195,60,45,Soup/cream spoon,1264170130,12.94,49g,170x41x20,4003686262454,1800,4057743020112,Cutlery,,,,,,,,,La Classica
12-6527-0130,Soup/cream spoon,Villeroy & Boch,Cutlery – Cutlery,£11.57,,https://static.wixstatic.com/media/042ed7_57461cff15bc40239640531a4c5f39dc~mv2.png,,ID,82159910,6527,0130,MetroChic,6,25,220,45,45,Soup/cream spoon,1265270130,12.94,55g,168x40x16,4003686362154,5760,4057743109008,Cutlery,,,,,,,,,MetroChic
12-6404-9446,"Spaghetti set 4 pcs, 2 spoons & 2 forks",Villeroy & Boch,Cutlery – Cutlery,£15.06,,https://static.wixstatic.com/media/042ed7_8a2d1db9d53a438ebd6d93c2cbe1b0eb~mv2.png,,VN,82152010,6404,9446,Daily Line Specials,1,51,265,85,30,"Spaghetti set 4 pcs, 2 spoons & 2 forks",1264049446,16.84,220g,265x85x30,4003686272705,720,,Cutlery,,,,,,,,,Daily Line
11-3725-8340,"Sparkling wine/champagne coupe, Set 4pcs",Villeroy & Boch,Glass – Champagne,£23.20,,https://static.wixstatic.com/media/042ed7_30dbc5e81eb54c3d8e99079eea10f6b3~mv2.png,,SK,70132890,3725,8340,Rose Garden,1,145,255,235,190,"Sparkling wine/champagne coupe, Set 4pcs",1137258340,25.94,750g,115x115x166,4003686450332,0,,Glass,0.38,,,,NEW,,,,Rose Garden
11-3721-8130,"Sparkling wine/champagne glas, Set 4 pcs",Villeroy & Boch,Glass – Champagne,£29.01,,https://static.wixstatic.com/media/042ed7_8179aef5a3cc412eb6cc0f1c0ef4cb06~mv2.png,,SK,70132890,3721,8130,Afina,1,138,150,150,250,"Sparkling wine/champagne glas, Set 4 pcs",1137218130,32.44,600g,72x72x240,4003686436718,0,,Glass,0.3,,,,,,,,Afina
11-3781-8211,Spirit goblet,Villeroy & Boch,Hospitality – Wine,£19.45,,https://static.wixstatic.com/media/042ed7_db994f121d0b43c3909f4ca8d7776af9~mv2.png,,SK,70132890,3781,8211,Purismo,1,82,165,120,115,Spirit goblet,1137818211,21.75,345g,54x54x152,4003686455399,216,,,0.08,Purismo Spec.,Purismo Spec.,,,,,"Set 4pcs. Orders only by 4 pieces, prices per set",Purismo
16-3272-5501,Spoon,Villeroy & Boch,Hospitality – Cutlery,£4.93,,,,TH,69111000,3272,5501,Stella Hotel,4,84,125,125,95,Spoon,1632725501,5.51,45g,100,5450523086411,0,4057743090917,,,Stella Hotel,Stella Hotel,Stella Hotel,,,,,Stella
10-1634-3934,Square Bowl,Villeroy & Boch,Porcelain – Crockery,£24.94,,https://static.wixstatic.com/media/042ed7_642f7e522da145788037aaba85f86eef~mv2.png,,DE,69111000,1634,3934,Design Naif Gifts,1,69,228,195,42,Square Bowl,1016343934,27.89,263g,140x140x28,4003686275706,372,,Porcelain,,,,,,,,,Design Naif
13-6021-3245,Square baking dish,Villeroy & Boch,Porcelain – Crockery,£18.55,,https://static.wixstatic.com/media/042ed7_6e7b0f8a2e444bc9bea3eaf45678bc99~mv2.png,,DE,69111000,6021,3245,Clever Cooking,1,146,315,215,95,Square baking dish,1360213245,20.74,1100g,262x209x63,4003686217485,98,,Porcelain,1.8,,,,,,,,Clever Cooking
16-2040-2140,Square buffet plate,Villeroy & Boch,Hospitality – Buffet & Display,£23.80,,,,DE,69111000,2040,2140,Universal,2,141,347,350,41,Square buffet plate,1620402140,26.61,1155g,320x320x25,5450523158460,264,4057743186955,,,Universal,Universal,Universal,,,Pi Carré,,Universal
16-4074-2610,Square flat plate,Villeroy & Boch,Hospitality – Crockery,£18.52,,,,DE,69111000,4074,2610,The Rock Black Shale,6,272,295,295,85,Square flat plate,1640742610,20.71,858g,280x280x20,5450523148393,528,4057743165097,,,The Rock Black Shale,The Rock Black Shale,Novelties 2020,,,,,The Rock
16-4077-2610,Square flat plate,Villeroy & Boch,Hospitality – Crockery,£18.52,,,,DE,69111000,4077,2610,The Rock White Glacier,6,272,295,295,85,Square flat plate,1640772610,20.71,858g,280x280x20,5450523148508,528,4057743164144,,,The Rock White Glacier,The Rock White Glacier,Novelties 2020,,,,,The Rock
14-8585-2629,Square flat plate,Villeroy & Boch,Decoration & Gifts – Crockery,£26.11,,https://static.wixstatic.com/media/042ed7_e1713a6145c6450abaf45494de0d5a93~mv2.png,,CN,69111000,8585,2629,Toy's Delight,6,570,290,290,140,Square flat plate,1485852629,29.19,980g,285x285x34,4003686288744,240,4057743001098,Decoration & Gifts,,,,,,,,,Toy's Delight
16-3318-3825,Square individual bowl,Villeroy & Boch,Hospitality – Crockery,£7.51,,,,DE,69111000,3318,3825,La Scala,6,271,455,280,87,Square individual bowl,1633183825,8.39,255g,145x145x45,5450523022327,360,4057743036786,,0.32,La Scala,La Scala,white,,Yes,,,La Scala
14-8630-2808,Square platter,Villeroy & Boch,Porcelain – Crockery,£48.78,,https://static.wixstatic.com/media/042ed7_a0d92215ba1e41bd9d548042f0943907~mv2.png,,DE,69111000,8630,2808,Charm & Breakfast Design Naif,1,152,350,340,45,Square platter,1486302808,54.54,900g,297x297x23,4003686208872,132,,Porcelain,,,,,,,,,Design Naif
14-8595-2808,Square platter,Villeroy & Boch,Porcelain – Crockery,£42.38,,https://static.wixstatic.com/media/042ed7_4b0aa48c6e4c471c8314a2046fd6cd78~mv2.png,,DE,69111000,8595,2808,Charm & Breakfast French Garden,1,152,350,340,45,Square platter,1485952808,47.39,900g,297x297x23,4003683488598,132,,Porcelain,,,,,,,,,French Garden
10-4412-3320,Square salad bowl,Villeroy & Boch,Porcelain – Crockery,£43.55,,https://static.wixstatic.com/media/042ed7_cbfe8a795e9d45ce91115c63d11c5287~mv2.png,,TH,69111000,4412,3320,Royal,1,140,205,205,115,Square salad bowl,1044123320,48.69,460g,174x174x58,4003683431754,232,,Porcelain,0.75,,,,,,,,Royal
14-8332-3756,Squirrel with bowl,Villeroy & Boch,Decoration & Gifts – Crockery,£26.11,,https://static.wixstatic.com/media/042ed7_c39b9e78bfdc41659733c07e1a73b4d4~mv2.png,,CN,69111000,8332,3756,Toy's Fantasy,1,175,230,165,130,Squirrel with bowl,1483323756,29.19,390g,230x165x130,4003686440708,144,,Decoration & Gifts,,,,,,,,,Toy's Fantasy
14-8612-3776,Star bowl medium Tree,Villeroy & Boch,Decoration & Gifts – Crockery,£19.13,,https://static.wixstatic.com/media/042ed7_1c42ec3df0a24cdf955f7b3dc7e36014~mv2.png,,ID,69111000,8612,3776,Winter Bakery Delight,1,220,285,75,255,Star bowl medium Tree,1486123776,21.39,565g,285x75x255,4003686289116,120,,Decoration & Gifts,0.8,,,,,,,,Winter Bakery Delight
14-8612-3770,"Star bowl medium, gingerbread village",Villeroy & Boch,Decoration & Gifts – Crockery,£23.20,,https://static.wixstatic.com/media/042ed7_288ebc44c7d24d668b201bbb75a70ac9~mv2.png,,ID,69111000,8612,3770,Winter Bakery Delight,1,215,250,285,80,"Star bowl medium, gingerbread village",1486123770,25.94,610g,250x285x80,4003686363984,98,,Decoration & Gifts,0.8,,,,,,,,Winter Bakery Delight
10-4130-8543,Starter set 8 pcs.,Villeroy & Boch,Porcelain – Crockery,£104.06,,https://static.wixstatic.com/media/042ed7_e6a7525f7aa94cc6a84c7dda5c554386~mv2.png,,DE,69111000,4130,8543,Artesano Original,1,750,348,197,324,Starter set 8 pcs.,1041308543,116.35,3424g,0x0x0,4003686343023,0,,Porcelain,,,,,,,,,Artesano
10-4100-8854,Starter set 8 pcs.,Villeroy & Boch,Porcelain – Crockery,£109.87,,https://static.wixstatic.com/media/042ed7_72ca985f92374204aa2e394f4ab95485~mv2.png,,DE,69111000,4100,8854,Mariefleur Basic,1,750,348,197,324,Starter set 8 pcs.,1041008854,122.85,3040g,348x197x324,4003686351202,24,,Porcelain,,,,,,,,,Mariefleur
10-4153-7277,Starter-Set 4 pers.,Villeroy & Boch,Porcelain – Crockery,£168.01,,https://static.wixstatic.com/media/042ed7_b92f4f89709a474da1c506ee8659764e~mv2.png,,DE,69111000,4153,7277,For Me,1,1085,350,200,325,Starter-Set 4 pers.,1041537277,187.85,6268g,350x200x325,4003686279643,24,,Porcelain,,,,,,,,,For Me
16-6248-0540,Steak knife HH,Villeroy & Boch,Hospitality – Cutlery,£10.90,,,,VN,82119100,6248,0540,Coupole,6,34,265,45,40,Steak knife HH,1662480540,12.18,88g,236x24x16,5450523001216,840,4057743054773,,,Coupole,Coupole,Cutlery,,,,,Coupole
12-6338-0545,Steak knife MB,Villeroy & Boch,Hospitality – Cutlery,£7.89,,https://static.wixstatic.com/media/042ed7_e4d01f331439480499128310a600036c~mv2.png,,ID,82119100,6338,0545,NewWave Cutlery,6,25,240,40,30,Steak knife MB,1263380545,8.83,92g,235x18x13,4003683497132,800,4057743018201,,,NewWave Cutlery,NewWave Cutlery,Cutlery,,,,,NewWave
12-6338-9374,Steak set 12pcs,Villeroy & Boch,Cutlery – Cutlery,£69.18,,https://static.wixstatic.com/media/042ed7_1f87e1a180cc4e7297ceba0b8718ae41~mv2.png,,ID,82152010,6338,9374,NewWave,1,120,280,195,50,Steak set 12pcs,1263389374,77.35,1470g,285x200x50,4003686166219,200,,Cutlery,,,,,,,,,NewWave
12-6339-9374,Steak set 12pcs,Villeroy & Boch,Cutlery – Cutlery,£61.04,,https://static.wixstatic.com/media/042ed7_f20c71f2a511404dbab326eb9c0f8f4a~mv2.png,,ID,82152010,6339,9374,Oscar,1,120,280,195,50,Steak set 12pcs,1263399374,68.25,1540g,285x200x50,4003686166257,180,,Cutlery,,,,,,,,,Oscar
12-6264-9374,Steak set 12pcs,Villeroy & Boch,Cutlery – Cutlery,£66.85,,https://static.wixstatic.com/media/042ed7_c0dd59084b5e416cbd7da7d2101089ae~mv2.png,,ID,82152010,6264,9374,Piemont,1,112,280,195,50,Steak set 12pcs,1262649374,74.75,1310g,285x200x50,4003686166271,200,,Cutlery,,,,,,,,,Piemont
10-4653-0960,Sugar bowl,Villeroy & Boch,Hospitality – Beverage Service,£31.62,,https://static.wixstatic.com/media/042ed7_410dac2e97e24208acdb4b98d410a543~mv2.png,,TH,69111000,4653,0960,Anmut Gold,1,52,131,141,145,Sugar bowl,1046530960,35.35,340g,164x111x84,4003686375567,240,,,0.3,Anmut Gold,Anmut Gold,Anmut Gold,,,,,Anmut
10-4636-0960,Sugar bowl,Villeroy & Boch,Hospitality – Beverage Service,£31.62,,https://splendid-product-images.pages.dev/vb/10-4636-0960.png,,TH,69111000,4636,0960,Anmut Platinum No.1,1,80,125,100,100,Sugar bowl,1046360960,35.35,360g,164x111x84,4003683396947,240,,,0.3,Anmut Platinum No.1,Anmut Platinum No.1,Anmut Platinum No.1,,,,,Anmut
10-4652-0960,Sugar bowl,Villeroy & Boch,Hospitality – Beverage Service,£43.07,,https://splendid-product-images.pages.dev/vb/10-4652-0960.png,,TH,69111000,4652,0960,MetroChic,1,70,125,120,100,Sugar bowl,1046520960,48.15,355g,115x100x75,4003686362482,432,,,0.33,MetroChic,MetroChic,MetroChic,,,,,MetroChic
10-2525-0960,Sugar bowl,Villeroy & Boch,Hospitality – Beverage Service,£12.69,,https://splendid-product-images.pages.dev/vb/10-2525-0960.png,,DE,69111000,2525,0960,NewWave,1,109,130,130,150,Sugar bowl,1025250960,14.19,421g,170x122x77,4003683333669,240,,,0.34,NewWave,NewWave,NewWave,,,,,NewWave
16-4004-0930,Sugar bowl with cover,Villeroy & Boch,Hospitality – Beverage Service,£10.05,,,,DE,69111000,4004,0930,Affinity,6,248,369,213,146,Sugar bowl with cover,1640040930,11.24,402g,135x65x60,5450523055059,300,4057743046495,,0.26,Affinity,Affinity,Novelties Spring 2013,,,,,Affinity
10-4293-0960,Sugar bowl with cover,Villeroy & Boch,Hospitality – Beverage Service,£11.39,,https://splendid-product-images.pages.dev/vb/10-4293-0960.png,,DE,69111000,4293,0960,Afina,1,46,105,105,85,Sugar bowl with cover,1042930960,12.73,272g,90x90x60,4003686436299,560,,,0.16,Afina,Afina,Novelties 2024,,,,,Afina
10-4661-0930,Sugar bowl with cover,Villeroy & Boch,Hospitality – Beverage Service,£27.39,,https://splendid-product-images.pages.dev/vb/10-4661-0930.png,,TH,69111000,4661,0930,Château Septfontaines,1,44,117,127,128,Sugar bowl with cover,1046610930,30.62,195g,140x75x80,4003686402911,360,,,0.18,Château Septfontaines,Château Septfontaines,Novelties 2021,,,,,Chateau Septfontaines
16-3293-0930,Sugar bowl with cover,Villeroy & Boch,Hospitality – Beverage Service,£12.67,,,,DE,69111000,3293,0930,Dune,6,163,320,215,95,Sugar bowl with cover,1632930930,14.17,305g,120x100x80,5450523001308,588,4057743034089,,0.22,Dune,Dune,,,,,,Dune
16-3318-0930,Sugar bowl with cover,Villeroy & Boch,Hospitality – Beverage Service,£11.29,,,,DE,69111000,3318,0930,La Scala,6,276,390,280,123,Sugar bowl with cover,1633180930,12.63,260g,100x100x110,5450523018603,588,4057743036519,,0.22,La Scala,La Scala,white,,,,,La Scala
10-4510-0960,Sugar bowl with cover,Villeroy & Boch,Hospitality – Beverage Service,£19.70,,https://splendid-product-images.pages.dev/vb/10-4510-0960.png,,TH,69111000,4510,0960,Modern Grace,1,70,125,120,100,Sugar bowl with cover,1045100960,22.02,315g,115x100x75,4003683481612,560,,,0.32,Modern Grace,Modern Grace,Novelties 2010,,,,,Modern Grace
16-3356-0930,Sugar bowl with cover,Villeroy & Boch,Hospitality – Beverage Service,£15.21,,,,DE,69111000,3356,0930,Sedona,6,163,320,215,95,Sugar bowl with cover,1633560930,17,305g,120x100x80,5450523047375,588,4057743044262,,0.22,Sedona,Sedona,Dune,,,,,Sedona
16-3272-0930,Sugar bowl with cover,Villeroy & Boch,Hospitality – Beverage Service,£17.86,,,,TH,69111000,3272,0930,Stella Hotel,6,95,310,210,90,Sugar bowl with cover,1632720930,19.97,205g,135x75x65,5450523010362,588,4057743032085,,0.15,Stella Hotel,Stella Hotel,Stella Hotel,,,,,Stella
16-3272-0960,Sugar bowl with cover,Villeroy & Boch,Hospitality – Beverage Service,£22.28,,,,TH,69111000,3272,0960,Stella Hotel,1,130,200,125,110,Sugar bowl with cover,1632720960,24.92,355g,160x90x110,5450102383931,240,,,0.38,Stella Hotel,Stella Hotel,Stella Hotel,,,,,Stella
16-3272-0961,Sugar bowl with cover,Villeroy & Boch,Hospitality – Beverage Service,£22.28,,,,TH,69111000,3272,0961,Stella Hotel,4,268,258,258,125,Sugar bowl with cover,1632720961,24.92,325g,165x110x80,5450523086497,256,4057743093840,,0.33,Stella Hotel,Stella Hotel,Stella Hotel,,,,,Stella
16-2040-0930,Sugar bowl with cover,Villeroy & Boch,Hospitality – Beverage Service,£12.51,,,,TH,69111000,2040,0930,Universal,6,163,320,215,95,Sugar bowl with cover,1620400930,13.99,210g,90x90x80,5450523039868,588,4057743023946,,0.22,Universal,Universal,white,,,,,Universal
19-5172-0970,Sugar bowl/Mug without handle,Villeroy & Boch,Hospitality – Beverage Service,£10.45,,,,DE,69111000,5172,0970,Perlemor Sand,6,163,320,215,95,Sugar bowl/Mug without handle,1951720970,11.68,235g,85x85x90,4003686456938,588,4057743196220,,0.37,Perlemor Sand,Perlemor Sand,Novelties 2025,NEW,,,,Perlemor
12-6338-1950,Sugar spoon,Villeroy & Boch,Cutlery – Cutlery,£9.25,,https://splendid-product-images.pages.dev/vb/12-6338-1950.png,,ID,82159910,6338,1950,NewWave,6,25,170,70,35,Sugar spoon,1263381950,10.34,38g,124x39x28,4003683257774,9994,4057743018232,Cutlery,,,,,,,,,NewWave
12-6387-1950,Sugar/ice cream spoon,Villeroy & Boch,Cutlery – Cutlery,£9.83,,https://splendid-product-images.pages.dev/vb/12-6387-1950.png,,VN,82159910,6387,1950,Blacksmith,6,30,161,50,35,Sugar/ice cream spoon,1263871950,10.99,30g,140x32x19,4003683483784,9600,4057743019390,Cutlery,,,,,,,,,Blacksmith
12-6526-1950,Sugar/ice cream spoon,Villeroy & Boch,Cutlery – Cutlery,£9.25,,https://splendid-product-images.pages.dev/vb/12-6526-1950.png,,VN,82159910,6526,1950,Boston,6,30,161,50,35,Sugar/ice cream spoon,1265261950,10.34,28g,139x30x16,4003686356856,0,4057743106847,Cutlery,,,,,,,,,Boston
12-6351-1950,Sugar/ice cream spoon,Villeroy & Boch,Cutlery – Cutlery,£9.83,,https://splendid-product-images.pages.dev/vb/12-6351-1950.png,,VN,82159910,6351,1950,Ella partially gold plated,6,20,160,40,40,Sugar/ice cream spoon,1263511950,10.99,30g,145x36x17,4003683314170,9600,4057743018812,Cutlery,,,,,,,,,Ella
12-6243-1950,Sugar/ice cream spoon,Villeroy & Boch,Cutlery – Cutlery,£11.57,,https://splendid-product-images.pages.dev/vb/12-6243-1950.png,,VN,82159910,6243,1950,Kreuzband-Septfontaines,6,30,161,50,35,Sugar/ice cream spoon,1262431950,12.94,32g,143x30x19,4011417045481,9600,4057743017419,Cutlery,,,,,,,,,Kreuzband Septfontaines
12-6417-1950,Sugar/ice cream spoon,Villeroy & Boch,Cutlery – Cutlery,£10.41,,https://splendid-product-images.pages.dev/vb/12-6417-1950.png,,VN,82159910,6417,1950,La Classica,6,30,161,50,35,Sugar/ice cream spoon,1264171950,11.64,37g,136x30x17,4003686262614,8100,4057743020174,Cutlery,,,,,,,,,La Classica
12-6527-1950,Sugar/ice cream spoon,Villeroy & Boch,Cutlery – Cutlery,£11.57,,https://splendid-product-images.pages.dev/vb/12-6527-1950.png,,ID,82159910,6527,1950,MetroChic,6,15,160,35,35,Sugar/ice cream spoon,1265271950,12.94,30g,140x30x13,4003686362277,2000,4057743109060,Cutlery,,,,,,,,,MetroChic
12-6448-1950,Sugar/ice cream spoon,Villeroy & Boch,Cutlery – Cutlery,£9.25,,https://splendid-product-images.pages.dev/vb/12-6448-1950.png,,VN,82159910,6448,1950,Montauk,6,30,161,50,35,Sugar/ice cream spoon,1264481950,10.34,26g,139x30x16,4003686329072,9600,4057743084046,Cutlery,,,,,,,,,Montauk
12-6233-1950,Sugar/ice cream spoon,Villeroy & Boch,Cutlery – Cutlery,£11.57,,https://splendid-product-images.pages.dev/vb/12-6233-1950.png,,VN,82159910,6233,1950,Neufaden-Merlemont,6,17,161,35,35,Sugar/ice cream spoon,1262331950,12.94,32g,154x30x23,4011417038964,9600,4057743017266,Cutlery,,,,,,,,,Neufaden Merlemont
12-6264-1950,Sugar/ice cream spoon,Villeroy & Boch,Cutlery – Cutlery,£9.25,,https://splendid-product-images.pages.dev/vb/12-6264-1950.png,,VN,82159910,6264,1950,Piemont,6,17,160,35,30,Sugar/ice cream spoon,1262641950,10.34,20g,136x30x15,4011417052557,9120,4057743017563,Cutlery,,,,,,,,,Piemont
12-6347-1950,Sugar/ice cream spoon,Villeroy & Boch,Cutlery – Cutlery,£9.25,,https://splendid-product-images.pages.dev/vb/12-6347-1950.png,,VN,82159910,6347,1950,Udine,6,17,161,35,35,Sugar/ice cream spoon,1263471950,10.34,31g,150x28x17,4003683286415,9600,4057743018522,Cutlery,,,,,,,,,Udine
10-3514-0960,Sugar/jampot 6 pers.,Villeroy & Boch,Porcelain – Beverage Service,£40.64,,https://splendid-product-images.pages.dev/vb/10-3514-0960.png,,TH,69111000,3514,0960,Amazonia,1,75,130,130,95,Sugar/jampot 6 pers.,1035140960,45.44,350g,116x98x76,4003686194663,560,,Porcelain,0.32,,,,,,,,Amazonia
10-1067-0960,Sugar/jampot 6 pers.,Villeroy & Boch,Porcelain – Beverage Service,£40.64,,https://splendid-product-images.pages.dev/vb/10-1067-0960.png,,DE,69111000,1067,0960,Audun Ferme,1,35,112,116,93,Sugar/jampot 6 pers.,1010670960,45.44,331g,101x101x109,4003683108762,560,,Porcelain,0.3,,,,,,,,Audun
10-4655-0960,Sugar/jampot 6 pers.,Villeroy & Boch,Porcelain – Beverage Service,£40.64,,https://splendid-product-images.pages.dev/vb/10-4655-0960.png,,TH,69111000,4655,0960,Avarua,1,68,140,140,130,Sugar/jampot 6 pers.,1046550960,45.44,323g,116x98x77,4003686391390,240,,Porcelain,0.32,,,,,,,,Avarua
10-4153-0960,Sugar/jampot 6 pers.,Villeroy & Boch,Porcelain – Beverage Service,£23.20,,https://splendid-product-images.pages.dev/vb/10-4153-0960.png,,DE,69111000,4153,0960,For Me,1,38,120,110,90,Sugar/jampot 6 pers.,1041530960,25.94,190g,99x99x90,4003686259713,490,,Porcelain,0.33,,,,,,,,For Me
10-4100-0960,Sugar/jampot 6 pers.,Villeroy & Boch,Porcelain – Beverage Service,£24.36,,https://splendid-product-images.pages.dev/vb/10-4100-0960.png,,DE,69111000,4100,0960,Mariefleur Basic,1,57,112,112,125,Sugar/jampot 6 pers.,1041000960,27.24,340g,124x108x96,4003686179776,240,,Porcelain,0.43,,,,,,,,Mariefleur
10-4104-0960,Sugar/jampot 6 pers.,Villeroy & Boch,Porcelain – Beverage Service,£24.36,,https://splendid-product-images.pages.dev/vb/10-4104-0960.png,,DE,69111000,4104,0960,Mariefleur Gris Basic,1,80,130,140,140,Sugar/jampot 6 pers.,1041040960,27.24,340g,90x90x100,4003686188747,240,,Porcelain,0.43,,,,,,,,Mariefleur
10-3460-0960,Sugar/jampot 6 pers.,Villeroy & Boch,Porcelain – Beverage Service,£26.11,,https://splendid-product-images.pages.dev/vb/10-3460-0960.png,,DE,69111000,3460,0960,New Cottage Basic,1,80,130,140,140,Sugar/jampot 6 pers.,1034600960,29.19,340g,120x103x63,4003683458348,240,,Porcelain,,,,,,,,,New Cottage
10-4412-0960,Sugar/jampot 6 pers.,Villeroy & Boch,Porcelain – Beverage Service,£31.92,,https://splendid-product-images.pages.dev/vb/10-4412-0960.png,,TH,69111000,4412,0960,Royal,1,70,125,120,100,Sugar/jampot 6 pers.,1044120960,35.69,270g,85x70x101,4003686140240,560,,Porcelain,0.26,,,,,,,,Royal
11-3618-8266,Tall glass set 2pcs,Villeroy & Boch,Glass – Tumblers,£58.08,,https://splendid-product-images.pages.dev/vb/11-3618-8266.png,,TR,70133751,3618,8266,Grand Royal,1,95,195,100,155,Tall glass set 2pcs,1136188266,64.94,460g,92x92x145,4003686435964,240,,Glass,0.4,,,,,,,,Grand Royal
11-3621-8266,Tall glass set 2pcs,Villeroy & Boch,Glass – Tumblers,£69.76,,https://splendid-product-images.pages.dev/vb/11-3621-8266.png,,TR,70133751,3621,8266,Grand Royal Gold,1,95,195,100,155,Tall glass set 2pcs,1136218266,78,805g,92x92x145,4003686436022,240,,Glass,0.4,,,,,,,,Grand Royal
10-4661-1270,Tea cup,Villeroy & Boch,Hospitality – Beverage Service,£14.09,,https://splendid-product-images.pages.dev/vb/10-4661-1270.png,,DE,69111000,4661,1270,Château Septfontaines,6,199,320,215,80,Tea cup,1046611270,15.75,156g,110x80x55,4003686402980,708,4057743167787,,0.22,Château Septfontaines,Château Septfontaines,Novelties 2021,,,,,Chateau Septfontaines
10-2525-1270,Tea cup,Villeroy & Boch,Hospitality – Beverage Service,£9.42,,https://splendid-product-images.pages.dev/vb/10-2525-1270.png,,DE,69111000,2525,1270,NewWave,6,283,455,280,90,Tea cup,1025251270,10.54,200g,143x112x73,4003686163348,360,4057743005256,,0.22,NewWave Caffè,NewWave Caffè,NewWave Caffè Novelties Herbst 2012,,,,,NewWave
10-3514-1270,Tea cup,Villeroy & Boch,Porcelain – Beverage Service,£22.62,,https://splendid-product-images.pages.dev/vb/10-3514-1270.png,,DE,69111000,3514,1270,Amazonia,6,195,309,234,72,Tea cup,1035141270,25.29,110g,122x94x50,4003686194465,708,4057743007519,Porcelain,0.23,,,,,,,,Amazonia
10-4381-1270,Tea cup,Villeroy & Boch,Porcelain – Beverage Service,£22.62,,https://splendid-product-images.pages.dev/vb/10-4381-1270.png,,DE,69111000,4381,1270,Amazonia Anmut,6,324,460,280,95,Tea cup,1043811270,25.29,120g,132x108x52,4003686271357,360,4057743011219,Porcelain,0.26,,,,,,,,Amazonia
10-4130-1270,Tea cup,Villeroy & Boch,Porcelain – Beverage Service,£11.57,,https://splendid-product-images.pages.dev/vb/10-4130-1270.png,,DE,69111000,4130,1270,Artesano Original,6,271,455,280,87,Tea cup,1041301270,12.94,145g,128x108x49,4003686262928,360,4057743008776,Porcelain,0.24,,,,,,,,Artesano
10-4655-1270,Tea cup,Villeroy & Boch,Porcelain – Beverage Service,£22.62,,https://static.wixstatic.com/media/042ed7_8507f530ea264d45b75ea46240a71c34~mv2.png,,DE,69111000,4655,1270,Avarua,6,211,320,220,115,Tea cup,1046551270,25.29,190g,122x94x50,4003686393639,456,4057743163208,Porcelain,0.23,,,,,,,,Avarua
10-2337-1270,Tea cup,Villeroy & Boch,Porcelain – Beverage Service,£16.22,,https://static.wixstatic.com/media/042ed7_69a66582176348dc9118b541911f70d0~mv2.png,,DE,69111000,2337,1270,Design Naif,6,200,305,220,80,Tea cup,1023371270,18.14,170g,115x88x61,5450102085149,708,4057743004037,Porcelain,0.26,,,,,,,,Design Naif
10-4153-1270,Tea cup,Villeroy & Boch,Porcelain – Beverage Service,£9.83,,https://static.wixstatic.com/media/042ed7_4adf94c65a1d483898a4b49b9166a6ce~mv2.png,,DE,69111000,4153,1270,For Me,6,158,320,215,95,Tea cup,1041531270,10.99,120g,127x104x48,4003686259317,588,4057743009681,Porcelain,0.22,,,,,,,,For Me
10-2281-1270,Tea cup,Villeroy & Boch,Porcelain – Beverage Service,£12.15,,https://static.wixstatic.com/media/042ed7_7b4ea06cb323416a830af24ad141d9e6~mv2.png,,DE,69111000,2281,1270,French Garden Fleurence,6,163,320,215,95,Tea cup,1022811270,13.59,150g,111x90x60,5450102345533,588,4057743003559,Porcelain,0.2,,,,,,,,French Garden
10-2396-1270,Tea cup,Villeroy & Boch,Porcelain – Beverage Service,£11.57,,https://static.wixstatic.com/media/042ed7_f5501309216f49dbbac738a5eb5535cc~mv2.png,,DE,69111000,2396,1270,Manoir,6,163,320,215,95,Tea cup,1023961270,12.94,150g,111x90x60,5450102064502,588,4057743004921,Porcelain,0.2,,,,,,,,Manoir
10-4104-1270,Tea cup,Villeroy & Boch,Porcelain – Beverage Service,£12.15,,https://static.wixstatic.com/media/042ed7_3e7fe68222dd4aff8f5647598548b040~mv2.png,,DE,69111000,4104,1270,Mariefleur Gris Basic,6,200,305,220,80,Tea cup,1041041270,13.59,148g,125x102x49,4003686335790,708,4057743086590,Porcelain,0.23,,,,,,,,Mariefleur
10-4217-1270,Tea cup,Villeroy & Boch,Porcelain – Beverage Service,£12.15,,https://static.wixstatic.com/media/042ed7_431014da7b034fdc874661e17ab38ea2~mv2.png,,DE,69111000,4217,1270,Mariefleur Tea,6,200,305,220,80,Tea cup,1042171270,13.59,148g,125x102x49,4003686332263,708,4057743085876,Porcelain,0.23,,,,,,,,Mariefleur
10-3460-1270,Tea cup,Villeroy & Boch,Porcelain – Beverage Service,£11.57,,https://static.wixstatic.com/media/042ed7_84ad29221bad495db41bbe5a1436bb75~mv2.png,,DE,69111000,3460,1270,New Cottage Basic,6,200,305,220,80,Tea cup,1034601270,12.94,148g,125x102x49,4003686334595,708,4057743087603,Porcelain,0.23,,,,,,,,New Cottage
10-2341-1270,Tea cup,Villeroy & Boch,Porcelain – Beverage Service,£12.15,,https://static.wixstatic.com/media/042ed7_49e064d738f8456a944103619e689a7f~mv2.png,,DE,69111000,2341,1270,Old Luxembourg,6,200,305,220,80,Tea cup,1023411270,13.59,176g,115x84x57,5450102072057,708,4057743004501,Porcelain,0.22,,,,,,,,Vieux Luxembourg
10-2395-1270,Tea cup,Villeroy & Boch,Porcelain – Beverage Service,£12.15,,https://static.wixstatic.com/media/042ed7_c60e7db6ed2740ebb8ecedf2cc51bcf5~mv2.png,,DE,69111000,2395,1270,Petite Fleur,6,200,305,220,80,Tea cup,1023951270,13.59,150g,111x90x60,5450102063901,708,4057743004754,Porcelain,0.2,,,,,,,,Petite Fleur
10-4412-1270,Tea cup,Villeroy & Boch,Porcelain – Beverage Service,£13.32,,https://static.wixstatic.com/media/042ed7_c3be870aad3b47618a5825408864a660~mv2.png,,DE,69111000,4412,1270,Royal,6,163,320,215,95,Tea cup,1044121270,14.89,106g,127x100x51,4003683471934,588,4057743011875,Porcelain,0.23,,,,,,,,Royal
16-2040-7341,Tea filter,Villeroy & Boch,Hospitality – Beverage Service,£4.56,,,,GB,39241000,2040,7341,Universal,10,7,220,100,100,Tea filter,1620407341,5.1,10g,80,5450523146351,2130,4057743157207,,,Universal,Universal,white,,,,,Universal
16-2040-4910,Tea filter holder / Unhandled mug,Villeroy & Boch,Hospitality – Beverage Service,£5.20,,,,DE,69111000,2040,4910,Universal,6,163,320,215,95,Tea filter holder / Unhandled mug,1620404910,5.82,150g,70x70x80,5450523051952,588,4057743024264,,0.19,Universal,Universal,Novelties 2012,,,,,Universal
14-8663-3980,Tea light holder,Villeroy & Boch,Decoration & Gifts – Accessories,£10.41,,https://static.wixstatic.com/media/042ed7_96894d220fc24aa7bb4b5bbecaa753e3~mv2.png,,CN,69131000,8663,3980,Colourful Spring,1,50,105,105,100,Tea light holder,1486633980,11.64,152g,80x80x70,4003686389182,560,,Decoration & Gifts,,,,,,,,,Colourful Spring
11-3794-0840,Tea light holder,Villeroy & Boch,Decoration & Gifts – Accessories,£8.67,,https://static.wixstatic.com/media/042ed7_a79995196c2e4fd191836242f2345836~mv2.png,,SK,70139900,3794,0840,Manufacture Swirl,1,40,115,115,80,Tea light holder,1137940840,9.69,225g,108x108x70,4003686356405,700,,Decoration & Gifts,0.42,,,,,,,,Manufacture
14-8659-3982,Tea light holder box,Villeroy & Boch,Decoration & Gifts – Accessories,£15.64,,https://static.wixstatic.com/media/042ed7_a9d6fa0d88f6496089a934d477a54de1~mv2.png,,CN,69131000,8659,3982,Toy's Delight Decoration,1,67,110,110,75,Tea light holder box,1486593982,17.49,225g,99x99x55,4003686392823,700,,Decoration & Gifts,,,,,,,,,Toy's Delight
14-8659-3980,Tea light holder coffee cup,Villeroy & Boch,Decoration & Gifts – Accessories,£13.32,,https://static.wixstatic.com/media/042ed7_fb1a0e2aecfe47cfaeb6f9c1c31d2da7~mv2.png,,CN,69131000,8659,3980,Toy's Delight Decoration,1,65,120,105,60,Tea light holder coffee cup,1486593980,14.89,150g,98x98x40,4003686357419,480,,Decoration & Gifts,,,,,,,,,Toy's Delight
14-8662-3983,"Tea light holder egg, Anna",Villeroy & Boch,Decoration & Gifts – Accessories,£23.20,,https://static.wixstatic.com/media/042ed7_eb6d293b20c8457fad40d60a3cde83a9~mv2.png,,CN,69131000,8662,3983,Bunny Tales,1,90,120,115,205,"Tea light holder egg, Anna",1486623983,25.94,294g,88x88x160,4003686387003,180,,Decoration & Gifts,,,,,,,,,Bunny Tales
11-3776-0840,Tealight holder,Villeroy & Boch,Glass – Accessories,£8.67,,https://static.wixstatic.com/media/042ed7_6e2019fa3a5545d1aa000ea25f8f5172~mv2.png,,SK,70139900,3776,0840,Toy's Delight,1,48,110,110,105,Tealight holder,1137760840,9.69,160g,110x110x93,4003686455061,,,Glass,0.6,,,,NEW,,,,Toy's Delight
14-8585-3997,Tealightholder red,Villeroy & Boch,Decoration & Gifts,£10.41,,https://static.wixstatic.com/media/042ed7_ff2eb74086da440e869c9d0483c49687~mv2.png,,CN,69131000,8585,3997,Toy's Delight,12,238,275,140,80,Tealightholder red,1485853997,11.64,70g,60x60x38,4003686234994,2400,4057743001227,Decoration & Gifts,,,,,,,,,Toy's Delight
10-4217-0220,Teapot 2 pers.,Villeroy & Boch,Porcelain – Beverage Service,£39.48,,https://static.wixstatic.com/media/042ed7_c90ff15abeff42b0bec7e26153b0a268~mv2.png,,DE,69111000,4217,0220,Mariefleur Tea,1,98,175,175,155,Teapot 2 pers.,1042170220,44.14,570g,225x120x125,4003686332836,50,,Porcelain,,,,,,,,,Mariefleur
10-3514-0460,Teapot 6 pers.,Villeroy & Boch,Porcelain – Beverage Service,£115.69,,https://static.wixstatic.com/media/042ed7_17169d4f2239485a9b7a455e5d846327~mv2.png,,TH,69111000,3514,0460,Amazonia,1,225,215,215,145,Teapot 6 pers.,1035140460,129.35,880g,286x123x142,4003686194632,75,,Porcelain,1.3,,,,,,,,Amazonia
10-1067-0460,Teapot 6 pers.,Villeroy & Boch,Porcelain – Beverage Service,£127.31,,https://static.wixstatic.com/media/042ed7_d030efb2d57941f9896de12944c8faad~mv2.png,,DE,69111000,1067,0460,Audun Ferme,1,95,185,186,170,Teapot 6 pers.,1010670460,142.35,887g,240x141x165,4003683108717,96,,Porcelain,1.1,,,,,,,,Audun
14-8663-0460,Teapot 6 pers.,Villeroy & Boch,Decoration & Gifts – Beverage Service,£72.67,,https://static.wixstatic.com/media/042ed7_139cc6948e304f2292b147a65e9ba62e~mv2.png,,DE,69111000,8663,0460,Colourful Spring,1,144,220,220,145,Teapot 6 pers.,1486630460,81.25,836g,275x155x140,4003686386860,96,,Decoration & Gifts,1.4,,,,,,,,Colourful Spring
10-2337-0460,Teapot 6 pers.,Villeroy & Boch,Porcelain – Beverage Service,£115.69,,https://static.wixstatic.com/media/042ed7_573ec229e27e44bbab67dd0a604a9019~mv2.png,,TH,69111000,2337,0460,Design Naif,1,78,152,155,177,Teapot 6 pers.,1023370460,129.35,670g,194x134x162,5450102033157,140,,Porcelain,1,,,,,,,,Design Naif
10-4153-0460,Teapot 6 pers.,Villeroy & Boch,Porcelain – Beverage Service,£51.69,,https://static.wixstatic.com/media/042ed7_c28d00faabdb4239b9367e6563c23200~mv2.png,,DE,69111000,4153,0460,For Me,1,144,220,220,145,Teapot 6 pers.,1041530460,57.79,870g,275x155x140,4003686259676,96,,Porcelain,1.4,,,,,,,,For Me
10-2281-0460,Teapot 6 pers.,Villeroy & Boch,Porcelain – Beverage Service,£61.04,,https://static.wixstatic.com/media/042ed7_62bd1a64528b44efaea5b5cae4c08aa4~mv2.png,,TH,69111000,2281,0460,French Garden Fleurence,1,186,180,180,200,Teapot 6 pers.,1022810460,68.25,740g,218x145x169,5450102344840,96,,Porcelain,1,,,,,,,,French Garden
10-4100-0460,Teapot 6 pers.,Villeroy & Boch,Porcelain – Beverage Service,£72.67,,https://static.wixstatic.com/media/042ed7_43a37d0610d543a9b5297db6be24da3a~mv2.png,,DE,69111000,4100,0460,Mariefleur Basic,1,192,220,220,145,Teapot 6 pers.,1041000460,81.25,820g,270x140x152,4003686239005,93,,Porcelain,1.1,,,,,,,,Mariefleur
10-4104-0460,Teapot 6 pers.,Villeroy & Boch,Porcelain – Beverage Service,£72.67,,https://static.wixstatic.com/media/042ed7_8880ed53c34d42238c7a5c1412f54bb7~mv2.png,,DE,69111000,4104,0460,Mariefleur Gris Basic,1,192,220,220,145,Teapot 6 pers.,1041040460,81.25,820g,275x140x155,4003686239036,93,,Porcelain,1.2,,,,,,,,Mariefleur
10-3460-0460,Teapot 6 pers.,Villeroy & Boch,Porcelain – Beverage Service,£66.27,,https://static.wixstatic.com/media/042ed7_9804c0118bba4641addf24d5ceb0597d~mv2.png,,DE,69111000,3460,0460,New Cottage Basic,1,192,220,220,145,Teapot 6 pers.,1034600460,74.1,820g,273x140x145,4003686244276,93,,Porcelain,1.2,,,,,,,,New Cottage
10-2341-0460,Teapot 6 pers.,Villeroy & Boch,Porcelain – Beverage Service,£61.04,,https://static.wixstatic.com/media/042ed7_d48a0b361faa4764867c924c35af0be8~mv2.png,,TH,69111000,2341,0460,Old Luxembourg,1,95,185,186,170,Teapot 6 pers.,1023410460,68.25,692g,226x143x173,5450102022373,96,,Porcelain,1.19,,,,,,,,Vieux Luxembourg
10-2395-0460,Teapot 6 pers.,Villeroy & Boch,Porcelain – Beverage Service,£61.04,,https://static.wixstatic.com/media/042ed7_5bd2131196f34a3f82ffe186175bff6b~mv2.png,,TH,69111000,2395,0460,Petite Fleur,1,178,195,195,180,Teapot 6 pers.,1023950460,68.25,689g,218x145x169,5450102014859,96,,Porcelain,1,,,,,,,,Petite Fleur
16-2016-0530,Teapot N.5 with cover,Villeroy & Boch,Hospitality – Beverage Service,£24.85,,,,DE,69111000,2016,0530,Corpo,6,276,390,280,123,Teapot N.5 with cover,1620160530,27.79,385g,190x105x105,5450102263967,288,4057743023595,,0.4,Corpo,Corpo,white,,,,,Corpo
16-3293-0530,Teapot N.5 with cover,Villeroy & Boch,Hospitality – Beverage Service,£30.28,,,,TH,69111000,3293,0530,Dune,1,90,220,130,120,Teapot N.5 with cover,1632930530,33.86,497g,235x100x105,5450523001261,168,,,0.55,Dune,Dune,,,Yes,,,Dune
16-2155-0530,Teapot N.5 with cover,Villeroy & Boch,Hospitality – Beverage Service,£22.32,,,,TH,69111000,2155,0530,Easy,6,276,390,280,123,Teapot N.5 with cover,1621550530,24.96,309g,180x105x110,5450102343393,288,4057743026992,,0.4,Easy,Easy,white,,,,,Easy
16-3318-0530,Teapot N.5 with cover,Villeroy & Boch,Hospitality – Beverage Service,£20.39,,,,DE,69111000,3318,0530,La Scala,6,276,390,280,123,Teapot N.5 with cover,1633180530,22.8,380g,165x115x130,5450523018559,216,4057743036472,,0.4,La Scala,La Scala,white,,,,,La Scala
16-3356-0530,Teapot N.5 with cover,Villeroy & Boch,Hospitality – Beverage Service,£37.22,,,,TH,69111000,3356,0530,Sedona,1,90,220,130,120,Teapot N.5 with cover,1633560530,41.62,497g,235x100x105,5450523047337,168,,,0.55,Sedona,Sedona,Dune,,,,,Sedona
16-4003-0530,Teapot N.5 with cover,Villeroy & Boch,Hospitality – Beverage Service,£27.09,,,,DE,69111000,4003,0530,Sedona Function,6,276,390,280,123,Teapot N.5 with cover,1640030530,30.29,385g,190x105x105,5450523054137,288,4057743046273,,0.43,Sedona Function,Sedona Function,Novelties Spring 2012,,,,,Sedona
16-3272-0530,Teapot N.5 with cover,Villeroy & Boch,Hospitality – Beverage Service,£33.54,,,,TH,69111000,3272,0530,Stella Hotel,6,520,320,255,190,Teapot N.5 with cover,1632720530,37.5,450g,195x100x110,5450523010331,240,4057743032047,,0.4,Stella Hotel,Stella Hotel,Stella Hotel,,Yes,,,Stella
10-4483-0530,Teapot small,Villeroy & Boch,Hospitality – Beverage Service,£86.90,,https://static.wixstatic.com/media/042ed7_bd4178680fcc462ebc40a7ee8e34766a~mv2.png,,TH,69111000,4483,0530,MetroChic Gifts,1,104,200,120,110,Teapot small,1044830530,97.16,414g,210x90x105,4003686381988,280,,,0.46,MetroChic Gifts,MetroChic Gifts,MetroChic Gifts,,,,,MetroChic
10-4480-0530,Teapot small,Villeroy & Boch,Porcelain – Beverage Service,£74.99,,https://static.wixstatic.com/media/042ed7_a941d3c7f29a4b389c14404fbc5d9959~mv2.png,,TH,69111000,4480,0530,Amazonia Gifts,1,94,200,120,110,Teapot small,1044800530,83.85,414g,208x89x106,4003686377240,280,,Porcelain,0.46,,,,,,,,Amazonia
10-4293-0630,Teapot w. cover/filter,Villeroy & Boch,Hospitality – Beverage Service,£36.15,,https://static.wixstatic.com/media/042ed7_2d16b2f1e5734dcb91cdafb90678c9d9~mv2.png,,DE,69111000,4293,0630,Afina,1,62,140,140,130,Teapot w. cover/filter,1042930630,40.41,461g,175x115x90,4003686436473,0,,,0.5,Afina,Afina,Novelties 2024,,,,,Afina
16-3272-0630,Teapot w. cover/filter,Villeroy & Boch,Hospitality – Beverage Service,£32.51,,,,TH,69111000,3272,0630,Stella Hotel,6,823,397,287,233,Teapot w. cover/filter,1632720630,36.35,426g,220x125x95,5450523086398,0,4057743090894,,0.59,Stella Hotel,Stella Hotel,Stella Hotel,,,,,Stella
16-2040-0465,Teapot w. cover/filter,Villeroy & Boch,Hospitality – Beverage Service,£32.57,,,,DE,69111000,2040,0465,Universal,1,104,160,160,180,Teapot w. cover/filter,1620400465,36.42,513g,,5450523051976,50,,,1,Universal,Universal,Novelties 2012,,,,,Universal
16-2040-0630,Teapot w. cover/filter,Villeroy & Boch,Hospitality – Beverage Service,£28.54,,,,TH,69111000,2040,0630,Universal,1,62,140,140,130,Teapot w. cover/filter,1620400630,31.91,397g,,5450523043087,240,,,0.45,Universal,Universal,white,,Yes,,,Universal
14-8585-7899,Teapot warmer,Villeroy & Boch,Decoration & Gifts – Appliances,£29.01,,https://static.wixstatic.com/media/042ed7_ee65e9d9eecb41a4924fae915290d89e~mv2.png,,CN,69111000,8585,7899,Toy's Delight,1,215,205,205,105,Teapot warmer,1485857899,32.44,665g,159x159x77,4003686449442,0,,Decoration & Gifts,,,,,NEW,,,,Toy's Delight
10-4653-0460,Teapot with cover,Villeroy & Boch,Hospitality – Beverage Service,£72.32,,https://static.wixstatic.com/media/042ed7_4fda57e43eef450782d3f8f256f7da63~mv2.png,,TH,69111000,4653,0460,Anmut Gold,1,88,204,204,115,Teapot with cover,1046530460,80.87,647g,260x160x105,4003686375802,129,,,0.9,Anmut Gold,Anmut Gold,Anmut Gold,,,,,Anmut
10-4636-0460,Teapot with cover,Villeroy & Boch,Hospitality – Beverage Service,£72.32,,https://static.wixstatic.com/media/042ed7_7eeafa3d0fa64c04baf4e550b2a01b4b~mv2.png,,TH,69111000,4636,0460,Anmut Platinum No.1,1,180,195,195,115,Teapot with cover,1046360460,80.87,680g,260x160x105,4003683396909,114,,,0.9,Anmut Platinum No.1,Anmut Platinum No.1,Anmut Platinum No.1,,,,,Anmut
10-4661-0460,Teapot with cover,Villeroy & Boch,Hospitality – Beverage Service,£58.46,,https://static.wixstatic.com/media/042ed7_8ab7978c0eee47caac298e6865146288~mv2.png,,TH,69111000,4661,0460,Château Septfontaines,1,144,220,220,145,Teapot with cover,1046610460,65.37,826g,260x135x140,4003686402546,93,,,1.2,Château Septfontaines,Château Septfontaines,Novelties 2021,,,,,Chateau Septfontaines
10-4661-0530,Teapot with cover,Villeroy & Boch,Hospitality – Beverage Service,£51.21,,https://static.wixstatic.com/media/042ed7_791cbedd64c541798a3ecb366c3056eb~mv2.png,,TH,69111000,4661,0530,Château Septfontaines,1,82,160,120,160,Teapot with cover,1046610530,57.26,440g,200x100x115,4003686402577,210,,,0.48,Château Septfontaines,Château Septfontaines,Novelties 2021,,,,,Chateau Septfontaines
16-3272-0461,Teapot with cover,Villeroy & Boch,Hospitality – Beverage Service,£38.13,,,,TH,69111000,3272,0461,Stella Hotel,1,90,202,203,112,Teapot with cover,1632720461,42.63,647g,255x160x85,5450523086466,114,,,0.94,Stella Hotel,Stella Hotel,Stella Hotel,,,,,Stella
11-7203-7277,Teapot with strainer,Villeroy & Boch,Hospitality – Strain,£31.79,,https://static.wixstatic.com/media/042ed7_255a4d78a1524a198ddee48b0310e1b7~mv2.png,,CN,70134200,7203,7277,Artesano Hot Beverages,1,235,190,190,155,Teapot with strainer,1172037277,35.54,425g,229x148x114,4003686446670,120,,,1.18,Artesano Hot Beverages,Artesano Hot Beverages,,,,,"Set 2pcs. Orders only by 2 pieces, prices per set",Artesano
16-4004-0465,Teapot/Coffeepot w. cover/filter,Villeroy & Boch,Hospitality – Beverage Service,£33.56,,,,TH,69111000,4004,0465,Affinity,1,125,215,205,110,Teapot/Coffeepot w. cover/filter,1640040465,37.52,625g,235x145x125,5450523055103,137,,,1.13,Affinity,Affinity,Novelties Spring 2013,,,,,Affinity
16-4004-0630,Teapot/Coffeepot w. cover/filter,Villeroy & Boch,Hospitality – Beverage Service,£29.69,,,,TH,69111000,4004,0630,Affinity,6,270,390,280,125,Teapot/Coffeepot w. cover/filter,1640040630,33.2,370g,185x115x95,5450523055134,198,4057743046457,,0.5,Affinity,Affinity,Novelties Spring 2013,,,,,Affinity
35-9074-0023,Toys Lunch Napkins scatters L 20 pcs.,Villeroy & Boch,Decoration & Gifts – Table Service,£2.62,,https://static.wixstatic.com/media/042ed7_be6d9cd8ebc54ed99bcd4c734bd22a57~mv2.png,,DE,48183000,9074,0023,Winter Specials,12,166,355,175,180,Toys Lunch Napkins scatters L 20 pcs.,3590740023,2.93,120g,330x330x0,4003686228498,1260,4057743058603,Decoration & Gifts,,,,,,,,,Winter Specials
10-4130-8059,Tray dip bowl 3 compartments,Villeroy & Boch,Hospitality – Trays,£11.25,,https://static.wixstatic.com/media/042ed7_ae86c3fb055a4c62ba2fd8ddd1ef5ae7~mv2.png,,CN,44192090,4130,8059,Artesano Professionale,1,45,305,95,25,Tray dip bowl 3 compartments,1041308059,12.58,328g,300x90x15,4003686210066,576,,,,Artesano Original,Artesano Original,Novelties 2015,,,Artesano,,Artesano
10-4482-7880,Tray stand,Villeroy & Boch,Hospitality – Buffet & Display,£70.85,,https://static.wixstatic.com/media/042ed7_8c67f4537d674a7db96c7eda04bebc11~mv2.png,,DE,69111000,4482,7880,MetroChic blanc Gifts,1,271,295,295,85,Tray stand,1044827880,79.22,1070g,275x275x270,4003686382060,88,,,,MetroChic blanc Gifts,MetroChic blanc Gifts,MetroChic blanc Gifts,,,,,MetroChic
10-4483-7880,Tray stand,Villeroy & Boch,Hospitality – Buffet & Display,£118.78,,https://static.wixstatic.com/media/042ed7_28270481537d4ffa8e693aabb8f02dce~mv2.png,,DE,69111000,4483,7880,MetroChic Gifts,1,274,295,295,85,Tray stand,1044837880,132.81,1070g,275x275x270,4003686382015,88,,,,MetroChic Gifts,MetroChic Gifts,MetroChic Gifts,,,,,MetroChic
10-4480-7880,Tray stand,Villeroy & Boch,Porcelain – Buffet & Display,£98.25,,https://static.wixstatic.com/media/042ed7_e22d8dc00a4d4296a130ba77a9f97bde~mv2.png,,DE,69111000,4480,7880,Amazonia Gifts,1,274,295,295,85,Tray stand,1044807880,109.85,1070g,272x272x260,4003686377776,88,,Porcelain,,,,,,,,,Amazonia
10-4656-7880,Tray stand,Villeroy & Boch,Porcelain – Buffet & Display,£92.43,,https://static.wixstatic.com/media/042ed7_f105a740fa6d416cb7cb7ae5bc124f67~mv2.png,,DE,69111000,4656,7880,Avarua Gifts,1,271,295,295,85,Tray stand,1046567880,103.35,1070g,272x272x260,4003686394438,88,,Porcelain,,,,,,,,,Avarua
14-8585-7880,Tray stand,Villeroy & Boch,Decoration & Gifts – Buffet & Display,£104.06,,https://static.wixstatic.com/media/042ed7_ebe456ed287e4aae8bf9dde2ec6a9364~mv2.png,,CN,69111000,8585,7880,Toy's Delight,1,316,335,345,105,Tray stand,1485857880,116.35,1920g,300x300x340,4003686234987,52,,Decoration & Gifts,,,,,,,,,Toy's Delight
14-8658-7880,Tray stand,Villeroy & Boch,Decoration & Gifts – Buffet & Display,£104.06,,https://static.wixstatic.com/media/042ed7_59412856f616433da7090d2c98e81e8f~mv2.png,,DE,69111000,8658,7880,Toy's Delight Royal Classic,1,271,295,295,85,Tray stand,1486587880,116.35,1000.9999999999999g,295x295x34,4003686364264,88,,Decoration & Gifts,,,,,,,,,Toy's Delight Royal Classic
14-8612-7882,Tray stand holly,Villeroy & Boch,Decoration & Gifts – Buffet & Display,£74.99,,https://static.wixstatic.com/media/042ed7_d84a20027feb4ee3afa4f7bf1ea9c3ef~mv2.png,,CN,69111000,8612,7882,Winter Bakery Delight,1,230,280,320,85,Tray stand holly,1486127882,83.85,1130g,275x240x253,4003686289154,64,,Decoration & Gifts,,,,,,,,,Winter Bakery Delight
14-8585-7887,Tray stand small,Villeroy & Boch,Decoration & Gifts – Buffet & Display,£52.27,,https://static.wixstatic.com/media/042ed7_203e08ab73ac42ed96144e4417f2d2e7~mv2.png,,CN,69111000,8585,7887,Toy's Delight,1,260,260,260,80,Tray stand small,1485857887,58.44,750g,245x245x37,4003686288713,144,,Decoration & Gifts,,,,,,,,,Toy's Delight
14-8671-6894,Tree,Villeroy & Boch,Decoration & Gifts,£12.15,,https://static.wixstatic.com/media/042ed7_ba771928c0b349978983e9f1e8680c96~mv2.png,,CN,69131000,8671,6894,Winter Glow,1,82,165,120,115,Tree,1486716894,13.59,300g,110x110x139,4003686430471,270,,Decoration & Gifts,,,,,Discontinued 30.06.2026,,,,Winter Glow
11-7203-8094,Tumbler,Villeroy & Boch,Hospitality – Tumblers,£12.65,,https://static.wixstatic.com/media/042ed7_7e68acd2d65c4204a58abd29467eb22e~mv2.png,,CN,70133759,7203,8094,Artesano Hot Beverages,1,95,215,110,80,Tumbler,1172038094,14.14,170g,73x73x71,4003686446625,418,,,0.108,Artesano Hot Beverages,Artesano Hot Beverages,,,,,"Set 2pcs. Orders only by 2 pieces, prices per set",Artesano
11-7203-8095,Tumbler,Villeroy & Boch,Hospitality – Tumblers,£15.53,,https://static.wixstatic.com/media/042ed7_d27049446da34a738124c4526e7997cb~mv2.png,,CN,70133759,7203,8095,Artesano Hot Beverages,1,140,245,140,95,Tumbler,1172038095,17.36,265g,95x95x82,4003686446632,192,,,0.27,Artesano Hot Beverages,Artesano Hot Beverages,,,,,"Set 2pcs. Orders only by 2 pieces, prices per set",Artesano
11-7203-8096,Tumbler,Villeroy & Boch,Hospitality – Tumblers,£18.42,,https://static.wixstatic.com/media/042ed7_96ea7f9404034f318ff5a566d8531e52~mv2.png,,CN,70133759,7203,8096,Artesano Hot Beverages,1,172,280,150,115,Tumbler,1172038096,20.59,345g,110x110x95,4003686446649,140,,,0.43,Artesano Hot Beverages,Artesano Hot Beverages,,,,,"Set 2pcs. Orders only by 2 pieces, prices per set",Artesano
11-7203-8098,Tumbler,Villeroy & Boch,Hospitality – Tumblers,£19.86,,https://static.wixstatic.com/media/042ed7_1a9587ab38e5430099722ba756a2c9a0~mv2.png,,CN,70133759,7203,8098,Artesano Hot Beverages,1,180,290,135,140,Tumbler,1172038098,22.21,360g,96x96x125,4003686446656,120,,,0.46,Artesano Hot Beverages,Artesano Hot Beverages,,,,,"Set 2pcs. Orders only by 2 pieces, prices per set",Artesano
11-7203-8099,Tumbler,Villeroy & Boch,Hospitality – Tumblers,£18.42,,https://static.wixstatic.com/media/042ed7_ae35ea0027b942b98762752748120731~mv2.png,,CN,70133759,7203,8099,Artesano Hot Beverages,1,169,270,125,125,Tumbler,1172038099,20.59,345g,90x90x114,4003686446663,162,,,0.35,Artesano Hot Beverages,Artesano Hot Beverages,,,,,"Set 2pcs. Orders only by 2 pieces, prices per set",Artesano
11-7299-1410,Tumbler,Villeroy & Boch,Hospitality – Tumblers,£9.66,,https://static.wixstatic.com/media/042ed7_c0b53b3ccc4e4122b42a3d89e1a92d84~mv2.png,,DE,70133799,7299,1410,Boston,4,126,210,190,110,Tumbler,1172991410,10.79,479g,95x95x100,4003683221645,672,4057743016511,,0.33,Boston,Boston,Boston,,,,,Boston
11-7331-1410,Tumbler,Villeroy & Boch,Hospitality – Tumblers,£11.16,,https://static.wixstatic.com/media/042ed7_d897a01ac1fa403c99048736e91d5ddf~mv2.png,,DE,70133799,7331,1410,Boston Berry,4,120,194,194,100,Tumbler,1173311410,12.48,479g,95x95x100,,576,,,0.33,Boston Berry,Boston Berry,Boston Berry,,,,,Boston
11-7333-1410,Tumbler,Villeroy & Boch,Hospitality – Tumblers,£11.16,,https://static.wixstatic.com/media/042ed7_b8f534f5d7454dd2b53bddbdd1f60d19~mv2.png,,DE,70133799,7333,1410,Boston Pearl,4,120,194,194,100,Tumbler,1173331410,12.48,408g,95x95x100,4003686448933,576,4057743191188,,0.33,Boston Pearl,Boston Pearl,Boston Pearl,,,,,Boston
11-7332-1410,Tumbler,Villeroy & Boch,Hospitality – Tumblers,£11.16,,https://static.wixstatic.com/media/042ed7_783188cb032b48539b62b8b37f1a960d~mv2.png,,DE,70133799,7332,1410,Boston Saffron,4,120,194,194,100,Tumbler,1173321410,12.48,479g,95x95x100,,576,,,0.33,Boston Saffron,Boston Saffron,Boston Saffron,,,,,Boston
11-7390-0110,Tumbler,Villeroy & Boch,Glass – Tumblers,£21.46,,https://static.wixstatic.com/media/042ed7_37bd7fba42d746dabede2bc2245e3653~mv2.png,,DE,70133799,7390,0110,Octavie,4,96,143,143,155,Tumbler,1173900110,23.99,230g,70x70x149,4003684022586,800,4057743062518,Glass,0.38,,,,,,,,Octavie
11-7309-1411,Tumbler blue,Villeroy & Boch,Hospitality – Tumblers,£11.16,,https://splendid-product-images.pages.dev/vb/11-7309-1411.png,,DE,70133799,7309,1411,Boston coloured,4,126,210,190,110,Tumbler blue,1173091411,12.48,479g,95x95x100,4003683242312,576,4057743016788,,0.33,Boston coloured,Boston coloured,Boston coloured,,,,,Boston
11-7309-1412,Tumbler green,Villeroy & Boch,Hospitality – Tumblers,£11.16,,https://splendid-product-images.pages.dev/vb/11-7309-1412.png,,DE,70133799,7309,1412,Boston coloured,4,126,210,190,110,Tumbler green,1173091412,12.48,479g,95x95x100,4003683242329,576,4057743016795,,0.33,Boston coloured,Boston coloured,Boston coloured,,,,,Boston
11-7309-1410,Tumbler red,Villeroy & Boch,Hospitality – Wine,£11.16,,https://splendid-product-images.pages.dev/vb/11-7309-1410.png,,DE,70133799,7309,1410,Boston coloured,4,126,210,190,110,Tumbler red,1173091410,12.48,479g,95x95x100,4003683242305,576,4057743016771,,0.33,Boston coloured,Boston coloured,Boston coloured,,,,,Boston
11-3786-8062,Tumbler small,Villeroy & Boch,Hospitality – Tumblers,£10.60,,https://splendid-product-images.pages.dev/vb/11-3786-8062.png,,SK,70133799,3786,8062,Purismo,1,70,170,100,105,Tumbler small,1137868062,11.85,620g,85x85x95,4003686395039,364,,,0.32,Purismo Bar,Purismo Bar,,,,,"Set 2pcs. Orders only by 2 pieces, prices per set",Purismo
11-7309-1415,Tumbler smoke,Villeroy & Boch,Hospitality – Tumblers,£11.16,,https://splendid-product-images.pages.dev/vb/11-7309-1415.png,,DE,70133799,7309,1415,Boston coloured,4,120,190,190,115,Tumbler smoke,1173091415,12.48,400g,95x95x100,,576,,,0.33,Boston coloured,Boston coloured,Boston coloured,,,,,Boston
11-3653-8070,"Tumbler, Set 4 pcs",Villeroy & Boch,Glass – Tumblers,£26.11,,https://splendid-product-images.pages.dev/vb/11-3653-8070.png,,SK,70133799,3653,8070,NewMoon,1,62,140,140,130,"Tumbler, Set 4 pcs",1136538070,29.19,840g,66x66x120,4003686390904,240,,Glass,0.26,,,,,,,,NewMoon
10-4173-2366,Tureen (serves 1),Villeroy & Boch,Porcelain – Crockery,£13.90,,https://splendid-product-images.pages.dev/vb/10-4173-2366.png,,DE,69111000,4173,2366,Soup Passion,1,100,170,170,80,Tureen (serves 1),1041732366,15.54,335g,175x143x67,4003686298644,268,,Porcelain,,,,,,,,,Soup Passion
10-4173-2330,Tureen (serves 4),Villeroy & Boch,Porcelain – Crockery,£51.69,,https://splendid-product-images.pages.dev/vb/10-4173-2330.png,,DE,69111000,4173,2330,Soup Passion,1,274,320,275,130,Tureen (serves 4),1041732330,57.79,2230g,310x265x116,4003686294684,56,,Porcelain,,,,,,,,,Soup Passion
10-4264-1306,Unhandled cup,Villeroy & Boch,Hospitality – Beverage Service,£6.66,,https://splendid-product-images.pages.dev/vb/10-4264-1306.png,,DE,69111000,4264,1306,NewMoon,6,137,305,220,80,Unhandled cup,1042641306,7.45,204g,105x105x60,4003686386686,708,4057743160931,,0.28,NewMoon,NewMoon,Novelties 2020,,,Novelties 2020,,NewMoon
10-4264-1455,Unhandled cup,Villeroy & Boch,Hospitality – Beverage Service,£5.51,,https://splendid-product-images.pages.dev/vb/10-4264-1455.png,,DE,69111000,4264,1455,NewMoon,6,84,290,165,80,Unhandled cup,1042641455,6.16,112g,70x70x50,4003686386679,864,4057743160924,,0.09,NewMoon,NewMoon,Novelties 2020,,,Novelties 2020,,NewMoon
16-2040-1710,Unhandled cup,Villeroy & Boch,Hospitality – Beverage Service,£4.96,,,,DE,69111000,2040,1710,Universal,6,200,305,220,80,Unhandled cup,1620401710,5.54,192g,90x90x60,5450523039967,708,4057743023991,,0.2,Universal,Universal,white,,,Big Buffet,,Universal
16-3272-1455,Unhandled demitasse,Villeroy & Boch,Hospitality – Beverage Service,£6.52,,,,TH,69111000,3272,1455,Stella Hotel,6,70,125,120,100,Unhandled demitasse,1632721455,7.29,52g,65x50,5450523050504,1152,4057743032238,,0.1,Stella Hotel,Stella Hotel,Stella Hotel,,,Novelties 2010,,Stella
16-3272-4890,Unhandled mug/Tea filter holder,Villeroy & Boch,Hospitality – Beverage Service,£7.73,,,,TH,69111000,3272,4890,Stella Hotel,4,214,205,205,120,Unhandled mug/Tea filter holder,1632724890,8.64,138g,75x75x80,5450523086404,456,4057743090900,,0.22,Stella Hotel,Stella Hotel,Stella Hotel,,,,,Stella
16-4004-2514,Unhandled soup cup stackable,Villeroy & Boch,Hospitality – Beverage Service,£6.18,,,,DE,69111000,4004,2514,Affinity,6,271,455,280,87,Unhandled soup cup stackable,1640042514,6.91,262g,110x110x60,5450523054915,360,4057743046648,,0.34,Affinity,Affinity,Novelties Spring 2013,,,,,Affinity
16-2238-2514,Unhandled soup cup stackable,Villeroy & Boch,Hospitality – Beverage Service,£7.90,,,,DE,69111000,2238,2514,Bella,6,163,320,215,95,Unhandled soup cup stackable,1622382514,8.84,209g,100x100x55,5450102372881,588,4057743031583,,0.28,Bella,Bella,,,,,,Bella
16-4003-2514,Unhandled soup cup stackable,Villeroy & Boch,Hospitality – Beverage Service,£10.70,,,,DE,69111000,4003,2514,Sedona Function,6,163,320,215,95,Unhandled soup cup stackable,1640032514,11.97,210g,100x100x55,5450523077600,588,4057743073934,,0.28,Sedona Function,Sedona Function,Novelties spring 2017,,,,,Sedona
16-3272-2514,Unhandled soup cup stackable,Villeroy & Boch,Hospitality – Beverage Service,£9.69,,,,DE,69111000,3272,2514,Stella Hotel,6,163,320,215,95,Unhandled soup cup stackable,1632722514,10.83,185g,95x95x55,5450523037116,588,4057743032283,,0.29,Stella Hotel,Stella Hotel,Stella Hotel,,,,,Stella
16-2040-2514,Unhandled soup cup stackable,Villeroy & Boch,Hospitality – Beverage Service,£6.78,,,,DE,69111000,2040,2514,Universal,6,137,305,220,80,Unhandled soup cup stackable,1620402514,7.58,210g,100x100x55,5450102367115,708,4057743024066,,0.28,Universal,Universal,Novelties Autumn 2008,,,Big Buffet,,Universal
10-1665-6022,Universal plate beige,Villeroy & Boch,Hospitality – Crockery,£17.70,,https://splendid-product-images.pages.dev/vb/10-1665-6022.png,,DE,69111000,1665,6022,Iconic,6,226,240,240,125,Universal plate beige,1016656022,19.79,604g,240x240x20,4003686413849,486,4057743175508,,0.47,Iconic,Iconic La Boule beige,Novelties 2022,,,,,Iconic
10-1665-6041,Universal plate beige matt,Villeroy & Boch,Hospitality – Crockery,£17.70,,https://splendid-product-images.pages.dev/vb/10-1665-6041.png,,DE,69111000,1665,6041,Iconic,6,222,250,250,95,Universal plate beige matt,1016656041,19.79,604g,240x240x20,4003686413887,576,4057743175546,,0.47,Iconic,Iconic La Boule beige,Novelties 2022,,,,,Iconic
10-1665-6007,Universal plate black,Villeroy & Boch,Hospitality – Crockery,£17.70,,https://splendid-product-images.pages.dev/vb/10-1665-6007.png,,DE,69111000,1665,6007,Iconic,6,200,255,255,135,Universal plate black,1016656007,19.79,604g,240x240x20,4003686388697,336,4057743161693,,0.47,Iconic,Iconic La Boule black,Novelties 2020,,,,,Iconic
10-1665-6003,Universal plate white,Villeroy & Boch,Hospitality – Crockery,£17.70,,https://splendid-product-images.pages.dev/vb/10-1665-6003.png,,DE,69111000,1665,6003,Iconic,6,236,270,270,120,Universal plate white,1016656003,19.79,604g,240x240x20,4003686388260,336,4057743161624,,0.47,Iconic,Iconic La Boule white,Novelties 2020,,,,,Iconic
10-4293-3570,Universal platter,Villeroy & Boch,Hospitality – Crockery,£13.91,,https://splendid-product-images.pages.dev/vb/10-4293-3570.png,,DE,69111000,4293,3570,Afina,1,69,228,195,42,Universal platter,1042933570,15.55,390g,230x130x25,4003686436428,372,4057743183961,,,Afina,Afina,Novelties 2024,,,,,Afina
16-2040-5031,Vase,Villeroy & Boch,Hospitality – Accessories,£11.58,,,,DE,69131000,2040,5031,Universal,6,175,367,218,142,Vase,1620405031,12.94,170g,140,5450102351121,300,4057743024271,,0.13,Universal,Universal,white,,,,,Universal
14-8676-5110,Vase,Villeroy & Boch,Decoration & Gifts – Accessories,£29.01,,https://splendid-product-images.pages.dev/vb/14-8676-5110.png,,ID,69131000,8676,5110,Easter Delight,1,1,255,255,200,Vase,1486765110,32.44,1206g,173x173x205,4003686457874,,,Decoration & Gifts,3,,,,NEW,,,,Easter Delight
11-7336-0946,Vase,Villeroy & Boch,Decoration & Gifts – Accessories,£9.83,,https://splendid-product-images.pages.dev/vb/11-7336-0946.png,,CN,70139900,7336,0946,Fleur,1,105,135,135,110,Vase,1173360946,10.99,540g,110x110x110,4003686440043,0,,Decoration & Gifts,0.65,,,,NEW,,,,Fleur
11-7336-0947,Vase,Villeroy & Boch,Decoration & Gifts – Accessories,£15.64,,https://splendid-product-images.pages.dev/vb/11-7336-0947.png,,CN,70139900,7336,0947,Fleur,1,155,150,150,175,Vase,1173360947,17.49,1060g,125x125x150,4003686440050,0,,Decoration & Gifts,1.5,,,,NEW,,,,Fleur
11-7336-0948,Vase,Villeroy & Boch,Decoration & Gifts – Accessories,£17.39,,https://splendid-product-images.pages.dev/vb/11-7336-0948.png,,CN,70139900,7336,0948,Fleur,1,220,200,200,200,Vase,1173360948,19.44,1140g,160x160x190,4003686440067,0,,Decoration & Gifts,2.6,,,,NEW,,,,Fleur
11-7336-0949,Vase,Villeroy & Boch,Decoration & Gifts – Accessories,£23.20,,https://splendid-product-images.pages.dev/vb/11-7336-0949.png,,CN,70139900,7336,0949,Fleur,1,240,180,180,235,Vase,1173360949,25.94,1690g,160x160x225,4003686440074,0,,Decoration & Gifts,3.5,,,,NEW,,,,Fleur
11-7336-0950,Vase,Villeroy & Boch,Decoration & Gifts – Accessories,£27.27,,https://splendid-product-images.pages.dev/vb/11-7336-0950.png,,CN,70139900,7336,0950,Fleur,1,270,195,195,285,Vase,1173360950,30.49,1240g,160x160x280,4003686440081,0,,Decoration & Gifts,4,,,,NEW,,,,Fleur
11-7337-0946,Vase,Villeroy & Boch,Decoration & Gifts – Accessories,£9.83,,https://splendid-product-images.pages.dev/vb/11-7337-0946.png,,CN,70139900,7337,0946,Fleur Vert,1,105,135,135,110,Vase,1173370946,10.99,540g,110x110x110,4003686440098,0,,Decoration & Gifts,0.65,,,,NEW,,,,Fleur
11-7337-0947,Vase,Villeroy & Boch,Decoration & Gifts – Accessories,£15.64,,https://static.wixstatic.com/media/042ed7_86a7a5ecd1f44d0186afcc36ba559e81~mv2.png,,CN,70139900,7337,947,Fleur Vert,1,1,150,150,175,Vase,1173370947,17.49,1060g,125x125x150,4003686461949,,,Decoration & Gifts,1.5,,,,NEW,,,,Fleur
11-7337-0948,Vase,Villeroy & Boch,Decoration & Gifts – Accessories,£17.39,,https://splendid-product-images.pages.dev/vb/11-7337-0948.png,,CN,70139900,7337,0948,Fleur Vert,1,220,200,200,200,Vase,1173370948,19.44,1140g,160x160x190,4003686440104,0,,Decoration & Gifts,2.6,,,,NEW,,,,Fleur
11-7337-0949,Vase,Villeroy & Boch,Decoration & Gifts – Accessories,£23.20,,https://splendid-product-images.pages.dev/vb/11-7337-0949.png,,CN,70139900,7337,949,Fleur Vert,1,1,180,180,235,Vase,1173370949,25.94,1690g,160x160x225,4003686461956,,,Decoration & Gifts,3.5,,,,NEW,,,,Fleur
11-7337-0950,Vase,Villeroy & Boch,Decoration & Gifts – Accessories,£27.27,,https://splendid-product-images.pages.dev/vb/11-7337-0950.png,,CN,70139900,7337,0950,Fleur Vert,1,270,195,195,285,Vase,1173370950,30.49,1240g,160x160x280,4003686440111,0,,Decoration & Gifts,4,,,,NEW,,,,Fleur
11-7338-0947,Vase,Villeroy & Boch,Decoration & Gifts – Accessories,£15.64,,https://splendid-product-images.pages.dev/vb/11-7338-0947.png,,CN,70139900,7338,0947,Fleur Bleu,1,155,150,150,175,Vase,1173380947,17.49,1060g,125x125x150,4003686440128,0,,Decoration & Gifts,1.5,,,,NEW,,,,Fleur
11-7338-0949,Vase,Villeroy & Boch,Decoration & Gifts – Accessories,£23.20,,https://splendid-product-images.pages.dev/vb/11-7338-0949.png,,CN,70139900,7338,0949,Fleur Bleu,1,240,180,180,235,Vase,1173380949,25.94,1690g,160x160x225,4003686440135,0,,Decoration & Gifts,3.5,,,,NEW,,,,Fleur
11-3737-0960,Vase,Villeroy & Boch,Decoration & Gifts – Accessories,£29.01,,https://splendid-product-images.pages.dev/vb/11-3737-0960.png,,DE,70139900,3737,0960,NewWave,1,96,131,131,265,Vase,1137370960,32.44,1990g,123x123x247,4003683239657,100,,Decoration & Gifts,1.4,,,,,,,,NewWave
10-4288-5400,Vase,Villeroy & Boch,Decoration & Gifts – Accessories,£19.13,,https://splendid-product-images.pages.dev/vb/10-4288-5400.png,,SK,70139900,4288,5400,Rose Garden Home,1,118,145,145,200,Vase,1042885400,21.39,635g,128x128x200,4003686421325,216,,Decoration & Gifts,1.4,,,,,,,,Rose Garden
10-4288-5410,Vase,Villeroy & Boch,Decoration & Gifts – Accessories,£23.20,,https://splendid-product-images.pages.dev/vb/10-4288-5410.png,,SK,70139900,4288,5410,Rose Garden Home,1,118,145,145,200,Vase,1042885410,25.94,635g,128x128x200,4003686421219,216,,Decoration & Gifts,1.4,,,,,,,,Rose Garden
14-8638-5100,Vase,Villeroy & Boch,Decoration & Gifts – Accessories,£14.48,,https://splendid-product-images.pages.dev/vb/14-8638-5100.png,,CN,69131000,8638,5100,Spring Awakening,1,148,145,145,160,Vase,1486385100,16.19,340g,112x108x106,4003686257672,175,,Decoration & Gifts,0.5,,,,,,,,Spring Awakening
14-8671-5110,Vase,Villeroy & Boch,Decoration & Gifts – Accessories,£36.57,,https://static.wixstatic.com/media/042ed7_8ba4d3c888d74ca19752f238e2d3ccef~mv2.png,,CN,69131000,8671,5110,Winter Glow,1,125,155,150,165,Vase,1486715110,40.89,500g,147x147x151,4003686430525,140,,Decoration & Gifts,0.9,,,,Discontinued 30.06.2026,,,,Winter Glow
14-8663-3951,Vase / Candleholder,Villeroy & Boch,Decoration & Gifts – Accessories,£12.15,,https://static.wixstatic.com/media/042ed7_bc492a5043654b66b4ca45c34a635536~mv2.png,,CN,69131000,8663,3951,Colourful Spring,1,60,85,85,120,Vase / Candleholder,1486633951,13.59,140g,75x75x106,4003686357167,648,,Decoration & Gifts,0.15,,,,,,,,Colourful Spring
10-1681-5512,Vase Carré large,Villeroy & Boch,Decoration & Gifts – Accessories,£34.83,,https://static.wixstatic.com/media/042ed7_f1204a564f4b4039a35caed769f4276b~mv2.png,,CN,69131000,1681,5512,Manufacture Collier blanc,1,320,220,220,245,Vase Carré large,1016815512,38.94,1365g,208x208x230,4003686327399,45,,Decoration & Gifts,5.5,,,,,,,,Manufacture
10-1682-5512,Vase Carré large,Villeroy & Boch,Decoration & Gifts – Accessories,£34.83,,https://static.wixstatic.com/media/042ed7_07c4e2264e724ba5b6deecaa3627f540~mv2.png,,TH,69131000,1682,5512,Manufacture Collier noir,1,290,220,220,240,Vase Carré large,1016825512,38.94,1720g,208x208x230,4003686327436,45,,Decoration & Gifts,5.5,,,,,,,,Manufacture
10-1687-5512,Vase Carré large,Villeroy & Boch,Decoration & Gifts – Accessories,£34.83,,https://static.wixstatic.com/media/042ed7_8d740329aa3a46b5909a722006b6a15b~mv2.png,,TH,69131000,1687,5512,Manufacture Collier taupe,1,260,215,215,245,Vase Carré large,1016875512,38.94,1690g,208x208x230,4003686417052,45,,Decoration & Gifts,5.5,,,,,,,,Manufacture
10-1681-5514,Vase Carré small,Villeroy & Boch,Decoration & Gifts – Accessories,£17.39,,https://static.wixstatic.com/media/042ed7_4690d402831b42808f2a6119decadcb6~mv2.png,,CN,69131000,1681,5514,Manufacture Collier blanc,1,120,160,160,140,Vase Carré small,1016815514,19.44,430g,124x124x147,4003686327405,140,,Decoration & Gifts,1.1,,,,,,,,Manufacture
10-1682-5514,Vase Carré small,Villeroy & Boch,Decoration & Gifts – Accessories,£17.39,,https://static.wixstatic.com/media/042ed7_077857731de34671901b12a5987ff620~mv2.png,,TH,69131000,1682,5514,Manufacture Collier noir,1,130,175,160,160,Vase Carré small,1016825514,19.44,490g,124x124x147,4003686327450,160,,Decoration & Gifts,1.1,,,,,,,,Manufacture
10-1687-5514,Vase Carré small,Villeroy & Boch,Decoration & Gifts – Accessories,£17.39,,https://static.wixstatic.com/media/042ed7_5407fd2771ca46e084281dbbed0a4551~mv2.png,,TH,69131000,1687,5514,Manufacture Collier taupe,1,132,150,150,175,Vase Carré small,1016875514,19.44,485g,124x124x147,4003686417069,160,,Decoration & Gifts,1.1,,,,,,,,Manufacture
10-1686-5515,Vase Carré tall,Villeroy & Boch,Decoration & Gifts – Accessories,£27.85,,https://static.wixstatic.com/media/042ed7_2b91f7df3b2c49b0ae11cc2bb11a01c6~mv2.png,,TH,69131000,1686,5515,Manufacture Collier beige,1,150,260,140,145,Vase Carré tall,1016865515,31.14,742g,116x116x265,4003686415904,115,,Decoration & Gifts,1.5,,,,,,,,Manufacture
10-1681-5515,Vase Carré tall,Villeroy & Boch,Decoration & Gifts – Accessories,£27.85,,https://static.wixstatic.com/media/042ed7_56bb38336b8e48658dfec5c1e8c1e537~mv2.png,,CN,69131000,1681,5515,Manufacture Collier blanc,1,178,137,137,268,Vase Carré tall,1016815515,31.14,710g,116x116x265,4003686331440,130,,Decoration & Gifts,1.5,,,,,,,,Manufacture
10-1682-5515,Vase Carré tall,Villeroy & Boch,Decoration & Gifts – Accessories,£27.85,,https://static.wixstatic.com/media/042ed7_22f22706739140269837e011777ead9c~mv2.png,,TH,69131000,1682,5515,Manufacture Collier noir,1,150,280,135,135,Vase Carré tall,1016825515,31.14,880g,116x116x265,4003686331297,115,,Decoration & Gifts,1.5,,,,,,,,Manufacture
10-1681-5511,Vase Perle large,Villeroy & Boch,Decoration & Gifts – Accessories,£26.11,,https://static.wixstatic.com/media/042ed7_92ef1e7b9ef64cfebc88f483e0e65859~mv2.png,,CN,69131000,1681,5511,Manufacture Collier blanc,1,241,185,185,210,Vase Perle large,1016815511,29.19,795g,166x166x180,4003686327382,72,,Decoration & Gifts,2.6,,,,,,,,Manufacture
10-1682-5511,Vase Perle large,Villeroy & Boch,Decoration & Gifts – Accessories,£26.11,,https://static.wixstatic.com/media/042ed7_4e9ef8bcd5564d97a806971db825daf9~mv2.png,,TH,69131000,1682,5511,Manufacture Collier noir,1,200,230,175,175,Vase Perle large,1016825511,29.19,985g,166x166x180,4003686327429,80,,Decoration & Gifts,2.6,,,,,,,,Manufacture
10-1687-5511,Vase Perle large,Villeroy & Boch,Decoration & Gifts – Accessories,£26.11,,https://static.wixstatic.com/media/042ed7_5f2f36815f3a4bc4bbf6c61bfcfb6f5b~mv2.png,,TH,69131000,1687,5511,Manufacture Collier taupe,1,200,240,165,185,Vase Perle large,1016875511,29.19,915g,166x166x180,4003686417045,72,,Decoration & Gifts,2.6,,,,,,,,Manufacture
10-1686-5516,Vase Perle small,Villeroy & Boch,Decoration & Gifts – Accessories,£13.32,,https://static.wixstatic.com/media/042ed7_c9e8c5d7bfbd466ab096073c9a99f8ea~mv2.png,,TH,69131000,1686,5516,Manufacture Collier beige,1,115,159,149,161,Vase Perle small,1016865516,14.89,323g,110x110x123,4003686415911,160,,Decoration & Gifts,0.55,,,,,,,,Manufacture
10-1681-5516,Vase Perle small,Villeroy & Boch,Decoration & Gifts – Accessories,£13.32,,https://static.wixstatic.com/media/042ed7_8314a81ffd7c49f0922cbdc05c90a1ce~mv2.png,,CN,69131000,1681,5516,Manufacture Collier blanc,1,80,110,115,125,Vase Perle small,1016815516,14.89,270g,110x110x123,4003686331457,392,,Decoration & Gifts,0.55,,,,,,,,Manufacture
10-1682-5516,Vase Perle small,Villeroy & Boch,Decoration & Gifts – Accessories,£13.32,,https://static.wixstatic.com/media/042ed7_88e0fa61f97a4d6580e4b0c9120ba953~mv2.png,,TH,69131000,1682,5516,Manufacture Collier noir,1,135,170,145,145,Vase Perle small,1016825516,14.89,315g,110x110x123,4003686331600,160,,Decoration & Gifts,0.55,,,,,,,,Manufacture
10-1686-5513,Vase Perle tall,Villeroy & Boch,Decoration & Gifts – Accessories,£26.11,,https://static.wixstatic.com/media/042ed7_af2ac399965440f3bacd96cf1df69956~mv2.png,,TH,69131000,1686,5513,Manufacture Collier beige,1,184,245,170,165,Vase Perle tall,1016865513,29.19,905g,159x159x204,4003686415898,72,,Decoration & Gifts,2.3,,,,,,,,Manufacture
10-1681-5513,Vase Perle tall,Villeroy & Boch,Decoration & Gifts – Accessories,£26.11,,https://static.wixstatic.com/media/042ed7_2868273a357a47ee86c9c223b4bb13a5~mv2.png,,CN,69131000,1681,5513,Manufacture Collier blanc,1,245,175,175,235,Vase Perle tall,1016815513,29.19,870g,159x159x204,4003686329843,72,,Decoration & Gifts,2.3,,,,,,,,Manufacture
10-1682-5513,Vase Perle tall,Villeroy & Boch,Decoration & Gifts – Accessories,£26.11,,https://static.wixstatic.com/media/042ed7_ed054120a220438486eb7236e8b84f54~mv2.png,,TH,69131000,1682,5513,Manufacture Collier noir,1,210,175,175,235,Vase Perle tall,1016825513,29.19,930g,159x159x204,4003686327467,72,,Decoration & Gifts,2.3,,,,,,,,Manufacture
11-7217-0942,Vase big,Villeroy & Boch,Decoration & Gifts – Accessories,£46.45,,https://static.wixstatic.com/media/042ed7_f4cf68f24b804f54958f9e367b5e639a~mv2.png,,TR,70139900,7217,0942,Blossom,1,676,300,300,320,Vase big,1172170942,51.94,2600g,280x280x292,4003686160552,16,,Decoration & Gifts,4.4,,,,,,,,Blossom
14-8638-5160,Vase large,Villeroy & Boch,Decoration & Gifts – Accessories,£34.83,,https://static.wixstatic.com/media/042ed7_7c1522f74fab4046b6f4b07e46ccb8f5~mv2.png,,CN,69131000,8638,5160,Spring Awakening,1,412,255,255,200,Vase large,1486385160,38.94,1205g,198x198x176,4003686355958,36,,Decoration & Gifts,3.1,,,,,,,,Spring Awakening
11-7217-0932,Vase medium,Villeroy & Boch,Decoration & Gifts – Accessories,£39.48,,https://static.wixstatic.com/media/042ed7_aed19ff7680748bbb457ee98d024274b~mv2.png,,TR,70139900,7217,0932,Blossom,1,552,245,245,270,Vase medium,1172170932,44.14,1697g,225x225x227,4003686160545,36,,Decoration & Gifts,1.8,,,,,,,,Blossom
11-7217-0922,Vase small,Villeroy & Boch,Decoration & Gifts – Accessories,£31.92,,https://static.wixstatic.com/media/042ed7_4cc76441857546ae9fc6c6e9dd6c14f8~mv2.png,,TR,70139900,7217,0922,Blossom,1,214,195,195,215,Vase small,1172170922,35.69,1200g,180x180x184,4003686160538,96,,Decoration & Gifts,0.7,,,,,,,,Blossom
14-8663-5120,Vase small,Villeroy & Boch,Decoration & Gifts – Accessories,£22.62,,https://static.wixstatic.com/media/042ed7_c63835f20fe143a8a9bf53350aca4280~mv2.png,,CN,69131000,8663,5120,Colourful Spring,1,170,190,180,190,Vase small,1486635120,25.29,570g,178x156x152,4003686388116,96,,Decoration & Gifts,1.4,,,,,,,,Colourful Spring
10-1691-5071,Vase small,Villeroy & Boch,Decoration & Gifts – Accessories,£40.64,,https://static.wixstatic.com/media/042ed7_f2774aac805e49d893f820cf89949481~mv2.png,,TH,69131000,1691,5071,Memphis Home,1,194,145,145,261,Vase small,1016915071,45.44,665g,95x95x235,4003686451506,0,,Decoration & Gifts,1.3,,,,NEW,,,,Memphis
11-3794-1115,Vase soliflor large,Villeroy & Boch,Decoration & Gifts – Accessories,£14.48,,https://static.wixstatic.com/media/042ed7_760a2ff5f5c6410e83288d8255ec1173~mv2.png,,SK,70139900,3794,1115,Manufacture Swirl,1,60,200,105,105,Vase soliflor large,1137941115,16.19,300g,100x100x180,4003686355798,308,,Decoration & Gifts,0.75,,,,,,,,Manufacture
11-3794-1110,Vase soliflor small,Villeroy & Boch,Decoration & Gifts – Accessories,£10.99,,https://static.wixstatic.com/media/042ed7_4ef3aa26872c4e0bb187e03d61f4c424~mv2.png,,SK,70139900,3794,1110,Manufacture Swirl,1,49,118,120,135,Vase soliflor small,1137941110,12.29,202g,104x104x122,4003686355781,462,,Decoration & Gifts,0.55,,,,,,,,Manufacture
10-4482-5070,Vase tall,Villeroy & Boch,Hospitality – Accessories,£91.04,,https://static.wixstatic.com/media/042ed7_f935700acfa14d519f5d755a0b6f9a66~mv2.png,,TH,69131000,4482,5070,MetroChic blanc Gifts,1,160,315,140,140,Vase tall,1044825070,101.79,1435g,130x130x305,4003686380219,99,,,3,MetroChic blanc Gifts,MetroChic blanc Gifts,MetroChic blanc Gifts,,,,,MetroChic
10-4483-5070,Vase tall,Villeroy & Boch,Hospitality – Accessories,£134.73,,https://static.wixstatic.com/media/042ed7_33075dd7ffe3444c95e5f1dc8ec96cbf~mv2.png,,TH,69131000,4483,5070,MetroChic Gifts,1,166,142,142,321,Vase tall,1044835070,150.64,1330g,130x130x305,4003686381896,96,,,3,MetroChic Gifts,MetroChic Gifts,MetroChic Gifts,,,,,MetroChic
10-3514-5070,Vase tall,Villeroy & Boch,Porcelain – Accessories,£115.69,,https://static.wixstatic.com/media/042ed7_1fa87d41b6e24d1081ea748d9b95a905~mv2.png,,TH,69131000,3514,5070,Amazonia,1,180,220,310,120,Vase tall,1035145070,129.35,1800g,220x110x296,4003686161627,72,,Porcelain,3.3,,,,,,,,Amazonia
10-4480-5070,Vase tall,Villeroy & Boch,Porcelain – Accessories,£115.69,,https://static.wixstatic.com/media/042ed7_82415073ef6747538fa762a3a9760b09~mv2.png,,TH,69131000,4480,5070,Amazonia Gifts,1,166,142,142,321,Vase tall,1044805070,129.35,1315g,131x131x303,4003686377097,432,,Porcelain,3,,,,,,,,Amazonia
10-1691-5070,Vase tall,Villeroy & Boch,Decoration & Gifts – Accessories,£58.08,,https://static.wixstatic.com/media/042ed7_c889518bb3c042c7a95baf758a54974d~mv2.png,,TH,69131000,1691,5070,Memphis Home,1,270,170,170,315,Vase tall,1016915070,64.94,1260g,131x131x303,4003686451490,0,,Decoration & Gifts,3,,,,NEW,,,,Memphis
10-4288-5401,Vase/hurricane lamp,Villeroy & Boch,Decoration & Gifts – Accessories,£19.13,,https://static.wixstatic.com/media/042ed7_effd07efacac4bef81a4db8025c392e3~mv2.png,,SK,70139900,4288,5401,Rose Garden Home,1,137,195,195,165,Vase/hurricane lamp,1042885401,21.39,650g,190x190x170,4003686421332,216,,Decoration & Gifts,2.5,,,,,,,,Rose Garden
10-4288-5411,Vase/hurricane lamp,Villeroy & Boch,Decoration & Gifts – Accessories,£23.20,,https://static.wixstatic.com/media/042ed7_d3cab9915011446aa49b23a1a600c900~mv2.png,,SK,70139900,4288,5411,Rose Garden Home,1,210,188,188,223,Vase/hurricane lamp,1042885411,25.94,985g,190x190x170,4003686421226,96,,Decoration & Gifts,2.5,,,,,,,,Rose Garden
35-5375-0100,Vieux Luxemburg 20pcs,Villeroy & Boch,Decoration & Gifts,£2.62,,https://static.wixstatic.com/media/042ed7_0fa012f2b6ed43a0aa5e6f2a02090cae~mv2.png,,DE,48183000,5375,0100,Paper Napkins,12,135,350,170,175,Vieux Luxemburg 20pcs,3553750100,2.93,110g,325x325x1,4003686151710,576,4057743057194,Decoration & Gifts,,,,,,,,,Paper Napkins
35-5375-0166,Vieux Luxemburg Brindille 20pcs,Villeroy & Boch,Decoration & Gifts,£2.62,,https://static.wixstatic.com/media/042ed7_26dc9a68414d4009954533476a4b9ef9~mv2.png,,DE,48183000,5375,0166,Paper Napkins,12,150,355,170,175,Vieux Luxemburg Brindille 20pcs,3553750166,2.93,120g,330x330x1,4003686365063,576,4057743110301,Decoration & Gifts,,,,,,,,,Paper Napkins
11-7299-0130,Water glass,Villeroy & Boch,Hospitality – Tumblers,£9.66,,https://static.wixstatic.com/media/042ed7_6579edcd905c4c4cbbb7e237debafc5d~mv2.png,,DE,70132890,7299,0130,Boston,4,180,205,205,150,Water glass,1172990130,10.79,430g,99x99x143,4003683204716,396,4057743016498,,0.4,Boston,Boston,Boston,,,,,Boston
11-7331-0130,Water glass,Villeroy & Boch,Hospitality – Tumblers,£11.16,,https://static.wixstatic.com/media/042ed7_1e2624a511d044a09b73833add355115~mv2.png,,DE,70132890,7331,0130,Boston Berry,4,150,200,200,150,Water glass,1173310130,12.48,430g,99x99x143,,396,,,0.405,Boston Berry,Boston Berry,Boston Berry,,,,,Boston
11-3801-8145,Water glass Set 2pcs,Villeroy & Boch,Glass – Tumblers,£34.83,,https://static.wixstatic.com/media/042ed7_0edd2c488ac84bb69c8e8881559cb60c~mv2.png,,SK,70133799,3801,8145,MetroChic,1,130,200,120,100,Water glass Set 2pcs,1138018145,38.94,330g,98x98x110,4003686427617,228,,Glass,0.6,,,,,,,,MetroChic
11-7209-8140,Water glass Set 4pcs,Villeroy & Boch,Glass – Tumblers,£24.36,,https://static.wixstatic.com/media/042ed7_f7b1dd2aa6a44b82a4c465f08662f7b0~mv2.png,,SK,70133799,7209,8140,Ovid,1,125,176,176,125,Water glass Set 4pcs,1172098140,27.24,442g,85x85x109,4003686285477,168,,Glass,0.42,,,,,,,,Ovid
11-3618-8146,Water glass set 2pcs,Villeroy & Boch,Glass – Tumblers,£58.08,,https://static.wixstatic.com/media/042ed7_410110e206004b96a7494c31f1e84b70~mv2.png,,TR,70133751,3618,8146,Grand Royal,1,80,205,100,110,Water glass set 2pcs,1136188146,64.94,615g,95x95x100,4003686435957,266,,Glass,0.29,,,,,,,,Grand Royal
11-3621-8146,Water glass set 2pcs,Villeroy & Boch,Glass – Tumblers,£69.76,,https://static.wixstatic.com/media/042ed7_520f2c40e01d4844af9739792a7eab4d~mv2.png,,TR,70133751,3621,8146,Grand Royal Gold,1,80,205,100,110,Water glass set 2pcs,1136218146,78,580g,95x95x100,4003686436015,266,,Glass,0.29,,,,,,,,Grand Royal
11-3620-8152,Water glass set4pcs clear,Villeroy & Boch,Glass – Tumblers,£16.81,,https://static.wixstatic.com/media/042ed7_137ae62bb7b14aaf845ab3791ffef8ee~mv2.png,,DE,70133799,3620,8152,Dressed Up,1,110,175,175,112,Water glass set4pcs clear,1136208152,18.79,1152g,86x86x105,4003686306134,144,,Glass,0.31,,,,,,,,Dressed Up
11-3776-8145,"Water glass, Set 2pcs",Villeroy & Boch,Glass – Tumblers,£17.39,,https://static.wixstatic.com/media/042ed7_d4c962b037184497a235ba3c500794d2~mv2.png,,SK,70133791,3776,8145,Toy's Delight,1,65,180,90,110,"Water glass, Set 2pcs",1137768145,19.44,490g,85x85x94,4003686427457,364,,Glass,0.37,,,,,,,,Toy's Delight
14-8671-8145,"Water glass, Set 2pcs",Villeroy & Boch,Decoration & Gifts – Tumblers,£15.64,,https://static.wixstatic.com/media/042ed7_888b4a32c3104482aecf66e9744eb9a1~mv2.png,,PL,70133799,8671,8145,Winter Glow,1,50,180,90,100,"Water glass, Set 2pcs",1486718145,17.49,580g,86x86x95,4003686430709,364,,Decoration & Gifts,0.31,,,,Discontinued 30.06.2026,,,,Winter Glow
11-3721-8070,"Water glass, Set 4 pcs",Villeroy & Boch,Glass – Tumblers,£26.11,,https://static.wixstatic.com/media/042ed7_77567ca659f64628816f120abfd9c6b4~mv2.png,,SK,70133791,3721,8070,Afina,1,100,185,165,95,"Water glass, Set 4 pcs",1137218070,29.19,580g,85x85x84,4003686436732,0,,Glass,0.35,,,,,,,,Afina
11-3725-8140,"Water glass, Set 4pcs",Villeroy & Boch,Glass – Tumblers,£29.01,,https://static.wixstatic.com/media/042ed7_432d4b146e4f48848a9e2d25c6729316~mv2.png,,SK,70133799,3725,8140,Rose Garden,1,108,180,180,95,"Water glass, Set 4pcs",1137258140,32.44,960g,85x85x94,4003686420359,192,,Glass,0.37,,,,,,,,Rose Garden
11-7333-0130,Water goblet,Villeroy & Boch,Hospitality – Wine,£11.16,,https://static.wixstatic.com/media/042ed7_b8e15bbf16d249de9b9fd0eb8da882d0~mv2.png,,DE,70132890,7333,0130,Boston Pearl,4,150,200,200,150,Water goblet,1173330130,12.48,430g,99x99x143,4003686448926,396,4057743191171,,0.405,Boston Pearl,Boston Pearl,Boston Pearl,,,,,Boston
11-7332-0130,Water goblet,Villeroy & Boch,Hospitality – Wine,£11.16,,https://static.wixstatic.com/media/042ed7_cbd40b326c22404dafe39c54f0ead9b6~mv2.png,,DE,70132890,7332,0130,Boston Saffron,4,150,200,200,150,Water goblet,1173320130,12.48,430g,99x99x143,,396,,,0.405,Boston Saffron,Boston Saffron,Boston Saffron,,,,,Boston
16-6621-1300,Water goblet,Villeroy & Boch,Hospitality – Wine,£4.85,,,,SK,70132890,6621,1300,La Divina,6,115,242,165,165,Water goblet,1666211300,5.42,140g,78x78x144,5450523017361,630,4057743054858,,0.33,La Divina,La Divina,,,Yes,,,La Divina
11-7390-0130,Water goblet,Villeroy & Boch,Glass – Wine,£21.46,,https://static.wixstatic.com/media/042ed7_73fcbd3d168048fa8d3b6e2afad9e623~mv2.png,,DE,70132890,7390,0130,Octavie,4,150,190,190,208,Water goblet,1173900130,23.99,260g,90x90x206,4003684022524,288,4057743062525,Glass,0.37,,,,,,,,Octavie
11-7309-0131,Water goblet blue,Villeroy & Boch,Hospitality – Wine,£11.16,,https://static.wixstatic.com/media/042ed7_56ebc94b6a2d484e8d3cb9d6ba637cb8~mv2.png,,DE,70132890,7309,0131,Boston coloured,4,180,205,205,150,Water goblet blue,1173090131,12.48,430g,99x99x143,,396,,,0.4,Boston coloured,Boston coloured,Boston coloured,,,,,Boston
11-7309-0132,Water goblet green,Villeroy & Boch,Hospitality – Wine,£11.16,,https://static.wixstatic.com/media/042ed7_fbc93db89b4e49e79f6258af8f6ac936~mv2.png,,DE,70132890,7309,0132,Boston coloured,4,180,205,205,150,Water goblet green,1173090132,12.48,430g,99x99x143,,396,,,0.4,Boston coloured,Boston coloured,Boston coloured,,,,,Boston
11-7309-0130,Water goblet red,Villeroy & Boch,Hospitality – Wine,£11.16,,https://static.wixstatic.com/media/042ed7_6cb7b08367e843fda52caef1124da54f~mv2.png,,DE,70132890,7309,0130,Boston coloured,4,145,240,240,115,Water goblet red,1173090130,12.48,430g,99x99x143,,396,,,0.4,Boston coloured,Boston coloured,Boston coloured,,,,,Boston
11-3618-8106,Water goblet set 2pcs,Villeroy & Boch,Glass – Wine,£58.08,,https://static.wixstatic.com/media/042ed7_8346c06d044f490bb6573ed775679cd5~mv2.png,,TR,70132810,3618,8106,Grand Royal,1,125,205,100,205,Water goblet set 2pcs,1136188106,64.94,670g,96x96x200,4003686435940,114,,Glass,0.39,,,,,,,,Grand Royal
11-3621-8106,Water goblet set 2pcs,Villeroy & Boch,Glass – Wine,£69.76,,https://static.wixstatic.com/media/042ed7_77a43caf2758447eacd2e46deae6fc13~mv2.png,,TR,70132810,3621,8106,Grand Royal Gold,1,135,210,115,225,Water goblet set 2pcs,1136218106,78,310g,96x96x200,4003686436008,114,,Glass,0.39,,,,,,,,Grand Royal
11-3776-0420,Water jug/juice jug,Villeroy & Boch,"Glass – Jugs, Pitchers & Carafes",£29.01,,https://static.wixstatic.com/media/042ed7_ccf7fee3f4c043a590a78cdd6d38a45c~mv2.png,,SK,70134999,3776,0420,Toy's Delight,1,52,85,85,285,Water jug/juice jug,1137760420,32.44,620g,97x85x270,4003686449145,0,,Glass,1.2,,,,NEW,,,,Toy's Delight
11-7309-0135,Water tumbler smoke,Villeroy & Boch,Hospitality – Tumblers,£11.16,,https://static.wixstatic.com/media/042ed7_42a16a0da1214bc3ba903814394dbd14~mv2.png,,DE,70132890,7309,0135,Boston coloured,4,150,200,200,150,Water tumbler smoke,1173090135,12.48,430g,99x99x143,,396,,,0.4,Boston coloured,Boston coloured,Boston coloured,,,,,Boston
16-6621-0130,Water/Bordeaux wine goblet,Villeroy & Boch,Hospitality – Wine,£4.85,,,,SK,70132890,6621,0130,La Divina,6,245,330,220,245,Water/Bordeaux wine goblet,1666210130,5.42,215g,102x102x252,5450523017309,198,4057743054841,,0.68,La Divina,La Divina,Novelties Autumn 2008,,Yes,,,La Divina
16-6621-1410,Whisky tumbler,Villeroy & Boch,Hospitality – Rocks,£4.85,,,,SK,70133799,6621,1410,La Divina,6,110,250,200,105,Whisky tumbler,1666211410,5.42,245g,85x85x151,5450523017385,714,4057743169323,,0.37,La Divina,La Divina,,,Yes,,,La Divina
10-4130-1210,White coffee cup,Villeroy & Boch,Porcelain – Beverage Service,£13.32,,https://static.wixstatic.com/media/042ed7_9a8ef78bdb0440d99f5258d150af4404~mv2.png,,DE,69111000,4130,1210,Artesano Original,6,312,460,280,95,White coffee cup,1041301210,14.89,235g,132x107x73,4003686290976,360,4057743008752,Porcelain,0.36,,,,,,,,Artesano
10-4412-1210,White coffee cup,Villeroy & Boch,Porcelain – Beverage Service,£17.39,,https://static.wixstatic.com/media/042ed7_54fda945bc1d4396ad1c11a1e9f53795~mv2.png,,DE,69111000,4412,1210,Royal,6,271,455,280,87,White coffee cup,1044121210,19.44,175g,144x114x71,4003683243081,360,4057743011851,Porcelain,0.44,,,,,,,,Royal
14-8585-1211,White coffee cup,Villeroy & Boch,Decoration & Gifts – Beverage Service,£15.06,,https://splendid-product-images.pages.dev/vb/14-8585-1211.png,,DE,69111000,8585,1211,Toy's Delight,6,250,315,270,73,White coffee cup,1485851211,16.84,250g,141x114x66,4003686198562,300,4057743000954,Decoration & Gifts,0.36,,,,,,,,Toy's Delight
14-8630-1210,White coffee cup XL,Villeroy & Boch,Porcelain – Beverage Service,£18.55,,https://splendid-product-images.pages.dev/vb/14-8630-1210.png,,DE,69111000,8630,1210,Charm & Breakfast Design Naif,6,283,455,280,90,White coffee cup XL,1486301210,20.74,323g,156x123x76,4003686208827,360,4057743023199,Porcelain,0.5,,,,,,,,Design Naif
14-8595-1210,White coffee cup XL,Villeroy & Boch,Porcelain – Beverage Service,£16.81,,https://splendid-product-images.pages.dev/vb/14-8595-1210.png,,DE,69111000,8595,1210,Charm & Breakfast French Garden,6,283,455,280,90,White coffee cup XL,1485951210,18.79,323g,151x120x76,4003683488529,360,4057743021706,Porcelain,0.5,,,,,,,,French Garden
10-4412-1180,White coffee cup XL,Villeroy & Boch,Porcelain – Beverage Service,£17.39,,https://splendid-product-images.pages.dev/vb/10-4412-1180.png,,DE,69111000,4412,1180,Royal,6,271,455,280,87,White coffee cup XL,1044121180,19.44,202g,157x121x72,4003683471910,360,4057743011844,Porcelain,0.5,,,,,,,,Royal
11-3780-0234,White wine decanter,Villeroy & Boch,Glass – Wine,£33.08,,https://splendid-product-images.pages.dev/vb/11-3780-0234.png,,TR,70134991,3780,0234,Purismo Wine,1,141,165,105,305,White wine decanter,1137800234,36.99,790g,160x100x283,4003686209435,98,,Glass,1.83,,,,,,,,Purismo
11-3721-8120,"White wine glass, Set 4 pcs",Villeroy & Boch,Glass – Wine,£29.01,,https://splendid-product-images.pages.dev/vb/11-3721-8120.png,,SK,70132890,3721,8120,Afina,1,172,180,180,210,"White wine glass, Set 4 pcs",1137218120,32.44,640g,82x82x220,4003686436701,0,,Glass,0.425,,,,,,,,Afina
11-7299-0030,White wine goblet,Villeroy & Boch,Hospitality – Wine,£7.30,,https://splendid-product-images.pages.dev/vb/11-7299-0030.png,,DE,70132890,7299,0030,Boston,4,97,170,170,130,White wine goblet,1172990030,8.16,270g,83x83x120,4003683203665,576,4057743016467,,0.23,Boston,Boston,Boston,,,,,Boston
11-7331-0030,White wine goblet,Villeroy & Boch,Hospitality – Wine,£9.66,,https://splendid-product-images.pages.dev/vb/11-7331-0030.png,,DE,70132890,7331,0030,Boston Berry,4,110,185,185,130,White wine goblet,1173310030,10.79,275g,83x83x120,,480,,,0.23,Boston Berry,Boston Berry,Boston Berry,,,,,Boston
11-7333-0030,White wine goblet,Villeroy & Boch,Hospitality – Wine,£9.66,,https://splendid-product-images.pages.dev/vb/11-7333-0030.png,,DE,70132890,7333,0030,Boston Pearl,4,110,185,180,115,White wine goblet,1173330030,10.79,278g,83x83x120,4003686448896,480,4057743191140,,0.23,Boston Pearl,Boston Pearl,Boston Pearl,,,,,Boston
11-7332-0030,White wine goblet,Villeroy & Boch,Hospitality – Wine,£9.66,,https://splendid-product-images.pages.dev/vb/11-7332-0030.png,,DE,70132890,7332,0030,Boston Saffron,4,110,185,185,130,White wine goblet,1173320030,10.79,275g,83x83x120,,480,,,0.23,Boston Saffron,Boston Saffron,Boston Saffron,,,,,Boston
11-3658-7818,White wine goblet,Villeroy & Boch,Hospitality – Wine,£14.22,,https://splendid-product-images.pages.dev/vb/11-3658-7818.png,,SK,70132890,3658,7818,Entrée,1,151,155,155,195,White wine goblet,1136587818,15.89,600g,74x74x186,4003686346772,140,,,0.29,Entrée,Entrée,Entrée,,Yes,,"Set 4pcs. Orders only by 4 pieces, prices per set",Entree
16-6621-0035,White wine goblet,Villeroy & Boch,Hospitality – Wine,£4.85,,,,SK,70132890,6621,0035,La Divina,6,210,275,190,230,White wine goblet,1666210035,5.42,180g,90x90x226,5450523017330,288,4057743054827,,0.41,La Divina,La Divina,,,Yes,,,La Divina
11-3731-8120,White wine goblet,Villeroy & Boch,Hospitality – Wine,£19.37,,https://splendid-product-images.pages.dev/vb/11-3731-8120.png,,SK,70132890,3731,8120,Maxima,1,162,170,170,245,White wine goblet,1137318120,21.66,730g,80x80x240,4003686427112,84,,,0.365,Maxima,Maxima,Maxima,,,,"Set 4pcs. Orders only by 4 pieces, prices per set",Maxima
11-7390-0030,White wine goblet,Villeroy & Boch,Glass – Wine,£21.46,,https://splendid-product-images.pages.dev/vb/11-7390-0030.png,,DE,70132890,7390,0030,Octavie,4,135,166,166,192,White wine goblet,1173900030,23.99,215g,78x78x186,4003684022548,448,4057743062389,Glass,0.22,,,,,,,,Octavie
11-3801-8126,White wine goblet Set 2pcs,Villeroy & Boch,Glass – Wine,£34.83,,https://splendid-product-images.pages.dev/vb/11-3801-8126.png,,SK,70132890,3801,8126,MetroChic,1,176,200,100,245,White wine goblet Set 2pcs,1138018126,38.94,290g,100x100x229,4003686427488,114,,Glass,0.55,,,,,,,,MetroChic
11-7209-8120,White wine goblet Set 4pcs,Villeroy & Boch,Glass – Wine,£24.36,,https://splendid-product-images.pages.dev/vb/11-7209-8120.png,,PL,70132890,7209,8120,Ovid,1,146,160,230,160,White wine goblet Set 4pcs,1172098120,27.24,685g,80x80x214,4003686285453,84,,Glass,0.38,,,,,,,,Ovid
11-7309-0031,White wine goblet blue,Villeroy & Boch,Hospitality – Wine,£9.66,,https://splendid-product-images.pages.dev/vb/11-7309-0031.png,,DE,70132890,7309,0031,Boston coloured,4,97,170,170,130,White wine goblet blue,1173090031,10.79,275g,83x83x120,,480,,,0.23,Boston coloured,Boston coloured,Boston coloured,,,,,Boston
11-7309-0032,White wine goblet green,Villeroy & Boch,Hospitality – Wine,£9.66,,https://splendid-product-images.pages.dev/vb/11-7309-0032.png,,DE,70132890,7309,0032,Boston coloured,4,97,170,170,130,White wine goblet green,1173090032,10.79,275g,83x83x120,,480,,,0.23,Boston coloured,Boston coloured,Boston coloured,,,,,Boston
11-7309-0030,White wine goblet red,Villeroy & Boch,Hospitality – Wine,£9.66,,https://splendid-product-images.pages.dev/vb/11-7309-0030.png,,DE,70132890,7309,0030,Boston coloured,4,97,170,170,130,White wine goblet red,1173090030,10.79,275g,83x83x120,,480,,,0.23,Boston coloured,Boston coloured,Boston coloured,,,,,Boston
11-3618-8126,White wine goblet set 2pcs,Villeroy & Boch,Glass – Wine,£58.08,,https://splendid-product-images.pages.dev/vb/11-3618-8126.png,,TR,70132810,3618,8126,Grand Royal,1,120,210,205,90,White wine goblet set 2pcs,1136188126,64.94,430g,90x90x216,4003686435919,144,,Glass,0.25,,,,,,,,Grand Royal
11-3621-8126,White wine goblet set 2pcs,Villeroy & Boch,Glass – Wine,£69.76,,https://splendid-product-images.pages.dev/vb/11-3621-8126.png,,TR,70132810,3621,8126,Grand Royal Gold,1,120,190,95,240,White wine goblet set 2pcs,1136218126,78,490g,90x90x216,4003686435988,228,,Glass,0.25,,,,,,,,Grand Royal
11-3780-8122,White wine goblet set 4pcs,Villeroy & Boch,Hospitality – Wine,£19.45,,https://splendid-product-images.pages.dev/vb/11-3780-8122.png,,SK,70132890,3780,8122,Purismo,1,170,182,182,229,White wine goblet set 4pcs,1137808122,21.75,690g,85x85x220,4003686455375,72,,,0.39,Purismo Wine,Purismo Wine,,,,,"Set 4pcs. Orders only by 4 pieces, prices per set",Purismo
11-7309-0035,White wine goblet smoke,Villeroy & Boch,Hospitality – Wine,£9.66,,https://splendid-product-images.pages.dev/vb/11-7309-0035.png,,DE,70132890,7309,0035,Boston coloured,4,97,170,170,130,White wine goblet smoke,1173090035,10.79,294g,83x83x120,,480,,,0.23,Boston coloured,Boston coloured,Boston coloured,,,,,Boston
11-3776-8125,"White wine goblet, Set 2 pcs",Villeroy & Boch,Glass – Wine,£17.39,,https://splendid-product-images.pages.dev/vb/11-3776-8125.png,,SK,70132890,3776,8125,Toy's Delight,1,120,190,95,240,"White wine goblet, Set 2 pcs",1137768125,19.44,317g,90x90x226,4003686413009,144,,Glass,0.41,,,,,,,,Toy's Delight
11-3799-8120,"White wine goblet, Set 4 pcs",Villeroy & Boch,Glass – Wine,£29.01,,https://splendid-product-images.pages.dev/vb/11-3799-8120.png,,SK,70132890,3799,8120,Manufacture Rock blanc,1,190,180,180,230,"White wine goblet, Set 4 pcs",1137998120,32.44,690g,90x90x226,4003686439450,72,,Glass,0.41,,,,,,,,Manufacture
11-3798-8120,"White wine goblet, Set 4 pcs",Villeroy & Boch,Glass – Wine,£29.01,,https://splendid-product-images.pages.dev/vb/11-3798-8120.png,,SK,70132890,3798,8120,Manufacture Rock Glass,1,190,180,180,230,"White wine goblet, Set 4 pcs",1137988120,32.44,640g,90x90x226,4003686402812,72,,Glass,0.41,,,,,,,,Manufacture
11-3653-8120,"White wine goblet, Set 4 pcs",Villeroy & Boch,Glass – Wine,£29.01,,https://splendid-product-images.pages.dev/vb/11-3653-8120.png,,SK,70132890,3653,8120,NewMoon,1,128,160,160,230,"White wine goblet, Set 4 pcs",1136538120,32.44,700g,76x76x200,4003686390690,84,,Glass,0.3,,,,,,,,NewMoon
11-3725-8120,"White wine goblet, Set 4 pcs",Villeroy & Boch,Glass – Wine,£29.01,,https://splendid-product-images.pages.dev/vb/11-3725-8120.png,,SK,70132890,3725,8120,Rose Garden,1,180,185,185,225,"White wine goblet, Set 4 pcs",1137258120,32.44,784g,85x85x218,4003686420328,72,,Glass,0.4,,,,,,,,Rose Garden
14-8671-8115,Wine goblet Set 2 pcs,Villeroy & Boch,Decoration & Gifts – Wine,£17.97,,https://splendid-product-images.pages.dev/vb/14-8671-8115.png,,PL,70132890,8671,8115,Winter Glow,1,75,180,90,180,Wine goblet Set 2 pcs,1486718115,20.09,320g,85x85x170,4003686434929,208,,Decoration & Gifts,0.35,,,,Discontinued 30.06.2026,,,,Winter Glow
14-8602-5861,X-mas tree large with children,Villeroy & Boch,Decoration & Gifts,£121.50,,https://www.villeroy-boch.co.uk/dw/image/v2/BLGB_PRD/on/demandware.static/-/Sites-master-dl/default/images/1486025861_on_fs-c-1.png?sw=1200&sh=1200&sm=fit,,CN,95051090,8602,5861,Christmas Toys Memory,1,497,265,265,360,X-mas tree large with children,1486025861,135.85,2490g,225x220x305,4003686180994,24,,Decoration & Gifts,,,,,,,,,Christmas Toys
14-8585-6885,X-mas tree with music box,Villeroy & Boch,Decoration & Gifts,£115.69,,https://www.villeroy-boch.co.uk/dw/image/v2/BLGB_PRD/on/demandware.static/-/Sites-master-dl/default/images/1485856885_on_fs-1.png?sw=1200&sh=1200&sm=fit,,CN,95051090,8585,6885,Toy's Delight,1,568,275,290,370,X-mas tree with music box,1485856885,129.35,3030g,235x200x330,4003683495510,16,,Decoration & Gifts,,,,,,,,,Toy's Delight
10-1621-8405,XMAS Set Reindeer 2pcs.,Villeroy & Boch,Decoration & Gifts,£11.57,,https://www.villeroy-boch.co.uk/dw/image/v2/BLGB_PRD/on/demandware.static/-/Sites-master-dl/default/images/1016218405_on_fs-1.png?sw=1200&sh=1200&sm=fit,,DE,69111000,1621,8405,Statement,1,56,230,85,110,XMAS Set Reindeer 2pcs.,1016218405,12.94,524g,115x80x104,4003686434417,287,,Decoration & Gifts,0.35,,,,,,,,Statement
10-1621-8404,XMAS Set Tree 2pcs.,Villeroy & Boch,Decoration & Gifts,£11.57,,https://www.villeroy-boch.co.uk/dw/image/v2/BLGB_PRD/on/demandware.static/-/Sites-master-dl/default/images/1016218404_on_fs-1.png?sw=1200&sh=1200&sm=fit,,DE,69111000,1621,8404,Statement,1,56,230,85,110,XMAS Set Tree 2pcs.,1016218404,12.94,524g,115x80x104,4003686434400,287,,Decoration & Gifts,0.35,,,,,,,,Statement
