Part,Description,Brand,Category,List Price,Web URL,Image,Intro,Colour,Material,Range,Capacity (cl),Pack Size,Pack Spec
SB1001,Distillery Whisky Taster Glass 14cl,Urban Bar,Brandy & Fortified Wine,£7.50,https://www.urbanbar.com/products/distillery-taster-glass-14cl,https://cdn.shopify.com/s/files/1/0467/5066/2816/files/Urban_Bar_Sam_Gee_Photography_Shoot1180_055c335b-91c3-49e8-80c7-04e4bf102428.jpg?v=1791367605,"Urban Bar designed the Distillery Spirit Tasting Glass for distillers to sample and appreciate their produce. Popular with those that enjoy spirits and whiskys, the Distillery Taster Glass is especially suited to tasting events. A finer replacement for sampling tumblers, this piece of fine glassware pushes events to a higher tier. The rounded bowl of this mouth-blown stemware is designed to swirl your chosen spirit, while the tapered shape leading up to the narrow mouth collects aromas and direct them towards the nose, therefore raising the overall experience. The small stem and base ensures the contents of the glass aren't affected by your hand, and the drink can be tasted at the correct serving temperature. As a result this spirit glass gives a controlled tasting. The Distillery Taster Glass is dishwasher safe, however Urban Bar recommend hand washing to prolong the life of your stemware. Spirit nosing and tasting is affected by any remaining detergents or cloth remnants on glassware, consequently, hand washing gives you greater control over the quality of your tasting.
Product Features:
Blown lead-free crystal glass
Stem helps retain temperature of contents
Narrow mouth to collect and direct aromas
Rounded bowl to swirl contents
Dishwasher safe - see our Glassware Care Guide for more information",,Glass,,14,,
SB1001G,Distillery Whisky Taster Glass with Gauge Lines 14cl,Urban Bar,Brandy & Fortified Wine,£8.33,https://www.urbanbar.com/products/distillery-taster-with-gauge-lines-14cl,https://cdn.shopify.com/s/files/1/0467/5066/2816/files/SB1001G.png?v=1791379618,"Perfect for tasting events, the Distillery Glass has gauge lines for measurable dilution.
Product Features:
Blown lead-free crystal glass
Stem helps retain temperature of contents
Narrow mouth to collect and direct aromas
Gauge lines, 1 to 4
Rounded bowl to swirl contents
Dishwasher safe - see our Glassware Care Guide for more information",,Glass,,14,,
SB1002,Spey® Taster Glass 13cl,Urban Bar,Brandy & Fortified Wine,£7.50,https://www.urbanbar.com/products/spey-reg-whisky-taster-glass-13cl,https://cdn.shopify.com/s/files/1/0467/5066/2816/files/SB1002.png?v=1791379643,"Tulip shape stemmed spirit glass, ideal for nosing and tasting.
Product Features:
Tulip copita shaped whisky tasting glass
Stem helps retain temperature of contents
Narrow mouth to collect and direct aromas
Rounded bowl to swirl contents
Dishwasher safe",,Glass,,13,,
SB1003,Spey® Tumbler 25cl,Urban Bar,Brandy & Fortified Wine,£5.83,https://www.urbanbar.com/products/spey-reg-whisky-glass-25cl,https://cdn.shopify.com/s/files/1/0467/5066/2816/files/SB1003-4.jpg?v=1791379665,"Inspired by classic tasting, the Spey Tumbler lets you savour your drink. Made for everyday drinking, this tumbler borrows the copa shape from distillery tasters. A large rounded bowl gives a good space to swirl your spirit to release aromas and flavours. Also, this bowl gives plenty of room for you to add water or ice to suit your tastes. This whisky glass tapers towards the top, directing aromas towards the nose. Bring the benefits of distillery tasting glasses to your everyday drink service.
Product Features:
Savouring tumbler
Copita shape
Ideal for savouring spirits
Machine made glass
Dishwasher safe - see our Glassware Care Guide for more information",,Glass,,25,,
SB1004,Spey® Dram Glass 12cl,Urban Bar,Brandy & Fortified Wine,£5.83,https://www.urbanbar.com/products/spey-reg-dram-glass-12cl,https://cdn.shopify.com/s/files/1/0467/5066/2816/files/SB1004_6a4bfa40-cf5b-4f7e-8be2-99e45d64198b.jpg?v=1791367613,"Holding 4oz to the brim, this short whisky glass suits a small sample of your chosen spirit. Part of the Spey range, this shot glass matches the Spey Glass and the Spey Taster Glass for a full complement of spirit glassware.
Crystal
This dram glass is made from soda-lime glass as standard. Urban Bar can also produce this glass in lead-free crystal glass upon request. Please contact us for more information.
Product Features:
Small whisky glass
Fluted tulip shape
Ideal for sampling whiskies
Machine made glass
Dishwasher safe - see our Glassware Care Guide for more information",,Glass,,12,,
SB1005,Distillery Malt Whisky Taster Glass 18cl,Urban Bar,Brandy & Fortified Wine,£8.33,https://www.urbanbar.com/products/malt-taster-whisky-nosing-and-tasting-glass,https://cdn.shopify.com/s/files/1/0467/5066/2816/files/SB1005.png?v=1791379678,"Ideal for whisky tasting, the Malt Taster has a classic copita shape bowl. Made from lead-free crystal, this whisky tasting glass has a high transparency. This clarity in the glass gives premium results when assessing the colour of your spirit. The rounded bowl lets you swirl the contents of the glass to release hidden aromas. These aromas are then directed up the narrowing shape to your nose. The foot gives you a convenient place to hold the glass without affecting the temperature. While the short stem is a perfect size for gripping between the thumb and forefinger.
Product Features:
Lead free crystal
Short stem for an easy hold.
Less fragile than long stems, ideal for repeated use
Narrow mouth to collect and direct aromas
Rounded bowl to swirl contents
Dishwasher safe - see our Crystal Glass Care Guide for more information",,Glass,,18,,
SB1007,Rolling Whisky Tumbler 28cl,Urban Bar,Rocks,£5.83,https://www.urbanbar.com/products/rolling-tumbler-28cl,https://cdn.shopify.com/s/files/1/0467/5066/2816/files/white-SB1007-2_e92c757c-ebbc-4d74-820e-4885fcd31608.jpg?v=1791377703,"A fantastic novelty way of serving whisky, the Rolling Whisky Tumbler rocks from side to side, but always returns to an upright position. This rocking rocks glass has a completely rounded base made of solid glass. Due to the heavy-weight glass, the centre of gravity is very low, allowing the tumbler to roll from one side to another, and always go back to its starting position. This fun way of serving whisky also offers a functional element; the rocking motion will give your whisky a stir. If you appreciate all aspects of whisky drinking, then swirling your spirit will open up the body, releasing new aromas for you to enjoy.
Product Features:
Round base tumbler
Heavyweight base that always brings the glass back to an upright position
Unique way to swirl whiskies and spirits
Complete roundness gives a comfortable hold in the palm of your hand
Machine made
Dishwasher safe - see our Glassware Care Guide for more information",,Glass,,28,,
SB1008,Rondo Old Fashioned Tumbler 34cl,Urban Bar,Rocks,£5.83,https://www.urbanbar.com/products/rondo-old-fashioned-tumbler-34cl,https://cdn.shopify.com/s/files/1/0467/5066/2816/files/SB1008.png?v=1791377719,Glass rocks tumbler with a rounded shape at the base.,,Glass,,34,,
SB1008-3,Calabrese ZigZag Old Fashioned 34cl,Urban Bar,Rocks,£8.33,https://www.urbanbar.com/products/calabrese-zigzag-old-fashioned-34cl,https://cdn.shopify.com/s/files/1/0467/5066/2816/files/Calbrese-ZigZag-Old-Fashioned-25cl.jpg?v=1791380661,"Developed in collaboration with renowned mixologist, Salvatore Calabrese, this old fashioned tumbler is an elegant companion for anything on the rocks.
Product Features:
Premium lead-free crystal 34cl
Etched Art Deco inspired fine ZigZag pattern
High clarity
Heavyweight base
Dishwasher safe  see our Crystal Glass Care Guide for more information",,Glass,,34,,
SB1009,Rondo Highball Glass 37cl,Urban Bar,Hiballs,£5.83,https://www.urbanbar.com/products/rondo-highball-glass-37cl,https://cdn.shopify.com/s/files/1/0467/5066/2816/files/SB1009.png?v=1791377733,"Unique highball glass with curved edges at the base, timeless style and suitable for gin & tonic and a multitude of other long drinks.
Product Features:
Premium lead-free crystal 37cl
No pattern, simple design
High clarity
Heavyweight base
Dishwasher safe  see our Crystal Glass Care Guide for more information",,Glass,,37,,
SB1009-3,Calabrese ZigZag Highball 37cl,Urban Bar,Hiballs,£8.33,https://www.urbanbar.com/products/calabrese-zigzag-highball,https://cdn.shopify.com/s/files/1/0467/5066/2816/files/Calabrese-ZigZag-Highball-35cl.jpg?v=1791380616,"Developed in collaboration with Salvatore Calabrese, this refined highball glass is an elegant way to serve long cocktails, perfect for gin, tonic and so many more refreshing drinks.
Product Features:
Premium lead-free crystal 37cl
Etched Art Deco inspired fine ZigZag pattern
High clarity
Heavyweight base
Dishwasher safe  see our Crystal Glass Care Guide for more information",,Glass,,37,,
SB1018,Perfect Whisky Dram Glass 9cl,Urban Bar,Brandy & Fortified Wine,£5.00,https://www.urbanbar.com/products/perfect-dram-9cl,https://cdn.shopify.com/s/files/1/0467/5066/2816/files/SB1018_20200370-20de-4374-8e95-0ccd1a6cdfcb.jpg?v=1791376412,"When sampling spirits, the Perfect Dram is the ideal vessel. Designed after the popular Perfect Whisky Glass, this shorts glass suits tastings. This glass has a unique profile, bringing a extra aesthetic to spirit service. As such, big name distillers such as Laphroaig, Ardbeg, and Bowmore adopted the Perfect Dram for their own use. Giving plenty of room for a dram, this glass also has space leftover for the addition of water. Whatever your tasting requires, this small tumbler is a fantastic all-rounder for spirits.
Product Features:
Small whisky glass
Tulip shape
Ideal for sampling whiskies
Bold solid stem
Machine made glass
Dishwasher safe - see our Glassware Care Guide for more information",,Glass,,9,,
SB1049,Spey® Taster Glass Lid,Urban Bar,Brandy & Fortified Wine,£5.00,https://www.urbanbar.com/products/spey-reg-lid,https://cdn.shopify.com/s/files/1/0467/5066/2816/files/Screenshot2024-01-10104522.png?v=1791379695,"This lid is essential for whisky tasting, as it keeps aromas within the glass, preventing your nose being contaminated when sampling other spirits. Designed to fit with our Spey Taster Glass as well as the Spey Dram.
Fits With:
Spey Whisky Taster Glass 13cl
Spey Dram",,Glass,,,,
SB1050,Distillery Whisky Watch Glass Lens 5cm,Urban Bar,Brandy & Fortified Wine,£2.50,https://www.urbanbar.com/products/taster-watch-glass-lid,https://cdn.shopify.com/s/files/1/0467/5066/2816/files/SB1050_8a5adf66-d3e0-499e-b4d0-a72885b09f6d-066040.jpg?v=1791377747,"Trap vapours in your glass with the Whisky Watch Glass. Essential when tasting whiskies, this 5cm glass lens sits on top of narrow rimmed glasses. Let your whisky sit after pouring, and add this lid to collect aromas and vapours for nosing. A smooth concave shape allows the Watch Glass lid to sit on any whisky taster glass with a narrow rim. Essential for tasting events, this whisky glass lid is ideal when matched with blind whisky glasses .
Product Features:
5cm glass lens
Trap whisky vapours in your taster glass
Prevents evaporation, saving the angel's share in your glass
Hand wash only - see our Product Care Guide for more information",,Glass,,,,
SB1055,Grantown Whisky Tumbler 34cl,Urban Bar,Rocks,£5.83,https://www.urbanbar.com/products/grantown-whisky-tumbler-34cl,https://cdn.shopify.com/s/files/1/0467/5066/2816/files/sb1055.png?v=1791377759,Perfect for Whiskey or Rum!,,Glass,,34,,
SB2051,Spey® Glass Water Jug 30 cl,Urban Bar,"Jugs, Pitchers & Carafes",£16.67,https://www.urbanbar.com/products/handmade-crystal-spey-jug-30cl,https://cdn.shopify.com/s/files/1/0467/5066/2816/files/white-SB2051_b5c506c1-4c64-4e27-92f9-140ed45c126f.png?v=1791367330,"Introducing our sleek and versatile Glass Water Jug, the perfect companion for all your hydration needs.
Pairs perfectly with our whisky tasting glasses and pipette, as essential dilution tool for any good whisky tasting session.
Product Features:
Small water jug
Handmade
Serve with whisky tastings to dilute your spirits to perfection
Made from soda-lime glass
Hand wash recommended",,Glass,,30,,
SB2052,Pot Still Whisky Decanter 75cl,Urban Bar,"Jugs, Pitchers & Carafes",£46.67,https://www.urbanbar.com/products/still-whisky-decanter,https://cdn.shopify.com/s/files/1/0467/5066/2816/files/SB2052-2_3c4a7c53-b200-4567-9592-b7917051dd38.jpg?v=1791376445,"Present whisky in style with the Still Whisky Decanter. Taking your whisky full-circle, this decanter has the shape of a classic whisky still. Handmade, this unique serving vessel reflects Urban Bar's love for the world of whisky. While this decanter is only a fraction the size of a real still, it still brings a sense of excitement when serving.
Product Features:
Handmade glass decanter for spirits
Shaped like a classic whisky still
Blown glass for organic curves
Present whisky in a unique fashion
Hand wash only - see our Glassware Care Guide for more information",,,,75,,
SB2054,Spey® No Handle Glass Water Jug 30cl,Urban Bar,"Jugs, Pitchers & Carafes",£14.17,https://www.urbanbar.com/products/handmade-crystal-spey-jug-no-handle-30cl,https://cdn.shopify.com/s/files/1/0467/5066/2816/files/SB2054-2.jpg?v=1791377787,"Quintessential companion for whisky tastings, this small handmade water jug pairs with water pipette dropper to dilute your whiskies to taste.
Product Features:
Small water jug carafe
Handmade
No handle
Serve with whisky tastings to dilute your spirits to perfection
Made from soda-lime glass
Hand wash recommended",,Glass,,30,,
SB2057,Ice Bucket: Jug for Whisky Tasting 115cl,Urban Bar,Ice & Champagne,£34.17,https://www.urbanbar.com/products/ice-bucket-jug-for-whisky-tasting,https://cdn.shopify.com/s/files/1/0467/5066/2816/files/white-SB2057.png?v=1791379703,"Complete your whisky tasting service with this ice bucket & jug set. This stunning set features a glass jug that docks on top of the accompanying glass ice bucket. Keep your water gently chilled for either diluting whisky or serving alongside it. The round glass ice bucket is ideal for keeping your water jug chilled. Alternatively, pair it with some Ice Tongs to add ice cubes to your drinks.
Bucket Properties
Dimension
Metric
Imperial
Volume
65cl
22.88 UK fl oz
Height
98mm
3.86 inch
Width
110mm
4.33 inch
Depth
110mm
4.33 inch
Jug Properties
Dimension
Metric
Imperial
Volume
50cl
17.59 UK fl oz
Height
108mm
4.25 inch
Width
140mm
5.51 inch
Depth
116mm
4.57 inch",,,,115,,
SB3986,Rocking Whisky Glass 30cl,Urban Bar,Rocks,£5.83,https://www.urbanbar.com/products/rocking-whisky-glass,https://cdn.shopify.com/s/files/1/0467/5066/2816/files/SB3986.jpg?v=1791377476,"Rocking Whisky Glass Rocks Tumbler
Standing out from the norm, the Rocking Whisky Glass gives a unique way to serve spirits. The rounded base on this rocks tumbler lets the glass rock from side to side. Due to the heavyweight base, the glass remains upright so there is no fear of spillage.
More than a novelty, the Rocking Whisky Glass also creates a comfortable hold. The rounded base sits in the hand with comfort, meaning you can control swirling with ease.
Experience your whisky like never before with this unique serving idea.
Product Features:
Round base whisky tumbler
Rocks from side to side when pushed  heavyweight base keeps the glass upright
Novel way of swirling your spirits
Comfortable hold on the hand
Machine made glass
Dishwasher safe  see our Glassware Care Guide for more information",,Glass,,30,,
SB7001,Fresco 4 Pint Pitcher Stacking Jug CE 2.28 Litre,Urban Bar,"Jugs, Pitchers & Carafes",£11.67,https://www.urbanbar.com/products/fresco-4-pint-pitcher-stacking-jug-ce-2-28-litre,https://cdn.shopify.com/s/files/1/0467/5066/2816/files/SB7001-2.jpg?v=1791379712,"Introducing our durable and versatile 4-Pint Plastic Pitcher, the perfect solution for serving up your favorite beverages with ease and convenience. Made from high-quality, BPA-free plastic, this pitcher is lightweight yet sturdy, making it ideal for both indoor and outdoor use.
Product Features:
4 pint pitcher
CE marked and lined
Stackable
High level of clarity
BPA free
Made from SAN plastic
Dishwasher safe - see our Plastic Care Guide for more information",,,,228,,
UB1005F,Strathspey Rum Glass 33cl,Urban Bar,Rocks,£10.83,https://www.urbanbar.com/products/strathspey-rum-glass,https://cdn.shopify.com/s/files/1/0467/5066/2816/files/strathspey-lrg.png?v=1791376762,"The Strathspey Rum Glass is for enjoying all aspects of rum. The classic copa glass shape is familiar to distillers and spirit lovers alike. This glass has a rounded bowl to swirl your rum, releasing new aromas and flavours. A narrowed rim helps direct these aromas upwards for perfect nosing. Mounted on a short stem, you have the option of holding the glass by the base. As a result you can get a better view of the colour of the contents. The large bowl gives plenty of room for the addition of water or ice to suit your tastes. This glass is a great all-rounder for tasting, nosing, and savouring.
Product Features:
Spirit savouring glass on a short stem
Fluted tulip shape
Small stem to hold the glass by the base for greater colour inspection
Ideal for enjoying spirits
Machine made glass
Dishwasher safe - see our Glassware Care Guide for more information",,Glass,,33,,
UB100B,Freepour Bottle Blue 1.05 Litre,Urban Bar,Polycarbonates,£9.17,https://www.urbanbar.com/products/freepour-bottle-blue-1-05-litre,https://cdn.shopify.com/s/files/1/0467/5066/2816/files/white-UB100_a345d13b-5f88-4b44-a13c-5cebb57b0b0a.png?v=1791377801,"Free-flow Freepour Bottle 1.05 Litre Capacity
A brand new design Freepour Bottle with practicalities in mind as opposed to just pouring or storing. 1.08L brim full, not a US quart which is 95cl so a 5% saving in juice bill. Air intake hole on shoulder of top, prevents blockages and allows smooth flow of juice from angled nozzle.
Choice of 6 new colours. Three pieces: coloured top, storage base and coloured storage lid. No more forcing in or off of pouring spouts, soaking or having to remove and clean pieces. All goes straight in a glass washer. Plastic is not brittle so tops less likely to break when dropped. Textured neck for easy grip. Rigid, semi transparent, waisted body for easy grip and to prevent flexing and spillage when attaching top. Fits all speed rails.
Product Features:
Free-flow pouring and storing bottle
1.08 Litre volume, larger than a standard US quart  5% saving on juice bill
Air-intake hole prevents blockages
Removable neck/spout with lid for storage
Narrow waisted body for easier grip
Fits all standard speed rails
Made from polypropylene
Dishwasher safe  see our Plastic Care Guide for more information",Blue,,,105,,
UB100G,Freepour Bottle Green 1.05 Litre,Urban Bar,Polycarbonates,£9.17,https://www.urbanbar.com/products/freepour-bottle-green-1-05-litre,https://cdn.shopify.com/s/files/1/0467/5066/2816/files/UB100G-3_ffea0adc-a197-47b5-85b7-62357b0e1385.jpg?v=1791377809,"Free-flow Freepour Bottle 1.05 Litre Capacity
A brand new design Freepour Bottle with practicalities in mind as opposed to just pouring or storing. 1.08L brim full, not a US quart which is 95cl so a 5% saving in juice bill. Air intake hole on shoulder of top, prevents blockages and allows smooth flow of juice from angled nozzle.
Choice of 6 new colours. Three pieces: coloured top, storage base and coloured storage lid. No more forcing in or off of pouring spouts, soaking or having to remove and clean pieces. All goes straight in a glass washer. Plastic is not brittle so tops less likely to break when dropped. Textured neck for easy grip. Rigid, semi transparent, waisted body for easy grip and to prevent flexing and spillage when attaching top. Fits all speed rails.
Product Features:
Free-flow pouring and storing bottle
1.08 Litre volume, larger than a standard US quart  5% saving on juice bill
Air-intake hole prevents blockages
Removable neck/spout with lid for storage
Narrow waisted body for easier grip
Fits all standard speed rails
Made from polypropylene
Dishwasher safe  see our Plastic Care Guide for more information",Green,,,105,,
UB100O,Freepour Bottle Orange 1.05 Litre,Urban Bar,Polycarbonates,£9.17,https://www.urbanbar.com/products/freepour-bottle-orange-1-05-litre,https://cdn.shopify.com/s/files/1/0467/5066/2816/files/UB100O-2_f65ac377-bcee-4607-bf39-670022bf9282.jpg?v=1791377819,"Free-flow Freepour Bottle 1.05 Litre Capacity
A brand new design Freepour Bottle with practicalities in mind as opposed to just pouring or storing. 1.08L brim full, not a US quart which is 95cl so a 5% saving in juice bill. Air intake hole on shoulder of top, prevents blockages and allows smooth flow of juice from angled nozzle.
Choice of 6 new colours. Three pieces: coloured top, storage base and coloured storage lid. No more forcing in or off of pouring spouts, soaking or having to remove and clean pieces. All goes straight in a glass washer. Plastic is not brittle so tops less likely to break when dropped. Textured neck for easy grip. Rigid, semi transparent, waisted body for easy grip and to prevent flexing and spillage when attaching top. Fits all speed rails.
Product Features:
Free-flow pouring and storing bottle
1.08 Litre volume, larger than a standard US quart  5% saving on juice bill
Air-intake hole prevents blockages
Removable neck/spout with lid for storage
Narrow waisted body for easier grip
Fits all standard speed rails
Made from polypropylene
Dishwasher safe  see our Plastic Care Guide for more information",Orange,,,105,,
UB100R,Freepour Bottle Red 1.05 Litre,Urban Bar,Polycarbonates,£9.17,https://www.urbanbar.com/products/freepour-bottle-red-1-05-litre,https://cdn.shopify.com/s/files/1/0467/5066/2816/files/UB100R-2_320e1705-4a8c-423c-9cb2-415dc7c1213a.jpg?v=1791377828,"Free-flow Freepour Bottle 1.05 Litre Capacity
A brand new design Freepour Bottle with practicalities in mind as opposed to just pouring or storing. 1.08L brim full, not a US quart which is 95cl so a 5% saving in juice bill. Air intake hole on shoulder of top, prevents blockages and allows smooth flow of juice from angled nozzle.
Choice of 6 new colours. Three pieces: coloured top, storage base and coloured storage lid. No more forcing in or off of pouring spouts, soaking or having to remove and clean pieces. All goes straight in a glass washer. Plastic is not brittle so tops less likely to break when dropped. Textured neck for easy grip. Rigid, semi transparent, waisted body for easy grip and to prevent flexing and spillage when attaching top. Fits all speed rails.
Product Features:
Free-flow pouring and storing bottle
1.08 Litre volume, larger than a standard US quart  5% saving on juice bill
Air-intake hole prevents blockages
Removable neck/spout with lid for storage
Narrow waisted body for easier grip
Fits all standard speed rails
Made from polypropylene
Dishwasher safe  see our Plastic Care Guide for more information",Red,,,105,,
UB100W,Freepour Bottle White 1.05 Litre,Urban Bar,Polycarbonates,£9.17,https://www.urbanbar.com/products/freepour-bottle-white-1-05-litre,https://cdn.shopify.com/s/files/1/0467/5066/2816/files/white-UB100_1175081f-816d-4a95-9948-25df93558f06.png?v=1791367346,"Free-flow Freepour Bottle 1.05 Litre Capacity
A brand new design Freepour Bottle with practicalities in mind as opposed to just pouring or storing. 1.08L brim full, not a US quart which is 95cl so a 5% saving in juice bill. Air intake hole on shoulder of top, prevents blockages and allows smooth flow of juice from angled nozzle.
Choice of 6 new colours. Three pieces: coloured top, storage base and coloured storage lid. No more forcing in or off of pouring spouts, soaking or having to remove and clean pieces. All goes straight in a glass washer. Plastic is not brittle so tops less likely to break when dropped. Textured neck for easy grip. Rigid, semi transparent, waisted body for easy grip and to prevent flexing and spillage when attaching top. Fits all speed rails.
Product Features:
Free-flow pouring and storing bottle
1.08 Litre volume, larger than a standard US quart  5% saving on juice bill
Air-intake hole prevents blockages
Removable neck/spout with lid for storage
Narrow waisted body for easier grip
Fits all standard speed rails
Made from polypropylene
Dishwasher safe  see our Plastic Care Guide for more information",White,,,105,,
UB100Y,Freepour Bottle Yellow 1.05 Litre,Urban Bar,Polycarbonates,£9.17,https://www.urbanbar.com/products/freepour-bottle-yellow-1-05-litre,https://cdn.shopify.com/s/files/1/0467/5066/2816/files/white-UB100_a345d13b-5f88-4b44-a13c-5cebb57b0b0a-596920.png?v=1791377837,"Free-flow Freepour Bottle 1.05 Litre Capacity
A brand new design Freepour Bottle with practicalities in mind as opposed to just pouring or storing. 1.08L brim full, not a US quart which is 95cl so a 5% saving in juice bill. Air intake hole on shoulder of top, prevents blockages and allows smooth flow of juice from angled nozzle.
Choice of 6 new colours. Three pieces: coloured top, storage base and coloured storage lid. No more forcing in or off of pouring spouts, soaking or having to remove and clean pieces. All goes straight in a glass washer. Plastic is not brittle so tops less likely to break when dropped. Textured neck for easy grip. Rigid, semi transparent, waisted body for easy grip and to prevent flexing and spillage when attaching top. Fits all speed rails.
Product Features:
Free-flow pouring and storing bottle
1.08 Litre volume, larger than a standard US quart  5% saving on juice bill
Air-intake hole prevents blockages
Removable neck/spout with lid for storage
Narrow waisted body for easier grip
Fits all standard speed rails
Made from polypropylene
Dishwasher safe  see our Plastic Care Guide for more information",Yellow,,,105,,
UB102,Classic Stainless Steel Bar Spoon 27cm,Urban Bar,Stir,£7.50,https://www.urbanbar.com/products/classic-bar-spoon-27cm,https://cdn.shopify.com/s/files/1/0467/5066/2816/files/UB102-1.jpg?v=1791359066,"The Classic Bar Spoon is an essential of any bar kit. A great all round tool, this spoon allows you to stir, gently muddle and layer drinks. Urban Bar have enhanced this basic tool by making it from high grade 18/8 Japanese steel. This premium material give the spoon a luxury polished finish, perfect for mixology display. In addition, this spoon has a high level of corrosion resistance, ensuring it outlasts other basic steel bar tools. Using the standard European bar spoon design, this bar tool has a classic twisted stem with a flat disc on the end. The twisted stem is a standard on most bar spoons, giving lots of curves for drinks to flow around during stirring. The corkscrew shape also allows more controlled pouring with a channel perfect for accepting liquid from a free-flow pourer . Because of this, the liquors that flow down the spiral land neatly on the flat disc, allowing them to gently spread. The flat disc can also be used for gentle bruising of ingredients such as sugar cubes or soft fruit.
Product Features:
Classic European style bar spoon
Disc end for gentle muddling and layering drinks
Twisted stem for layering drinks
Head gives approximate 5ml measure
Made from 18/8 Japanese steel
Premium polished shine
High level of corrosion resistance
Outlasts standard steel barware
Dishwasher safe - see our Steel Care Guide for more information",,Stainless Steel,,,,
UB102G,Classic Gold Bar Spoon 27cm,Urban Bar,Stir,£11.67,https://www.urbanbar.com/products/gold-classic-bar-spoon-27cm,https://cdn.shopify.com/s/files/1/0467/5066/2816/files/UB102G-1.jpg?v=1791358914,"This stunning gold bar spoon makes your mixology stand out in a dark bar setting. The classic European design features a twisted stem and a flat disc end.
The corkscrew stem helps you get the best mix while stirring. The shape lets you roll the spoon between your fingers while stirring to rotate the head as it stirs your drink. Also, this twist allows you to pour liquors down the shaft of the spoon to help make layered cocktails. The classic flat disc on the end of this gold bar spoon turns it in to a gentle muddler. Crush soft ingredients such as sugar cubes or soft fruits to release the flavours before stirring.
Using 18/8 Japanese steel, this gold bar spoon is made from the finest materials. This high grade stainless steel has a higher corrosion resistance than standard steel barware. This gives it better protection against rust for a longer lifespan. In addition, the premium material gives the spoon a high polished shine, which is reflected in the gold coating.
The Gold Classic Bar Spoon has a coating of PVD titanium nitride, giving it the bold gold colouring. This coat also gives the spoon a toughened exterior, affording it higher abrasion and corrosion resistance. Whereas gold plating is likely to scratch, PVD gold coating is more durable. This gold bar spoon will far outlast gold plated bar tools.
Product Features:
Classic European style bar spoon
Disc end for gentle muddling and layering drinks
Twisted stem for layering drinks
Head gives approximate 5ml measure
Made from 18/8 Japanese steel
Titanium nitrate gold coating giving high abrasion and corrosion resistance
Premium polished shine
High level of corrosion resistance
Outlasts standard steel barware
Hand wash recommended - see our Plated Steel Care Guide for more information",Gold,,,,,
UB105,Savoy Cocktail Shaker 70cl,Urban Bar,Shake,£22.50,https://www.urbanbar.com/products/savoy-cocktail-shaker,https://cdn.shopify.com/s/files/1/0467/5066/2816/files/white-UB105.png?v=1791376290,"The vintage Savoy Cocktail Shaker takes your mixology back to prohibition era aesthetics. 2 decorative knurled pattern bands complement the polished finish of this 3 piece shaker. Made from high grade steel, this classic shaker has a lightweight and robust finish. A premium corrosion resistance keeps rust at bay, far outliving standard steel barware.
Product Features:
3-piece cobbler cocktail shaker
Integral strainer
Premium 18/8 Japanese steel with a highly polished finish
High corrosion resistance for excellent rust resistance
Knurled decorative bands around the body and top part
Dishwasher safe - see our Steel Care Guide page for more information",,,,70,,
UB108,Ginza Stainless Steel Jigger 25ml/50ml,Urban Bar,Measures & Pourers,£7.50,https://www.urbanbar.com/products/ginza-jigger-25-50ml,https://cdn.shopify.com/s/files/1/0467/5066/2816/files/UB108_eb55b16a-5f58-4392-8c0e-7ff40ae28a1e_1_smaller.jpg?v=1791360165,"Bring classic Japanese style to your bar with the Ginza Jigger Measure. This bar jigger serves an accurate 25ml and 50ml measure for perfect cocktail making. Inside the small cup is a 15ml line, and inside the 50ml cup is a 25ml line and a 45ml line. This increases the function of this jigger, allowing greater range in your mixology. Due to the premium grade 18/8 stainless steel, the Ginza Jigger has high corrosion resistance. This makes it less susceptible to rust, and ensures it will outlast standard barware.
Product Features
Double jigger measure
Classic Japanese style design
Interior lines to denote 15ml, 25ml and 45ml
Premium 18/8 Japanese stainless steel
Polished finish
High corrosion resistance and rust resistance
Outlasts standard poor grade steel jigger measures
Dishwasher safe - see our Steel Care Guide page for more information",,Stainless Steel,,2.5,,
UB108G,Ginza Gold Jigger 25ml/50ml,Urban Bar,Measures & Pourers,£13.33,https://www.urbanbar.com/products/gold-ginza-jigger-25-50ml,https://cdn.shopify.com/s/files/1/0467/5066/2816/files/UB108G.jpg?v=1791358939,"Bring a touch of golden elegance to every pour. Inspired by Japanese design, this sleek, durable jigger turns cocktail making into an art form
Product Features
Double jigger measure
Classic Japanese style design
Interior lines to denote 15ml, 25ml and 45ml
Premium 18/8 Japanese stainless steel
High corrosion resistance and rust resistance
Outlasts standard poor grade steel jigger measures
Titanium nitrate gold coating giving high abrasion and corrosion resistance
Hand wash only - see our Steel Care Guide page for more information",Gold,,,2.5,,
UB11,Handmade Crystal Ice Cocktail Tumbler 25cl.,Urban Bar,Rocks,£8.33,https://www.urbanbar.com/products/handmade-crystal-ice-cocktail-tumbler-25cl,https://cdn.shopify.com/s/files/1/0467/5066/2816/files/UB11-1.png?v=1791377844,"Short, heavy based 25cl tumbler ideal for neat spirits over chunky ice and a slice.",,Crystal,,25,,
UB117,Ginza Stainless Steel Jigger 1oz/2oz,Urban Bar,Measures & Pourers,£8.33,https://www.urbanbar.com/products/ginza-jigger-1oz-2oz,https://cdn.shopify.com/s/files/1/0467/5066/2816/files/UB117.jpg?v=1791377855,"The Japanese style Ginza Jigger Measure 1oz / 2oz makes measuring cocktail ingredients easy. This simple bar jigger features 2 cups on opposing ends measuring 1 fl oz and 2 fl oz respectively. This premium cocktail measure has been made from Japanese 18/8 steel to create a durable piece of luxury bar equipment. Interior measure lines at 1/2 fl oz and 3/4 fl oz give greater flexibility for regular use, therefore reducing the need for multiple tools on the bar top.
Product Features:
Double jigger measure
1 fl oz and 2 fl oz to the brim
Interior lines to denote 0.5 fl oz, 0.75 fl oz and 1.5 fl oz
18/8 Japanese steel
Polished finish
Dishwasher safe - see our Steel Care Guide page for more information",,Stainless Steel,,,,
UB117CP,Ginza Copper Jigger 1oz/2oz,Urban Bar,Measures & Pourers,£13.33,https://www.urbanbar.com/products/copper-ginza-jigger-1oz-2oz,https://cdn.shopify.com/s/files/1/0467/5066/2816/files/white-UB117-087288.png?v=1791377866,"Copper plated bar measure with double sided US fl oz measuring cups.
Product Features
Double jigger measure
Classic Japanese style design
Interior lines to denote 0.5oz, 0.75oz, 1.5oz
Premium 18/8 Japanese stainless steel
Copper plated polished finish
High corrosion resistance and rust resistance
Outlasts standard poor grade steel jigger measures
Hand wash only - see our Plated Steel Care page for more information",Copper,Copper,,,,
UB120,Calabrese Stainless Steel Julep Spoon 28.5cm,Urban Bar,Stir,£18.33,https://www.urbanbar.com/products/calabrese-julep-spoon-28-5cm,,"The Calabrese Julep Spoon gives high end design and premium steel for great longevity and functionality. An eye-catching solid steel ball mounted on the top of the spoon allows gentle rolling and bruising of solid ingredients. An angled spoon head allows a greater range when stirring, and gives easier lifting of ingredients in a mixing glass. Made from Urban Bar's premium steel, this mixing spoon features a great lifespan due to the excellent corrosion resistance properties of the steel.
Product Features
Japanese style bar spoon designed in collaboration with Salvatore The Maestro Calabrese
Angled head to allow perfect stirring and layering
Solid steel ball end for gently rolling and bruising solid ingredients
Twisted stem for layering drinks
Head gives approximate 5ml measure
Made from premium 0.9mm 18/8 Japanese steel for greater corrosion resistance
Outlasts standard poor grade steel shakers
Polished finish
Dishwasher safe - see our Steel Care Guide page for more information",,Stainless Steel,Calabrese,,,
UB121,Calabrese Stainless Steel Bar Spoon 31cm,Urban Bar,Stir,£17.50,https://www.urbanbar.com/products/calabrese-bar-spoon-31cm,https://cdn.shopify.com/s/files/1/0467/5066/2816/files/UB121-392568.jpg?v=1791359962,"Designed in conjunction with Salvatore Calabrese, the Calabrese Bar Spoon gives high end design and premium steel for great longevity and functionality. Made from Urban Bar's premium steel, this mixing spoon features excellent corrosion resistance. This ensures a far longer lifespan compared to standard steel bar spoons. The classic disc end, characteristic of the European bar spoon type, is perfect for bruising and light crushing of solid ingredients. The angled spoon head gives greater range in stirring and allows for easier lifting of ingredients in a mixing glass.
Product Features:
European style bar spoon designed in collaboration with Salvatore 'The Maestro' Calabrese
Angled head to allow perfect stirring and layering
Disc end for muddling and layering drinks
Twisted stem for layering drinks
Head gives approximate 5ml measure
Made from premium 0.9mm 18/8 Japanese steel for greater corrosion resistance
Outlasts standard poor grade steel shakers
Polished finish
'Calabrese Urban Bar Professional' etched on the flat disc end
Dishwasher safe - see our Steel Care Guide page for more information",,Stainless Steel,Calabrese,,,
UB122,Calabrese Stainless Steel Hawthorne Cocktail Strainer 20.5cm,Urban Bar,Strain,£16.67,https://www.urbanbar.com/products/calabrese-hawthorne-strainer-20-5cm,https://cdn.shopify.com/s/files/1/0467/5066/2816/files/UB122-6_8a1434e9-832d-4a31-83e0-b0113b50a700-742648.jpg?v=1791377873,"In conjunction with Salvatore Calabrese, Urban Bar created the Calabrese hawthorne Strainer. This strainer combines the best materials with the knowledge of the greatest bartender in the world. For use with a cocktail shaker tin, this strainer also works well with the Calabrese Shaker. This strainer sits inside the tin where it can hold the ice back and allows a clean pour from the shaker rim. On the handle is a divot which helps the strainer hold on the rim of the tin. Made from high grade Japanese steel, the Calabrese Strainer has a polished finish. With Salvatore's keen eye for mixology, this luxury strainer raises the visuals of your cocktail making. Using 18/8 steel gives this bar tool greater longevity over standard barware. A high corrosion resistance gives greater resilience against rust.
Product Features:
No prong cocktail strainer
Designed with Salvatore ""The Maestro"" Calabrese
0.9mm high grade 18/8 Japanese stainless steel
High corrosion resistance for premium rust protection
Gift boxed
Dishwasher safe - see our Steel Care Guide page for more information",,Stainless Steel,Calabrese,,,
UB122CP,Calabrese Copper Hawthorne Cocktail Strainer Surface Fitting 20.5cm,Urban Bar,Strain,£26.67,https://www.urbanbar.com/products/calabrese-hawthorne-strainer-copper-20-5cm,https://cdn.shopify.com/s/files/1/0467/5066/2816/files/UB122CP-2_7d85e024-edc9-44ee-bcf0-e07596a5b1e0.jpg?v=1791367367,"We worked with the world's greatest bartender to bring you the world's greatest barware. The Calabrese Copper hawthorne Strainer represents a sleek new aesthetic to mixology. Made from high grade Japanese steel, this cocktail strainer has premium corrosion resistance. In turn, this has a polished copper plated finish for a bold colouring. The handle features a divot to keep its position when pouring, giving efficiency in every use. With an etched Calabrese signature, this luxury strainer has a seal of approval from 'The Maestro' himself.
Product Features:
No prong cocktail strainer
Designed with Salvatore ""The Maestro"" Calabrese
0.9mm high grade 18/8 Japanese stainless steel
Polished copper plating
High corrosion resistance for premium rust protection
Gift boxed
Hand wash only - see our Plated Steel Care page for more information",Copper,Copper,Calabrese,,,
UB123,Calabrese Stainless Steel Cocktail Shaker 90cl,Urban Bar,Shake,£37.50,https://www.urbanbar.com/products/calabrese-cocktail-shaker-90cl,https://cdn.shopify.com/s/files/1/0467/5066/2816/files/UB123-786936.jpg?v=1791359922,"Designed with Salvatore Calabrese, the Calabrese Cocktail Shaker represents world leading quality. With both function and style, this shaker celebrates the beauty in mixology. Due to the high grade 18/8 stainless steel, the Calabrese shaker has high resistance to rust. Far outlasting inferior steel barware, the premium finish matches the premium aesthetic. Attention grabbing tones add to your presentation as ice slides around this shaker.
Product Features:
2 piece cocktail shaker designed in collaboration with Salvatore 'The Maestro' Calabrese
Made from premium 0.9mm 18/8 Japanese steel for greater corrosion resistance
Outlasts standard poor grade steel shakers
Polished finish
Top cup fits over base to allow draining
Easy to separate the two parts
Large volume for making 2 or more drinks
As the ice slides from end to end it creates fabulous, attention grabbing cocktail music
Also use the tin as a standard Boston can with a shaker glass
'Calabrese Urban Bar Professional' etched on the bottom of the shaker
Dishwasher safe - see our Steel Care Guide page for more information",,Stainless Steel,Calabrese,90,,
UB124,Calabrese Cocktail Tall Mixing Glass 86cl,Urban Bar,Stir,£20.83,https://www.urbanbar.com/products/calabrese-mixing-glass-86cl,https://cdn.shopify.com/s/files/1/0467/5066/2816/files/white-UB124_c39bc753-fc4c-4649-9062-96f46b1ecc35.png?v=1791376496,"This graceful handmade mixing glass was designed in with the mixologist in mind, hence its heavyweight base provides extra stability when mixing in busy bar environments.
Product Features:
Cocktail mixing glass
Designed in conjunction with Salvatore 'The Maestro' Calabrese
Elegant tall design
Heavy base for stability when mixing
Pouring spout
Handmade
Dishwasher safe",,Glass,Calabrese,86,,
UB125,Calabrese Stainless Steel Small Cocktail Shaker 60cl,Urban Bar,Shake,£27.50,https://www.urbanbar.com/products/small-calabrese-cocktail-shaker-60cl,https://cdn.shopify.com/s/files/1/0467/5066/2816/files/UB125-1.jpg?v=1791358973,"Designed with Salvatore Calabrese, this smaller capacity Calabrese Cocktail Shaker represents world leading quality. With both function and style, this shaker celebrates the beauty in mixology. Due to the high grade 18/8 stainless steel, the Calabrese shaker has high resistance to rust. Far outlasting inferior steel barware, the premium finish matches the premium aesthetic. Attention grabbing tones add to your presentation as ice slides around this shaker.
Product Features:
2 piece cocktail shaker designed in collaboration with Salvatore 'The Maestro' Calabrese
Made from premium 0.9mm 18/8 Japanese steel for greater corrosion resistance
Outlasts standard poor grade steel shakers
Polished finish
Top cup fits over base to allow draining
Easy to separate the two parts
Small volume for single drinks
As the ice slides from end to end it creates fabulous, attention grabbing cocktail music
Also use the tin as a standard Boston can with a shaker glass
'Calabrese Urban Bar Professional' etched on the bottom of the shaker
Dishwasher safe - see our Steel Care Guide page for more information
90cl Version available here",,Stainless Steel,Calabrese,60,,
UB1320,Thistle Old Fashioned Whisky Glass 27cl,Urban Bar,Rocks,£5.83,https://www.urbanbar.com/products/thistle-old-fashioned-whisky-glass-27cl,https://cdn.shopify.com/s/files/1/0467/5066/2816/files/white-UB1320.png?v=1791377883,"The unique Thistle Old Fashioned is shaped to mimic the national flower of Scotland, and thus makes a fitting companion to a refreshing Scotch Whisky.
Product Features:
Old fashioned whisky glass
Shaped like a thistle head
Bulbous lower half with a fluted upper half
Machine made glass
Dishwasher safe - see our Glassware Care Guide for more information",,Glass,,27,,
UB14,Ice Cocktail Highball Glass 35cl,Urban Bar,Hiballs,£10.00,https://www.urbanbar.com/products/ice-cocktail-highball-35cl,https://cdn.shopify.com/s/files/1/0467/5066/2816/files/UB14_96abbebd-5cdc-47fc-98f7-00a29006e697.png?v=1791376268,"A perfect mid size long drink glass, the Ice Cocktail Highball Tumbler offers a bold presentation. Handmade for a tall fluid shape, this conical highball includes a large heavyweight base. This gives the glass effective weight distribution for a more comfortable hold for the drinker. In addition, this solid glass base gives a larger canvas for light refraction in your serve. This adds to the visual aspect of your drink for a new dimension to your drink.
Product Features:
Handmade highball tumbler
Heavyweight base
Subtle conical shape
Serve long drinks
Dishwasher safe - see our Glassware Care Guide for more information",,Glass,,35,,
UB15,Sling Cocktail Glass 33cl,Urban Bar,Cocktails,£11.67,https://www.urbanbar.com/products/sling-cocktail-glass,https://cdn.shopify.com/s/files/1/0467/5066/2816/files/UB15-2_8a0bc5c1-230d-41bb-8fab-a0a8b6d30260.jpg?v=1791376282,"Looking like it's from the 1920s, the Sling Cocktail Glass is an elegant Highball. Associated with the Singapore Sling cocktail, this tall hand made glass is the ideal vessel for the vintage drink. The medium volume gives the opportunity to serve long drinks with ice. Similarly, this tall fluted glass is reminiscent of a pilsner glass, with the shape favoured for serving Lindemans lambic beer.
Product Features:
Tall cocktail glass for long drinks
Short stem on a wide foot
Thick heavyweight base in the bowl for a balanced appearance
Hand made glass
Dishwasher safe - see our Glassware Care Guide for more information",,Glass,,33,,
UB1751,Cheater Tin 45cl,Urban Bar,Shake,£9.17,https://www.urbanbar.com/products/shaker-cup-45cl,https://cdn.shopify.com/s/files/1/0467/5066/2816/files/UB1751.jpg?v=1791359875,"Built with premium Japanese Steel, this smaller sized 'Cheater tin' is a useful addition to your toolbox, allowing for the mixing of smaller drinks without taking up valuable storage space behind your bar.
Product Features:
Small 16oz shaker tin to replace a Boston glass
Made from premium 18/8 Japanese steel for greater corrosion resistance
Outlasts standard poor grade steel shakers
Polished finish
Dishwasher safe - see our Steel Care Guide for more information
Compatible With:
Boston Shaker Tin 88cl
Copper Boston Shaker Tin 88cl
Gold Boston Shaker Tin 88cl
Rose Gold Boston Shaker Tin 88cl
Premium Boston Shaker Tin 86cl
Premium Black Boston Shaker Tin 86cl
Tiki Boston Shaker Tin 85cl
Tattoo Boston Shaker Tin 85cl
Octagonal Boston Shaker Tin 70cl
Octagonal Copper Boston Shaker Tin 70cl",,,,45,,
UB20,Boston Shaker Tin 85cl,Urban Bar,Shake,£7.50,https://www.urbanbar.com/products/boston-shaker-tin-85cl,https://cdn.shopify.com/s/files/1/0467/5066/2816/files/UB20.jpg?v=1791359899,"The classic Boston Shaker Tin is a staple of any mixologist's tool kit. Enhanced with 18/8 Japanese steel, the Urban Bar Boston can offers a premium finish on basic barware. Our shaker tin is less susceptible to rust, thus outlasting inferior barware options. Designed to withstand the rigours of busy bars, this shaker tin is an obvious choice.
Engraving
Engrave the Professional Boston Shaker Tin for a personalised mixology set. Choose from 3 lightness options - Light, Medium, and Dark. Please see our Laser Engraving Information page, or contact us for more information.
Product Features:
Classic Boston can
Made from premium 18/8 Japanese steel for greater corrosion resistance
Outlasts standard poor grade steel shakers
Polished finish
Dishwasher safe - see our Steel Care Guide page for more information
Compatible With:
Boston Glass 16oz
Perfect Fit Plastic Boston Glass 17.5oz
Cheater Tin Shaker Cup 16oz
Ginza Cup 20oz
Gold Ginza Cup 20oz
Rose Gold Ginza Cup 20oz
Copper Ginza Cup 20oz
Tiki Cup 22oz
Tattoo Cup 22oz",,,,85,,
UB21,Boston Shaker Glass 46cl,Urban Bar,Shake,£7.50,https://www.urbanbar.com/products/boston-shaker-glass-16oz,https://cdn.shopify.com/s/files/1/0467/5066/2816/files/UB21_96dfa02d-07ef-498f-ade6-abdf2a163e6b.jpg?v=1791376300,"The classic Boston Shaker Glass is an essential part of any cocktail set. Designed to fit with any standard Boston shaker tin, this conical glass makes one half of the classic Boston Cocktail Shaker. With a heavyweight design, this shaker glass is perfect for muddling and stirring ingredients as well as shaking. When used with a Boston tin, this clear glass adds a window in to your cocktail shaker. As a mixologist, you can keep an eye on the contents to ensure the drink is perfectly mixed. As an onlooker, you are treated to a visual display of drinks mixing, with flashes of colour appearing through the glass.
Product Features:
Classic shaker glass
16oz volume
Fits with standard Boston tins
Made from soda lime glass
Dishwasher safe - see our Glassware Care Guide for more information
Compatible With:
Boston Shaker Tin 85cl
Copper Boston Shaker Tin 85cl
Gold Boston Shaker Tin 85cl
Rose Gold Boston Shaker Tin 85cl
Tiki Boston Shaker Cup 63cl
Tattoo Boston Shaker Cup 63cl
Octagonal Boston Shaker Tin 70cl
Octagonal Copper Boston Shaker Tin 70cl",,Glass,,46,,
UB23,Hawthorn Stainless Steel Cocktail Strainer 20cm,Urban Bar,Strain,£8.33,https://www.urbanbar.com/products/hawthorne-strainer-20cm,https://cdn.shopify.com/s/files/1/0467/5066/2816/files/UB23.jpg?v=1791359923,"High quality stainless steel hawthorn strainer, made from Japanese 18/8 steel. A classic bar tool improved upon with Urban Bar's design. For use with Boston shaker or mixing glass, this strainer filters out unwanted solid ingredients from cocktails. Cocktail strainers often suffer from poor build quality, however the Perfect Serve cocktail strainer spares no expense in making barware designed to last. A solid rounded handle gives a comfortable grip compared to common flat handled strainers. The premium Japanese steel spring withstands the daily rigours of commercial bar use to strain ice and solid ingredients for multiple drinks.
Engraving
The Perfect Serve hawthorn Strainer can be engraved in-house at Urban Bar using laser etching for a dishwasher safe finish. We offer 3 lightness options for custom engraving - Light, Medium, and Dark. Please see our Laser Engraving Information page, or contact us for more information.
Product Features
Luxury 18/8 Japanese steel
Polished finish
Large rounded handle for comfortable grip
Twin ears for easy placement on shaker tins
Premium steel spring to withstand everyday use
Gift boxed
Dishwasher safe - see our Steel Care Guide page for more information",,Stainless Steel,,,,
UB23G,Hawthorn Gold Cocktail Strainer 20cm,Urban Bar,Strain,£15.83,https://www.urbanbar.com/products/gold-hawthorne-strainer-20cm,https://cdn.shopify.com/s/files/1/0467/5066/2816/files/UB23G.jpg?v=1791359991,"This gold coated hawthorn strainer looks fantastic behind any bar, paired with the Gold Boston Can you have the look, now all you need to do is work your cocktail magic!
Product Features
Luxury 18/8 Japanese steel
Titanium nitrate gold coating giving high abrasion and corrosion resistance
Premium polished shine
Large rounded handle for comfortable grip
Twin ears for easy placement on shaker tins
Premium steel spring to withstand everyday use
Hand wash recommended - see our Plated Steel Care Guide page for more information",Gold,,,,,
UB2941,Biloxi Stainless Steel Fine Mesh Cocktail Strainer 20cm,Urban Bar,Strain,£9.17,https://www.urbanbar.com/products/biloxi-fine-strainer,https://cdn.shopify.com/s/files/1/0467/5066/2816/files/UB2941_e1379c60-6168-4b8a-8eff-610d3c939b38.jpg?v=1791376735,"Constructed from premium stainless steel, this cocktail strainer boasts unparalleled durability and longevity, ensuring it withstands the rigors of even the busiest bartending environments. The fine mesh design efficiently filters out ice, fruit pulp, and other unwanted debris, resulting in flawlessly smooth and refined cocktails with every pour.
Product Features:
Fine cocktail strainer
Ideal for double straining
Premium 18/8 Japanese stainless steel
High corrosion resistance for premium rust protection
Polished finish
Dishwasher safe - see our Steel Care Guide page for more information",,Stainless Steel,,,,
UB2942,Biloxi Copper Fine Mesh Cocktail Strainer 20cm,Urban Bar,Strain,£11.67,https://www.urbanbar.com/products/biloxi-fine-strainer-copper,https://cdn.shopify.com/s/files/1/0467/5066/2816/files/white-UB2941_9ae2d01c-1e02-4bee-82a7-84686146d5e2-691768.png?v=1791377900,"Fine mesh cocktail strainer with a vibrant copper plating.
Product Features:
Fine cocktail strainer
Ideal for double straining
Premium 18/8 Japanese stainless steel
High corrosion resistance for premium rust protection
Polished copper plated finish
Hand wash only - see our Plated Steel Care page for more information",Copper,Copper,,,,
UB2944,Biloxi Stainless Steel Short Handled Fine Mesh Cocktail Strainer 15cm,Urban Bar,Strain,£10.00,https://www.urbanbar.com/products/biloxi-fine-strainer-short,https://cdn.shopify.com/s/files/1/0467/5066/2816/files/Urban_Bar_Sam_Gee_Photography_Shoot1068_00906356-5e5f-42ac-b9e8-4d86bf42667c.jpg?v=1791367181,"Constructed from premium Japanese stainless steel, this fine mesh strainer has the durability to withstand busy bartending environments.
Its lightweight short handle and lip make it ideal for hands free straining, when placed on top of a glass - ideal for the multitasking bartender!
Product Features:
Fine cocktail strainer
Short 6cm handle
Lip for easy placement on glasses
Ideal for double straining
Premium 18/8 Japanese stainless steel
High corrosion resistance for premium rust protection
Polished finish
Dishwasher safe - see our Steel Care Guide page for more information",,Stainless Steel,,,,
UB2971,Octagonal Stainless Steel Julep Cup 39cl,Urban Bar,Metal Drinkware,£7.50,https://www.urbanbar.com/products/octagonal-julep-cup-39cl,https://cdn.shopify.com/s/files/1/0467/5066/2816/files/UB2971-2.jpg?v=1791377907,"Serve up your mint juleps in style with this Octagonal Stainless Steel Cup, which evokes imagery of Roman Columns. Your serves will be similarly imperious when using this standout premium drinking vessel.
Product Features:
Vintage steel cocktail cup with an octagonal faceted body
Premium 18/8 Japanese stainless steel
High corrosion resistance for protection against rust
Polished finish
Dishwasher safe - see our Barware Care page for more information",,Stainless Steel,,39,,
UB2971CP,Octagonal Copper Julep Cup 39cl,Urban Bar,Metal Drinkware,£10.83,https://www.urbanbar.com/products/octagonal-copper-julep-cup-39cl,https://cdn.shopify.com/s/files/1/0467/5066/2816/files/UB2971CP-2.jpg?v=1791377915,"Vibrant copper plated 8-sided julep cup made from premium Japanese steel.
Product Features:
Vintage steel cocktail cup with an octagonal faceted body
Premium 18/8 Japanese stainless steel
Copper plating with a polished finish
Hand wash only - see our Plated Steel Care page for more information",Copper,Copper,,39,,
UB2972,Retro Optic Champagne Glass Coupe 21cl,Urban Bar,Champagne,£12.50,https://www.urbanbar.com/products/retro-optic-champagne-glass-coupe-21cl,https://cdn.shopify.com/s/files/1/0467/5066/2816/files/white-3372-033.jpg?v=1791381576,"An update on our classic glass, this has had vertical lines put in the glass during production, giving more sparkle and life to the glass. Made from lead-free crystal, this glass boasts high transparency. Due to this, your serves promote themselves without the need for extra decoration. Give your drinks service a head start with this elegant drinkware essential. Give your drinks the platform they deserve.
Product Features:
Classic coupe stem glass
Lead-free crystal glass
Vertical glass lines in the bowl
High clarity to promote the contents
Ideal for serving champagne or cocktails
Dishwasher safe - see our Crystal Glass Care Guide for more information",,Glass,,21,,
UB2972-B4,Retro Optic Champagne Glass Coupe 21cl- Box 4,Urban Bar,Champagne,£48.33,https://www.urbanbar.com/products/retro-optic-champagne-glass-coupe-21cl-box-4,https://cdn.shopify.com/s/files/1/0467/5066/2816/files/white-3372-033-352888.jpg?v=1791360076,"An update on our classic glass, this has had vertical lines put in the glass during production, giving more sparkle and life to the glass. Made from lead-free crystal, this glass boasts high transparency. Due to this, your serves promote themselves without the need for extra decoration. Give your drinks service a head start with this elegant drinkware essential. Give your drinks the platform they deserve.
Product Features:
Classic coupe stem glass
Lead-free crystal glass
Vertical glass lines in the bowl
High clarity to promote the contents
Ideal for serving champagne or cocktails
Dishwasher safe - see our Crystal Glass Care Guide for more information
Contains 4 Glasses",,Glass,,21,4,Box of 4
UB2974,Retro Champagne Glass Coupe 21cl,Urban Bar,Champagne,£10.83,https://www.urbanbar.com/products/retro-coupe-glass-21cl,https://cdn.shopify.com/s/files/1/0467/5066/2816/files/UB2974.jpg?v=1791379729,"A classic in drinks service, the Retro Coupe Glass is a great all-rounder. This elegant stemmed champagne saucer is also suited to cocktails. Made from lead-free crystal, this glass boasts high transparency. Due to this, your serves promote themselves without the need for extra decoration. Give your drinks service a head start with this elegant drinkware essential. Give your drinks the platform the deserve.
Product Features:
Classic coupe stem glass
Lead-free crystal glass
High clarity to promote the contents
Ideal for serving champagne or cocktails
Dishwasher safe - see our Crystal Glass Care Guide for more information",,Glass,,21,,
UB2974-B4,Retro Champagne Glass Coupe 21cl- Box 4,Urban Bar,Champagne,£42.50,https://www.urbanbar.com/products/retro-champagne-glass-coupe-21cl-box-4,https://cdn.shopify.com/s/files/1/0467/5066/2816/files/UB2974-748408.jpg?v=1791360042,"A classic in drinks service, the Retro Coupe Glass is a great all-rounder. This elegant stemmed champagne saucer is also suited to cocktails. Made from lead-free crystal, this glass boasts high transparency. Due to this, your serves promote themselves without the need for extra decoration. Give your drinks service a head start with this elegant drinkware essential. Give your drinks the platform the deserve.
Product Features:
Classic coupe stem glass
Lead-free crystal glass
High clarity to promote the contents
Ideal for serving champagne or cocktails
Dishwasher safe - see our Crystal Glass Care Guide for more information
Contains 4 Glasses",,Glass,,21,4,Box of 4
UB2975,1910 Champagne Glass Coupe 21cl,Urban Bar,Champagne,£12.50,https://www.urbanbar.com/products/crystal-retro-coupe-glass-1910-21cl,https://cdn.shopify.com/s/files/1/0467/5066/2816/files/UB2975dims.jpg?v=1791377926,"Harking back to the early 20th century, the Retro Coupe Glass 1910 creates a unique serve. Made form lead-free crystal, this champagne coupe shape gives high clarity. As such, the contents have a greater visibility on the bar top, adding to the visual presentation. Around the bowl is a vintage etched pattern with swirls that complement champagne and sparkling cocktails.
Product Features:
Classic coupe stem glass
Lead-free crystal glass
Vintage etched pattern around the bowl
High clarity to promote the contents
Ideal for serving champagne or cocktails
Dishwasher safe - see our Crystal Glass Care Guide for more information",,Glass,1910,21,,
UB2975-B4,1910 Champagne Glass Coupe 21cl- Box4,Urban Bar,Champagne,£48.33,https://www.urbanbar.com/products/1910-champagne-glass-coupe-21cl-box4,https://cdn.shopify.com/s/files/1/0467/5066/2816/files/UB2975-345976.jpg?v=1791360120,"Harking back to the early 20th century, the Retro Coupe Glass 1910 creates a unique serve. Made form lead-free crystal, this champagne coupe shape gives high clarity. As such, the contents have a greater visibility on the bar top, adding to the visual presentation. Around the bowl is a vintage etched pattern with swirls that complement champagne and sparkling cocktails.
Product Features:
Classic coupe stem glass
Lead-free crystal glass
Vintage etched pattern around the bowl
High clarity to promote the contents
Ideal for serving champagne or cocktails
Dishwasher safe - see our Crystal Glass Care Guide for more information
Contains 4 Glasses",,Glass,1910,21,4,Box of 4
UB2976,1920 Champagne Glass Coupe 21cl,Urban Bar,Champagne,£12.50,https://www.urbanbar.com/products/crystal-retro-coupe-glass-1920-21cl,https://cdn.shopify.com/s/files/1/0467/5066/2816/files/Urban_Bar_Sam_Gee_Photography_Shoot1106.jpg?v=1791360075,"Serve champagne in style with this elegantly classic 1920 coupe. Inspired by prohibition era design, its etched pattern replicates the effervescence of the sparkling liquid inside, giving a wonderful added effect to your drinks presentation.
Product Features:
Vintage stemmed glass
Classic coupe shape
Made from lead-free crystal
High transparency to promote the contents
Etched pattern around the bowl mirrors the movement of bubbles in sparkling drinks
Perfect for cocktails or champagne and sparkling wines
Dishwasher safe - see our Crystal Glass Care Guide for more information",,Glass,1920,21,,
UB2976-B4,1920 Champagne Glass Coupe 21cl- Box4,Urban Bar,Champagne,£48.33,https://www.urbanbar.com/products/1920-champagne-glass-coupe-21cl-box4,https://cdn.shopify.com/s/files/1/0467/5066/2816/files/UB2976-941560.jpg?v=1791360088,"Serve champagne in style with this elegantly classic 1920 coupe. Inspired by prohibition era design, its etched pattern replicates the effervescence of the sparkling liquid inside, giving a wonderful added effect to your drinks presentation.
Product Features:
Vintage stemmed glass
Classic coupe shape
Made from lead-free crystal
High transparency to promote the contents
Etched pattern around the bowl mirrors the movement of bubbles in sparkling drinks
Perfect for cocktails or champagne and sparkling wines
Dishwasher safe - see our Crystal Glass Care Guide for more information
Contains 4 Glasses",,Glass,1920,21,4,Box of 4
UB2977,Gold Rim Champagne Glass Coupe 21cl,Urban Bar,Champagne,£13.33,https://www.urbanbar.com/products/crystal-retro-gold-rim-coupe-glass-21cl,https://cdn.shopify.com/s/files/1/0467/5066/2816/files/UB2977.jpg?v=1791377939,"For a premium drink service, the Retro Gold Rim Coupe Glass offers a luxury finish. Complemented by a gold plated rim, this coupe has a lead free crystal glass construction. This premium material gives the glass a high level of transparency that lets the drink stand out. A pulled stem ensures there are no joins around the bowl, giving a natural organic flow to the shape. Suited to use as a classic champagne saucer, this vintage coupe glass is also an ideal vessel for cocktails.
Product Features:
Classic coupe stem glass
Lead-free crystal glass
Gold plated rim - hand applied food-safe real gold
High clarity to promote the contents
Ideal for serving champagne or cocktails
Hand wash only - See our Product Care page for more information",Gold,Glass,,21,,
UB2977-B4,Gold Rim Champagne Glass Coupe 21cl- Box4,Urban Bar,Champagne,£52.50,https://www.urbanbar.com/products/gold-rim-champagne-glass-coupe-21cl-box4,https://cdn.shopify.com/s/files/1/0467/5066/2816/files/UB2977-373304.jpg?v=1791360008,"For a premium drink service, the Retro Gold Rim Coupe Glass offers a luxury finish. Complemented by a gold plated rim, this coupe has a lead free crystal glass construction. This premium material gives the glass a high level of transparency that lets the drink stand out. A pulled stem ensures there are no joins around the bowl, giving a natural organic flow to the shape. Suited to use as a classic champagne saucer, this vintage coupe glass is also an ideal vessel for cocktails.
Product Features:
Classic coupe stem glass
Lead-free crystal glass
Gold plated rim - hand applied food-safe real gold
High clarity to promote the contents
Ideal for serving champagne or cocktails
Hand wash only - See our Product Care page for more information
Contains 4 Glasses",Gold,Glass,,21,4,Box of 4
UB2978,Coley® Crystal Cocktail Glass Coupe 17cl,Urban Bar,Cocktails,£10.83,https://www.urbanbar.com/products/coley-reg-coupe-17cl,https://cdn.shopify.com/s/files/1/0467/5066/2816/files/UB2978-2.jpg?v=1791379753,"Premium lead-free crystal Coley Coupe with a high level of clarity. Unique bowl on a tall stem for elegant presentation of cocktails and champagne.
Product Features
Elegant coupette cocktail glass
Lead-free crystal - FDA approved glass with no toxic additives
High transparency - lasts up to 1500 industrial glasswasher cycles
Thermal shock resistance
Laser treated rim for resistance to chipping
Dishwasher safe - see our Crystal Glass Care Guide for more information",,Crystal,,17,,
UB2979,1910 Coley® Coupe Cocktail Glass 17cl,Urban Bar,Cocktails,£11.67,https://www.urbanbar.com/products/crystal-coley-coupe-1910-17cl,https://cdn.shopify.com/s/files/1/0467/5066/2816/files/Coley-Coupe-UB2980.jpg?v=1791377964,"Elegant coupe glass made from lead-free crystal, with delicate engraved pattern. The Coley 1910 Coupe has premium clarity for a sparkling drink presentation.
Product Features
Elegant coupette cocktail glass
Prohibition era aesthetic with etched pattern inspired by classic Pall Mall glassware
Lead-free crystal - FDA approved glass with no toxic additives
High transparency - lasts up to 1500 industrial glasswasher cycles
Thermal shock resistance
Laser treated rim for resistance to chipping
Dishwasher safe - see our Crystal Glass Care Guide for more information",,Glass,1910,17,,
UB2981,Gold Rim Coley® Crystal Glass Coupe 17cl,Urban Bar,Cocktails,£12.50,https://www.urbanbar.com/products/crystal-coley-coupe-1920-17cl,https://cdn.shopify.com/s/files/1/0467/5066/2816/files/UB2981-1.jpg?v=1791378316,"The Gold Rim Coley Coupe offers premium drink presentation. Lead-free crystal cocktail and champagne glass with a luxury gold-plated rim to frame your drink.
Product Features
Elegant coupette cocktail glass
Prohibition era aesthetic
Gold plated rim - hand applied food-safe real gold
Lead-free crystal - FDA approved glass with no toxic additives
High transparency
Thermal shock resistance
Laser treated rim for resistance to chipping
Hand wash only - see our Crystal Glass Care Guide for more information",Gold,Crystal,,17,,
UB3004,Retro Fizzio Champagne Glass Coupe 26cl,Urban Bar,Champagne,£11.67,https://www.urbanbar.com/products/crystal-retro-fizzio-coupe-glass-26cl,https://cdn.shopify.com/s/files/1/0467/5066/2816/files/UB3004.jpg?v=1791378348,"Hark back to the golden age of mixology with the Retro Fizzio Coupe Glass. This elegant cocktail glass includes a wide, flat-base bowl mounted on a straight stem. Made from lead-free crystal, the Fizzio Coupe boasts a high level of transparency. This helps to accentuate the contents of the glass, making it a perfect pedestal to display your drinks. Whether serving champagne, or cocktails, this shallow glass offers a unique presentation space.
Product Features:
Vintage coupe glass
Lead-free crystal
High transparency
Serve champagne or cocktails
Dishwasher safe - see our Crystal Glass Care Guide for more information",,Glass,,26,,
UB3005,1910 Fizzio Champagne Glass Coupe 26cl,Urban Bar,Champagne,£15.00,https://www.urbanbar.com/products/crystal-retro-fizzio-coupe-glass-1910-26cl,https://cdn.shopify.com/s/files/1/0467/5066/2816/files/UB3005_1_RS.jpg?v=1791378376,"The vintage Fizzio 1910 Coupe Glass provides premium drink presentation. Due to the lead-free crystal material, this champagne saucer features high transparency. Including an etched pattern, this coupe glass harks back to early 20th century design. Add retro aesthetic to both champagne and cocktails with this vintage champagne saucer. Urban Bar designed the unique etched pattern to play against the texture of the contents. No matter what you serve in the Fizzio Coupe, this glass adds an extra presentation dimension.
Product Features
Vintage coupe glass
Lead-free crystal
High transparency
Etched pattern around the bowl evoking 1910s design
Serve champagne or cocktails
Dishwasher safe - see our Crystal Glass Care Guide for more information",,Glass,1910,26,,
UB3006,1920 Fizzio Champagne Glass Coupe 26cl,Urban Bar,Champagne,£15.00,https://www.urbanbar.com/products/copy-of-1920-fizzio-champagne-glass-coupe-26cl-2,https://cdn.shopify.com/s/files/1/0467/5066/2816/files/UB3006_8aa810a3-9d29-454a-be19-2022c0f8e79e.jpg?v=1791380585,"The Fizzio 1920 Coupe Glass brings a vintage touch to your drinks service. Made from lead-free crystal, this piece of stemware has a high transparency. Around the bowl is a pattern that emulates the movement of bubbles in a sparkling drink. As such, this glass is ideal for use as a champagne saucer, or for serving cocktails.
Product Features
Vintage coupe glass
Lead-free crystal
High transparency
Etched pattern around the bowl evoking 1920s design
Serve champagne or cocktails
Dishwasher safe  see our Crystal Glass Care Guide for more information",,Glass,1920,26,,
UB3071,Copper Plated Mug 32.5cl,Urban Bar,Metal Drinkware,£10.00,https://www.urbanbar.com/products/copper-plated-mug-32-5cl,https://cdn.shopify.com/s/files/1/0467/5066/2816/files/UB3071-2_67d95d59-c72d-48e3-864b-8e123f273ba4.jpg?v=1791377542,"The Copper Plated Mug is a great choice for serving up your cocktails like the popular Moscow Mule or in the colder months for mulled wine or eggnog. Stainless steel construction with a high polished copper plating on the outside.
Product Features:
Cocktail mug
Polished copper plating
Plain steel handle
Premium Japanese steel
Hand wash only - see our Plated Steel Care page for more information",Copper,Copper,,32.5,,
UB3075,Drop Copper Bar Spoon 30cm,Urban Bar,Stir,£10.83,https://www.urbanbar.com/products/copper-drop-bar-spoon-30cm,https://cdn.shopify.com/s/files/1/0467/5066/2816/files/UB3075.jpg?v=1791378393,"Introducing our Copper Bar Spoon, the ultimate tool for crafting the perfect cocktails with style and precision. Meticulously crafted from high-quality Japanese Steel, this bar spoon combines elegance with functionality, making it a must-have for any home bar or professional mixologist.
Designed with a long, slender handle and a twisted shaft, our copper bar spoon allows for effortless stirring and layering of ingredients, ensuring every cocktail is expertly mixed to perfection. The elegant copper finish adds a touch of sophistication to your bartending arsenal, elevating the presentation of your drinks.
Product Features:
Sleek Japanese style bar spoon
Twisted stem for layering drinks
Mirror finish teardrop shape tip
Head gives approximate 5ml measure
Made from 18/8 Japanese steel
Copper plated finish
Premium polished shine
High level of corrosion resistance
Outlasts standard steel barware
Hand wash only - see our Plated Steel Care Guide for more information",Copper,Copper,,,,
UB3077,Drop Copper Bar Spoon 40cm,Urban Bar,Stir,£12.50,https://www.urbanbar.com/products/copper-drop-bar-spoon-40cm,,"Introducing our Copper Bar Spoon, the ultimate tool for crafting the perfect cocktails with style and precision. Meticulously crafted from high-quality Japanese Steel, this bar spoon combines elegance with functionality, making it a must-have for any home bar or professional mixologist.
Designed with a long, slender handle and a twisted shaft, our copper bar spoon allows for effortless stirring and layering of ingredients, ensuring every cocktail is expertly mixed to perfection. The elegant copper finish adds a touch of sophistication to your bartending arsenal, elevating the presentation of your drinks.
Product Features:
Sleek Japanese style bar spoon
Twisted stem for layering drinks
Mirror finish teardrop shape tip
Head gives approximate 5ml measure
Made from 18/8 Japanese steel
Copper plated finish
Premium polished shine
High level of corrosion resistance
Outlasts standard steel barware
Hand wash only - see our Plated Steel Care Guide for more information",Copper,Copper,,,,
UB3078,Classic Copper Bar Spoon 27cm,Urban Bar,Stir,£10.83,https://www.urbanbar.com/products/copper-classic-bar-spoon-27cm,https://cdn.shopify.com/s/files/1/0467/5066/2816/files/UB3078-1_f9981bc1-47d2-485c-9cf5-0f3a3ca015bb.jpg?v=1791376677,"Make your mixology stand out with the Copper Bar Spoon. Made from 18/8 Japanese steel, this bar spoon has a luxury polished copper plating for a colourful finish. A standard part of any barware set, this spoon uses the classic European bar spoon design. A twisted stem is complemented by a flat disc on the end. Use the corkscrew shaft for enhanced stirring and refined pouring of liquors. The blunt disc is ideal for bruising fruit and gently muddling ingredients. Made from Japanese steel, this classic bar spoon features a highly polished copper plating. This premium coloured shine is great for visually enhancing your cocktail making.
Product Features:
Classic European style bar spoon with a copper plating
Disc end for muddling and layering drinks
Twisted stem for layering drinks
Head gives approximate 5ml measure
Made from 18/8 Japanese steel
Premium polished shine
High level of corrosion resistance
Outlasts standard steel barware
Hand wash safe - see our Plated Steel Care Guide for more information",Copper,Copper,,,,
UB3080,Hawthorne Copper Cocktail Strainer 20cm,Urban Bar,Strain,£15.00,https://www.urbanbar.com/products/copper-hawthorne-strainer-20cm,https://cdn.shopify.com/s/files/1/0467/5066/2816/files/white-UB23_b74b82b3-ba69-4615-8030-c91330e52a33.png?v=1791378402,"Strain your drinks with a shimmer of colour. The Copper hawthorne Strainer offers a bright aesthetic for your mixology. This classic design hawthorne strainer is made from high grade Japanese steel. This premium material gives heightened strength and corrosion resistance over standard steel barware. Finished with a mirror shine copper plating, this cocktail strainer stands out in a dark bar.
Product Features
Luxury 18/8 Japanese steel
Polished copper plated finish
Large rounded handle for comfortable grip
Twin ears for easy placement on shaker tins
Premium steel spring to withstand everyday use
Hand wash only - see our Plated Steel Care page for more information",Copper,Copper,,,,
UB3083,Ginza Copper Jigger 25ml/50ml,Urban Bar,Measures & Pourers,£12.50,https://www.urbanbar.com/products/copper-ginza-jigger-25-50ml,https://cdn.shopify.com/s/files/1/0467/5066/2816/files/UB3083.jpg?v=1791378410,"Influenced by Japanese mixology, this Ginza Jigger Measure boasts a polished copper plating. With this copper jigger injected in to your mixology process, you have a new aesthetic and higher precision. This double sided bar jigger will help you measure 25ml and 50ml of cocktail ingredients. In each cup is internal measure lines to further increase your accuracy. The Ginza Jigger has lines at 15ml, 25ml, and 45ml to cater for smaller half measures. Made from high grade Japanese steel, the Ginza Jigger emulates the premium quality of real Japanese barware. Lightweight and robust, this copper jigger makes mixology more fluid and will help you refine your drinks service.
Product Features
Double jigger measure
Classic Japanese style design
Interior lines to denote 15ml, 25ml and 45ml
Premium 18/8 Japanese stainless steel
Copper plated polished finish
High corrosion resistance and rust resistance
Outlasts standard poor grade steel jigger measures
Hand wash only - see our Plated Steel Care page for more information",Copper,Copper,,2.5,,
UB3162,Aero® Stainless Steel Jigger 25ml/50ml,Urban Bar,Measures & Pourers,£10.83,https://www.urbanbar.com/products/aero-jigger-25-50ml-ce,https://cdn.shopify.com/s/files/1/0467/5066/2816/files/UB3162_d23f3884-805d-43e9-85cf-81a1fa4c82a4.jpg?v=1791360146,"For concise cocktail making, the Aero Jigger 25/50ml CE is as accurate as it is beautiful. With a high aesthetic and ergonomic shape, is one of our most popular jiggers. Used by bartenders across the world, this measure is CE marked for use in licenced bars. Made from Japanese 18/8 stainless steel, this double measure has a polished mirror finish. As such, this jigger adds to your bar top display, impressing thirsty onlookers. As well as having visual appeal, the premium steel is high grade, so it has high corrosion resistance. This gives excellent rust resistance, and means it outlasts standard poor quality barware.
Product Features
Unique design double jigger measure
CE marked for use in licenced establishments
Comfortable concave curved shape
Premium 18/8 Japanese stainless steel
High corrosion resistance and rust protection
Polished finish
Gift boxed
Dishwasher safe - see our Steel Care Guide page for more information",,Stainless Steel,,2.5,,
UB3167,Aero® Stainless Steel cocktail Jigger 20ml/40ml,Urban Bar,Measures & Pourers,£9.17,https://www.urbanbar.com/products/aero-jigger-20-40ml-ce,https://cdn.shopify.com/s/files/1/0467/5066/2816/files/UB3167.jpg?v=1791358906,"The popular Aero Jigger has entered the European market with the Aero Jigger 20/40ml. CE stamped at 20ml and 40ml, this measure is for use in licenced bars and clubs. This unique spirit measure has a high resistance to rust due to the premium 18/8 steel construction. This means that Urban Bar jiggers will outlast most standard barware.
Product Features
Unique design double jigger measure
CE marked for use in licenced establishments
Comfortable concave curved shape
Premium 18/8 Japanese stainless steel
Polished finish
Dishwasher safe - see our Steel Care Guide page for more information",,Stainless Steel,,2,,
UB3168,Aero® Stainless Steel Wine Measure 125ml,Urban Bar,Measures & Pourers,£10.83,https://www.urbanbar.com/products/aero-wine-measure-125ml-ce,https://cdn.shopify.com/s/files/1/0467/5066/2816/files/UB3168.jpg?v=1791378421,"Urban Bar have given a much needed redesign to wine service with the Aero Wine Measure 125ml. For too long, wine measures have kept their industry standard tubular shape, with a plain brushed finish. Transforming the norm, this measure has a fluid curved body with a high polished sheen. Part of the Aero range, this wine measure is CE marked at 125ml for by-the-glass service.
Product Features:
Comfortable concave curved shape
CE Marked at 125ml for by-the-glass service
Serves a small glass of wine
Made from premium 18/8 Japanese steel
Polished finish
Registered design
Dishwasher safe - see our Steel Care Guide page for more information",,Stainless Steel,,12.5,,
UB3169,Aero® Wine Measure 175ml,Urban Bar,Measures & Pourers,£12.50,https://www.urbanbar.com/products/aero-wine-measure-175ml-ce,https://cdn.shopify.com/s/files/1/0467/5066/2816/files/UB3169.jpg?v=1791367412,"Upgrading the basic wine thimble, the Aero Wine Measure adds a new design dynamic. Borrowing from the Aero Jigger range, this thimble measure has a curved profile. This new aesthetic brings wine service out of the back bar and projects it right to the forefront. Made from 18/8 Japanese steel, this measure has great corrosion resistance to resist rust. As well as high structural integrity, the Aero Measure is also CE marked for by-the-glass service.
Product Features:
Comfortable concave curved shape
CE Marked at 175ml for by-the-glass service
Serves a medium glass of wine
Made from premium 18/8 Japanese steel
Polished finish
Registered design
Dishwasher safe - see our Steel Care Guide page for more information",,,,17.5,,
UB3171,Glass Tin Can Tumbler 31cl,Urban Bar,Shake,£9.17,https://www.urbanbar.com/products/tin-can-glass,https://cdn.shopify.com/s/files/1/0467/5066/2816/files/white-UB3171.jpg?v=1791376504,"Introducing the Glass Tin Can - a delightful reimagination of the classic design. Combining the nostalgic charm of a tin can with the elegance of glassware, this innovative creation adds a touch of whimsy to your beverage experience.
Crafted from premium, food-grade glass, this tin can-turned-drinking glass offers the best of both worlds: durability and sophistication. Its sturdy construction ensures long-lasting use, while the crystal-clear glass showcases the colours and textures of your favourite drinks, elevating your drinking experience to new heights.
The unique design features a wide-mouth opening, allowing for easy sipping and effortless pouring. Whether you're indulging in a refreshing iced tea, savouring a zesty lemonade, or enjoying a craft beer, this glass tin can is the perfect companion for any beverage.
Versatile and charming, this glass tin can adds a playful twist to your table settings, backyard gatherings, or cozy nights in. Its rustic yet refined aesthetic makes it a standout piece that sparks conversation and invites smiles.
Product Features:
Drinks tumbler styled after a tin can
Made from soda-lime glass
Create a unique drinks display
Dishwasher safe - see our Glassware Care Guide for more information",,Glass,,31,,
UB3173,Aero® Stainless Steel Cocktail Jigger 1oz/2oz,Urban Bar,Measures & Pourers,£10.00,https://www.urbanbar.com/products/aero-reg-jigger,https://cdn.shopify.com/s/files/1/0467/5066/2816/files/UB3173.jpg?v=1791377581,"For concise cocktail making, the Aero Jigger 1oz / 2oz CE is as accurate as it is beautiful. With a high aesthetic and ergonomic shape, is one of our most popular jiggers. Used by bartenders across the world, this measure is CE marked for use in licenced bars.
Made from Japanese 18/8 stainless steel, this double measure has a polished mirror finish. As such, this jigger adds to your bar top display, impressing thirsty onlookers.
As well as having visual appeal, the premium steel is high grade, so it has high corrosion resistance. This gives excellent rust resistance, and means it outlasts standard poor quality barware.
Product Features
Unique design double jigger measure
CE marked for use in licenced establishments
Comfortable concave curved shape
Premium 18/8 Japanese stainless steel
High corrosion resistance and rust protection
Polished finish
Gift boxed",,Stainless Steel,,,,
UB32,Heavy Single Spike Ice Pick 24cm,Urban Bar,Skewers,£21.67,https://www.urbanbar.com/products/heavy-ice-pick-24cm,https://cdn.shopify.com/s/files/1/0467/5066/2816/files/UB32_11f572d0-39cb-404b-bccd-784daae9c753.jpg?v=1791376454,"Single steel spike 15cm long with smooth wooden body and alloy head with point to help with chipping ice.
Product Features:
Ice pick with long steel point for chipping ice blocks
Hand made in Japan
Real beech wood handle with phenol resin coating
High grade 18/8 stainless steel point
15cm length pick, perfect for hand carving ice blocks
Hand wash only",,,Japanese Barware,,,
UB3224,Coley® Cocktail Copper Jigger 1oz/2oz,Urban Bar,Measures & Pourers,£21.67,https://www.urbanbar.com/products/coley-reg-jigger-copper-1oz-2oz,https://cdn.shopify.com/s/files/1/0467/5066/2816/files/UB3224.jpg?v=1791379770,"Add vintage style to your mixology set with the Coley Jigger Copper 1oz / 2oz. A small stem joins the dual bell shaped measures that dispense accurate US ounce volumes. A curved handle sits on the side of the measure to aid grip when measuring cocktail ingredients. This helps to make your drink mixing more fluid and organic. Finished with a polished copper plating, the Coley Jigger adds a unique aesthetic to your bar top.
Product Features
Unique design double jigger measure
Handle for easy grip
Interior lines to denote 0.5oz, 0.75oz and 1.5oz
Premium 18/8 Japanese stainless steel
Polished copper plated finish
Hand wash only - see our Plated Steel Care page for more information",Copper,Copper,,,,
UB3233,Bacci Crystal Water Glass 43cl,Urban Bar,Hiballs,£5.83,https://www.urbanbar.com/products/bacci-crystal-water-glass-43cl,https://cdn.shopify.com/s/files/1/0467/5066/2816/files/UB3233.jpg?v=1791378449,"The Bacci Water Glass adds a new dimension to water service, thus helping you promote tonics in an exciting fashion. Due to the lead-free crystal glass construction, this stemmed glass provides high clarity for an unparrelled display. The Bacci Crystal Water Glass has a cut and polished rim, as a result enhancing the finer flavours of infused waters. Proudly raise water alongside wine and cocktails with this piece of fine stemware.
Product Features
Lead-free crystal - FDA approved glass with no toxic additives
Thermal shock resistance
Mechanical shock resistance
Cut and polished rim for finer tasting
High transparency to accentuate the colour of the contents
Pulled stem - seamless for premium visual appreciation
Dishwasher safe  see our Crystal Glass Care Guide for more information",,Crystal,,43,,
UB3234,Bacci Crystal Champagne Flute 32cl,Urban Bar,Champagne,£7.50,https://www.urbanbar.com/products/bacci-crystal-champagne-flute-32cl,https://cdn.shopify.com/s/files/1/0467/5066/2816/files/Urban_Bar_Sam_Gee_Photography_Shoot1194_918b1676-da3c-4bcd-a5f8-932356666270.jpg?v=1791367417,"This elegant champagne flute is designed to be shock resistant both thermally and mechanically, preventing unwanted accidents. Its rim is cut and polished to allow for finer tasting.
Product Features
Lead-free crystal - FDA approved glass with no toxic additives
Thermal shock resistance
Mechanical shock resistance
Cut and polished rim for finer tasting
High transparency to accentuate the colour of the contents
Pulled stem - seamless for premium visual appreciation
Dishwasher safe - see our Crystal Glass Care Guide for more information",,Crystal,,32,,
UB3235,Bacci Crystal Wine Glass 43cl,Urban Bar,Wine,£7.50,https://www.urbanbar.com/products/bacci-crystal-wine-glass-43cl,https://cdn.shopify.com/s/files/1/0467/5066/2816/files/UB3235.png?v=1791378468,"The highly delicate nature of the Bacci Wine Glass gives elevation to any dinner table setting. The stem has been pulled, as such giving this piece of crystal stemware a tall finish for fine dining. Due to the point at the bottom of the bowl, oxygenation is promoted to the top of the wine, giving an impressive tasting experience. In addition, the fine rim has been cut and polished, making this fine wine glass the best complement to wine appreciation.
Product Features
Lead-free crystal - FDA approved glass with no toxic additives
Thermal shock resistance
Mechanical shock resistance
Cut and polished rim for finer tasting
High transparency to accentuate the colour of the contents
Pulled stem - seamless for premium visual appreciation
Dishwasher safe  see our Crystal Glass Care Guide for more information",,Crystal,,43,,
UB3236,Bacci Crystal Wine Glass 56cl,Urban Bar,Wine,£9.17,https://www.urbanbar.com/products/bacci-crystal-wine-glass-56cl,https://cdn.shopify.com/s/files/1/0467/5066/2816/files/Urban_Bar_Sam_Gee_Photography_Shoot1188resized.jpg?v=1791378485,"The highly delicate nature of the Bacci Wine Glass 56cl gives elevation to any dinner table setting. The stem has been pulled, as such giving this piece of crystal stemware a tall finish for fine dining. Due to the point at the bottom of the bowl, oxygenation is promoted to the top of the wine, giving an impressive tasting experience. In addition, the fine rim has been cut and polished, making this fine wine glass the best complement to wine appreciation.
Product Features
Lead-free crystal - FDA approved glass with no toxic additives
Thermal shock resistance
Mechanical shock resistance
Cut and polished rim for finer tasting
High transparency to accentuate the colour of the contents
Pointed bowl - allows wine to develop and oxygenate in the top of the bowl
Pulled stem - seamless for premium visual appreciation
Dishwasher safe  see our Crystal Glass Care Guide for more information",,Crystal,,56,,
UB3237,Bacci Crystal Champagne Flute 19cl,Urban Bar,Champagne,£6.67,https://www.urbanbar.com/products/bacci-crystal-champagne-flute-19cl,https://cdn.shopify.com/s/files/1/0467/5066/2816/files/UB3237.png?v=1791378500,"Designed for the full appreciation of sparkling wine, the Bacci Champagne Flute 19cl offers premium drinks service. Made from lead-free crystal glass, this piece of fine stemware consequently elevates champagne presentation. The Bacci Flute has a pulled stem, and as a result, the stem has no seam. This process gives a premium finish to the glass, rather than the look of pressed glass.
Product Features
Lead-free crystal - FDA approved glass with no toxic additives
Thermal shock resistance
Mechanical shock resistance
Cut and polished rim for finer tasting
High transparency to accentuate the colour of the contents
Pulled stem - seamless for premium visual appreciation
Dishwasher safe  see our Crystal Glass Care Guide for more information",,Crystal,,19,,
UB3238,Verdot Crystal Wine Glass 19cl,Urban Bar,Wine,£6.67,https://www.urbanbar.com/products/verdot-crystal-wine-glass-19cl,https://cdn.shopify.com/s/files/1/0467/5066/2816/files/UB3238.jpg?v=1791378514,"Designed with a classic shape, the Verdot Wine Glass 19cl heightens wine service with a lead-free crystal finish. Due to the manufacturing process, this premium stemware has both thermal and mechanical shock resistance. As a result, this wine glass is the perfect addition to everyday drinks service.
Product Features
Lead-free crystal - FDA approved glass with no toxic additives
Thermal shock resistance
Mechanical shock resistance
Cut and polished rim for finer tasting
High transparency to accentuate the colour of the contents
Pulled stem - seamless for premium visual appreciation
Flat base for reduced water trap surface when washing and drying
Dishwasher safe  see our Crystal Glass Care Guide for more information",,Crystal,,19,,
UB3239,Verdot Crystal Wine Glass 24cl,Urban Bar,Wine,£7.50,https://www.urbanbar.com/products/verdot-crystal-wine-glass-24cl,https://cdn.shopify.com/s/files/1/0467/5066/2816/files/UB3239.png?v=1791378522,"Enhance wine presentation with the Verdot Wine Glass 24cl. This lead-free crystal stemware offers premium display for any table. The crystal has a high level of transparency that gives full emphasis on the contents of the wine glass. This makes the Verdot glasses ideal for appreciating the aesthetics of your drink as well as the taste. With thermal and mechanical shock resistance, the Verdot Wine Glass withstands the rigours of regular use. Perfect for a variety of entertaining opportunities.
Product Features
Lead-free crystal - FDA approved glass with no toxic additives
Thermal shock resistance
Mechanical shock resistance
Cut and polished rim for finer tasting
High transparency to accentuate the colour of the contents
Pulled stem - seamless for premium visual appreciation
Dishwasher safe  see our Crystal Glass Care Guide for more information",,Crystal,,24,,
UB324,Hawthorne Rose Gold Cocktail Strainer 20cm,Urban Bar,Strain,£15.00,https://www.urbanbar.com/products/rose-gold-hawthorne-strainer-20cm,https://cdn.shopify.com/s/files/1/0467/5066/2816/files/UB324.jpg?v=1791358952,"Sitting along side the Rose Gold boston can and Spoon this hawthorne is not only essential but completes the look.
Product Features
Luxury 18/8 Japanese steel
Titanium nitrate rose gold coating giving high abrasion and corrosion resistance
Polished finish
Large rounded handle for comfortable grip
Twin ears for easy placement on shaker tins
Premium steel spring to withstand everyday use
Hand wash recommended - see our Steel Care Guide page for more information",Rose Gold,,,,,
UB3241,Verdot Wine Glass 35cl,Urban Bar,Wine,£8.33,https://www.urbanbar.com/products/verdot-crystal-wine-glass-35cl,https://cdn.shopify.com/s/files/1/0467/5066/2816/files/UB3241.png?v=1791378536,"The premium Verdot Wine Glass 35cl offers luxury wine service for any setting. Made from lead-free crystal glass, this elegant stemware features ultra transparency. This allows the drinker to lend a discerning eye to the contents of the glass and experience their drink with multiple senses. Mechanical and thermal shock resistance makes these wine glasses perfect for regular use. The Verdot Wine Glasses are able to withstand more taps and bumps than regular glassware.
Product Features:
Lead-free crystal - FDA approved glass with no toxic additives
Thermal shock resistance
Mechanical shock resistance
Cut and polished rim for finer tasting
High transparency to accentuate the colour of the contents
Pulled stem - seamless for premium visual appreciation
Dishwasher safe  see our Crystal Glass Care Guide for more information",,Glass,,35,,
UB3242,Verdot Wine Glass 50cl,Urban Bar,Wine,£10.00,https://www.urbanbar.com/products/verdot-crystal-wine-glass-50cl,https://cdn.shopify.com/s/files/1/0467/5066/2816/files/UB3242.png?v=1791378547,"The classic shape of the Verdot Wine Glass 50cl adds a timeless dynamic to any dinner table setting. Made with a large 500ml bowl, consequently this crystal wine glass is best for serving red wines, allowing plenty of room for swirling the contents. Due to the premium manufacturing process provides the Verdot glassware with thermal and mechanical shock resistance, making it ideal for repeated use in Horeca environments. In addition, the rim has been cut and polished for a finer wine tasting experience. The 50cl Verdot Wine Glass consequently makes an excellent all-round piece of stemware for fine dining.
Product Features
Lead-free crystal - FDA approved glass with no toxic additives
Thermal shock resistance
Mechanical shock resistance
Cut and polished rim for finer tasting
High transparency to accentuate the colour of the contents
Pulled stem - seamless for premium visual appreciation
Dishwasher safe  see our Crystal Glass Care Guide for more information",,Glass,,50,,
UB3244,Verdot Crystal Martini Glass 21cl,Urban Bar,Cocktails,£11.67,https://www.urbanbar.com/products/verdot-crystal-martini-glass-21cl,https://cdn.shopify.com/s/files/1/0467/5066/2816/files/UB3244.jpg?v=1791378561,"Formed from lead-free crystal, the Verdot Martini Glass gives a premium cocktail service. This classic V-shaped cocktail glass sits on an elegant pulled glass stem. This eradicates any unsightly join marks from the bowl for a premium finish. The lead-free crystal material gives the Verdot Martini Glass a brilliant clarity. This allows the contents to stand out and promotes the colours of your cocktails.
Product Features
Lead-free crystal - FDA approved glass with no toxic additives
Thermal shock resistance
Mechanical shock resistance
Cut and polished rim for finer tasting
High transparency to accentuate the colour of the contents
Pulled stem - seamless for premium visual appreciation
Dishwasher safe  see our Crystal Glass Care Guide for more information",,Crystal,,21,,
UB3244-B6,Verdot Crystal Martini Glass 21cl- Box 6,Urban Bar,Cocktails,£69.17,https://www.urbanbar.com/products/verdot-crystal-martini-glass-21cl-box-6,https://cdn.shopify.com/s/files/1/0467/5066/2816/files/UB3244-854456.jpg?v=1791360110,"Formed from lead-free crystal, the Verdot Martini Glass gives a premium cocktail service. This classic V-shaped cocktail glass sits on an elegant pulled glass stem. This eradicates any unsightly join marks from the bowl for a premium finish. The lead-free crystal material gives the Verdot Martini Glass a brilliant clarity. This allows the contents to stand out and promotes the colours of your cocktails.
Product Features
Lead-free crystal - FDA approved glass with no toxic additives
Thermal shock resistance
Mechanical shock resistance
Cut and polished rim for finer tasting
High transparency to accentuate the colour of the contents
Pulled stem - seamless for premium visual appreciation
Dishwasher safe see our Crystal Glass Care Guide for more information
Contains 6 Glasses",,Crystal,,21,6,Box of 6
UB3245,Verdot Crystal Stemmed Beer Glass 46cl,Urban Bar,Beer,£7.50,https://www.urbanbar.com/products/verdot-crystal-stemmed-beer-glass-46cl,https://cdn.shopify.com/s/files/1/0467/5066/2816/files/UB3245.png?v=1791378582,"Designed for premium beer presentation, the Verdot Beer Glass is made for full beer appreciation. Due to the classic fluted pokal shape, this crystal beer glass directs aromas towards the nose. In addition, the glass rim has been cut and polished to ease the flow of beer on the tongue. This stemmed beer glass is thermal and mechanical shock resistant, consequently making it best for everyday use.
Product Features
Lead-free crystal - FDA approved glass with no toxic additives
Thermal shock resistance
Mechanical shock resistance
Cut and polished rim for finer tasting
High transparency to accentuate the colour of the contents
Pulled stem - seamless for premium visual appreciation
Dishwasher safe  see our Crystal Glass Care Guide for more information",,Crystal,,46,,
UB3247,Verdot Crystal Old Fashioned Whisky Glass 36cl,Urban Bar,Rocks,£5.83,https://www.urbanbar.com/products/verdot-crystal-old-fashioned-whisky-glasses-36cl,https://cdn.shopify.com/s/files/1/0467/5066/2816/files/UB3247.png?v=1791357628,"The luxury crystal Verdot Old Fashioned Tumbler includes high thermal and mecahnical shock resistance for regular everyday use.
Product Features
Lead-free crystal - FDA approved glass with no toxic additives
Thermal shock resistance
Mechanical shock resistance
Cut and polished rim for finer tasting
High transparency to accentuate the colour of the contents
Dishwasher safe  see our Crystal Glass Care Guide for more information",,Crystal,,36,,
UB326,Classic Rose Gold Bar Spoon 27cm,Urban Bar,Stir,£10.00,https://www.urbanbar.com/products/rose-gold-classic-bar-spoon-27cm,https://cdn.shopify.com/s/files/1/0467/5066/2816/files/UB326-1.jpg?v=1791357494,"This classic bar spoon comes in audacious rose gold. It has a disc end for muddling and layering as well as a delicate spoon head for mixing. Take your mixology to the next level, and look good doing it with this premium Japanese steel barware.
Product Features:
Classic European style bar spoon
Disc end for muddling and layering drinks
Twisted stem for layering drinks
Head gives approximate 5ml measure
Made from 18/8 Japanese steel
Titanium nitrate rose gold coating giving high abrasion and corrosion resistance
Premium polished shine
High level of corrosion resistance
Outlasts standard steel barware
Hand wash only - see our Plated Steel Care Guide for more information",Rose Gold,,,,,
UB3264,Aero® Copper Cocktail Jigger 20ml/40ml,Urban Bar,Measures & Pourers,£12.50,https://www.urbanbar.com/products/aero-jigger-copper-20-40ml-ce,https://cdn.shopify.com/s/files/1/0467/5066/2816/files/white-UB3167_01510039-920a-4b82-9927-c8005ba50653.png?v=1791378617,"Create a unique mixology show with the Aero Jigger Copper 20/40ml. Bearing a CE mark, this copper-plated spirit measure is suitable for use in licenced bars. A fluid double conical shape offers a unique aesthetic for your cocktail making. Also with a polished copper plating, this jigger measure makes your bar top shine.
Product Features
Unique design double jigger measure
CE marked for use in licenced establishments
Comfortable concave curved shape
Premium 18/8 Japanese stainless steel
Copper plated polished finish
Dishwasher safe - hand wash recommended - see our Barware Care page for more information",Copper,Copper,,2,,
UB3277,Coley® Cocktail Jigger 25ml/50ml CE,Urban Bar,Measures & Pourers,£15.83,https://www.urbanbar.com/products/coley-jigger-25-50ml-ce,https://cdn.shopify.com/s/files/1/0467/5066/2816/files/UB3277-4.jpg?v=1791378625,"One of Urban Bar's signature products, the Coley Jigger is now CE marked. Mix cocktails with accuracy by utilising this stamped measure. By adding a handle to this double measure, the Coley Jigger has increased grip in mixology. Hold the jigger in comfort and flip between measures with ease. Due to the high grade 18/8 Japanese steel, this jigger has high corrosion resistance to protect against rust.
Product Features
Unique design double jigger measure
Handle for easy grip
CE marked for use in licenced establishments
Premium 18/8 Japanese stainless steel
Polished finish
Dishwasher safe - see our Steel Care Guide page for more information",,,,2.5,,
UB3286,Octagonal Boston Shaker Cup 50cl,Urban Bar,Shake,£10.00,https://www.urbanbar.com/products/octagonal-boston-shaker-tin-50cl,https://cdn.shopify.com/s/files/1/0467/5066/2816/files/UB2386.jpg?v=1791376793,"Look at your mixology from a different angle with the Octagonal Boston Shaker Cup. This 17oz cocktail shaker tin matches with the larger 24oz Octagonal shaker tin for a unique 8 sided cocktail shaker.
Product Features:
Cocktail shaker can with octagonal faceted sides
Reminiscent of a classic soda glass
Made from premium 18/8 Japanese steel for greater corrosion resistance
Outlasts standard poor grade steel shakers
Polished finish
Dishwasher safe - see our Steel Care page for more information
Compatible With:
Octagonal Boston Tin 70cl
Octagonal Copper Boston Tin 70cl
Premium Boston Tin 86cl
Premium Black Boston Tin 86cl
Tiki Boston Shaker Tin 85cl
Tattoo Boston Shaker Tin 85cl",,,,50,,
UB3287,Octagonal Copper Boston Shaker Tin 70cl,Urban Bar,Shake,£15.00,https://www.urbanbar.com/products/octagonal-copper-boston-shaker-tin-70cl,https://cdn.shopify.com/s/files/1/0467/5066/2816/files/UB3287.jpg?v=1791378639,"Add more sides to your cocktail shaking game with this 8-sided Premium Japanese Steel Shaker. Comes in a stunning copper finish.
Product Features:
Cocktail shaker can with octagonal faceted sides
Reminiscent of a classic soda glass
Made from premium 18/8 Japanese steel for greater corrosion resistance
Outlasts standard poor grade steel shakers
Copper plating with a polished finish
Hand wash only - see our Copper Plated Care Guide for more information
Compatible With:
Octagonal Shaker Cup 17.5oz
Copper Octagonal Shaker Cup 17.5oz
Boston Glass 16oz
Perfect Fit Plastic Boston Glass 17.5oz",Copper,Copper,,70,,
UB3288,Octagonal Copper Shaker Cup 50cl,Urban Bar,Shake,£14.17,https://www.urbanbar.com/products/octagonal-copper-shaker-cup-50cl,https://cdn.shopify.com/s/files/1/0467/5066/2816/files/UB3288.jpg?v=1791378647,"Look at your mixology from a different angle with the Octagonal Boston Shaker Cup. This 17oz cocktail shaker tin matches with the larger 24oz Octagonal shaker tin for a unique 8 sided cocktail shaker. This version comes in a stunning copper finish.
Product Features:
Cocktail shaker can with octagonal faceted sides
Reminiscent of a classic soda glass
Made from premium 18/8 Japanese steel for greater corrosion resistance
Outlasts standard poor grade steel shakers
Copper plating with a polished finish
Hand wash only - see our Copper Plated Care Guide page for more information
Compatible With:
Octagonal Boston Tin 70cl
Octagonal Copper Boston Tin 70cl
Premium Boston Tin 86cl
Premium Black Boston Tin 86cl
Tiki Boston Shaker Tin 85cl
Tattoo Boston Shaker Tin 85cl",Copper,Copper,,50,,
UB3291,Aero® Copper Cocktail Jigger 1oz/2oz,Urban Bar,Measures & Pourers,£14.17,https://www.urbanbar.com/products/aero-reg-jigger-copper-1oz-2oz,https://cdn.shopify.com/s/files/1/0467/5066/2816/files/white-UB3173-799416.png?v=1791379781,"Add a premium aesthetic to your mixology with the Aero Jigger Copper 1oz/2oz. A unique concave curved profile sets this bar measure apart from plain barware. Made from high grade Japanese steel, the Aero Jigger has a high level of corrosion resistance. This ensures it outlasts all standard barware and will withstand the rigours of continual use.
Product Features
Unique design double jigger measure
Comfortable concave curved shape
Interior lines to denote 0.5oz, 0.75oz and 1.5oz
Premium 18/8 Japanese stainless steel
High corrosion resistance to protect against rust
Polished copper plated finish
Dishwasher safe  hand wash recommended  see our Barware Care page for more information",Copper,Copper,,,,
UB33,Hand Made Single Spike Ice Pick and Axe 17.5cm,Urban Bar,Skewers,£47.50,https://www.urbanbar.com/products/ice-pick-axe-17-5cm,https://cdn.shopify.com/s/files/1/0467/5066/2816/files/UB33-2.jpg?v=1791378656,"This double sided tool is a handy addition for any bartenders tackling ice, with an anvil at one end for larger blocks, and a pick at the other for carving purposes.
Product Features:
Ice pick with heavy anvil shaped head for cracking large blocks of ice
Hand made in Japan
Real beech wood handle with phenol resin coating
High grade 18/8 stainless steel ice carving points and blades
7cm length pick, perfect for hand carving ice blocks
Presented in plain gift box
Hand wash only",,,Japanese Barware,,,
UB3302,Aero® Copper Jigger 25ml/50ml,Urban Bar,Measures & Pourers,£13.33,https://www.urbanbar.com/products/aero-jigger-copper-25-50ml-ce,https://cdn.shopify.com/s/files/1/0467/5066/2816/files/UB3302-1.jpg?v=1791378664,"Enhance your mixology presentation with the unique Aero Jigger Copper. This spirit measure is CE marked for use in licenced bars. Made from premium Japanese steel, this jigger measure has a high corrosion resistance. Due to this, it has far greater longevity than standard barware, and has a higher rust resistance. The fluid concave profile is for both visual appreciation and functionality. The slim waist gives an easy point for grip, making your mixology more fluid.
Product Features
Unique design double jigger measure
CE marked for use in licenced establishments
Comfortable concave curved shape
Premium 18/8 Japanese stainless steel
Copper plated
Polished finish
Hand wash only - see our Plated Steel Care page for more information",Copper,Copper,,2.5,,
UB3545,Tattoo Aero® Stainless Steel Jigger 25ml/50ml,Urban Bar,Measures & Pourers,£15.00,https://www.urbanbar.com/products/tattoo-aero-reg-jigger-25-50ml,https://cdn.shopify.com/s/files/1/0467/5066/2816/files/UB3545-2_49fbf9bc-ed9b-4854-b9a3-3585b248fd6e.jpg?v=1791367634,"Extend your own tattoos to your drink service with the Tattoo Aero Jigger. This classic jigger features Urban Bar's tattoo themed pattern in an etch print around the outside. Our unique Tattoo pattern includes nautical and rockabilly characters synonymous with retro tattoo styles.
Product Features
Unique design double jigger measure with tattoo style imagery
Etched patterns with food safe ink
Comfortable concave curved shape
Interior lines to denote 10ml and 35ml
Premium 18/8 Japanese stainless steel
High corrosion resistance and rust protection
Polished finish
Gift boxed
Dishwasher safe - see our Steel Care Guide page for more information",,Stainless Steel,Tattoo & Tiki,2.5,,
UB3546,Tiki Aero® Stainless Steel Jigger 25ml/50ml,Urban Bar,Measures & Pourers,£15.00,https://www.urbanbar.com/products/tiki-aero-reg-jigger-25-50ml,https://cdn.shopify.com/s/files/1/0467/5066/2816/files/UB3546-2.jpg?v=1791379788,"Channel tropical vibes to your mixology with this playful Tiki jigger.
Product Features
Unique design double jigger measure with tropical tiki imagery
Etched patterns with food safe ink
Comfortable concave curved shape
Interior lines to denote 10ml and 35ml
Premium 18/8 Japanese stainless steel
High corrosion resistance and rust protection
Polished finish
Gift boxed
Dishwasher safe - see our Steel Care Guide page for more information",,Stainless Steel,Tattoo & Tiki,2.5,,
UB3547,Tiki Aero® Stainless Steel Jigger 1oz/2oz,Urban Bar,Measures & Pourers,£15.83,https://www.urbanbar.com/products/tiki-aero-reg-jigger-1oz-2oz,https://cdn.shopify.com/s/files/1/0467/5066/2816/files/UB3547-1_388e09eb-8551-4a66-a420-c06336c3c39f.jpg?v=1791445393,"Channel tropical vibes to your mixology with this playful Tiki jigger - measurements in oz.
Product Features
Unique design double jigger measure with tropical tiki imagery
Etched patterns with food safe ink
Comfortable concave curved shape
Interior lines to denote 0.5oz, 0.75oz and 1.5oz
Premium 18/8 Japanese stainless steel
High corrosion resistance and rust protection
Polished finish
Gift boxed
Dishwasher safe - see our Steel Care Guide page for more information",,Stainless Steel,Tattoo & Tiki,,,
UB3548,Tattoo Aero® Stainless Steel Jigger 1oz/2oz,Urban Bar,Measures & Pourers,£15.83,https://www.urbanbar.com/products/tattoo-aero-reg-jigger-1oz-2oz,,"Extend your own tattoos to your drink service with the Tattoo Aero Jigger. This classic jigger features Urban Bar's tattoo themed pattern in an etch print around the outside. Our unique Tattoo pattern includes nautical and rockabilly characters synonymous with retro tattoo styles. Measurements in oz.
Product Features
Unique design double jigger measure with tattoo style imagery
Etched patterns with food safe ink
Comfortable concave curved shape
Interior lines to denote 0.5oz, 0.75oz and 1.5oz
Premium 18/8 Japanese stainless steel
High corrosion resistance and rust protection
Polished finish
Gift boxed
Dishwasher safe - see our Steel Care Guide page for more information",,Stainless Steel,Tattoo & Tiki,,,
UB3549,Tiki Stainless Steel Julep Cup 40cl,Urban Bar,Metal Drinkware,£15.83,https://www.urbanbar.com/products/tiki-julep-cup-40cl,https://cdn.shopify.com/s/files/1/0467/5066/2816/files/UB3549.jpg?v=1791378675,"Bring a touch of the Pacific to your cocktail serves with the Tiki Julep Cup. Whether serving a classic mint julep, or something more tropical, the Tiki Julep Cup adds a stunning decoration to any cocktail.
Product Features
Steel cocktail cup with tropical imagery
Etched patterns with food safe ink
Vintage design
Premium 18/8 Japanese stainless steel
High corrosion resistance for protection against rust
Polished finish
Dishwasher safe - see our Barware Care page for more information",,Stainless Steel,Tattoo & Tiki,40,,
UB3550,Tattoo Stainless Steel Julep Cup 40cl,Urban Bar,Metal Drinkware,£15.83,https://www.urbanbar.com/products/tattoo-julep-cup-40cl,https://cdn.shopify.com/s/files/1/0467/5066/2816/files/UB3550.jpg?v=1791378694,"Add some ink to your serves with the Tattoo Julep Cup. This premium steel cocktail cup is finished with laser engraved tattoo themed characters, all emboldened with black food-safe ink.
Product Features
Steel cocktail cup with tattoo imagery
Etched patterns with food safe ink
Vintage design
Premium 18/8 Japanese stainless steel
High corrosion resistance for protection against rust
Polished finish
Dishwasher safe - see our Barware Care page for more information",,Stainless Steel,Tattoo & Tiki,40,,
UB3551,Classico Stainless Steel Hawthorne Cocktail Strainer Surface Fitting 22.5cm,Urban Bar,Strain,£27.50,https://www.urbanbar.com/products/classico-hawthorne-strainer-surface-fitting,https://cdn.shopify.com/s/files/1/0467/5066/2816/files/UB3551-3.jpg?v=1791378703,"Add a vintage aesthetic to your mixology with the Classico hawthorne Strainer Surface Fitting. This 2-eared cocktail strainer fits neatly in the rim of a Boston shaker or a Boston glass, and the ears keep it in place on top. The premium 18/8 stainless steel strainer head is complemented by a decorative black pearlised handle. A stunning Neoclassical inspired stainless steel clasp attaches the head to the handle.
Product Features
Premium 18/8 Japanese steel head
Polished finish
Luxury handmade pearlised black acrylic handle
Neoclassic inspired decorative steel clasp
Twin ears for easy placement on shaker tins
Premium steel spring to withstand everyday use
Gift boxed
Dishwasher safe - see our Steel Care Guide page for more information",,Stainless Steel,Classico,,,
UB3552,Classico Stainless Steel Hawthorne Cocktail Strainer Internal Fitting 22.5cm,Urban Bar,Strain,£27.50,https://www.urbanbar.com/products/classico-hawthorne-strainer-internal-fitting,https://cdn.shopify.com/s/files/1/0467/5066/2816/files/UB3552-4.jpg?v=1791367459,"The Classico hawthorne Strainer Internal Fit helps add a vintage aesthetic to your mixology. A premium stainless steel strainer head complements a decorative black acrylic handle. This beautiful handle features a pearlised finish, and is attached with a Neoclassical inspired steel clasp. This no-eared hawthorne strainer features a tight spring that fits neatly inside a Boston tin or glass. Because of this high quality strainer spring, you get fine straining first time.
Product Features
Luxury 18/8 Japanese steel head
Polished finish
Luxury handmade pearlised black acrylic handle
Neoclassic inspired decorative steel clasp
Premium steel spring to withstand everyday use
Gift boxed
Dishwasher safe - see our Steel Care Guide page for more information",,Stainless Steel,Classico,,,
UB3554,Tattoo Coley® Cocktail Stainless Steel Strainer 15.5cm,Urban Bar,Strain,£15.83,https://www.urbanbar.com/products/tattoo-coley-strainer-15-5cm,https://cdn.shopify.com/s/files/1/0467/5066/2816/files/white-UB3599_6237b3b5-a4fc-40a6-a8da-435073577af2.png?v=1791378717,"Premium steel hawthorne strainer with a tattoo themed etched pattern. The Tattoo Coley Strainer features stunning icons emboldened with black food-safe ink.
Product Features:
No prong cocktail strainer with tattoo themed imagery
Etched patterns with food safe ink
Made from luxury 18/8 Japanese stainless steel
Tight spring for excellent filtration
Wide head to focus the pour through the spring
One-piece body with no welds for solid structure
High corrosion resistance for premium rust protection
Outlasts standard poor grade steel shakers
Polished finish
Gift boxed
Dishwasher safe - see our Steel Care Guide for more information",,Stainless Steel,Tattoo & Tiki,,,
UB3555,Tiki Coley® Stainless Steel Strainer 15.5cm,Urban Bar,Strain,£15.83,https://www.urbanbar.com/products/tiki-coley-strainer-15-5cm,https://cdn.shopify.com/s/files/1/0467/5066/2816/files/UB3555-2_d3689d98-af87-4ac0-98f3-cc6c2302e26c.jpg?v=1791378726,"Bring the tropical beach vibes to your mixology with this fun tiki-patterned coley strainer. Decorated with tiki beach imagery, this strainer will bring a unique aesthetic to your drinks service.
Product Features:
No prong cocktail strainer with tiki style imagery
Etched patterns with food safe ink
Made from luxury 18/8 Japanese stainless steel
Tight spring for excellent filtration
Wide head to focus the pour through the spring
One-piece body with no welds for solid structure
High corrosion resistance for premium rust protection
Outlasts standard poor grade steel shakers
Polished finish
Gift boxed
Dishwasher safe - see our Steel Care Guide for more information",,Stainless Steel,Tattoo & Tiki,,,
UB3557,Mixing Glass Sleeve,Urban Bar,Stir,£9.17,https://www.urbanbar.com/products/mixing-glass-sleeve,https://cdn.shopify.com/s/files/1/0467/5066/2816/files/UB3557-5_06dc1624-2799-497f-9427-f6bfb26e10a2.jpg?v=1791367210,"When travelling with your mixology equipment, you need to be sure that everything is safely packed. Mixing glasses and Boston glasses are prone to breakages when packed with other barware items. Our Mixing Glass Sleeve keeps your mixing glass securely padded from mechanical shock. Made from flexible neoprene, our protective sleeve is perfect for housing 50cl and 70cl mixing glasses. If you're particularly precious about your shaker tins, then you can even use this sleeve for transporting Boston shakers.
Product Features:
Carry bag for mixing glasses
Perfect for travelling mixologists
Made from flexible neoprene
Stretchy material to keep your mixing glass secure
Perfect for mixing glasses around 8cm wide and 16cm high
Hand wash only
Compatible With:
Japanese Mixing Glass
Calabrese Mixing Glass
Calabrese Mixing Glass with 3 Cuts
Tattoo Mixing Glass
Tiki Mixing Glass",,Glass,,,,
UB3563,Gin Balloon Lead Free Crystal Glass 65cl,Urban Bar,Speciality,£10.83,https://www.urbanbar.com/products/premium-gin-balloon-glass-65cl,https://cdn.shopify.com/s/files/1/0467/5066/2816/files/UB3563-2.jpg?v=1791378738,"Create an elegant platform for your gin cocktails with Urban Bar's Premium Gin Balloon Glass. Made from lead-free crystal, this stunning stemware features a high level of clarity for accentuating your drinks. An elegant pulled stem gives an organic flowing profile to this gin balloon that creates a natural vessel for gin mixers. Finished with a polished rim, this balloon stem makes it perfect for experiencing gin cocktails by aiding the route of the gin on to the palate.
Product Features
Copa de balon style stemmed gin balloon glass
Big capacity for mixers or extra ice
Lead-free crystal - FDA approved glass with no toxic additives
Thin walled bowl gives lightweight finish to drinkers
High transparency - lasts up to 1500 industrial glasswasher cycles
Thermal shock resistance
Elegant seamless pulled stem adds beauty and strength
Laser treated rim for resistance to chipping
Dishwasher safe - see our Crystal Glass Care Guide for more information",,Crystal,,65,,
UB3567,Coley® Gallone Mixing Glass 1 Litre,Urban Bar,Stir,£33.33,https://www.urbanbar.com/products/coley-reg-gallone-mixing-glass-1-litre,https://cdn.shopify.com/s/files/1/0467/5066/2816/files/UB3567.jpg?v=1791379814,"Do you want to add a serious element of exuberance to your bar service mixology? You certainly will with the Coley Gallone Mixing Glass. A striking stem adds a visual aspect not usually seen in mixing glasses, and with large rounded bowl it can also be picked up and swirled for additional dramatic effect.
Product Features:
Stemmed mixing glass
Handmade using traditional artisan glass production methods
Can be picked up and swirled by hand
Large rounded bowl for superior swirling
Pouring spout
Hand wash recommended - see our Glassware Care Guide for more information",,Glass,,100,,
UB3569,Retro Nick & Nora Cocktail Glass 17cl,Urban Bar,Cocktails,£10.83,https://www.urbanbar.com/products/crystal-nick-nora-glass-17cl,https://cdn.shopify.com/s/files/1/0467/5066/2816/files/UB3569.jpg?v=1791378754,"With an elegant design, the retro Nick & Nora Glass brings sophistication to any serve. Made from lead-free crystal, this cocktail glass features brilliant transparency to accentuate the contents in a minimal drink presentation. This high level of clarity in the material is paired with an elegantly delicate stem, contrasting with the comparatively large bowl on top. Inspired by vintage 1930s design, this cocktail glass emerged from classic detective film, The Thin Man. Taking its name from the cocktail loving lead characters, Nick & Nora Charles, this crystal stem glass is the perfect embodiment of prohibition era style. Offering a solution to spill-prone wide rimmed martini glasses, the Nick & Nora cocktail glass has tall walls. This reduces the chance of spillage, ensuring the drinker can enjoy the fruits of your mixology.
Product Features
Small cocktail stem glass inspired by classic 1930s movie ""The Thin Man""
Elegant Prohibition era aesthetic
Tall walls offer spill-proof alternative to the classic martini glass
Lead-free crystal - FDA approved glass with no toxic additives
Delicate thin stem
Thin walled bowl gives lightweight finish to drinkers
High transparency - lasts up to 1500 industrial glasswasher cycles
Thermal shock resistance
Elegant seamless pulled stem adds beauty and strength
Laser treated rim for resistance to chipping
Dishwasher safe - see our Crystal Glass Care Guide for more information",,Glass,,17,,
UB3569-B4,Retro Nick & Nora Cocktail Glass 17cl- Box 4,Urban Bar,Cocktails,£40.83,https://www.urbanbar.com/products/retro-nick-nora-cocktail-glass-17cl-box-6,https://cdn.shopify.com/s/files/1/0467/5066/2816/files/UB3569-891832.jpg?v=1791360088,"With an elegant design, the retro Nick & Nora Glass brings sophistication to any serve. Made from lead-free crystal, this cocktail glass features brilliant transparency to accentuate the contents in a minimal drink presentation. This high level of clarity in the material is paired with an elegantly delicate stem, contrasting with the comparatively large bowl on top. Inspired by vintage 1930s design, this cocktail glass emerged from classic detective film, The Thin Man. Taking its name from the cocktail loving lead characters, Nick & Nora Charles, this crystal stem glass is the perfect embodiment of prohibition era style. Offering a solution to spill-prone wide rimmed martini glasses, the Nick & Nora cocktail glass has tall walls. This reduces the chance of spillage, ensuring the drinker can enjoy the fruits of your mixology.
Product Features
Small cocktail stem glass inspired by classic 1930s movie ""The Thin Man""
Elegant Prohibition era aesthetic
Tall walls offer spill-proof alternative to the classic martini glass
Lead-free crystal - FDA approved glass with no toxic additives
Delicate thin stem
Thin walled bowl gives lightweight finish to drinkers
High transparency - lasts up to 1500 industrial glasswasher cycles
Thermal shock resistance
Elegant seamless pulled stem adds beauty and strength
Laser treated rim for resistance to chipping
Dishwasher safe - see our Crystal Glass Care Guide for more information
Contains 4 Glasses",,Glass,,17,4,Box of 4
UB3570,1910 Nick & Nora Cocktail Glass 17cl,Urban Bar,Cocktails,£11.67,https://www.urbanbar.com/products/crystal-nick-nora-1910-glass-17cl,https://cdn.shopify.com/s/files/1/0467/5066/2816/files/Urban_Bar_Sam_Gee_Photography_Shoot1038.jpg?v=1791378780,"Small lead-free crystal cocktail glass with stunning etched pattern around the bowl. The Nick and Nora glass offers a narrower alternative to a wide martini glass, making it a more practical everyday cocktail glass. The elegant shape is complemented by a vintage-style pattern inspired by the classic Lady Hamilton Pall Mall design from the early 20th century.
Product Features
Small cocktail stem glass inspired by classic 1930s movie ""The Thin Man""
Elegant Prohibition era aesthetic with etched pattern inspired by classic Pall Mall glassware
Tall walls offer spill-proof alternative to the classic martini glass
Lead-free crystal - FDA approved glass with no toxic additives
Delicate thin stem
Thin walled bowl gives lightweight finish to drinkers
High transparency - lasts up to 1500 industrial glasswasher cycles
Thermal shock resistance
Elegant seamless pulled stem adds beauty and strength
Laser treated rim for resistance to chipping
Dishwasher safe - see our Crystal Glass Care Guide for more information",,Glass,1910,17,,
UB3570-B4,1910 Nick & Nora Cocktail Glass 17cl- Box 4,Urban Bar,Cocktails,£46.67,https://www.urbanbar.com/products/1910-nick-nora-cocktail-glass-17cl-box-4,https://cdn.shopify.com/s/files/1/0467/5066/2816/files/UB3570-441976.jpg?v=1791360168,"Small lead-free crystal cocktail glass with stunning etched pattern around the bowl. The Nick and Nora glass offers a narrower alternative to a wide martini glass, making it a more practical everyday cocktail glass. The elegant shape is complemented by a vintage-style pattern inspired by the classic Lady Hamilton Pall Mall design from the early 20th century.
Product Features
Small cocktail stem glass inspired by classic 1930s movie ""The Thin Man""
Elegant Prohibition era aesthetic with etched pattern inspired by classic Pall Mall glassware
Tall walls offer spill-proof alternative to the classic martini glass
Lead-free crystal - FDA approved glass with no toxic additives
Delicate thin stem
Thin walled bowl gives lightweight finish to drinkers
High transparency - lasts up to 1500 industrial glasswasher cycles
Thermal shock resistance
Elegant seamless pulled stem adds beauty and strength
Laser treated rim for resistance to chipping
Dishwasher safe - see our Crystal Glass Care Guide for more information
Contains 4 Glasses",,Glass,1910,17,4,Box of 4
UB3572,1920 Nick & Nora Cocktail Glass 17cl,Urban Bar,Cocktails,£11.67,https://www.urbanbar.com/products/crystal-nick-nora-1920-glass-17cl,https://cdn.shopify.com/s/files/1/0467/5066/2816/files/UB3572.jpg?v=1791378810,"Inspired by vintage 1930s design, this cocktail glass emerged from classic detective film, The Thin Man. Taking its name from the cocktail loving lead characters, Nick & Nora Charles, this crystal stem glass is the perfect embodiment of prohibition era style. Offering a solution to spill-prone wide rimmed martini glasses, the Nick & Nora cocktail glass has tall walls. This reduces the chance of spillage, ensuring the drinker can enjoy the fruits of your mixology. Its etched pattern mimics the effervescence of a sparkling cocktail, and adds a further element to your glassware presentation.
Product Features
Small cocktail stem glass inspired by classic 1930s movie ""The Thin Man""
Elegant Prohibition era aesthetic
Etched pattern emulating the movement of bubbles in a sparkling cocktail
Tall walls offer spill-proof alternative to the classic martini glass
Lead-free crystal - FDA approved glass with no toxic additives
Delicate thin stem
Thin walled bowl gives lightweight finish to drinkers
High transparency - lasts up to 1500 industrial glasswasher cycles
Thermal shock resistance
Elegant seamless pulled stem adds beauty and strength
Laser treated rim for resistance to chipping
Dishwasher safe - see our Crystal Glass Care Guide for more information",,Glass,1920,17,,
UB3572-B4,1920 Nick & Nora Cocktail Glass 17cl- Box 4,Urban Bar,Cocktails,£46.67,https://www.urbanbar.com/products/1920-nick-nora-cocktail-glass-17cl-box-4,https://cdn.shopify.com/s/files/1/0467/5066/2816/files/UB3572-602680.jpg?v=1791360012,"Inspired by vintage 1930s design, this cocktail glass emerged from classic detective film, The Thin Man. Taking its name from the cocktail loving lead characters, Nick & Nora Charles, this crystal stem glass is the perfect embodiment of prohibition era style. Offering a solution to spill-prone wide rimmed martini glasses, the Nick & Nora cocktail glass has tall walls. This reduces the chance of spillage, ensuring the drinker can enjoy the fruits of your mixology. Its etched pattern mimics the effervescence of a sparkling cocktail, and adds a further element to your glassware presentation.
Product Features
Small cocktail stem glass inspired by classic 1930s movie ""The Thin Man""
Elegant Prohibition era aesthetic
Etched pattern emulating the movement of bubbles in a sparkling cocktail
Tall walls offer spill-proof alternative to the classic martini glass
Lead-free crystal - FDA approved glass with no toxic additives
Delicate thin stem
Thin walled bowl gives lightweight finish to drinkers
High transparency - lasts up to 1500 industrial glasswasher cycles
Thermal shock resistance
Elegant seamless pulled stem adds beauty and strength
Laser treated rim for resistance to chipping
Dishwasher safe - see our Crystal Glass Care Guide for more information
Contains 4 Glasses",,Glass,1920,17,4,Box of 4
UB3577,Gold Rim Nick & Nora Glass 17cl,Urban Bar,Cocktails,£12.50,https://www.urbanbar.com/products/gold-rim-nick-nora-glass,https://cdn.shopify.com/s/files/1/0467/5066/2816/files/UB3577.jpg?v=1791387985,"This elegant small cocktail glass features a stunning gold-plated rim. The small Nick and Nora cocktail glass is designed as a spill-free alternative to a wide-rimmed martini glass. Made from lead-free crystal, this glass features high transparency, which is complemented by a real gold hand-painted rim for a sparkling aesthetic on the bar top.
Product Features
Small cocktail stem glass inspired by classic 1930s movie ""The Thin Man""
Gold plated rim - hand applied food-safe real gold
Elegant Prohibition era aesthetic
Tall walls offer spill-proof alternative to the classic martini glass
Lead-free crystal - FDA approved glass with no toxic additives
Delicate thin stem
Thin walled bowl gives lightweight finish to drinkers
High transparency
Thermal shock resistance
Elegant seamless pulled stem adds beauty and strength
Laser treated rim for resistance to chipping
Hand wash only - see our Glassware Care Guide for more information",Gold,Glass,,17,,
UB3577-B4,Gold Rim Nick & Nora Glass 17cl - Box 4,Urban Bar,Cocktails,£50.00,https://www.urbanbar.com/products/gold-rim-nick-nora-glass-17cl-box-4,https://cdn.shopify.com/s/files/1/0467/5066/2816/files/UB3577-589176.jpg?v=1791359962,"This elegant small cocktail glass features a stunning gold-plated rim. The small Nick and Nora cocktail glass is designed as a spill-free alternative to a wide-rimmed martini glass. Made from lead-free crystal, this glass features high transparency, which is complemented by a real gold hand-painted rim for a sparkling aesthetic on the bar top.
Product Features
Small cocktail stem glass inspired by classic 1930s movie ""The Thin Man""
Gold plated rim - hand applied food-safe real gold
Elegant Prohibition era aesthetic
Tall walls offer spill-proof alternative to the classic martini glass
Lead-free crystal - FDA approved glass with no toxic additives
Delicate thin stem
Thin walled bowl gives lightweight finish to drinkers
High transparency
Thermal shock resistance
Elegant seamless pulled stem adds beauty and strength
Laser treated rim for resistance to chipping
Hand wash only - see our Glassware Care Guide for more information
Contains 4 Glasses",Gold,Glass,,17,4,Box of 4
UB3582,1910 Wine Glass 43cl,Urban Bar,Wine,£7.50,https://www.urbanbar.com/products/regency-wine-glass-43cl,,"Our premium crystal 1910 wine glass is a perfect size for serving white wine, but can be used for reds, or even cocktails. Reminiscent of the early 20th Century , the bowl is decorated with a repeating pattern adding a little more elegance to your drink. The bowl also features a softly angled shape which provides a natural fill line around the half-way point.
Product Features
Lead-free crystal - FDA approved glass with no toxic additives
Thermal shock resistance
Mechanical shock resistance
Cut and polished rim for finer tasting
High transparency to accentuate the colour of the contents
Pulled stem - seamless for premium visual appreciation
Dishwasher safe  see our Crystal Glass Care Guide for more information",,Glass,1910,43,,
UB3587,Coley® Diamond Cut Gallone Mixing Glass 1 Litre,Urban Bar,Stir,£50.83,https://www.urbanbar.com/products/coley-reg-diamond-cut-gallone-mixing-glass-1-litre,https://cdn.shopify.com/s/files/1/0467/5066/2816/files/white-UB3567_8713f785-4630-464c-b549-11a629de6bd0-908920.png?v=1791379825,"Do you want to add a serious element of exuberance to your bar service mixology? You certainly will with the Coley Diamond Cut Gallone Mixing Glass. A striking stem and beautiful diamond cut pattern add visual aspects not usually seen in mixing glasses, and with large rounded bowl it can also be picked up and swirled for additional dramatic effect.
Product Features:
Stemmed mixing glass
Handmade using traditional artisan glass production methods
Cut diamond shape pattern around the bowl
Can be picked up and swirled by hand
Large rounded bowl for superior swirling
Pouring spout
Hand wash recommended - see our Glassware Care Guide for more information",,Glass,,100,,
UB3589,Coley® Band Cut Gallone Mixing Glass 1 Litre,Urban Bar,Stir,£50.83,https://www.urbanbar.com/products/coley-reg-band-cut-gallone-mixing-glass-1-litre,https://cdn.shopify.com/s/files/1/0467/5066/2816/files/UB3587.jpg?v=1791379832,"Product Features:
Stemmed mixing glass
Handmade using traditional artisan glass production methods
Cut horizontal bands running around the bowl
Can be picked up and swirled by hand
Large rounded bowl for superior swirling
Pouring spout
Hand wash recommended - see our Glassware Care Guide for more information",,Glass,,100,,
UB3599,Coley® Stainless Steel Cocktail Strainer 15.5cm,Urban Bar,Strain,£14.17,https://www.urbanbar.com/products/coley-reg-strainer-15-5cm,https://cdn.shopify.com/s/files/1/0467/5066/2816/files/UB3599.jpg?v=1791379840,"A stunning take on the classic sprung cocktail strainer, the Coley Strainer matches great functionality with premium materials. With a wider head than most, this strainer covers the opening of shaker tins to focus the pour through the tight spring and strainer holes enabling very fine straining.
Product Features:
No prong cocktail strainer
Made from luxury 18/8 Japanese stainless steel
Tight spring for excellent filtration
Wide head to focus the pour through the spring
One-piece body with no welds for solid structure
High corrosion resistance for premium rust protection
Outlasts standard poor grade steel shakers
Polished finish
Gift boxed
Dishwasher safe - see our Steel Care Guide for more information",,Stainless Steel,,,,
UB3600,Coley® Cocktail Copper Strainer 15.5cm,Urban Bar,Strain,£15.83,https://www.urbanbar.com/products/coley-strainer-copper-15-5cm,https://cdn.shopify.com/s/files/1/0467/5066/2816/files/UB3600.jpg?v=1791378824,"A stunning take on the classic sprung cocktail strainer, the Coley Strainer matches great functionality with premium materials. With a wider head than most, this strainer covers the opening of shaker tins to focus the pour through the tight spring and strainer holes enabling very fine straining. This version comes in a polished copper plated finish.
Product Features:
No prong cocktail strainer
Made from luxury 18/8 Japanese stainless steel
Polished copper plated finish
Tight spring for excellent filtration
Wide head to focus the pour through the spring
One-piece body with no welds for solid structure
High corrosion resistance for premium rust protection
Gift boxed
Hand wash only - see our Plated Steel Care Guide for more information",Copper,Copper,,,,
UB3758,Glass Jigger 25/50ml,Urban Bar,Measures & Pourers,£9.17,https://www.urbanbar.com/products/glass-jigger-25-50ml,https://cdn.shopify.com/s/files/1/0467/5066/2816/files/white-UB108_4ab10c6d-8e3b-4676-a8d6-92179485c966-625784.png?v=1791378840,"Add to the theatre of mixology with the Glass Jigger Measure. An alternative to standard barware, this spirit measure allows onlookers to see the contents as it's measured. This unique spirit measure is styled after classic Japanese barware. This dual ended spirit measure has a mirrored conical shape with a 25ml cup on one end and a 50ml cup on the other. The slim waist of this jigger measure allows easy grip in the centre for quick pouring.
Product Features:
Dual bar measure
25ml and 50ml measurements
Made from glass
Styled after classic Japanese jigger measures
Hand wash only - see our Glassware Care Guide for more information",,Glass,,,,
UB3762,Classico Stainless Steel Fine Mesh Cocktail Strainer 23cm,Urban Bar,Strain,£23.33,https://www.urbanbar.com/products/classico-fine-strainer,https://cdn.shopify.com/s/files/1/0467/5066/2816/files/UB3762.jpg?v=1791377093,"The Classico Fine Strainer offers a premium aesthetic for your mixology. A high grade stainless steel fine mesh head is mounted on a stunning back pearlised handle. These two parts are joined by a Neoclassical inspired steel clasp that adds a unique visual flourish to the piece.
Product Features
Fine mesh cocktail strainer, ideal for double straining
Luxury 18/8 Japanese steel head
Polished finish
Luxury handmade pearlised black acrylic handle
Neoclassic inspired decorative steel clasp
Gift boxed
Dishwasher safe - see our Steel Care Guide page for more information",,Stainless Steel,Classico,,,
UB3782,Oak Ageing Cocktail Barrel 1 Litre,Urban Bar,Speciality,£61.67,https://www.urbanbar.com/products/oak-ageing-barrel-1-litre,https://cdn.shopify.com/s/files/1/0467/5066/2816/files/UB3782_438d974b-35c8-403d-a158-b2f3b0cca767.jpg?v=1791376518,"Age spirits to perfection with the Oak Ageing Barrel 1 litre. Made from white oak, these premium barrels give new characteristics to spirits and cocktails. The barrel has a medium char, helping the contents interact with the premium oak. After breathing with the wood, the spirit has a smoother finish. The burnt wood releases flavours of vanilla and caramel.
Product Features:
Ageing barrel for spirits and cocktails
Made from white oak
Medium char
Imparts a smokey, smooth finish with vanilla and caramel flavours
Handmade
Wooden stand included
Set Contains:
Barrel
Stand
Spigot
Bung
Instruction Card
Storage Tablet (for 1 use)
Ageing Barrel Help:
How to Cure an Ageing Barrel
How to Barrel Age Spirits
How to Clean an Ageing Barrel
How to Store an Ageing Barrel
Ageing Barrel FAQs",,Wood,,100,,
UB3783,Oak Ageing Cocktail Barrel 2 Litre,Urban Bar,Speciality,£79.17,https://www.urbanbar.com/products/oak-ageing-barrel-2-litre,https://cdn.shopify.com/s/files/1/0467/5066/2816/files/UB3783-3.jpg?v=1791376533,"Create your own unique smooth spirits with the Oak ageing Barrel 2 litre. Each barrel is handmade from white oak. It is this special wood that imparts flavours of vanilla and caramel on the contents. With a medium char inside the barrel, your spirit will take on a smoky finish. The charcoal in the charred surface acts as a filter, mellowing the alcohol and leaving you with a premium aged smooth drink.
Product Features:
Ageing barrel for spirits and cocktails
Made from white oak
Medium char
Imparts a smokey, smooth finish with vanilla and caramel flavours
Handmade
Wooden stand included
Set Contains:
Barrel
Stand
Spigot
Bung
Instruction Card
Storage Tablet (for 1 use)
Ageing Barrel Help:
How to Cure an Ageing Barrel
How to Barrel Age Spirits
How to Clean an Ageing Barrel
How to Store an Ageing Barrel
Ageing Barrel FAQs",,Wood,,200,,
UB3784,Oak Ageing Cocktail Barrel 3 Litre,Urban Bar,Speciality,£94.17,https://www.urbanbar.com/products/oak-ageing-barrel-3-litre,,"Create your own unique smooth spirits with the Oak ageing Barrel 3 litre. Each barrel is handmade from white oak. It is this special wood that imparts flavours of vanilla and caramel on the contents. With a medium char inside the barrel, your spirit will take on a smoky finish. The charcoal in the charred surface acts as a filter, mellowing the alcohol and leaving you with a premium aged smooth drink.
Product Features:
Ageing barrel for spirits and cocktails
Made from white oak
Medium char
Imparts a smokey, smooth finish with vanilla and caramel flavours
Handmade
Wooden stand included
Set Contains:
Barrel
Stand
Spigot
Bung
Instruction Card
Storage Tablet (for 1 use)
Ageing Barrel Help:
How to Cure an Ageing Barrel
How to Barrel Age Spirits
How to Clean an Ageing Barrel
How to Store an Ageing Barrel
Ageing Barrel FAQs",,Wood,,300,,
UB3785,Oak Ageing Cocktail Barrel 5 Litre,Urban Bar,Speciality,£98.33,https://www.urbanbar.com/products/oak-ageing-barrel-5-litre,https://cdn.shopify.com/s/files/1/0467/5066/2816/files/UB3785-3.jpg?v=1791376545,"Innovate on existing spirits with the Oak Ageing Barrel 5 litre. With a medium char on the inside of the barrel, your spirit is able to closely interact with the characteristics of the wood. White oak gives spirits a hint of vanilla and caramel from the wood sugars. Enjoy the spoils of the length ageing process and produce aged spirits to rival the big drink brands.
Product Features:
Ageing barrel for spirits and cocktails
Made from white oak
Medium char
Imparts a smokey, smooth finish with vanilla and caramel flavours
Handmade
Wooden stand included
Set Contains:
Barrel
Stand
Spigot
Bung
Instruction Card
Storage Tablet (for 1 use)
Ageing Barrel Help:
How to Cure an Ageing Barrel
How to Barrel Age Spirits
How to Clean an Ageing Barrel
How to Store an Ageing Barrel
Ageing Barrel FAQs",,Wood,,500,,
UB3788,Handmade Crystal Bitters Bottle 9cl,Urban Bar,Dash Bottles,£19.17,https://www.urbanbar.com/products/handmade-crystal-bitters-bottle-9cl,https://cdn.shopify.com/s/files/1/0467/5066/2816/files/white-UB3788_e503e46a-26a6-486a-9550-4c5f64318461.png?v=1791378847,"Add a unique charm to your bar with this Handmade Crystal Bitters Bottle. Equipped with a specifically designed stainless steel pourer, for precision dispensing every time.
Product Features:
Small bitters bottle
Handmade
Empty bottle to hold your own homemade bitters
Vintage shape inspired by 1920s design
Stainless steel dash pourer included with natural cork
Dishwasher safe - see our Glassware Care Guide for more information",,Crystal,,9,,
UB3789,Handmade Crystal Bitters Bottle 20cl,Urban Bar,Dash Bottles,£21.67,https://www.urbanbar.com/products/handmade-crystal-bitters-bottle-20cl,https://cdn.shopify.com/s/files/1/0467/5066/2816/files/UB3824_36b30e81-79ae-4c11-8004-8ed880dbbd3b-362488.jpg?v=1791378855,"Smaller handmade vintage-style glass bitters dash bottle without a pattern for unadulterated bitters service.
Product Features:
Large bitters bottle
Handmade
Empty bottle to hold your own homemade bitters
Vintage shape inspired by 1920s design
Stainless steel dash pourer included with natural cork
Dishwasher safe - see our Glassware Care Guide for more information",,Crystal,,20,,
UB3790,Handmade Crystal Bitters Bottle Horizontal Cut 9cl,Urban Bar,Dash Bottles,£29.17,https://www.urbanbar.com/products/handmade-crystal-bitters-bottle-horizontal-cut-9cl,https://cdn.shopify.com/s/files/1/0467/5066/2816/files/UB3790.jpg?v=1791378863,"Smaller handmade glass bitters dash bottle with a horizontal lines cut-glass pattern.
Product Features:
Small bitters bottle
Handmade
Horizontal cuts in 3 bands
Empty to hold your own homemade bitters
Vintage shape inspired by 1920s design
Stainless steel dash pourer included with natural cork
Dishwasher safe - see our Glassware Care Guide for more information",,Crystal,,9,,
UB3791,Handmade Crystal Bitters Bottle Vertical Cut 9cl,Urban Bar,Dash Bottles,£29.17,https://www.urbanbar.com/products/handmade-crystal-bitters-bottle-vertical-cut-9cl,https://cdn.shopify.com/s/files/1/0467/5066/2816/files/urban-bar-bitters-bottles.jpg?v=1791378873,"Smaller handmade glass bitters dash bottle with a vertical lines cut-glass pattern.
Product Features:
Small bitters bottle
Handmade
Vertical cut glass pattern
Empty to hold your own homemade bitters
Vintage shape inspired by 1920s design
Stainless steel dash pourer included with natural cork
Dishwasher safe - see our Glassware Care Guide for more information",,Crystal,,9,,
UB3792,Handmade Crystal Bitters Bottle Diamond Cut 9cl,Urban Bar,Dash Bottles,£29.17,https://www.urbanbar.com/products/handmade-crystal-bitters-bottle-diamond-cut-9cl,https://cdn.shopify.com/s/files/1/0467/5066/2816/files/UB3792.jpg?v=1791378884,"Small handmade vintage-style bitters bottle, with beautiful diamond cut pattern on the glass.
Product Features:
Small bitters bottle
Handmade
Diamond pattern cut glass
Empty to hold your own homemade bitters
Vintage shape inspired by 1920s design
Stainless steel dash pourer included with natural cork
Dishwasher safe - see our Glassware Care Guide for more information",,Crystal,,9,,
UB3798,Bitters Bottle Vertical Cut 20cl,Urban Bar,Dash Bottles,£31.67,https://www.urbanbar.com/products/bitters-bottle-vertical-cut-20cl-with-standard-dripper-ub3824,https://cdn.shopify.com/s/files/1/0467/5066/2816/files/UB3798.jpg?v=1791376711,"Handmade glass bitters dash bottle with a vertical lines cut-glass pattern.
Product Features:
Glass bitters bottle
Handmade
Vertical cut glass pattern
Empty to hold your own homemade bitters
Vintage shape inspired by 1920s design
Stainless steel dash pourer included with natural cork
Dishwasher safe - see our Glassware Care Guide for more information",,,,20,,
UB3799,Bitters Bottle Diamond Cut 20cl,Urban Bar,Dash Bottles,£31.67,https://www.urbanbar.com/products/bitters-bottle-diamond-cut-20cl-with-standard-dripper-ub3824,https://cdn.shopify.com/s/files/1/0467/5066/2816/files/white-UB3789_f3bd9fae-7723-4a95-af2f-17d6a7ff4522-030072.png?v=1791376705,"Handmade glass dash bottle with a stunning cut-glass diamond pattern.
Product Features:
Glass bitters bottle
Handmade
Diamond pattern cut glass
Empty to hold your own homemade bitters
Vintage shape inspired by 1920s design
Stainless steel dash pourer included with natural cork
Dishwasher safe - see our Glassware Care Guide for more information",,,,20,,
UB380,Ginza Rose Gold Jigger 25ml/50ml,Urban Bar,Measures & Pourers,£12.50,https://www.urbanbar.com/products/rose-gold-ginza-jigger-25-50ml,https://cdn.shopify.com/s/files/1/0467/5066/2816/files/UB380.jpg?v=1791378901,"Make cocktails with Japanese style. This rose gold jigger is based on the classic Japanese aesthetic, and enhanced with a rose gold coating. The colouring is PVD applied using titanium nitride. This premium coating adds a toughened shell to the bar measure, giving greater corrosion resistance against softer plating techniques. Inside the 25ml cup is a 15ml line, and in the 50ml cup are 35ml and 45ml lines. These extra measures gives greater opportunities during mixology.
Product Features
Double jigger measure
Classic Japanese style design
Interior lines to denote 15ml, 25ml and 45ml
Premium 18/8 Japanese stainless steel
High corrosion resistance and rust resistance
Outlasts standard poor grade steel jigger measures
Titanium nitrate rose gold coating giving high abrasion and corrosion resistance
Hand wash only - see our Steel Care Guide page for more information",Rose Gold,,,2.5,,
UB3807,Castello Coupe Glass 22cl,Urban Bar,Cocktails,£17.50,https://www.urbanbar.com/products/handmade-crystal-castello-coupe-glass-22cl,https://cdn.shopify.com/s/files/1/0467/5066/2816/files/UB3807-3.jpg?v=1791378914,"The vintage aesthetic of the Castello Coupe Glass harks back to the prohibition era. A subtle optical effect gives this champagne saucer a unique presentation method. This optical style also runs down the whole length of the stem, standing out against plain stem glasses. Each Castello Coupe is hand made, ensuring the finest quality finish on each piece.
Product Features:
Handmade coupe glass
Elegant curved shape
Unique optical effect on the bowl and stem
Flat base for reduced water traps
Dishwasher safe - see our Glassware Care Guide for more information",,Glass,,22,,
UB3808,Castello Champagne Flute 21cl,Urban Bar,Champagne,£14.17,https://www.urbanbar.com/products/castello-champagne-flute-21cl,https://cdn.shopify.com/s/files/1/0467/5066/2816/files/UB3808.png?v=1791379859,"Hand made glass champagne flute with elegant curved and optical effect finish in the bowl and stem.
Product Features:
Handmade champagne glass
Elegant curved shape
Unique optical effect on the bowl and stem
Flat base for reduced water traps
Dishwasher safe - see our Glassware Care Guide for more information",,Glass,,21,,
UB3809,Castello White Wine Glass 29cl,Urban Bar,Wine,£15.00,https://www.urbanbar.com/products/castello-white-wine-glass-29cl,https://cdn.shopify.com/s/files/1/0467/5066/2816/files/white-UB3809.png?v=1791379870,"This graceful white wine glass has a unique optical effect which runs vertically around the body of the glass. This creates multiple curves of light that make a striking display when serving translucent drinks.
Product Features:
Handmade white wine glass
Elegant curved shape
Unique optical effect on the bowl and stem
Flat base for reduced water traps
Dishwasher safe - see our Glassware Care Guide for more information",White,Glass,,29,,
UB3810,Castello Red Wine Glass 38cl,Urban Bar,Wine,£15.83,https://www.urbanbar.com/products/castello-red-wine-glass-38cl,https://cdn.shopify.com/s/files/1/0467/5066/2816/files/UB3810.jpg?v=1791379878,"This graceful red wine glass has a unique optical effect which runs vertically around the body of the glass. This creates multiple curves of light that make a striking display when serving translucent drinks.
Product Features:
Handmade red wine glass
Elegant curved shape
Unique optical effect on the bowl and stem
Flat base for reduced water traps
Dishwasher safe - see our Glassware Care Guide for more information",Red,Glass,,38,,
UB3811,Castello Old Fashioned Tumbler 30cl,Urban Bar,Rocks,£8.33,https://www.urbanbar.com/products/castello-old-fashioned-tumbler-30cl,https://cdn.shopify.com/s/files/1/0467/5066/2816/files/white-UB3811.jpg?v=1791367656,"Serve short drinks and soft drinks in style with the Castello Old Fashioned Tumbler. The optical effect across the glass creates unique light effects on your drinks. This tumbler bends light throughout your drink for a new visual dimension. This tumbler matches with the Castello range for a complete drink service solution. Whether serving soft drinks or cocktails, this handmade drinking glass enhances any tabletop.
Product Features:
Elegant old fashioned tumbler
Vertical optical effect
Creates optical effects with translucent drinks
Handmade
Dishwasher safe - see our Glassware Care Guide for more information",,Glass,,30,,
UB3814,Castello Highball Glass 30cl,Urban Bar,Hiballs,£8.33,https://www.urbanbar.com/products/castello-highball-glass-30cl,https://cdn.shopify.com/s/files/1/0467/5066/2816/files/UB3814.jpg?v=1791379903,"The Castello Highball Glass gives a unique opportunity to play with the display of your drink. A unique optical effect runs vertically around the body of the glass. This creates multiple curves of light that make a striking display when serving translucent drinks. Whether serving soft drinks or cocktails, the Castello represents a slim elegance for everyday use. Each glass is handmade and is an attractive piece when viewed from any angle.
Product Features:
Elegant highball tumbler
Vertical optical effect
Creates optical effects with translucent drinks
Handmade
Medium volume for long drinks
Dishwasher safe - see our Glassware Care Guide for more information",,Glass,,30,,
UB3823,Rose Gold Dripper,Urban Bar,Dash Bottles,£11.67,https://www.urbanbar.com/products/rose-gold-dripper,https://cdn.shopify.com/s/files/1/0467/5066/2816/files/UB3823.png?v=1791357502,"Stainless steel dripper pourer with a rose gold coating, for use with glass bitters bottles.",Rose Gold,,,,,
UB3824,Dripper,Urban Bar,Dash Bottles,£9.17,https://www.urbanbar.com/products/dripper,,Stainless steel dash pourer for use with glass bitters bottles.,,,,,,
UB3828,Oak Ageing Cocktail Barrel 10 Litre,Urban Bar,Speciality,£177.50,https://www.urbanbar.com/products/oak-ageing-barrel-10-litre,https://cdn.shopify.com/s/files/1/0467/5066/2816/files/UB3828-2.jpg?v=1791376556,"Rival the finest spirits with the premium Oak Ageing Barrel 10 litre. Handmade from white oak, this mini barrel mellows whiskies and other spirits. With a medium char interior, the contents will take on the vanilla and caramel characteristics of the oak.
Product Features:
Ageing barrel for spirits and cocktails
Made from white oak
Medium char
Imparts a smokey, smooth finish with vanilla and caramel flavours
Handmade
Wooden stand included
Set Contains:
Barrel
Stand
Spigot
Bung
Instruction Card
Storage Tablet (for 1 use)
Ageing Barrel Help:
How to Cure an Ageing Barrel
How to Barrel Age Spirits
How to Clean an Ageing Barrel
How to Store an Ageing Barrel
Ageing Barrel FAQs",,Wood,,1000,,
UB3920,Moscow Large Aluminium Mule Cup 50cl,Urban Bar,Metal Drinkware,£10.00,https://www.urbanbar.com/products/moscow-mule-cup-50cl,https://cdn.shopify.com/s/files/1/0467/5066/2816/files/UB3920_ccc46385-cd08-4b08-a367-229d715c8e8c.jpg?v=1791377451,"Introducing the epitome of timeless elegance and rustic charm: The Moscow Mule Cup, a quintessential vessel for enjoying the classic cocktail in style.
The distinctive copper plating not only exudes warmth but also serves a functional purpose by enhancing the chill of your favourite libation.
With its sturdy handle and solid construction, this cup is not only a pleasure to hold but also guarantees a comfortable and secure grip, allowing you to enjoy your Moscow Mule with confidence and ease.
With a larger capacity, this version is for those Muscovites with a heftier thirst to quench!
Product Features
Classic handled Moscow mule mug
Made from 1.2mm aluminium with anodised copper coating
Large comfortable rounded handle
Brushed finish
Hand wash only - see our Plated Barware Care page for more information",,,,50,,
UB3923,Steel Tankard 45cl,Urban Bar,Metal Drinkware,£16.67,https://www.urbanbar.com/products/steel-tankard-45cl,https://cdn.shopify.com/s/files/1/0467/5066/2816/files/UB3923.jpg?v=1791358989,"Raise your beer game with this timeless stainless steel tankard. Double-walled for cool, lasting sips, your brew stays refreshingly cold while the sturdy handle offers effortless comfort. Sleek, durable, and dishwasher-safe—this is the vessel that brings elegance and performance to every pint.
Product Features:
Steel beer tankard with handle
Double walled for insulation
Made from 0.5mm thick 202 stainless steel
Perfect size for bottled beers
Use as a Blue Blazer mug
Dishwasher safe - see our Steel Care Guide for more information",,Stainless Steel,,45,,
UB3924,Heavy Duty Alloy Mexican Elbow Squeezer 22.5cm,Urban Bar,Utensils & Tools,£16.67,https://www.urbanbar.com/products/heavy-duty-alloy-mexican-elbow-squeezer-22-5cm,https://cdn.shopify.com/s/files/1/0467/5066/2816/files/UB3924.jpg?v=1791378928,"Designed for longevity, the Heavy Duty Mexican Elbow is made from hard-wearing aluminium alloy. Matched with a strong hinge, this Mexican elbow is designed to give a strong and reliable output. The 60mm diameter is perfect for accepting small citruses. Easy extract juice from limes and lemons for a fresh addition to cocktails.
Product Features:
Mexican elbow style citrus squeezer
60mm radius
Large handle for easy grip
Hanging hook
Made from heavy-duty aluminium alloy",,,,,,
UB3946,Ginza Cup 57cl,Urban Bar,Shake,£10.00,https://www.urbanbar.com/products/ginza-cup-57cl,https://cdn.shopify.com/s/files/1/0467/5066/2816/files/UB3946_1ab6c560-72cd-434a-906d-96ae8ae05d55.jpg?v=1791359078,"An essential part of any bartenders arsenal. The Ginza Cup is solid and effective, made with premium materials which give it longevity and reliability, and it looks good!
Product Features:
20oz cocktail shaker tin
Made from premium 18/8 Japanese steel for greater corrosion resistance
Outlasts standard poor grade steel shakers
Polished finish
Fits with the Ginza Can for a tin on tin shaker
Dishwasher safe - see our Steel Care Guide page for more information
Compatible With:
Boston Shaker Tin 88cl
Copper Boston Shaker Tin 88cl
Gold Boston Shaker Tin 88cl
Rose Gold Boston Shaker Tin 88cl
Premium Boston Shaker Tin 86cl
Premium Black Boston Shaker Tin 86cl
Tiki Boston Shaker Tin 85cl
Tattoo Boston Shaker Tin 85cl",,,,57,,
UB3946CP,Copper Ginza Cup 57cl,Urban Bar,Shake,£13.33,https://www.urbanbar.com/products/copper-ginza-cup-57cl,https://cdn.shopify.com/s/files/1/0467/5066/2816/files/UB3946CP_02be763c-5798-4c42-8aca-62d6f4f05131.jpg?v=1791376668,"An essential part of any bartenders arsenal. The Ginza Cup is solid and effective, made with premium materials which give it longevity and reliability, standing out with its Copper-Plated finish.
Product Features:
20oz cocktail shaker tin
Made from premium 18/8 Japanese steel for greater corrosion resistance
Outlasts standard poor grade steel shakers
Copper plated polished finish
Fits with the Copper Ginza Can for a tin on tin shaker
Hand wash only - see our Plated Steel Care page for more information
Compatible With:
Boston Shaker Tin 88cl
Copper Boston Shaker Tin 88cl
Gold Boston Shaker Tin 88cl
Rose Gold Boston Shaker Tin 88cl
Premium Boston Shaker Tin 86cl
Premium Black Boston Shaker Tin 86cl
Tiki Boston Shaker Tin 85cl
Tattoo Boston Shaker Tin 85cl",Copper,Copper,,57,,
UB3946G,Gold Ginza Cup 57cl,Urban Bar,Shake,£14.17,https://www.urbanbar.com/products/gold-ginza-cup-57cl,https://cdn.shopify.com/s/files/1/0467/5066/2816/files/UB3946G.jpg?v=1791358775,"The Gold Ginza Cup's younger brother, this standout luxurious gold shaker cup will be one half of the partnership making up your bars centrepiece, not only catching the eye with its appearance but also delivering faultlessly and reliably in producing the best drinks.
Product Features:
20oz cocktail shaker tin
Made from premium 18/8 Japanese steel for greater corrosion resistance
Outlasts standard poor grade steel shakers
Titanium nitrate gold coating giving high abrasion and corrosion resistance
Premium polished shine
Fits with the Gold Ginza Can for a tin on tin shaker
Hand wash only - see our Plated Steel Care page for more information
Compatible With:
Boston Shaker Tin 88cl
Copper Boston Shaker Tin 88cl
Gold Boston Shaker Tin 88cl
Rose Gold Boston Shaker Tin 88cl
Premium Boston Shaker Tin 86cl
Premium Black Boston Shaker Tin 86cl
Tiki Boston Shaker Tin 85cl
Tattoo Boston Shaker Tin 85cl",Gold,,,57,,
UB3947,Ginza Can 75cl,Urban Bar,Shake,£15.83,https://www.urbanbar.com/products/copy-of-rose-gold-ginza-can-75cl,https://cdn.shopify.com/s/files/1/0467/5066/2816/files/white-UB3947-GinzaCan.jpg?v=1791359003,"Product Features:
24.6oz cocktail shaker tin
Made from premium 18/8 Japanese steel for greater corrosion resistance
Outlasts standard poor grade steel shakers
Polished finish
Fits with the Ginza Can for a tin on tin shaker
Dishwasher safe- see our Steel Care Guide page for more information
Compatible With:
Perfect Fit Plastic Boston Glass 17.5oz
Ginza Cup 20oz
Gold Ginza Cup 20oz
Rose Gold Ginza Cup 20oz
Copper Ginza Cup 20oz",,,,75,,
UB3947CP,Copper Plated Ginza Can 75cl,Urban Bar,Shake,£15.83,https://www.urbanbar.com/products/copper-plated-ginza-can-75cl,https://cdn.shopify.com/s/files/1/0467/5066/2816/files/UB3947CP.jpg?v=1791376658,"The Ginza Cup's bigger partner, the Ginza Can is an equally essential bit of kit to any aspiring mixologists toolbox. Premium Japanese steel gives it the integrity to be a long-term purchase, for all your shaking needs. This version comes in striking Rose Gold coating.
Product Features:
24.6oz cocktail shaker tin
Made from premium 18/8 Japanese steel for greater corrosion resistance
Outlasts standard poor grade steel shakers
Titanium nitrate rose gold coating giving high abrasion and corrosion resistance
Fits with the Rose Gold Ginza Can for a tin on tin shaker
Hand wash only  see our Plated Steel Care page for more information
Compatible With:
Perfect Fit Plastic Boston Glass 17.5oz
Ginza Cup 20oz
Gold Ginza Cup 20oz
Rose Gold Ginza Cup 20oz
Copper Ginza Cup 20oz",Copper,Copper,,75,,
UB3947G,Gold Ginza Can 75cl,Urban Bar,Shake,£17.50,https://www.urbanbar.com/products/gold-ginza-can-75cl,https://cdn.shopify.com/s/files/1/0467/5066/2816/files/UB3947G.jpg?v=1791358776,"Product Features:
24.6oz cocktail shaker tin
Made from premium 18/8 Japanese steel for greater corrosion resistance
Outlasts standard poor grade steel shakers
Titanium nitrate gold coating giving high abrasion and corrosion resistance
Premium polished shine
Fits with the Gold Ginza Cup for a tin on tin shaker
Hand wash only  see our Plated Steel Care page for more information
Compatible With:
Perfect Fit Plastic Boston Glass 17.5oz
Ginza Cup 20oz
Gold Ginza Cup 20oz
Rose Gold Ginza Cup 20oz
Copper Ginza Cup 20oz",Gold,,,75,,
UB3968,Moscow Aluminium Mule Cup 37cl,Urban Bar,Metal Drinkware,£9.17,https://www.urbanbar.com/products/moscow-mule-cup-37cl,https://cdn.shopify.com/s/files/1/0467/5066/2816/files/UB3968_3cc168bc-f51f-48fa-98cb-7322e77b7e87.jpg?v=1791377465,"Introducing the epitome of timeless elegance and rustic charm: The Moscow Mule Cup, a quintessential vessel for enjoying the classic cocktail in style.
The distinctive copper plating not only exudes warmth but also serves a functional purpose by enhancing the chill of your favourite libation.
With its sturdy handle and solid construction, this cup is not only a pleasure to hold but also guarantees a comfortable and secure grip, allowing you to enjoy your Moscow Mule with confidence and ease.
Product Features
Classic handled Moscow mule mug
Made from 1.2mm aluminium with anodised copper coating
Comfortable rounded handle
Brushed finish
Hand wash only - see our Plated Barware Care page for more information",,,,37,,
UB4035,Florence Flask Single Serve 15cl,Urban Bar,"Jugs, Pitchers & Carafes",£10.83,https://www.urbanbar.com/products/florence-flask-single-serve-15cl,https://cdn.shopify.com/s/files/1/0467/5066/2816/files/UB4035.jpg?v=1791377493,A small flask ideal for small cocktail servings with a twist!,,,,15,,
UB4037,Florence Flask Cocktail Sharer 1 Litre,Urban Bar,"Jugs, Pitchers & Carafes",£22.50,https://www.urbanbar.com/products/florence-flask-cocktail-sharer,https://cdn.shopify.com/s/files/1/0467/5066/2816/files/UB4037.jpg?v=1791367289,"The Florence Flask gives the Cocktail Sharer a scientific twist. Styled after a round bottomed flask, this glass sharer wouldn't look out of place in a lab. The 1 litre volume gives plenty of room for a sharing cocktail. Fill up with an exciting drink to match the unique shape, and top with some long straws. With a similar shape to a decanter, the Florence Flask is also suited to everyday table service. Whether it's water, or soft drinks, this jug is an elegant piece of tableware for all occasions.
Product Features:
Glass cocktail sharer
Styled after a round bottomed flask used in labs and distilling
Also suitable as a water jug for table service
Made from borosilicate glass
Hand wash recommended - see our Glassware Care Guide for more information",,,,100,,
UB4041,Drop Stainless Steel Bar Spoon 30cm - 30cm,Urban Bar,Stir,£9.17,https://www.urbanbar.com/products/drop-bar-spoon,https://cdn.shopify.com/s/files/1/0467/5066/2816/files/UB4041-detail.jpg?v=1791377598,"Achieve sophistication in your mixology with the elegant Teardrop Bar Spoon 30m. This spoon creates a striking image as it towers above your mixing glass.
Product Features:
Sleek Japanese style bar spoon
Twisted stem for layering drinks
Mirror finish teardrop shape tip
Head gives approximate 5ml measure
Made from 18/8 Japanese steel
Premium polished shine
High level of corrosion resistance
Outlasts standard steel barware
Gift boxed
Dishwasher safe  see our Steel Care Guide for more information",,Stainless Steel,,,,
UB4043,Drop Gold Bar Spoon 30cm - 30cm,Urban Bar,Stir,£10.83,https://www.urbanbar.com/products/gold-drop-bar-spoon,https://cdn.shopify.com/s/files/1/0467/5066/2816/files/UB4043.jpg?v=1791377618,"The Gold Drop Bar Spoon channels Japanese style with a teardrop tip for a comfortable hold and smooth finish. Our bar spoons are made from high quality Japanese 18/8 steel for the finest build.
Product Features:
Sleek Japanese style bar spoon
Twisted stem for layering drinks
Mirror finish teardrop shape tip
Head gives approximate 5ml measure
Made from 18/8 Japanese steel
Titanium nitrate gold coating giving high abrasion and corrosion resistance
Premium polished shine
High level of corrosion resistance
Outlasts standard steel barware
Hand wash recommended - see our Plated Steel Care Guide for more information",Gold,,,,,
UB4044,Drop Stainless Steel Bar Spoon 40cm,Urban Bar,Stir,£10.83,https://www.urbanbar.com/products/drop-bar-spoon-40cm,https://cdn.shopify.com/s/files/1/0467/5066/2816/files/UB4044_99d901f4-99ef-402c-b53f-441d427afa78.jpg?v=1791377515,"Achieve sophistication in your mixology with the elegant Teardrop Bar Spoon 40cm. This extra long 16 inch bar spoon creates a striking image as it towers above your mixing glass.
Product Features:
Extra long Japanese style bar spoon
Elegant twisted stem
Teardrop tip
Made from one piece of premium 18/8 Japanese steel
Polished finish
Dishwasher safe - see our Steel Care Guide for more information",,Stainless Steel,,,,
UB4046,Drop Gold Bar Spoon 40cm,Urban Bar,Stir,£12.50,https://www.urbanbar.com/products/gold-drop-bar-spoon-40cm,https://cdn.shopify.com/s/files/1/0467/5066/2816/files/UB4046_954db521-206e-466b-b634-8b0c205e85c0.jpg?v=1791377529,"This extra long teardrop bar spoon comes in a stunning gold plating, and is bolstered by a twisted stem which helps to layer your drinks, for a luxurious drinks service.
Product Features:
Sleek Japanese style bar spoon
Twisted stem for layering drinks
Mirror finish teardrop shape tip
Impressive 16 inch length
Head gives approximate 5ml measure
Made from 18/8 Japanese steel
Titanium nitrate gold coating giving high abrasion and corrosion resistance
Premium polished shine
High level of corrosion resistance
Outlasts standard steel barware
Hand wash recommended - see our Plated Steel Care Guide for more information",Gold,,,,,
UB4054,AG Cocktail Shaker 50cl,Urban Bar,Shake,£53.33,https://www.urbanbar.com/products/ag-cocktail-shaker-50cl,https://cdn.shopify.com/s/files/1/0467/5066/2816/files/UB4055_a4365619-e144-4f2a-a652-d9c3c88e3404.jpg?v=1791367878,"Classic three-piece shaker, essential to any bartender's arsenal. 1.2mm thick, 18/8 steel, round body provide durability and functionality. Made in Japan.",,,Japanese Barware,50,,
UB4055,AG Cocktail Shaker 36cl,Urban Bar,Shake,£46.67,https://www.urbanbar.com/products/ag-cocktail-shaker,,"Classic three-piece shaker, essential to any bartender's arsenal. 1.2mm thick, 18/8 steel, round body provide durability and functionality. Made in Japan.",,,Japanese Barware,36,,
UB4056,Baron Yukiwa Shaker 50cl,Urban Bar,Shake,£53.33,https://www.urbanbar.com/products/yukiwa-baron-cocktail-shaker-50cl,https://cdn.shopify.com/s/files/1/0467/5066/2816/files/UB4056.jpg?v=1791376595,"Add Japanese precision to your mixology with the Yukiwa Baron Cocktail Shaker. Masters of barware in Japan, Yukiwa gives high quality materials and elegant design. With a 50cl capacity, this 3 piece shaker is ideal for serving single drinks. Favoured by Japanese bartenders, this style of shaker is the best option to use for a hard shake. Lightweight, and with curved edges, the Baron Shaker is comfortable to hold. And with its polished finish, the reflections stand out on your bar top.
Product Features:
3-piece cocktail shaker
Made in Japan
Made from high quality 1.5mm 18/8 stainless steel
Highly durable
Horizontal cut line pattern
Dishwasher safe - see our Steel Care Guide page for more information",,,Japanese Barware,50,,
UB4058,Baron Yukiwa Shaker Gold 50cl,Urban Bar,Shake,£81.67,https://www.urbanbar.com/products/yukiwa-baron-cocktail-shaker-gold-50cl,https://cdn.shopify.com/s/files/1/0467/5066/2816/files/UB4058.jpg?v=1791376570,"If Japanese style isn't enough, the Baron Cocktail Shaker Gold takes its presentation a step further. With a striking gold plating, this 3 piece shaker heightens the elegance of any serve. With Yukiwa's high quality design, the Baron Shaker is perfect for single serve cocktails. Favoured by Japanese mixologists, the classic conical shape lends itself to a hard shake. For high class cocktail service, the Gold Baron Shaker adds a luxury aesthetic to a barware collection.
Product Features:
3-piece cocktail shaker
Made in Japan
Made from high quality 1.5mm 18/8 stainless steel
Polished finish gold plating
Highly durable
Horizontal cut line pattern
Hand wash only - see our Plated Steel Care page for more information",Gold,,Japanese Barware,50,,
UB4060,Baron Yukiwa Gold and Matt Steel Shaker 50cl,Urban Bar,Shake,£71.67,https://www.urbanbar.com/products/baron-yukiwa-gold-and-matt-steel-shaker-50cl,https://cdn.shopify.com/s/files/1/0467/5066/2816/files/UB4060_8918c684-47c8-4f7b-9155-787763d1f7f1.jpg?v=1791376604,"Add Japanese precision to your mixology with the Yukiwa Baron Cocktail Shaker. Masters of barware in Japan, Yukiwa gives high quality materials and elegant design. With a 50cl capacity, this 3 piece shaker is ideal for serving single drinks. Favoured by Japanese bartenders, this style of shaker is the best option to use for a hard shake. Lightweight, and with curved edges, the Baron Shaker is comfortable to hold. An added touch of luxury with its gold strips separates this from your bog standard shakers. This version comes in a sleek matt finish.
Product Features:
3-piece cocktail shaker
Made in Japan
Made from high quality 1.5mm 18/8 stainless steel
Matt finish stainless steel body
Beautiful polished gold-plated band around the body and cap
Highly durable
Horizontal cut line pattern
Hand wash only - see our Plated Steel Care Guide page for more information",Gold,Stainless Steel,Japanese Barware,50,,
UB4061,Baron Yukiwa Gold and Polished Steel 50cl,Urban Bar,Shake,£59.17,https://www.urbanbar.com/products/baron-yukiwa-gold-and-polished-steel-50cl,https://cdn.shopify.com/s/files/1/0467/5066/2816/files/UB4061_d0f46231-adca-4b65-8980-0a54ab3295e4.jpg?v=1791376616,"Add Japanese precision to your mixology with the Yukiwa Baron Cocktail Shaker. Masters of barware in Japan, Yukiwa gives high quality materials and elegant design. With a 50cl capacity, this 3 piece shaker is ideal for serving single drinks. Favoured by Japanese bartenders, this style of shaker is the best option to use for a hard shake. Lightweight, and with curved edges, the Baron Shaker is comfortable to hold. An added touch of luxury with its gold strips separates this from your bog standard shakers. And with its polished finish, the reflections stand out on your bar top.
Product Features:
3-piece cocktail shaker
Made in Japan
Made from high quality 1.5mm 18/8 stainless steel
Beautiful polished gold-plated band around the body and cap
Highly durable
Horizontal cut line pattern
Hand wash only - see our Plated Steel Care Guide page for more information",Gold,Stainless Steel,Japanese Barware,50,,
UB4129,Calabrese Cocktail Footed Mixing Glass 60cl,Urban Bar,Stir,£27.50,https://www.urbanbar.com/products/handmade-crystal-calabrese-footed-mixing-glass-60cl,https://cdn.shopify.com/s/files/1/0467/5066/2816/files/UB4129-3.jpg?v=1791378948,"Achieve masterful mixology with the Calabrese Footed Mixing Glass. Designed in conjunction with Salvatore 'The Maestro' Calabrese, this striking mixing glass adds a premium aesthetic to your bar top.
Product Features:
Cocktail mixing glass
Designed in conjunction with Salvatore 'The Maestro' Calabrese
Footed design with indented stem allowing for grip on the glass when stirring
Striking vertical wall design
Heavy base for stability when mixing
Pouring spout
Handmade
Dishwasher safe - see our Glass Care Guide for more information",,Glass,Calabrese,60,,
UB4129C,Calabrese 3 Cuts Cocktail Footed Mixing Glass 60cl,Urban Bar,Stir,£33.33,https://www.urbanbar.com/products/handmade-crystal-calabrese-footed-mixing-glass-with-3-cuts-60cl,https://cdn.shopify.com/s/files/1/0467/5066/2816/files/UB4129C-4.jpg?v=1791378963,"A collaboration between Urban Bar and Salvatore Calabrese, this footed mixing glass matches elegant design with professional functionality. The Calabrese Footed Mixing Glass with 3 Cuts includes horizontal frosted bands around the circumference. This handmade cocktail mixing jug includes a spout for easy pouring when used with a cocktail strainer. The glass jug sits on a shallow foot, which allows you to easily grip the glass when stirring.
Product Features:
Cocktail mixing glass
Designed in conjunction with Salvatore 'The Maestro' Calabrese
Footed design with indented stem allowing for grip on the glass when stirring
Striking vertical wall design
Triple horizontal frosted bands cut in to the circumference of the glass
Heavy base for stability when mixing
Pouring spout
Handmade
Dishwasher safe - see our Glass Care Guide for more information",,Glass,Calabrese,60,,
UB4130,Calabrese Cocktail Martini Glass 15cl,Urban Bar,Cocktails,£15.00,https://www.urbanbar.com/products/calabrese-martini-glass,https://cdn.shopify.com/s/files/1/0467/5066/2816/files/UB4130-2_454a6514-c826-4327-a1f5-ffbf74bda9f5.jpg?v=1791376883,"The Maestro brings his expertise to our new Calabrese Martini Glass. This elegant stemmed cocktail glass has a unique bowl that offers a new window in to your mixology.
Present your drinks in this lead-free crystal glass for a high level of transparency and sparkle that complements your drink. Each glass is handmade, giving it a level of perfection unrivalled in cocktail glasses.
Product Features:
Stemmed cocktail glass
Designed in conjunction with Salvatore Calabrese
Handmade
Made from crystal glass for premium transparency
Dishwasher safe - see our Glassware Care Guide for more information",,Glass,Calabrese,15,,
UB4131,Calabrese Martini Glass 7cl,Urban Bar,Cocktails,£13.33,https://www.urbanbar.com/products/calabrese-mini-martini-glass,,"Bring the influence of the world's greatest bartender to your mixology with the Calabrese Mini Martini Glass. Add miniature elegance to your serves with this small 7cl cocktail glass.
Handmade from premium lead-free crystal, this martini glass features a high level of transparency. This excellent level of clarity complements your serves with a perfect window in to your mixology.
Product Features:
Stemmed cocktail glass
Designed in conjunction with Salvatore Calabrese
Handmade
Made from crystal glass for premium transparency
Dishwasher safe - see our Glassware Care Guide for more information",,Glass,Calabrese,7,,
UB4131-B6,Calabrese Martini Glass 7cl- Box 6,Urban Bar,Cocktails,£78.33,https://www.urbanbar.com/products/calabrese-martini-glass-7cl-b6,https://cdn.shopify.com/s/files/1/0467/5066/2816/files/UB4131-2_8339f350-74b0-4d1a-8b95-082cc99efe77.jpg?v=1791359875,"Bring the influence of the world's greatest bartender to your mixology with the Calabrese Mini Martini Glass. Add miniature elegance to your serves with this small 7cl cocktail glass.
Handmade from premium lead-free crystal, this martini glass features a high level of transparency. This excellent level of clarity complements your serves with a perfect window in to your mixology.
Product Features:
Stemmed cocktail glass
Designed in conjunction with Salvatore Calabrese
Handmade
Made from crystal glass for premium transparency
Dishwasher safe - see our Glassware Care Guide for more information
Contains 6 Glasses",,Glass,Calabrese,7,6,Box of 6
UB4132,Ginza Tall Cuts Water Glass 24cl,Urban Bar,Hiballs,£11.67,https://www.urbanbar.com/products/ginza-tall-cuts-water-glass-24cl,https://cdn.shopify.com/s/files/1/0467/5066/2816/files/white-UB4132.png?v=1791379911,"Apply elegance to all areas of table service with the Ginza Water Glass. Made from lead-free crystal, this tumbler features a classic diamond shape cut-glass pattern. The Ginza Tall Cuts Glass makes a perfect accompaniment to everyday dinner service. Place alongside stemware to complete your table presentation. This glass tumbler sits between the Ginza Highball and Ginza Old Fashioned , offering a perfect mid-size for cocktails.
Product Features
Lead-free crystal  FDA approved glass with no toxic additives
Laser treated rim
High transparency
Cut glass pattern for unique light play with the contents
Vintage design
Flat base for less water retention when drying
Dishwasher safe  see our Crystal Glass Care Guide for more information",,Glass,,24,,
UB4135,Koto Crystal Highball Glass 35cl,Urban Bar,Hiballs,£14.17,https://www.urbanbar.com/products/koto-highball-glass-35cl,https://cdn.shopify.com/s/files/1/0467/5066/2816/files/UB4135-2_f756fa0c-870d-4ea6-982d-ff147b0f7d1b.jpg?v=1791379926,"The embossed diamond pattern at the base of this beautifully crystal-clear glass adds a unique aesthetic that is sure to impress any discerning drinker.
Product Features:
Lead-free crystal highball tumbler
Embossed diamond pattern
High clarity
Dishwasher safe - see our Crystal Glass Care Guide for more information",,Crystal,,35,,
UB4136,Koto Old Fashioned Crystal Glass 30cl,Urban Bar,Rocks,£12.50,https://www.urbanbar.com/products/koto-old-fashioned-glass-30cl,https://cdn.shopify.com/s/files/1/0467/5066/2816/files/OF.png?v=1791379937,"The Koto Old Fashioned Glass makes a bold statement in drinks service. Made from lead-free crystal, this rocks glass has a heavyweight base and embossed pattern. The clarity of the crystal glass highlights the large base with a refraction of light. This is further enhanced by a unique diamond pattern around the lower half of the tumbler. The multi-faceted pattern adds a premium aesthetic to the contents.
Product Features
Heavyweight old fashioned tumbler
Premium crystal glass
Embossed diamond pattern band
Dishwasher safe - see our Crystal Glass Care Guide for more information",,Crystal,,30,,
UB4176,Lochy Whisky Taster Glass 11cl,Urban Bar,Brandy & Fortified Wine,£7.50,https://www.urbanbar.com/products/lochy-whisky-tasting-glass,https://cdn.shopify.com/s/files/1/0467/5066/2816/files/UB4176-2.jpg?v=1791367668,"Specifically shaped with whisky tasting experience in mind, the greatest care has been taken in designing a glass which not only looks good, but also perfectly functions.
Product Features:
Whisky tasting glass
Made from lead-free crystal
Stem helps retain temperature of contents
Narrow mouth to collect and direct aromas
Rounded bowl to swirl contents
Dishwasher safe - see our Glassware Care Guide for more information",,Glass,,11,,
UB42-01,Biloxi Stainless Steel Julep Style Cocktail Strainer 22cm,Urban Bar,Strain,£9.17,https://www.urbanbar.com/products/biloxi-cocktail-strainer-21cm,https://cdn.shopify.com/s/files/1/0467/5066/2816/files/UB42-01.jpg?v=1791358923,"The Biloxi Cocktail Strainer combines premium quality stainless steel with stunning design. Modelled on vintage scallop shape julep strainers, this unique design has been revived by Urban Bar. Made from 18/8 stainless steel, this julep cocktail strainer offers high levels of corrosion resistance. As a result of this excellent rust protection, the Biloxi Strainer outlasts standard steel barware.
Product Features:
Julep style cocktail strainer
Scallop edge design
Premium 18/8 Japanese steel
High corrosion resistance for excellent rust resistance
Polished finish
Gift boxed
Dishwasher safe - see our Steel Care Guide page for more information",,Stainless Steel,,,,
UB42-01CP,Biloxi Copper Julep Style Cocktail Strainer 21cm,Urban Bar,Strain,£11.67,https://www.urbanbar.com/products/biloxi-cocktail-strainer-copper-21cm,https://cdn.shopify.com/s/files/1/0467/5066/2816/files/UB42-01CP.jpg?v=1791378984,"The Biloxi Cocktail Strainer combines premium quality stainless steel with stunning design. Modelled on vintage scallop shape julep strainers, this unique design has been revived by Urban Bar. Made from 18/8 stainless steel, this julep cocktail strainer offers high levels of corrosion resistance. As a result of this excellent rust protection, the Biloxi Strainer outlasts standard steel barware. This version stands out with its vibrant copper plated finish.
Product Features:
Julep style cocktail strainer
Scallop edge design
Premium 18/8 Japanese steel
High corrosion resistance for excellent rust resistance
Polished copper plated finish
Gift boxed
Hand wash only - see our Plated Steel Care page for more information",Copper,Copper,,,,
UB42-01G,Biloxi Gold Julep Style Cocktail Strainer 21cm,Urban Bar,Strain,£11.67,https://www.urbanbar.com/products/biloxi-gold-julep-style-cocktail-strainer-21cm,,"The Biloxi Cocktail Strainer combines premium quality stainless steel with stunning design. Modelled on vintage scallop shape julep strainers, this unique design has been revived by Urban Bar. Made from 18/8 stainless steel, this julep cocktail strainer offers high levels of corrosion resistance. As a result of this excellent rust protection, the Biloxi Strainer outlasts standard steel barware. This version comes in a lavish gold coating.
Product Features:
Julep style cocktail strainer
Scallop edge design
Premium 18/8 Japanese steel
High corrosion resistance for excellent rust resistance
Polished finish
Titanium nitrate rose gold coating giving high abrasion and corrosion resistance
Hand wash only - see our Steel Care Guide page for more information",Gold,,,,,
UB42-01RG,Biloxi Rose Gold Julep Style Cocktail Strainer 21cm,Urban Bar,Strain,£11.67,https://www.urbanbar.com/products/biloxi-cocktail-strainer-rose-gold-21cm,https://cdn.shopify.com/s/files/1/0467/5066/2816/files/UB42-01RG.jpg?v=1791358906,"The Biloxi Cocktail Strainer combines premium quality stainless steel with stunning design. Modelled on vintage scallop shape julep strainers, this unique design has been revived by Urban Bar. Made from 18/8 stainless steel, this julep cocktail strainer offers high levels of corrosion resistance. As a result of this excellent rust protection, the Biloxi Strainer outlasts standard steel barware. This version comes in a stunning rose gold coating.
Product Features:
Julep style cocktail strainer
Scallop edge design
Premium 18/8 Japanese steel
High corrosion resistance for excellent rust resistance
Polished finish
Titanium nitrate rose gold coating giving high abrasion and corrosion resistance
Hand wash only - see our Steel Care Guide page for more information",Rose Gold,,,,,
UB4202,Tiki Cocktail Stainless Steel Bar Spoon 30cm,Urban Bar,Stir,£15.83,https://www.urbanbar.com/products/tiki-bar-spoon-30cm,https://cdn.shopify.com/s/files/1/0467/5066/2816/files/UB4202.jpg?v=1791376950,"Classic teardrop tip bar spoon with stunning etched tropical icons coloured with food-safe ink. The Tiki Bar Spoon adds a Hawaiian vibe to your mixology.
Product Features:
Sleek Japanese style bar spoon
Tiki themed etched patterns coloured with black food-safe ink
Mirror finish teardrop shape tip
Head gives approximate 5ml measure
Made from 18/8 Japanese steel
Premium polished shine
High level of corrosion resistance
Outlasts standard steel barware
Gift boxed
Dishwasher safe  see our Steel Care Guide for more information",,Stainless Steel,Tattoo & Tiki,,,
UB4203,Tattoo Cocktail Stainless Steel Bar Spoon 30cm,Urban Bar,Stir,£15.83,https://www.urbanbar.com/products/tattoo-bar-spoon-30cm,https://cdn.shopify.com/s/files/1/0467/5066/2816/files/UB4203_031f82e9-f1fe-4d78-85df-ad66e679f86b.jpg?v=1791376967,"The Tattoo Bar spoon has a classic teardrop tip and features stunning tattoo themed etched patterns coloured with black food-safe ink.
Product Features:
Sleek Japanese style bar spoon
Tattoo themed etched patterns coloured with black food-safe ink
Mirror finish teardrop shape tip
Head gives approximate 5ml measure
Made from 18/8 Japanese steel
Premium polished shine
High level of corrosion resistance
Outlasts standard steel barware
Gift boxed
Dishwasher safe  see our Steel Care Guide for more information",,Stainless Steel,Tattoo & Tiki,,,
UB4223,Garnish Stainless Steel Long Tweezers 25cm,Urban Bar,Bar Top Accessories,£8.33,https://www.urbanbar.com/products/cocktail-garnish-tongs-25cm,https://cdn.shopify.com/s/files/1/0467/5066/2816/files/UB4223.jpg?v=1791378998,"Take your serves to the next level with the precision Cocktail Garnish Tongs. These 10 inch garnish tweezers aid you in placing delicate garnishes on cocktails. Grooved finger grips are on both sides of the tweezers to give grip when placing delicate items. The tips are also grooved to help you pick up any small item. Also suited to the hospitality industry for plate dressing, these tongs are perfect for use as chefs tweezers. Whatever your use, the Cocktail Garnish Tongs help you hone your presentations.
Product Features:
Long tweezers for precise garnish placement
Grooved tips for greater grip on delicate garnishes
Grooved finger grip areas on both sides
Made from high grade Japanese steel
High corrosion resistance to outlast standard barware
Dishwasher safe - see our Steel Care Guide for more information",,Stainless Steel,,,,
UB4223CP,Garnish Copper Long Tweezers 25cm,Urban Bar,Bar Top Accessories,£12.50,https://www.urbanbar.com/products/cocktail-garnish-tongs-copper-25cm,https://cdn.shopify.com/s/files/1/0467/5066/2816/files/UB4223CP.jpg?v=1791379009,"To increase your drink theatre, the Copper Garnish Tongs allow for precise positioning. Top off your mixology serves with delicate garnishes placed with precision. Also suited to culinary use, these precision tweezers are ideal for plate dressing. Whether serving drinks or food, the copper garnish tweezers refine your presentation skills.
Product Features:
Long tweezers for precise garnish placement
Grooved tips for greater grip on delicate garnishes
Grooved finger grip areas on both sides
Made from high grade Japanese steel
Polished copper plated finish
High corrosion resistance to outlast standard barware
Hand wash only - see our Plated Steel Care Guide for more information",Copper,Copper,,,,
UB4224,Whisky Water Pipette Glass Dropper,Urban Bar,Dash Bottles,£8.33,https://www.urbanbar.com/products/whisky-water-pipette-glass-dropper,https://cdn.shopify.com/s/files/1/0467/5066/2816/files/UB4224.jpg?v=1791367670,"An essential addition to Urban Bar Whisky Glasses , the Whisky Water Pipette allows controlled dilution of spirits. Due to the 5mm air hole in the bulb, this water dropper gives the user an ease of use for the perfect drink experience.
How to Use a Whisky Water Dropper
A water dropper gets used in the whisky tasting process, after initial nosing and tasting. The addition of water will release other aromas in the whisky. Use room temperature water where possible to not disrupt the whisky too much. Dip the tip of the glass pipette in to your water and press your finger over the hole in the bulb to hold the water in the tube. When you release your finger from the hole the water will get released. Adjust the pressure of your finger on the hole to control the amount of water you add to your whisky.
Product Features:
Water dropper
Dilute spirits one drop at a time
5mm hole in bulb for full control
Hand wash recommended - see our Product Care page for more information",,Glass,,,,
UB4233,Victorinox Lemon Zester,Urban Bar,Knives & Cutting Boards,£16.67,https://www.urbanbar.com/products/victorinox-lemon-zester,https://cdn.shopify.com/s/files/1/0467/5066/2816/files/UB4233.jpg?v=1791358794,"Add a citrus bite to your cocktails with the Victorinox Lemon Zester. This bar tool is ideal for making lemon zest, and opening up lemon skin for cocktails.
Product Features:
Premium Swiss citrus zester bar tool
Made in Switzerland
Stainless steel zester head
Non-slip handle made from Fibrox - TPE plastic able to withstand temperatures of up to 80°C - 110°C
Dishwasher safe",,,,,,
UB4240BLK,Universal Peeler,Urban Bar,Knives & Cutting Boards,£11.67,https://www.urbanbar.com/products/universal-peeler,https://cdn.shopify.com/s/files/1/0467/5066/2816/files/UB2420BLK_4e923c1b-20ec-447a-b256-35b282c8c5af.jpg?v=1791380507,"Make cocktail garnishes with ease with the Victorinox Universal Peeler. Double sided serrated blade for easy peeling of any fruit and vegetables.
Product Features:
Premium Swiss julienne peeler bar tool
Serrated double sided blade
Made in Switzerland
Stainless steel swivel head to adapt to altering shape of fruit and vegetables
Ergonomic Polypropylene handle
Dishwasher safe",,,,,,
UB4241BLK,Tomato Peeler,Urban Bar,Knives & Cutting Boards,£10.00,https://www.urbanbar.com/products/tomato-peeler,https://cdn.shopify.com/s/files/1/0467/5066/2816/files/UB4241BLK_cd40140c-da9b-429f-b254-f384631166c3.jpg?v=1791377038,"Peel to your heart's content with this premium Swiss Julienne peeler. A serrated double blade and swivel head give maximum effectiveness to your cocktail garnish creation, reducing mess and waste.
Product Features:
Premium Swiss julienne peeler bar tool
Serrated double sided blade
Made in Switzerland
Stainless steel swivel head to adapt to altering shape of fruit and vegetables
Ergonomic Polypropylene handle
Dishwasher safe",,,,,,
UB4255,Classico Silver Plated Scallop Bar Spoon 32cm,Urban Bar,Stir,£37.50,https://www.urbanbar.com/products/classico-silver-plated-scallop-stirrer,https://cdn.shopify.com/s/files/1/0467/5066/2816/files/UB4255-2.jpg?v=1791358795,"Stir drinks with the luxury silver-plated Scallop Stirrer. The head of this drink stirrer replicates the shape of a scallop shell which was a popular shape in mixology during the late 19th and early 20th century. The Premium Scallop Stirrer is ideal for gifting to any mixologist with an interest in cocktail history.
Product Features:
Cocktail stirrer with a scallop shaped head
Handmade in England
Made from high quality 18/8 stainless steel
Luxury polished real silver plating
12.5 inch length ideal for use with tall mixing glasses
Hand wash only - see our Plated Steel Care page for more information",Silver,,Classico,,,
UB4263,Classico Tall Mixing Glass 85cl,Urban Bar,Stir,£66.67,https://www.urbanbar.com/products/handmade-crystal-classico-mixing-glass-86cl,https://cdn.shopify.com/s/files/1/0467/5066/2816/files/UB4263.jpg?v=1791379017,"Hark back to the 1920s with this retro cocktail mixing glass. The Classico Mixing Glass is handmade and presented in a luxurious gift box. With an elegant, tall profile, the Classico Mixing Glass adds a premium aesthetic to your mixology. The diamond-shape cut pattern refracts light, making this jug stand out whether in use, or simply on the bar top. Complement the 10 inch height with a long mixing spoon, to achieve a highly elegant mixology display. A perfect for gifting to a bartender, this diamond cut mixing glass comes gift packaged. A robust black buckram box is highlighted with silver lettering, and a black satin lining cushions the mixing glass inside.
Product Features:
Cocktail mixing glass
Elegant tall design
Diamond shape cut-glass pattern
Heavy base for stability when mixing
Pouring spout
Handmade
Dishwasher safe - see our Glassware Care Guide for more information",,Glass,Classico,85,,
UB4265,Classico Silver Vintage Style Jigger 30/60ml,Urban Bar,Measures & Pourers,£66.67,https://www.urbanbar.com/products/classico-jigger-measure-30-60ml,https://cdn.shopify.com/s/files/1/0467/5066/2816/files/UB4265.jpg?v=1791358985,"Double ended bar measure with a luxury silver plating.
Product Features:
Double end bar measure
Handmade in England
Made from high quality 18/8 stainless steel
Luxury polished real silver plating
Hand wash only - see our Plated Steel Care page for more information",Silver,,Classico,,,
UB4270,Classico Silver Plated Tin-on-Tin Cocktail Shaker 1 Pint,Urban Bar,Shake,£138.33,https://www.urbanbar.com/products/classico-silver-plated-tin-on-tin-cocktail-shaker-1-pint,https://cdn.shopify.com/s/files/1/0467/5066/2816/files/UB4270.jpg?v=1791358785,"To show appreciation to your favourite bartender, the luxury Classico Tin on Tin Cocktail Shaker makes the perfect gift. With the luxury mirror finish silver plating, this dual tin shaker is made for a heightened visual impression. This silver plated tin on tin cocktail shaker offers a premium option for mixologists.
Product Features:
Dual tin cocktail shaker
Handmade in England
Luxury polished real silver plating
Hand wash only - see our Plated Steel Care page for more information",Silver,,Classico,,,
UB4271,Classico Silver Plated Cocktail Shaker 1 Pint,Urban Bar,Shake,£182.50,https://www.urbanbar.com/products/classico-silver-plated-cocktail-shaker-1-pint,https://cdn.shopify.com/s/files/1/0467/5066/2816/files/UB4271.jpg?v=1791358785,"With a stunning silver-plated finish, the Classico Cocktail Shaker is perfect for presenting to your favourite mixologist.
Product Features:
3-piece cocktail shaker
Handmade in England
Made from high quality 18/8 stainless steel
Luxury polished real silver plating
Hand wash only - see our Plated Steel Care page for more information",Silver,,Classico,,,
UB4272,Classico Large Cocktail Shaker Silver Plated 1.5 Pint,Urban Bar,Shake,£187.50,https://www.urbanbar.com/products/classico-silver-plated-large-cocktail-shaker-1-5-pint,https://cdn.shopify.com/s/files/1/0467/5066/2816/files/UB4272.jpg?v=1791357654,"The Classico Large Cocktail Shaker with a premium silver plating, is the perfect gift for a mixologist.
Product Features:
3-piece cocktail shaker
Handmade in England
Made from high quality 18/8 stainless steel
Luxury polished real silver plating
Hand wash only - see our Plated Steel Care page for more information",Silver,,Classico,,,
UB4288,Glass Quaich Bowl 89cl,Urban Bar,Brandy & Fortified Wine,£8.33,https://www.urbanbar.com/products/glass-quaich-bowl,https://cdn.shopify.com/s/files/1/0467/5066/2816/files/urban-bar-unique-whiskey-glasses.jpg?v=1791376746,"A traditional Scottish drinking vessel, the Quaich bowl is given a modern makeover by Urban Bar. Dating back to the middle age Highlands, this unique vessel was originally made from wood, whereas this piece is made from glass. Now commonly made from metal, Urban Bar's glass quaich is a unique gift. With 2 opposing handles the quaich is synonymous with pairings, and is used as a gift at weddings and anniversaries to symbolise love and partnership. This glass bowl has Celtic style patterns on the outside of the bowl, therefore making it a unique gift. Made for serving spirits, especially whisky, this serving piece is also used as a decoration. Place the bowl on a mantle, and due to its decorative nature it can contain further mementos from your wedding or anniversary.
Product Features
Soda-lime glass
Traditional Celtic style pattern
Double lugged - symbolising love and loyalty
Perfect wedding and anniversary gift
Dishwasher safe - see our Glassware Care Guide for more information",,Glass,,89,,
UB4292,Classico Stainless Steel Hammer Jigger 25ml/50ml,Urban Bar,Measures & Pourers,£27.50,https://www.urbanbar.com/products/classico-hammer-jigger-25-50ml,https://cdn.shopify.com/s/files/1/0467/5066/2816/files/UB4292.jpg?v=1791379033,"The Classico Hammer Jigger provides a stunning vintage aesthetic to add to your mixology. A premium stainless steel head includes 2 measuring cups on opposing sides. These cups are accessed with a quick twist of the unique black pearlised handle.
Product Features
Traditional jigger spirit measure with a handle for ease of use
Double ended  25ml (single) and 50ml (double) measures
Interior lines to denote 5ml, 10ml, 15ml and 35ml
Luxury 18/8 Japanese steel head
Polished finish
Luxury handmade pearlised black acrylic handle
Neoclassic inspired decorative steel clasp
Gift boxed
Dishwasher safe - see our Steel Care Guide page for more information",,Stainless Steel,Classico,2.5,,
UB4364,Mr Slim Jigger 30/60ml,Urban Bar,Measures & Pourers,£21.67,https://www.urbanbar.com/products/mr-slim-jigger-30-60,https://cdn.shopify.com/s/files/1/0467/5066/2816/files/UB4364-2_b98d2075-1faf-48ac-b68c-8286d6ffbf6f.jpg?v=1791367299,"The famous spirit measure, Mr Slim Jigger 30/60ml, provides premium Japanese quality and style for high end mixology.
Product Features
Double jigger measure
30ml and 60ml to the brim
Interior line to denote 45ml
18/8 Japanese steel
Polished gold plated band around slim centre
Dishwasher safe  hand wash recommended  see our Barware Care page for more information
Each piece is meticulously handcrafted using the finest decoration techniques. As a result, slight imperfections and variations in metal colouration, particularly at the joins, may occur—these are natural characteristics of the process and add to the unique charm of your product.",,,Japanese Barware,,,
UB4365,Mr Slim Jigger 30/45ml,Urban Bar,Measures & Pourers,£23.33,https://www.urbanbar.com/products/mr-slim-jigger-1015203045ml,https://cdn.shopify.com/s/files/1/0467/5066/2816/files/white-UB4365.png?v=1791377573,"The famous spirit measure, Mr Slim Jigger 30/45ml, provides premium Japanese quality and style for high end mixology.
Product Features
Double jigger measure
30ml and 45ml to the brim
Interior lines to denote 10ml, 20ml and 15ml, 30ml
Polished gold plated 18/8 Japanese steel
Dishwasher safe hand wash recommended see our Barware Care page for more information
Each piece is meticulously handcrafted using the finest decoration techniques. As a result, slight imperfections and variations in metal colouration, particularly at the joins, may occur—these are natural characteristics of the process and add to the unique charm of your product.",,,Japanese Barware,,,
UB4366,Biloxi Stainless Steel Strainer Bar Spoon 34.5cm,Urban Bar,Strain,£10.83,https://www.urbanbar.com/products/biloxi-strainer-bar-spoon-34-5cm,https://cdn.shopify.com/s/files/1/0467/5066/2816/files/UB4366.jpg?v=1791379056,"The stunning Biloxi Strainer Bar Spoon offers a unique addition to your mixology. With a perforated head, this cocktail spoon allows easy drainage of ice cubes and other wet ingredients to drain excess liquid. Minimising dilution, the Strainer Bar Spoon also acts as a mini cocktail strainer to strain out excess water from built drinks. The head features higher sides than standard bar spoons, making it easier to scoop and pick up ingredients. The tip of this unique bar spoon is flat, with a curved end, replicating the shape of a normal bar spoon head. This retains the ability to pour liquids down the twisted stem to make layered cocktails. In addition, this curved tip doubles as a gentle muddler for bruising solid ingredients. The shaft of the Biloxi bar spoon has a soft, tight twist, giving a comfortable feel when stirring with a mixing glass. Made from Urban Bar's signature 18/8 steel, this cocktail spoon is finished with a premium polished finish, shining out during cocktail making. The high grade material gives excellent corrosion resistance for greater longevity over standard steel barware.
Product Features:
Unique perforated bar spoon
Drain ice cubes and other wet ingredients for minimal dilution
Layer drinks with the flat curved tip, replicating the shape and functionality of a normal spoon head
Tight twisted stem for comfortable rolling between fingers
Made from 18/8 Japanese steel
High level of corrosion resistance
Outlasts standard steel barware
Gift boxed
Dishwasher safe - see our Steel Care Guide for more information",,Stainless Steel,,,,
UB4366CP,Biloxi Copper Strainer Bar Spoon 34.5cm,Urban Bar,Strain,£12.50,https://www.urbanbar.com/products/biloxi-copper-strainer-bar-spoon-34-5cm,https://cdn.shopify.com/s/files/1/0467/5066/2816/files/UB4366CP.jpg?v=1791379070,"The Copper Strainer Bar Spoon features a perforated spoon design, allowing you to drain ice cubes and built drinks for minimal dilution.
Product Features:
Unique perforated bar spoon
Drain ice cubes and other wet ingredients for minimal dilution
Layer drinks with the flat curved tip, replicating the shape and functionality of a normal spoon head
Tight twisted stem for comfortable rolling between fingers
Made from 18/8 Japanese steel
Polished copper plating
High level of corrosion resistance
Outlasts standard steel barware
Gift boxed
Hand wash only - see our Plated Steel Care Guide for more information",Copper,Copper,,,,
UB4369,Coley® Premium Stainless Steel Cocktail Bar Knife 11.5cm Blade,Urban Bar,Knives & Cutting Boards,£16.67,https://www.urbanbar.com/products/coley-bar-knife,https://cdn.shopify.com/s/files/1/0467/5066/2816/files/UB4369_86fa3369-b797-4fb8-99cb-0af6c728a653.jpg?v=1791377047,"Our premium mixologists bar knife combines essential cutting elements with stunning aesthetics and an ergonomic design. The Coley Bar Knife features a 4.5 Inch high grade 18/8 steel blade and a premium Swiss Pear wood handle.
Easy Slicing
The Coley Bar Knife has a part serrated blade for easily making an incision in to fruit skin, with a smooth sharp blade following to finish the slicing action.
Double Sided Blade
A sharp double-sided blade allows you to change the direction of your cut without awkwardly twisting the knife around; perfect for carving garnishes.
Premium Weight Distribution
A finger recess in the top of the knife allows you to press down on the blade when cutting, putting more weight on the fruit you are cutting. With the double-sided blade, this also keeps your finger safe from the sharp steel blade.
Longevity
Styled after the best chef's knives, the Coley Bar Knife is made from a single piece of steel that continues through the length of the handle. This ensures there are no weak points, making this knife far outlast standard bar knives.
Hygienic
Forked tip for handling ingredients, avoiding contact with hands. This reduces flavour contamination by keeping fruit juices from your hands, and increasing hygiene levels by keeping your hands clean.
Ergonomic Handle
Made from premium Swiss Pear, a premium European hardwood, the handle of the Coley Bar Knife has a stunning red wood colour. The shape of the handle has been refined to provide an ergonomic grip, making cutting a pleasure, not a chore.
Product Features:
Premium bar knife for cocktail making
Blade Length: 4.5 Inch
Solid single piece of steel for great longevity
Made from high grade 18/8 steel, giving high level of corrosion resistance
Forked tip for piercing and picking up ingredients
Double sided blade - change the direction of your cut without twisting the knife around
Finger recess for precision cutting, to keep your finger safe from the sharp blade, and allow you to apply weight to the top of the blade
Part serrated blade for easily making an incision in to fruit skin, with a flat sharp half following to finish the slicing action
Comfortable Swiss Pear wood handle with beautiful red colouring
Hand wash recommended",,Stainless Steel,,,,
UB4424,Classico Silver Plated Large Tin-on-Tin Cocktail Shaker 1.5 Pint,Urban Bar,Shake,£184.17,https://www.urbanbar.com/products/classico-silver-plated-large-tin-on-tin-cocktail-shaker-1-5-pint,https://cdn.shopify.com/s/files/1/0467/5066/2816/files/UB4424.jpg?v=1791357659,"Luxury silver plated tin on tin cocktail shaker.
Product Features:
Large dual tin cocktail shaker
Handmade in England
Luxury polished real silver plating
Hand wash only - see our Plated Steel Care page for more information",Silver,,Classico,,,
UB4476,Seal Bottle Opener,Urban Bar,Openers,£36.67,https://www.urbanbar.com/products/seal-bottle-opener,https://cdn.shopify.com/s/files/1/0467/5066/2816/files/UB4476.png?v=1791376649,"Add to a nautical themed bar top with the unique Seal Bottle Opener. Shaped like a sea lion, this bottle opener has a premium Japanese steel construction. With a crown cap bottle opener moulded in the tail, this cute bottle opener removes bottle tops with ease. Also, underneath the seal's body is a recess for removing standard size screw caps. This all-round bottle opening animal will give serving drinks a touch of retro charm.
Product Features:
Seal shaped bottle opener
Vintage style
Ideal as a decorative piece
Crown cap opener at the end of the tail
Screw cap opener underneath
Dishwasher safe - see our Steel Care Guide page for more information",,,,,,
UB4500CP,Coley® Copper Jigger 25ml/50ml,Urban Bar,Measures & Pourers,£22.50,https://www.urbanbar.com/products/coley-reg-jigger-copper-25-50ml,https://cdn.shopify.com/s/files/1/0467/5066/2816/files/UB4500CP-2.jpg?v=1791379975,"With a unique design, the Coley Jigger Copper adds a vintage charm to your cocktail service. The slim waist of the Coley Jigger contrasts the 2 bulbous cups measuring 25ml and 50ml. With a handle mounted between the 2 cups, this jigger measure makes mixology easier. Remove the awkwardness of pinching the measure between fingers. The handle makes pouring measures more intuitive. Made from premium Japanese steel, this unique spirit measure has a luxury finish. A high corrosion resistance gives this bar measure excellent protection against rust. As a result, the Coley Jigger has greater longevity over standard barware.
Product Features
Unique design double jigger measure
Handle for easy grip
Interior lines to denote 15ml, 25ml and 45ml
Premium 18/8 Japanese stainless steel
Polished copper plated finish
Hand wash only - see our Plated Steel Care page for more information",Copper,Copper,,2.5,,
UB4506,Gineva Stacking Gin Glass 60cl,Urban Bar,Speciality,£10.83,https://www.urbanbar.com/products/gineva-stacking-gin-glass-60cl,https://cdn.shopify.com/s/files/1/0467/5066/2816/files/UB4506.jpg?v=1791377065,"The Urban Bar Gineva Gin Balloon is the world's first stacking gin glass. Maintaining the classic appearance of a copa de balon, the Gineva glass adds a unique function to the popular gin balloon. This handmade cocktail glass makes storage more functional, with each glass stacking together. You can store up to double the number of Gineva Gin Glasses compared to standard gin balloons.
Single Glass Height: 17cm 2 Stacked Glasses Height: 25.5cm
Product Features
The World's first stacking gin balloon glasses
Classic Spanish copa de balon style
Large capacity for mixers or extra ice
Luxury handmade finish
Elegant seamless pulled stem adds beauty and strength
Cut and polished rim for finer tasting
Dishwasher safe - see our Glass Care Guide for more information",,Glass,,60,,
UB4507,1910 Martini Cocktail Glass 21cl,Urban Bar,Cocktails,£12.50,https://www.urbanbar.com/products/crystal-1910-martini-glass-21cl,https://cdn.shopify.com/s/files/1/0467/5066/2816/files/Urban_Bar_Sam_Gee_Photography_Shoot1073.jpg?v=1791379112,"With a stunning etched pattern, the 1910 Martini Glass exudes an Art Deco aesthetic. Etched around the bowl of this classic V-shape cocktail glass is Urban Bar's 1910 pattern. Inspired by the British Pall Mall glassware, this premium martini glass combines vintage style with modern materials. Made from lead-free crystal, this martini glass features a high level of clarity. Because of this transparency, cocktails are presented without being dulled by the glass.
Product Features
Lead-free crystal - FDA approved glass with no toxic additives
Elegant Prohibition era aesthetic with etched pattern inspired by classic Pall Mall glassware
Thermal shock resistance
Mechanical shock resistance
Cut and polished rim for finer tasting
High transparency to accentuate the colour of the contents
Pulled stem - seamless for premium visual appreciation
Dishwasher safe  see our Crystal Glass Care Guide for more information",,Glass,1910,21,,
UB4507-B6,1910 Martini Cocktail Glass 21cl- Box 6,Urban Bar,Cocktails,£75.00,https://www.urbanbar.com/products/1910-martini-cocktail-glass-21cl-box-6,https://cdn.shopify.com/s/files/1/0467/5066/2816/files/UB4507-047928.jpg?v=1791359985,"With a stunning etched pattern, the 1910 Martini Glass exudes an Art Deco aesthetic. Etched around the bowl of this classic V-shape cocktail glass is Urban Bar's 1910 pattern. Inspired by the British Pall Mall glassware, this premium martini glass combines vintage style with modern materials. Made from lead-free crystal, this martini glass features a high level of clarity. Because of this transparency, cocktails are presented without being dulled by the glass.
Product Features
Lead-free crystal - FDA approved glass with no toxic additives
Elegant Prohibition era aesthetic with etched pattern inspired by classic Pall Mall glassware
Thermal shock resistance
Mechanical shock resistance
Cut and polished rim for finer tasting
High transparency to accentuate the colour of the contents
Pulled stem - seamless for premium visual appreciation
Dishwasher safe  see our Crystal Glass Care Guide for more information",,Glass,1910,21,6,Box of 6
UB4508,1920 Martini Cocktail Glass 21cl,Urban Bar,Cocktails,£12.50,https://www.urbanbar.com/products/crystal-1920-martini-glass-21cl,https://cdn.shopify.com/s/files/1/0467/5066/2816/files/UB4508.jpg?v=1791379126,"An essential shape, the 1920 Martini Glass introduces Urban Bar's unique 1920 pattern to your martini serves. Made from lead-free crystal, this cocktail stemware has a premium transparency. Because of this high level of clarity, the pattern around the bowl catches light for a standout drink presentation. The 1920 pattern emulates the movement of bubbles in a sparkling drink. Due to the delicate etched design on the v-shaped bowl, extra visual depth is added to your cocktails.
Product Features
Lead-free crystal - FDA approved glass with no toxic additives
Etched pattern emulating the movement of bubbles in a sparkling cocktail
Thermal shock resistance
Mechanical shock resistance
Cut and polished rim for finer tasting
High transparency to accentuate the colour of the contents
Pulled stem - seamless for premium visual appreciation
Dishwasher safe  see our Crystal Glass Care Guide for more information",,Glass,1920,21,,
UB4508-B6,1920 Martini Cocktail Glass 21cl- Box 6,Urban Bar,Cocktails,£75.00,https://www.urbanbar.com/products/1920-martini-cocktail-glass-21cl-box-6,https://cdn.shopify.com/s/files/1/0467/5066/2816/files/UB4508-278456.jpg?v=1791359937,"An essential shape, the 1920 Martini Glass introduces Urban Bar's unique 1920 pattern to your martini serves. Made from lead-free crystal, this cocktail stemware has a premium transparency. Because of this high level of clarity, the pattern around the bowl catches light for a standout drink presentation. The 1920 pattern emulates the movement of bubbles in a sparkling drink. Due to the delicate etched design on the v-shaped bowl, extra visual depth is added to your cocktails.
Product Features
Lead-free crystal - FDA approved glass with no toxic additives
Etched pattern emulating the movement of bubbles in a sparkling cocktail
Thermal shock resistance
Mechanical shock resistance
Cut and polished rim for finer tasting
High transparency to accentuate the colour of the contents
Pulled stem - seamless for premium visual appreciation
Dishwasher safe see our Crystal Glass Care Guide for more information
Contains 6 Glasses",,Glass,1920,21,6,Box of 6
UB4510,Gold Rim Fizzio Champagne Glass Coupe 26cl,Urban Bar,Champagne,£15.00,https://www.urbanbar.com/products/retro-fizzio-gold-rim-coupe-glass-26cl,https://cdn.shopify.com/s/files/1/0467/5066/2816/files/UB4510.jpg?v=1791379138,"The Fizzio Gold Rim Coupe is equally ideal for serving either champagne or cocktails. The retro flat bowl coupe design is inspired by vintage prohibition era decadence. In addition, this stunning shape is enhanced with a real-gold hand-painted rim. Due to the lead-free crystal material, this coupe features a high level of clarity. This premium transparency helps the contents shine through, thus promoting your serve. The reflective gold rim adds an eye-catching, but minimal, decoration that frames the drink within.
Product Features
Lead-free crystal - FDA approved glass with no toxic additives
Thermal shock resistance
Mechanical shock resistance
Gold plated rim - hand applied food-safe real gold
Cut and polished rim for finer tasting
High transparency to accentuate the colour of the contents
Pulled stem - seamless for premium visual appreciation
Hand wash only - See our Product Care page for more information",Gold,Glass,,26,,
UB4512,1910 Gin Balloon Glass 65cl,Urban Bar,Speciality,£11.67,https://www.urbanbar.com/products/crystal-1910-gin-balloon-glass-65cl,https://cdn.shopify.com/s/files/1/0467/5066/2816/files/UB4512.jpg?v=1791379155,"Made from lead-free crystal, the 1910 Gin Balloon Glass is made for premium drink presentation. Due to the high grade material, this copa de balon has a high level of transparency. This high quality material synergises with the etched pattern around the bowl to create a delicate interaction with the atmospheric light. Inspired by the Lady Hamilton Pall Mall glassware, this contemporary cocktail glass exudes a vintage aesthetic. Consequently, this unique retro pattern harks back to prohibition era drinking, fitting well with art deco design.
Product Features
Copa de balon style stemmed gin balloon glass
Elegant Prohibition era aesthetic with etched pattern inspired by classic Pall Mall glassware
Big capacity for mixers or extra ice
Lead-free crystal - FDA approved glass with no toxic additives
Thin walled bowl gives lightweight finish to drinkers
High transparency - lasts up to 1500 industrial glasswasher cycles
Thermal shock resistance
Elegant seamless pulled stem adds beauty and strength
Laser treated rim for resistance to chipping
Dishwasher safe - see our Crystal Glass Care Guide for more information",,Glass,1910,65,,
UB4513,1910 Champagne Flute 32cl,Urban Bar,Champagne,£8.33,https://www.urbanbar.com/products/1910-champagne-flute-32cl,https://cdn.shopify.com/s/files/1/0467/5066/2816/files/white-UB3234.png?v=1791379987,"Serve champagne with a vintage aesthetic in the premium 1910 Champagne Flute. Inspired by antique glassware, this champagne glass features a delicate Art Deco inspired pattern etched around the bowl. Made from lead-free crystal, the 1910 Flute has a high level of clarity in the material. This premium transparency allows the drink inside to sparkle as it catches more light than in standard glass flutes.
Product Features
Lead-free crystal - FDA approved glass with no toxic additives
Elegant Prohibition era aesthetic with etched pattern inspired by classic Pall Mall glassware
Thermal shock resistance
Mechanical shock resistance
Cut and polished rim for finer tasting
High transparency to accentuate the colour of the contents
Pulled stem - seamless for premium visual appreciation
Dishwasher safe - see our Crystal Glass Care Guide for more information",,Glass,1910,32,,
UB4545,1910 Stemmed Beer Glass 46cl,Urban Bar,Beer,£8.33,https://www.urbanbar.com/products/crystal-1910-stemmed-beer-glass-46cl,https://cdn.shopify.com/s/files/1/0467/5066/2816/files/Urban_Bar_Sam_Gee_Photography_Shoot1155.jpg?v=1791379170,"The elegant 1910 Stemmed Beer Glass is inspired by antique glassware design. Styled after classic Pall Mall glasses, the delicate etched pattern adds a subtle decoration to your beer service. Made from lead-free crystal, this stemmed beer glass has a high level of clarity. This transparency promotes the colour of the drink and ensures the sparkle shines through. Perfect for serving wheat beers and lagers, the tall shape of the bowl allows aromas to develop and gives room for a head.
Product Features
Elegant Prohibition era aesthetic with etched pattern inspired by classic Pall Mall glassware
Lead-free crystal - FDA approved glass with no toxic additives
Thin walled bowl gives lightweight finish to drinkers
High transparency - lasts up to 1500 industrial glasswasher cycles
Thermal shock resistance
Elegant seamless pulled stem adds beauty and strength
Laser treated rim for resistance to chipping
Dishwasher safe - see our Crystal Glass Care Guide for more information",,Glass,1910,46,,
UB4546,1910 Bacci Wine 43cl,Urban Bar,Wine,£8.33,https://www.urbanbar.com/products/crystal-1910-wine-glass-43cl,https://cdn.shopify.com/s/files/1/0467/5066/2816/files/UB4546dims.jpg?v=1791379184,"This 1910 Wine Glass offers a vintage aesthetic with premium crystal construction. The lead-free crystal body gives premium transparency, which, as a result, helps accentuate the colour of the drink. This glass is the perfect size for serving white wine, but can be used for reds, or even cocktails. The bowl of this premium wine glass is decorated with Urban Bar's 1910 pattern, which is styled after the classic Lady Hamilton Pall Mall decoration. The bowl also features a softly angled shape which provides a natural fill line around the half-way point.
Product Features
Lead-free crystal - FDA approved glass with no toxic additives
Elegant Prohibition era aesthetic with etched pattern inspired by classic Pall Mall glassware
Angled bowl adds natural fill line at the curve point
Thermal shock resistance
Mechanical shock resistance
Cut and polished rim for finer tasting
High transparency to accentuate the colour of the contents
Pulled stem - seamless for premium visual appreciation
Dishwasher safe  see our Crystal Glass Care Guide for more information",,,1910,43,,
UB4552,Tattoo Glass Cocktail Mixing Jug 60cl,Urban Bar,"Jugs, Pitchers & Carafes",£22.50,https://www.urbanbar.com/products/tattoo-mixing-glass-80cl,https://cdn.shopify.com/s/files/1/0467/5066/2816/files/UB4552-5.jpg?v=1791379995,"Make a permanent addition to your mixology with the Tattoo Mixing Glass, decorated with retro tattoo imagery. This handmade glass mixing jug features straight sides for easy stirring, and a handy pouring spout on the rim. The Tattoo Mixing Jug comes gift boxed, perfect for your favourite bartender. Whether the user is tattooed or ink free, this professional mixing glass makes a stunning visual impression on any bar top.
Product Features:
Cocktail mixing jug with tattoo imagery
Handmade heavyweight glass
Striking vertical wall design
White decal full-wrap decoration
Heavy base for stability when mixing
Pouring spout
Colour printed gift box
Hand wash only - see our Glass Care Guide for more information",,Glass,Tattoo & Tiki,60,,
UB4568,Handmade Crystal Islay Jug 200ml,Urban Bar,"Jugs, Pitchers & Carafes",£12.50,https://www.urbanbar.com/products/handmade-crystal-islay-jug-200ml,https://cdn.shopify.com/s/files/1/0467/5066/2816/files/UB4568.jpg?v=1791379192,Small handmade glass jug for serving at whisky tastings. Unique rounded square shape.,,Crystal,,20,,
UB4652,Ergo Bar Blade 17cm,Urban Bar,Openers,£9.17,https://www.urbanbar.com/products/ergo-bar-blade,https://cdn.shopify.com/s/files/1/0467/5066/2816/files/UB4652_3bde8135-ae8f-40e6-a29f-937384530878.jpg?v=1791377120,"Remove crown bottle caps with ease with this stainless steel bar blade. In addition, this bottle opener has a feature to remove hard stuck spirit pourers from bottles as well as an ergonomic handle to ensure an easy grip.
Product Features:
2 in 1 bar blade
Crown cap opener head
Pourer lever at the end to easily remove spirit pourers
Double use design increases function and saves time behind a busy bar
Made from magnetic 18/0 stainless steel for use with magnetic belt clips and other magnetic storage
Speed pourer remover hole also acts as a spinner ring for flair bartending
Dishwasher safe - see our Steel Care Guide page for more information",,,,,,
UB4676,Ergo Stainless Steel Ice Tongs 12cm,Urban Bar,Ice & Champagne,£10.00,https://www.urbanbar.com/products/ergo-ice-tongs,https://cdn.shopify.com/s/files/1/0467/5066/2816/files/UB4676-7_639ae127-7fa2-4dad-9ebb-9a169a766bf0.jpg?v=1791367246,"A must-have behind any bar, these smaller tongs have sharp teeth to help grip slippery ice cubes and prevent unnecessary clean-up.
Product Features:
Small ice tongs, perfect for individual drink service
Sharp teeth for easy hold on ice cubes
Ergonomic shape for a comfortable grip in the hand
Made from premium 18/8 stainless steel
High level of corrosion resistance for greater longevity
Polished finish for a stunning look on the bar top
Gift Boxed
Dishwasher safe - see our Steel Care Guide page for more information",,Stainless Steel,,,,
UB4694,Calabrese Bullet Shaker 40cl,Urban Bar,Shake,£38.33,https://www.urbanbar.com/products/calabrese-bullet-shaker-40cl,https://cdn.shopify.com/s/files/1/0467/5066/2816/files/white-3300-D-1101.jpg?v=1791381357,"Developed in collaboration with Salvatore ""El Maestro"" Calabrese, the Calabrese Bullet Shaker is a novel solution for dry shake. Incorporating an inbuilt spring mechanism which acts as a whisk, this neat high-quality steel shaker provides a quick, efficient and clean solution to emulsify egg white based cocktails.
Product Features
2 piece cocktail shaker designed in collaboration with Salvatore 'The Maestro' Calabrese
Made from premium 0.9mm 18/8 Japanese steel for greater corrosion resistance
Easy to clean, removable whisk
Easy to separate the two parts after shaking, just ease the top away from the base
Outlasts standard poor grade steel shakers
Polished finish
'Calabrese Urban Bar Professional' etched on the bottom of the shaker
Dishwasher safe - see our Steel Care Guide page for more information",,,Calabrese,40,,
UB4777,Silicone Ice Cube Tray - 4 Cube,Urban Bar,Ice & Champagne,£8.33,https://www.urbanbar.com/products/silicone-ice-cube-tray-4-cube,https://cdn.shopify.com/s/files/1/0467/5066/2816/files/UB4777-9.jpg?v=1791377142,"Create a bold drink service with Urban Bar's Silicone Ice Cube Tray. This 4 cavity ice mould produces large ice cubes, 4.3cm square. The shape of this ice mould gives sharp edges to the cubes. Due to this refined shape, your ice becomes a garnish in itself.
Place one cube in a rocks tumbler for a stunning looking whisky on the rocks. Alternatively, place one of these large ice cubes in a coupe for a unique way of presenting a cocktail.
Made from BPA-free silicone, this flexible ice cube tray is odour and stain resistant. It's these superior qualities that ensure this essential bar tool has great longevity.
Product Features:
Flexible silicone ice tray
Produces 4 large 4.3cm ice cubes, perfect for rocks tumblers
Non-stick for easy to remove ice cubes
Flat, square sides and base for easy stacking
Food-safe
BPA-free
Odour resistant
Stain resistant
Freezer and oven safe from -40°C to 230°C / -40°F to 446°F
Gift packaging
Dishwasher safe",,Silicone,,,,
UB4778,Silicone Ice Cube Tray - 9 Cube,Urban Bar,Ice & Champagne,£10.00,https://www.urbanbar.com/products/silicone-ice-cube-tray-9-cube,https://cdn.shopify.com/s/files/1/0467/5066/2816/files/UB4778.jpg?v=1791377159,"This ice cube tray produces 33mm ice cubes with sharp edges, adding a bold visual aesthetic to chilled drinks.
Made from highly resistant silicone, this 9-cube tray can withstand temperatures from -40°C to 230°C.
Product Features:
Flexible silicone ice tray
Produces 9x 3.3cm ice cubes
Non-stick for easy to remove ice cubes
Flat, square sides and base for easy stacking
Food-safe
BPA-free
Odour resistant
Stain resistant
Freezer and oven safe from -40°C to 230°C / -40°F to 446°F
Gift packaging
Dishwasher safe",,Silicone,,,,
UB4785,Black Champagne Cocktail Glass Coupe 21cl Oro Nero,Urban Bar,Champagne,£14.17,https://www.urbanbar.com/products/oro-nero-coupe-glass,https://cdn.shopify.com/s/files/1/0467/5066/2816/files/UB4785-5_c1c54068-e215-4b50-99ce-ca1a6a6fbff5.jpg?v=1791377173,,Black,Glass,,21,,
UB4786,Black Champagne Cocktail Glass Goblet 20cl Oro Nero Fizz,Urban Bar,Champagne,£15.00,https://www.urbanbar.com/products/oro-nero-fizz-glass,https://cdn.shopify.com/s/files/1/0467/5066/2816/files/UB4786-2_bbe8fed4-8f92-4dad-95ba-bb1c69b0c489.jpg?v=1791377197,"Urban Bar's popular stemmed cocktail glass gets a makeover with the Oro Nero Fizz. This bold take on a classic glass adds a matt black exterior, with a sparkling copper coloured interior.
This shining copper colour sparkles out from the dark facade, creating a unique visual contrast compared to standard glassware. With a stunning look, this cocktail glass helps enhance a colourless cocktail, becoming a garnish in its own right.
Product Features:
Vintage stemmed glass with a black coated exterior and a sparkling copper colour interior
Coupe with a flat base bowl and flared sides
Lead-free crystal - FDA approved glass with no toxic additives
Premium elegance for single serves
Thermal shock resistance
Laser treated rim for resistance to chipping
Perfect for cocktails or champagne and sparkling wines
Dishwasher safe - see our Glass Care Guide for more information",Black,Glass,,20,,
UB4787,Black Champagne Cocktail Glass Saucer 26cl Oro Nero Fizzio,Urban Bar,Champagne,£16.67,https://www.urbanbar.com/products/oro-nero-fizzio-coupe-glass,https://cdn.shopify.com/s/files/1/0467/5066/2816/files/UB4787-2_ff931982-8ea4-4469-ad50-fe9036eae247.jpg?v=1791377217,"Enhance your drink service aesthetic with the Oro Nero Fizzio Coupe. This crystal coupe features a sparkling copper interior with a matt black exterior, giving you a unique way to present drinks.
The bright copper inside the bowl makes your drink shine out, reducing the need to decorate it elsewhere. Made from premium lead-free crystal, this black champagne saucer allows you to serve ungarnished drinks, saving on waste.
While the matt black coating is dishwasher safe, we would always recommend careful hand washing to lengthen the life of this stemware.
Product Features:
Vintage stemmed glass with a black coated exterior and a sparkling copper colour interior
Coupe with a flat base bowl and flared sides
Lead-free crystal  FDA approved glass with no toxic additives
Premium elegance for single serves
Thermal shock resistance
Laser treated rim for resistance to chipping
Perfect for cocktails or champagne and sparkling wines
Dishwasher safe - see our Glass Care Guide for more information",Black,Glass,,26,,
UB4830,Ginza Tall Cuts Old Fashioned Tumbler 31cl,Urban Bar,Rocks,£10.83,https://www.urbanbar.com/products/ginza-tall-cuts-old-fashioned-tumbler-31cl,https://cdn.shopify.com/s/files/1/0467/5066/2816/files/urban-bar-ginza-old-fashioned-glass_54f10459-7451-4fb7-8fd1-880f4a90ec40.jpg?v=1791367682,"This diamond cut tumbler has a heavyweight base and is made from premium crystal, making it the perfect choice for your whisky on the rocks serves.
Product Features
Heavyweight old fashioned tumbler
Premium crystal glass
High clarity
Cut glass diamond pattern with accentuating vertical cuts
Dishwasher safe - see our Crystal Glass Care Guide for more information",,Glass,,31,,
UB4831,Ginza Tall Cuts Highball Glass 35cl,Urban Bar,Hiballs,£14.17,https://www.urbanbar.com/products/ginza-tall-cuts-highball-glass-35cl,https://cdn.shopify.com/s/files/1/0467/5066/2816/files/urban-bar-ginza-highball-glass.jpg?v=1791380014,"This diamond cut highball is made from lead free crystal, giving your drinks the clearest presentation, and is well suited to long cocktails and gin drinks.
Product Features:
Lead-free crystal highball tumbler
Cut glass diamond pattern
High clarity
Dishwasher safe - see our Crystal Glass Care Guide for more information",,Glass,,35,,
UB4832,Ginza Tall Cuts Pilsner Glass 46cl,Urban Bar,Beer,£12.50,https://www.urbanbar.com/products/crystal-ginza-tall-cuts-pilsner-glass-46cl,https://cdn.shopify.com/s/files/1/0467/5066/2816/files/UB4832.jpg?v=1791379200,"The Ginza Tall Cuts Pilsner Glass is made from crystal glass, giving mechanical and thermal shock resistance. Beer aromas get directed towards the nose due to the subtle tulip shape of the bowl, allowing for all-round beer appreciation. This stemmed beer glass has a bold diamond cut-glass pattern adding a bold light play to your serve. The Ginza Pilsner Glass elevates beer service in all areas, making it an ideal addition to premium drinks presentation,
Product Features
Lead-free crystal - FDA approved glass with no toxic additives
Thermal shock resistance
Mechanical shock resistance
Cut and polished rim for finer tasting
Diamond cut design around the bowl
High transparency to accentuate the colour of the contents
Pulled stem - seamless for premium visual appreciation
Dishwasher safe  see our Crystal Glass Care Guide for more information",,Glass,,46,,
UB4833,Ginza Tall Cuts Martini Glass 21cl,Urban Bar,Cocktails,£14.17,https://www.urbanbar.com/products/crystal-ginza-tall-cuts-martini-glass-21cl,https://cdn.shopify.com/s/files/1/0467/5066/2816/files/UB4833-2.jpg?v=1791379221,"The Ginza Tall Cuts Martini Glass adds heightened aesthetics to your cocktail service. Made from lead-free crystal glass, this stemware has high transparency for extra clarity. The cut-glass pattern adds a unique light play to drinks for premium presentation. The Ginza Martini Glass has high mechanical and thermal shock resistance. This ensures their longevity in a busy cocktail bar, outlasting other cocktail glasses.
Product Features
Lead-free crystal - FDA approved glass with no toxic additives
Diamond cut glass design
Thermal shock resistance
Mechanical shock resistance
Cut and polished rim for finer tasting
High transparency to accentuate the colour of the contents
Pulled stem - seamless for premium visual appreciation
Dishwasher safe - see our Crystal Glass Care Guide for more information",,Glass,,21,,
UB4833-B6,Ginza Tall Cuts Martini Glass 21cl- Box 6,Urban Bar,Cocktails,£80.83,https://www.urbanbar.com/products/ginza-tall-cuts-martini-glass-21cl-box-6,https://cdn.shopify.com/s/files/1/0467/5066/2816/files/UB4833-049912.jpg?v=1791360120,"The Ginza Tall Cuts Martini Glass adds heightened aesthetics to your cocktail service. Made from lead-free crystal glass, this stemware has high transparency for extra clarity. The cut-glass pattern adds a unique light play to drinks for premium presentation. The Ginza Martini Glass has high mechanical and thermal shock resistance. This ensures their longevity in a busy cocktail bar, outlasting other cocktail glasses.
Product Features
Lead-free crystal - FDA approved glass with no toxic additives
Diamond cut glass design
Thermal shock resistance
Mechanical shock resistance
Cut and polished rim for finer tasting
High transparency to accentuate the colour of the contents
Pulled stem - seamless for premium visual appreciation
Dishwasher safe - see our Crystal Glass Care Guide for more information
Contains 6 Glasses",,Glass,,21,6,Box of 6
UB4852,Ergo Large Ice Tongs,Urban Bar,Ice & Champagne,£10.00,https://www.urbanbar.com/products/large-ergo-ice-tongs,https://cdn.shopify.com/s/files/1/0467/5066/2816/files/UB4676.jpg?v=1791377321,"An essential part of any bar, the Large Ergo Ice Tongs feature sharp teeth, perfect for picking up ice cubes.
Product Features:
Steel ice tongs
Sharp teeth for easy hold on ice cubes
Ergonomic shape for a comfortable grip in the hand
Made from premium 18/8 stainless steel
High level of corrosion resistance for greater longevity
Polished finish for a stunning look on the bar top
Gift Boxed
Dishwasher safe - see our Steel Care Guide page for more information",,,,,,
UB4863,Tattoo Cotton Tote Bag 39cm x 42cm,Urban Bar,Bar Top Accessories,£10.00,https://www.urbanbar.com/products/tattoo-tote-bag,https://cdn.shopify.com/s/files/1/0467/5066/2816/files/UB4863.jpg?v=1791358802,"The Tattoo Tote Bag provides an excellent everyday companion, finished with a unique decoration. Made from 100% cotton, this bag-for-life features Urban Bar's own tattoo pattern hand screen-printed on the front.
Great for gifting along with our Tattoo Barware, this robust tote bag is perfect for packing some of our gift boxed tattoo bar tools.
This eco-friendly reusable bag is a superior alternative to plastic, and is made to strict ethical trading standards.
Product Features:
100% cotton tote bag ""bag for life""
Hand screen-printed with Urban Bar's popular tattoo themed imagery
15cm base to carry wide items
Natural cotton colour material with black decoration
Bag is machine washable, but to retain the print the bag should be wiped clean only",,,Tattoo & Tiki,,,
UB4885,Tiki Cocktail Mixing Jug Glass 80cl,Urban Bar,"Jugs, Pitchers & Carafes",£22.50,https://www.urbanbar.com/products/tiki-mixing-glass-80cl,https://cdn.shopify.com/s/files/1/0467/5066/2816/files/UB4885.jpg?v=1791380025,"Add a decorative garnish to your mixology with the Tiki Mixing Glass. This straight-sided cocktail jug features Urban Bar's tiki icons to give your cocktail making a tropical aesthetic!
Product Features:
Cocktail mixing jug with tropical tiki imagery
Handmade heavyweight glass
Striking vertical wall design
White decal full-wrap decoration
Heavy base for stability when mixing
Pouring spout
Colour printed gift box
Hand wash only - see our Glass Care Guide for more information",,Glass,Tattoo & Tiki,80,,
UB4900,Verdot Gold Rim Martini Glass 21cl,Urban Bar,Cocktails,£14.17,https://www.urbanbar.com/products/crystal-verdot-gold-rim-martini-glass-21cl,https://cdn.shopify.com/s/files/1/0467/5066/2816/files/UB4900-3.jpg?v=1791379233,"Adding a new dimension to your serves, the Verdot Gold Rim Martini Glass shines out on your bar top. This premium stemware matches lead free crystal with gold plating for luxury drink service. With a high level of transparency the Gold Rim Martini Glass accentuates the contents of the glass. Whether serving a clear martini, or colourful Manhattan, the high quality material shows off the best aesthetics of your drink.
Product Features
Lead-free crystal - FDA approved glass with no toxic additives
Thermal shock resistance
Mechanical shock resistance
Gold plated rim - hand applied food-safe real gold
Cut and polished rim for finer tasting
High transparency to accentuate the colour of the contents
Pulled stem - seamless for premium visual appreciation
Hand wash only - See our Product Care page for more information",Gold,Glass,,21,,
UB4900-B6,Verdot Gold Rim Martini Glass 21cl- Box 6,Urban Bar,Cocktails,£80.83,https://www.urbanbar.com/products/verdot-gold-rim-martini-glass-21cl-box-6,https://cdn.shopify.com/s/files/1/0467/5066/2816/files/UB4900-529720.jpg?v=1791359032,"Adding a new dimension to your serves, the Verdot Gold Rim Martini Glass shines out on your bar top. This premium stemware matches lead free crystal with gold plating for luxury drink service. With a high level of transparency the Gold Rim Martini Glass accentuates the contents of the glass. Whether serving a clear martini, or colourful Manhattan, the high quality material shows off the best aesthetics of your drink.
Product Features
Lead-free crystal - FDA approved glass with no toxic additives
Thermal shock resistance
Mechanical shock resistance
Gold plated rim - hand applied food-safe real gold
Cut and polished rim for finer tasting
High transparency to accentuate the colour of the contents
Pulled stem - seamless for premium visual appreciation
Hand wash only - See our Product Care page for more information
Contains 6 Glasses",Gold,Glass,,21,6,Box of 6
UB4917,Barrel Dram 7cl,Urban Bar,Shot Glasses,£5.00,https://www.urbanbar.com/products/barrel-dram-7cl,https://cdn.shopify.com/s/files/1/0467/5066/2816/files/white-UB4917.png?v=1791376725,"A wee dram of whisky is hugely satisfying - even more so when served in the Barrel Dram Glass. Shaped like a miniature whisky barrel, this shot glass has convex curved sides. This ergonomic shape creates a comfortable hold when experiencing a fine spirit. A popular glass with spirit shops, the Barrel Dram is great for presenting whisky samples.
Product Features:
Small whisky glass
Serve a wee dram of your favourite spirit
Curved shape emulating a whisky barrel
Ideal for whisky samples
Dishwasher safe - see our Glassware Care Guide for more information",,,,7,,
UB4949,Tiki Old Fashioned Tumbler 25cl,Urban Bar,Rocks,£6.67,https://www.urbanbar.com/products/tiki-old-fashioned-glass-25cl,https://cdn.shopify.com/s/files/1/0467/5066/2816/files/UB4949-2_9d660227-5ee3-4217-bc4a-a86ca2012ff3.jpg?v=1791367546,"Whether serving a tropical Mai Tai cocktail, or a non alcoholic soft drink, the Tiki Old Fashioned Glass adds a taste of the Pacific. This classic glass rocks tumbler is decorated with Urban Bar's original tiki icons. Tiki heads, hula dancers, palm trees, pineapples and more adorn this straight-sided tumbler, perfect for serving short drinks over ice.
Product Features:
Classic rocks glass
Decorated with tropical tiki imagery
Ideal for serving spirits, cocktails and soft drinks
Etch colour decal full-wrap decoration
Hand wash only - see our Glass Care Guide for more information",,Glass,Tattoo & Tiki,25,,
UB4950,Tiki Highball Glass 30cl,Urban Bar,Hiballs,£6.67,https://www.urbanbar.com/products/tiki-highball-glass-30cl,https://cdn.shopify.com/s/files/1/0467/5066/2816/files/UB4950.jpg?v=1791367548,"Make your tropical cocktails pop with this decorated Tiki glass. This straight-sided highball glass features a classic minimal shape, which is contrasted with Urban Bar's decorative tiki icon pattern. A mix of tiki heads, hula dancers, palm trees, tropical flowers and more creates a vibrant vessel to display your cocktails. Whether you're serving a mai tai, or a blue Hawaiian, this tiki hiball glass adds visual flourish to any drink.
Product Features:
Classic highball glass
Decorated with tropical tiki imagery
Ideal for serving long drinks
Etch colour decal full-wrap decoration
Hand wash only - see our Glass Care Guide for more information",,Glass,Tattoo & Tiki,30,,
UB4951,Tattoo Old Fashioned Tumbler 25cl,Urban Bar,Rocks,£6.67,https://www.urbanbar.com/products/tattoo-old-fashioned-glass-25cl,https://cdn.shopify.com/s/files/1/0467/5066/2816/files/white-8caa3dbb-9508-4d33-8aa1-64384f329460.jpg?v=1791379261,"Classic old fashioned tumbler glass, re-imagined with tattoo pattern images (skull & crossbones, roses, dice) which give a unique aesthetic to your bar service and drinks.
Product Features:
Classic rocks glass
Decorated with tattoo themed imagery
Ideal for serving spirits, cocktails and soft drinks
Etch colour decal full-wrap decoration
Hand wash only  see our Glass Care Guide for more information",,Glass,Tattoo & Tiki,25,,
UB4952,Tattoo Highball Glass 30cl,Urban Bar,Hiballs,£6.67,https://www.urbanbar.com/products/tattoo-highball-glass-30cl,https://cdn.shopify.com/s/files/1/0467/5066/2816/files/UB4952.jpg?v=1791379287,"Extend your own tattoos to your drink service with the Tattoo Highball Glass. This classic hiball tumbler features Urban Bar's tattoo themed pattern in an etch print around the outside. Our unique Tattoo Glass includes nautical and rockabilly characters synonymous with retro tattoo styles. Complementing a tattooed bartender, this unique highball glass brings the aesthetics of the drink making through to the serve itself.
Product Features:
Classic highball glass
Decorated with tattoo themed imagery
Ideal for serving longdrinks
Etch colour decal full-wrap decoration
Hand wash only - see our Glass Care Guide for more information",,Glass,Tattoo & Tiki,30,,
UB4953,Cocktail Sampling Spoon 15cm,Urban Bar,Stir,£4.17,https://www.urbanbar.com/products/cocktail-sampling-spoon-15cm,https://cdn.shopify.com/s/files/1/0467/5066/2816/files/UB4953.jpg?v=1791379301,"Banish plastic straws from the cocktail sampling process with the stainless steel Cocktail Sampling Spoon. This small cocktail spatula allows a mixologist to taste their creation before being served to the customer, ensuring the final mix is only of the highest quality. The old-fashioned cocktail sampling process involves the quick disposal of a non-compostable plastic straw. This form of cocktail tasting is wasteful and not environmentally friendly. The Cocktail Sampling Spoon offers a reusable tool for scooping a small amount of liquid at a time. This spoon can then be washed and reused, helping reducing a bar's waste, and impact on the environment.
Product Features:
Small sampling spoon for cocktails
Replaces the out of date process of using plastic straws
Reduces non-compostable waste
Premium 18/8 Japanese steel for high level of corrosion resistance
High quality material ensure longevity over standard steel items
Polished finish for attractive finish on the bar top
Dishwasher safe - see our Steel Care Guide for more information",,,,,,
UB4954,Sallet Draining Ice Scoop,Urban Bar,Ice & Champagne,£14.17,https://www.urbanbar.com/products/sallet-draining-ice-scoop,https://cdn.shopify.com/s/files/1/0467/5066/2816/files/Urban_Bar_Sam_Gee_Photography_Shoot1115_16b3f49b-cc76-4939-826e-4322e6b80ba3.jpg?v=1791381389,"The Sallet Draining Ice Scoop is ideal for serving ice cubes and crushed ice. The T shaped hole allows small ice pieces and water to empty from the scoop preventing them from making it to the glass or shaker and diluting the drink.
It also has a heavy handle the end of which can be used, when held in the fist to hit and break up larger pieces of ice that get frozen together.
Made from high quality polished aluminium, it has an agronomical design making it essential barware for a professional mixologist.",,,,,,
UB4960,Barrel Wax 7ml,Urban Bar,Speciality,£5.83,https://www.urbanbar.com/products/barrel-wax-7ml,https://cdn.shopify.com/s/files/1/0467/5066/2816/files/20220916_130632-removebg-preview.png?v=1791359911,"Made from Natural Beeswax, Barrel wax is used during the curing process for whisky ageing barrels. While curing a barrel should seal any natural gaps, a small amount of barrel wax is ideal for sealing up any further leaks.
To help seal a leak in your oak barrel, rub the wax gently between your fingers until it softens; to apply simply press in to the gap.
Our barrel wax is made from 100% natural beeswax, without any added synthetic oils or softeners. This is intentional, as it keeps the product food-safe, long-lasting, and suitable for use on wood that comes into contact with spirits. However, because it’s a completely natural material, its texture can vary more than a blended or petroleum-based wax.
Beeswax naturally reacts to temperature changes during transport or storage. If it has been exposed to colder conditions, the wax crystals inside the beeswax can become firmer and more brittle, which can lead to a crumbly texture. Normally, gentle warming helps these crystals relax and return to a softer, more malleable state — but in some cases, if the wax has cooled too quickly or unevenly, it may not fully recover its smooth consistency.
Packaging may differ from image shown",,,,0.7,,
UB4997,Coley Three Piece Footed Shaker Polished 50cl,Urban Bar,Shake,£28.33,https://www.urbanbar.com/products/coley-three-piece-footed-shaker-polished-50cl,https://cdn.shopify.com/s/files/1/0467/5066/2816/files/UB997.jpg?v=1791367768,"This is a classic three piece shaker with lid and integrated strainer. An essential for the majority of cocktails, made from premium stainless steel, dishwasher safe and available in matt and polished finish and with and without a foot.",,,,50,,
UB5,Classic Shot Glass 5cl,Urban Bar,Shot Glasses,£8.33,https://www.urbanbar.com/products/classic-shot-glass-5cl,https://cdn.shopify.com/s/files/1/0467/5066/2816/files/UB5.jpg?v=1791380036,This glass is much too good for slamming! Keep in the freezer ready for your favourite vodka.,,Glass,,5,,
UB500-1,1890 Water Glass 24cl,Urban Bar,Hiballs,£6.67,https://www.urbanbar.com/products/1890-water-glass-24cl,https://cdn.shopify.com/s/files/1/0467/5066/2816/files/UB500-1-3.jpg?v=1791380047,"The 1890 Water Glass adds a retro aesthetic to everyday drinkware. With a vintage pattern, this glass creates a unique presentation for soft drinks. The etching pattern evokes Victorian design, and matches with the other 1890 glassware. This tumbler sits alongside the rest of the range for a complete premium drink service. Made from lead-free crystal, this small highball glass makes everyday dining special.
Product Features:
Water glass with a vintage etched pattern
Premium lead-free crystal glass
Etched vintage Edwardian style floral swag design
Dishwasher safe - see our Crystal Glass Care Guide for more information",,Glass,1890,24,,
UB500-2,1910 Water Glass 24cl,Urban Bar,Hiballs,£6.67,https://www.urbanbar.com/products/1910-water-glass-24cl,https://cdn.shopify.com/s/files/1/0467/5066/2816/files/UB500-2-2.jpg?v=1791367690,"The 1910 Water Glass completes the popular range of etched vintage glassware. Matching the stemware and tumblers, this small glass suits soft drinks. Made from crystal glass, the 1910 tumbler has high clarity for a bright table service. Suited to everyday premium drinks service, this tumbler is dishwasher safe. The vintage etched pattern on this juice glass evokes early 20th century design. Because of this unique aesthetic, your everyday drinks get promoted to a new level.
Product Features
Water glass with a vintage etched pattern
Premium lead-free crystal glass
Vintage etched design
Dishwasher safe - see our Crystal Glass Care Guide for more information",,Glass,1910,24,,
UB5036,Waiter's Friend Corkscrew,Urban Bar,Openers,£15.00,https://www.urbanbar.com/products/waiters-friend-corkscrew,https://cdn.shopify.com/s/files/1/0467/5066/2816/files/UB5036.jpg?v=1791359958,"This double pull waiter's friend makes cork extraction a quick and easy process. With an elegant brushed steel and wood finish, this sommelier's corkscrew is an essential addition to any bar top.
Product Features:
3 in 1 sommelier corkscrew
Corkscrew for opening wine bottles
Crown-cap opener for tonics, soft drinks, and beers
Serrated foil cutter blade for wine and champagne bottles
Easy-to-use double-step cork extraction
Compact and lightweight for easy pocket storage
Strong 18/10 stainless steel construction
Wood handle for elegant finish - varnished to avoid swelling and damage during washing
Hand wash only
Due to the nature of production you may find some variants on the colour and patterns of the wood",,,,,,
UB5043,Soba Kiri Knife 24cm,Urban Bar,Knives & Cutting Boards,£90.83,https://www.urbanbar.com/products/soba-kiri-knife-24cm,https://cdn.shopify.com/s/files/1/0467/5066/2816/files/UB5043_17062943-d4e0-4c06-b35b-bfb98e2523ac.jpg?v=1791377353,"Premium Japanese Soba Kiri Knife, perfect for chopping ice blocks for use in cocktails. The soba kiri is crafted for professional chefs to make noodles by hand. However the high quality steel blade is suitable for repurposing in mixology. Place this knife on a block of ice, and hammer with a wooden mallet to achieve a precise, straight cut through the block.
Product Features:
Premium Japanese cleaver
Use for chopping ice blocks in cocktail making
Stainless steel
Rust resistance
Gift boxed
Made in Japan
Hand wash only",,,Japanese Barware,,,
UB5051,Wooden Ice Mallet,Urban Bar,Ice & Champagne,£12.50,https://www.urbanbar.com/products/wooden-ice-mallet,https://cdn.shopify.com/s/files/1/0467/5066/2816/files/UB5051_fd9026d6-9139-4ec5-bf55-f3060ea5ae14.jpg?v=1790781600,"Pair the Wooden Ice Mallet with the Soba Kiri Knife to achieve clean chops in ice blocks. Carving your own ice, ready for use in cocktails, creates a fully hand-crafted experience for drinkers. Place a cleaver or Soba Kiri on a large block of ice, then use the ice mallet to hammer the blade down on to the ice, giving a straight break in the block.",,Wood,,,,
UB5067,Taster Tumbler 22cl,Urban Bar,Brandy & Fortified Wine,£5.83,https://www.urbanbar.com/products/push-up-glass,,"A fine lightweight crystal tumbler with a push up in the base, ideal for putting a thumb in when tasting, a comfortable glass. An ideal shape for the appreciation of spirit or wine and can also take a small splash of something or an ice cube or two!",,Glass,,22,,
UB5159,Verdot Mini Martini Glass 4.5cl,Urban Bar,Cocktails,£11.67,https://www.urbanbar.com/products/handmade-crystal-verdot-mini-martini-glass-4-5cl,https://cdn.shopify.com/s/files/1/0467/5066/2816/files/UB5159.jpg?v=1791379312,"Serve small drinks in style with the Verdot Mini Martini Glass. This tiny cocktail glass has a similar volume to a shot glass, giving it unique serving value. Perfect for offering samples, this glass can take many pours from a cocktail shaker. Alternatively, use this V-shaped glass for presenting appetisers and hors d'oeuvre.
Product Features:
Small martini glass
Classic V-shape design
Hand made
Perfect for aperitifs and mini cocktails
Dishwasher safe - see our Glassware Care Guide for more information",,Glass,,4.5,,
UB5160,Verdot Small Martini Glass 12.5cl,Urban Bar,Cocktails,£14.17,https://www.urbanbar.com/products/handmade-crystal-verdot-mini-martini-glass-12-5cl,https://cdn.shopify.com/s/files/1/0467/5066/2816/files/UB5160.png?v=1791379322,"Get creative with some miniature serves with the Verdot Mini Martini Glass 12.5cl. This small cocktail glass is great for sipping cocktails, or serving aperitifs. Create a series of sample drinks for tasting sessions and present them in real glassware. Alternatively, these mini martini glasses make stunning serveware for appetisers.
Product Features:
Small martini glass
Classic V-shape design
Hand made
Perfect for aperitifs and mini cocktails
Dishwasher safe - see our Glassware Care Guide for more information",,Glass,,12.5,,
UB5170,Coley Three Piece Shaker Polished 50cl,Urban Bar,Shake,£26.67,https://www.urbanbar.com/products/coley-three-piece-shaker-polished-50cl,https://cdn.shopify.com/s/files/1/0467/5066/2816/files/Urban_Bar_Sam_Gee_Photography_Shoot1214resized_1_ffbfab08-2358-46cc-9ff7-9fbe12a00bc4.jpg?v=1791380446,"This is a classic three piece shaker with lid and integrated strainer. An essential for the majority of cocktails, made from premium stainless steel, dishwasher safe and available in matt and polished finish and with and without a foot.",,,,50,,
UB5171,Coley Three Piece Footed Shaker Matt Finish 50cl,Urban Bar,Shake,£28.33,https://www.urbanbar.com/products/coley-three-piece-footed-shaker-matt-finish-50cl,,"This is a classic three piece shaker with lid and integrated strainer. An essential for the majority of cocktails, made from premium stainless steel, dishwasher safe and available in matt and polished finish and with and without a foot.",,,,50,,
UB5172,Coley Three Piece Shaker Matt Finish 50cl,Urban Bar,Shake,£26.67,https://www.urbanbar.com/products/coley-three-piece-shaker-matt-finish-50cl,https://cdn.shopify.com/s/files/1/0467/5066/2816/files/UB5172-2.jpg?v=1791380546,"This is a classic three piece shaker with lid and integrated strainer. An essential for the majority of cocktails, made from premium stainless steel, dishwasher safe and available in matt and polished finish and with and without a foot.",,,,50,,
UB5196,Bamboo Straws (5) in Hessian Pouch with Brush 23cm,Urban Bar,Straws,£7.50,https://www.urbanbar.com/products/5-ub-bamboo-straws-in-ub-pouch,https://cdn.shopify.com/s/files/1/0467/5066/2816/files/UB5196.jpg?v=1791358522,"Made from 100% natural bamboo and come packed in a pouch with a small brush to clean them. They leave no taste and can be simply hand washed and used time and again. Ideal for use in hiballs (too tall for old fashioned glasses).
Ideal to replace plastics. Like all straws we would not recommend them for use by children.",,,,,,
UB52,Cubana Champagne Flute 16cl,Urban Bar,Champagne,£14.17,https://www.urbanbar.com/products/handmade-crystal-cubana-champagne-flute-16cl,https://cdn.shopify.com/s/files/1/0467/5066/2816/files/UB52.jpg?v=1791387945,"A modern flute with an angled bowl to allow the appreciation of delicate flavours.
Product Features:
Champagne flute
Handmade using traditional artisan glass production methods
Heavyweight solid glass stem
Bold aesthetic - the stem bends light on bar tops creating unique visual displays
Chill before use for best result
Dishwasher safe - see our Glassware Care Guide for more information",,Glass,,16,,
UB5260,Misato Recycled Old Fashioned Tumbler 27cl,Urban Bar,Rocks,£12.50,https://www.urbanbar.com/products/misato-recycled-old-fashioned-tumbler-27cl,https://cdn.shopify.com/s/files/1/0467/5066/2816/files/UB5260-Misato-OF.jpg?v=1791380788,"100% Handmade recycled glass, lightweight boho-chic and earthiness a multi-tasker: ideal as a water glass, cocktail or milk in the morning.
Product Features:
27cl tumbler
Gentle optic pattern with green hue
Made from recycled glass
Dishwasher proof - see our Glass Care Guide for more information",,Glass,,27,,
UB5264,Misato Recycled Goblet 30cl,Urban Bar,Speciality,£15.00,https://www.urbanbar.com/products/misato-recycled-goblet-30cl,https://cdn.shopify.com/s/files/1/0467/5066/2816/files/misato-goblet.jpg?v=1791380831,"Handmade 100% recycled glass, lightweight boho-chic and earthiness without being over chunky. Perfect for an easy glass of wine or a cocktail or dressed up soft drink.
Product Features:
27cl short stem goblet
Gentle optic pattern with green hue
Handmade from recycled glass, natural charm
Dishwasher proof - see our Glass Care Guide for more information",,,,30,,
UB5272,Misato Recycled Highball 30cl,Urban Bar,Hiballs,£12.50,https://www.urbanbar.com/products/misato-highball-30cl,https://cdn.shopify.com/s/files/1/0467/5066/2816/files/misato-two.jpg?v=1791380809,"100% Handmade recycled glass, lightweight boho-chic , suitable for a variety of used, an ideal water glass on an eclectic dining table, or for long cocktails at garden parties.
Product Features:
30cl highball glass
Gentle optic pattern with green hue
Handmade from recycled glass
Dishwasher proof - see our Glass Care Guide for more information",,Glass,,30,,
UB5282,Spey® Taster Glass with Lid 13cl,Urban Bar,Brandy & Fortified Wine,£10.83,https://www.urbanbar.com/products/spey-whisky-taster-glass-with-lid,https://cdn.shopify.com/s/files/1/0467/5066/2816/files/SB1002-SB1049.jpg?v=1791376809,"The Spey Taster with Lid is perfect for tasting events. This copita shaped glass offers a wide bowl for swirling and releasing hidden aromas, while the narrowed rim concentrates the vapours to your nose.
The accompanying Spey Lid is designed to fit perfectly with this Spey Taster Glass. The lid helps keep vapours contained in the glass, ideal for not contaminating your nose when tasting other spirits.
Product Features:
Stemmed tasting glass with lid
Stem helps retain temperature of contents
Narrow mouth to collect and direct aromas
Rounded bowl to swirl contents
Includes matching lid designed specifically for the glass - trap whisky vapours in your taster glass - prevents evaporation, saving the angel's share in your glass
Dishwasher safe - see our Glassware Care Guide for more information",,Glass,,13,,
UB5282SB,Distillery Whisky Taster Glass with Gauge Lines and Watch Glass Lid 14cl,Urban Bar,Brandy & Fortified Wine,£10.83,https://www.urbanbar.com/products/crystal-distillery-taster-glass-with-gauge-line-watch-glass-lid-14cl,https://cdn.shopify.com/s/files/1/0467/5066/2816/files/SB1001G-SB1050.jpg?v=1791377660,"The ultimate whisky tasting stemware, this graduated whisky tasting glass comes complete with a watch glass. Ensure you don't contaminate your nose with the aromas of the other whiskies in your tasting session. The 5cm watch glass lid sits neatly on top of this whisky taster to keep all aromas contained. Made from premium lead-free crystal, this spirit taster is made from a material with few impurities compared to standard glass. This gives a premium transparency, allowing you to inspect the colour and clarity of your whisky. Gauge lines numbered 1 to 4 run down the bowl of the glass. Add water to your whisky to these lines to get a full report of the altered taste during dilution.
Product Features:
Blown lead-free crystal glass
Stem helps retain temperature of contents
Narrow mouth to collect and direct aromas
Gauge lines, 1 to 4
Rounded bowl to swirl contents
Includes 5cm watch glass lid - trap whisky vapours in your taster glass - prevents evaporation, saving the angel's share in your glass
Dishwasher safe - see our Glassware Care Guide for more information",,Glass,,14,,
UB5283,Calabrese Cocktail Set,Urban Bar,Cocktails,£90.83,https://www.urbanbar.com/products/calabrese-cocktail-set,https://cdn.shopify.com/s/files/1/0467/5066/2816/files/UB123-120-121-122-2.jpg?v=1791377427,"Premium Calabrese Cocktail Set Made from Japanese Steel
Created with The Maestro, the designer Calabrese Cocktail Set offers premium cocktail making.
Made with quality 18/8 Japanese steel, each piece has great corrosion resistance. Sure to far outlast standard steel barware, the Calabrese barware is a sensible investment for any mixologist.
Calabrese Cocktail Shaker
Lightweight 0.9mm Japanese steel is utlised to create this robust 2-piece shaker. With an ergonomic shape, this cocktail shaker is a pleasure to hold. While the noise emitted when shaking is an attention-grabbing musical rattle.
Calabrese Cocktail Strainer
The Calabrese Cocktail Strainer is a popular design with bartenders worldwide. So much so, it has been copied many times with inferior materials. The Calabrese is the original and best.
Calabrese Bar Spoon
Classic bar spoon style at 31cm long. Calabrese designed this spoon with an angled head to make it easier to scoop inside a mixing glass.
Calabrese Julep Spoon
A stunning bar spoon with all the benefits of a premium Japanese steel build. A beautiful spherical head reflects lights as you stir.
Set Contains:
Calabrese Cocktail Shaker 90cl
Calabrese Cocktail Strainer
Calabrese Bar Spoon
Calabrese Julep Spoon
Product Features:
Designer cocktail kit created in collaboration with Salvatore The Maestro Calabrese
Made from premium 18/8 Japanese steel for greater corrosion resistance
Outlasts standard poor grade steel barware
Polished finish
Branded with Calabrese Urban Bar Professional
Dishwasher safe  see our Steel Care Guide page for more information",,,Calabrese,,,
UB5284,Gili Old Fashioned Glass 30cl,Urban Bar,Rocks,£8.33,https://www.urbanbar.com/products/gili-old-fashioned-glass,https://cdn.shopify.com/s/files/1/0467/5066/2816/files/UB4769_0e85a683-e454-47e3-9ed3-62d214fedfea.jpg?v=1791377262,"Add a tropical twist to your cocktails in this sturdy tumbler, decorated with a seagrass sleeve.
Product Features:
100% natural eco-friendly handwoven seagrass sleeve
Glass tumbler is ideal for serving spirits, soft drinks and cocktails
Glass is easily removable from the sleeve for washing
Tumbler is dishwasher safe
Seagrass sleeve is wipe-clean only with a dry cloth - do not submerge in water - store in a cool, dry environment",,Glass,,30,,
UB5285,Boston Stainless Steel Tin-on-Tin Cocktail Shaker,Urban Bar,Shake,£11.67,https://www.urbanbar.com/products/boston-tin-on-tin-cocktail-shaker,https://cdn.shopify.com/s/files/1/0467/5066/2816/files/UB20UB1751-832056.jpg?v=1791360006,"Achieve larger drink volumes with the Boston Tin on Tin Cocktail Shaker. Made from premium grade Japanese steel, this dual tin shaker gives high performance results.
Improving on the smaller volume of usual tin on tin setups, this cocktail shaker allows multiple drinks to be made.
With the rapid cooling benefits of a tin on tin cocktail shaker, this Boston variation utilises the large capacity of a classic Boston tin. Replacing the usual 16oz shaker glass with a 16oz tin gives a full steel alternative to a Boston cocktail shaker.
This tin on tin shaker is lighter than a Boston shaker with a glass for a more comfortable hold while shaking. Made from high grade Japanese steel this premium shaker has a high level of corrosion resistance.
Product Features:
Professional Boston cocktail shaker tin and cup set
Full size 30oz shaker tin with 16oz steel can replicating the size of a standard shaker glass
Made from premium 18/8 Japanese steel for greater corrosion resistance
Outlasts standard poor grade steel shakers
Polished finish
Dishwasher safe  see our Steel Care Guide for more information",,Stainless Steel,,,,
UB5287,Octagonal Copper Tin-on-Tin Cocktail Shaker,Urban Bar,Shake,£29.17,https://www.urbanbar.com/products/octagonal-copper-tin-on-tin-cocktail-shaker,,"Octagonal Copper Tin on Tin Cocktail Shaker
Add a unique dimension to your mixology with the Octagonal Copper Tin on Tin Cocktail Shaker. This dual tin shaker features a unique 8-sided finish and is enhanced with a high polish copper plating.
Made form high grade Japanese steel, this copper cocktail shaker features a beautiful rattle as ice moves around the tins. The shimmering copper plating makes your mixology stand out from behind the bar.
Product Features:
Dual tin cocktail shaker with 8 faceted sides
Made from premium 18/8 Japanese steel for greater corrosion resistance
Outlasts standard poor grade steel shakers
Copper plated polished finish
Dishwasher safe  see our Steel Care Guide page for more information",Copper,Copper,,,,
UB5288,Octagonal Stainless Steel Tin-on-Tin Cocktail Shaker,Urban Bar,Shake,£21.67,https://www.urbanbar.com/products/octagonal-tin-on-tin-cocktail-shaker,https://cdn.shopify.com/s/files/1/0467/5066/2816/files/UB3285-UB3286_08c3d497-c9f6-4ae5-9de5-4bbe29896d17.jpg?v=1791376817,"Octagonal Tin on Tin Cocktail Shaker
Make your mixology stand out with the unique Octagonal Tin on Tin Cocktail Shaker. Reminiscent of a retro soda glass, these 8-sided shaker tins are a welcome change from plain round shaker tins.
Made from high grade Japanese steel, this cocktail shaker is finished with a luxury shine. This premium material also provides high corrosion resistance, ensuring it outlasts standard barware.
Product Features:
Dual tin cocktail shaker with 8 faceted sides
Made from premium 18/8 Japanese steel for greater corrosion resistance
Outlasts standard poor grade steel shakers
Polished finish
Dishwasher safe  see our Steel Care Guide page for more information",,Stainless Steel,,,,
UB5291,Tiki Tin-on-Tin Stainless Steel Weighted Cocktail Shaker 75cl,Urban Bar,Shake,£35.83,https://www.urbanbar.com/products/tiki-weighted-tin-on-tin-cocktail-shaker,,"Inspired by Pacific island imagery, the Tiki Weighted Tin on Tin Cocktail Shaker features tropical characters etched in to the surface. Highlighted with food-safe ink, this 2-piece tin set stands out as a unique decorative piece on the bar top. Made from Urban Bar's signature premium steel, this set of weighted shaker tins is made to outlast standard steel barware.
Product Features:
Dual tin cocktail shaker with tropical tiki imagery
Etched patterns with food safe ink
Made from premium 18/8 Japanese steel for greater corrosion resistance
Outlasts standard poor grade steel shakers
Polished finish
Gift boxed
Dishwasher safe - see our Steel Care Guide page for more information",,Stainless Steel,Tattoo & Tiki,75,,
UB5292,Tattoo Tin-on-Tin Stainless Steel Weighted Cocktail Shaker 75cl,Urban Bar,Shake,£35.83,https://www.urbanbar.com/products/tattoo-weighted-tin-on-tin-cocktail-shaker,https://cdn.shopify.com/s/files/1/0467/5066/2816/files/UB3541-UB3544.jpg?v=1791376926,"Add a edge to your mixology with the Tattoo Weighted Tin on Tin Cocktail Shaker. This premium steel tin on tin shaker is adorned with tattoo themed imagery, all emboldened with black food-safe ink.
Product Features:
Dual tin cocktail shaker with tattoo style imagery
Etched patterns with food safe ink
Made from premium 18/8 Japanese steel for greater corrosion resistance
Weighted base on each tin for increased rigidity
Outlasts standard poor grade steel shakers
Polished finish
Gift boxed
Dishwasher safe - see our Steel Care Guide page for more information",,Stainless Steel,Tattoo & Tiki,75,,
UB5293,Ginza Gold Tin-on-Tin Cocktail Shaker,Urban Bar,Shake,£28.33,https://www.urbanbar.com/products/gold-tin-on-tin-cocktail-shaker,https://cdn.shopify.com/s/files/1/0467/5066/2816/files/UB3947GUB3946G.jpg?v=1791358939,"Ginza Gold Tin-on-Tin Cocktail Shaker
Add glamour to your mixology with the Ginza Gold Tin-on-Tin Shaker. A shimmering gold coating enhances our signature premium Japanese steel.
The high grade 18/8 steel used to make this tin on tin shaker gives it high corrosion resistance. This gives it a lightweight feel, yet it remains extremely hard-wearing. These premium qualities combine together to outlast standard steel barware.
Product Features:
Professional dual shaker tin set
Made from premium 18/8 Japanese steel for greater corrosion resistance
Outlasts standard poor grade steel shakers
Premium polished shine
Both tins are weighted on the base
Hand wash only - see our Plated Steel Care Guide for more information",Gold,,,,,
UB5294,Ginza Copper Tin-on-Tin Cocktail Shaker,Urban Bar,Shake,£27.50,https://www.urbanbar.com/products/ginza-copper-tin-on-tin-cocktail-shaker,https://cdn.shopify.com/s/files/1/0467/5066/2816/files/UB3947CPUB3946CP_3e501095-5115-4888-8557-b2827b82b85c.jpg?v=1791376801,"Add a colourful shine to your mixology with the Ginza Copper Tin on Tin Shaker. Made from our signature premium Japanese steel, this cocktail shaker has a polished copper plated finish.
The quick cooling effect of this full steel shaker complements the lightweight and robust nature of Japanese steel.
Professional dual shaker tin set
Made from premium 18/8 Japanese steel for greater corrosion resistance
Outlasts standard poor grade steel shakers
Copper plated polished finish
Both tins are weighted on the base
Hand wash only  see our Plated Steel Care Guide for more information",Copper,Copper,,,,
UB5296,Ginza Tin-on-Tin Cocktail Shaker,Urban Bar,Shake,£23.33,https://www.urbanbar.com/products/ginza-tin-on-tin-cocktail-shaker,https://cdn.shopify.com/s/files/1/0467/5066/2816/files/UB3947UB3946.jpg?v=1791360160,"Ginza Tin-on-Tin Cocktail Shaker
Step up your mixology with the Ginza Tin-on-Tin Cocktail Shaker. Made from premium Japanese steel, this set consists of our Ginza Can and Ginza Cup.
Steel has better insulating qualities than glass, giving a more effective chill during shaking. This economical aspect makes it the preferred choice of professional mixologists.
As well as its practical uses, the full steel material gives a musical rattle as the ice moves around the shaker.
Both Ginza shaker tins have a weighted base for flair bartenders. This base is silver welded for a stronger connection.
The 18/8 Japanese steel is far more premium than standard steel barware, giving it a lightweight, robust finish. This high grade material has great corrosion resistance, protecting it from rust, making it outlast other barware.
Product Features:
Professional dual shaker tin set
Made from premium 18/8 Japanese steel for greater corrosion resistance
Outlasts standard poor grade steel shakers
Polished finish
Both tins are weighted on the base",,,,,,
UB5300,Octagonal Boston Cocktail Shaker 16oz,Urban Bar,Shake,£15.00,https://www.urbanbar.com/products/octagonal-boston-cocktail-shaker,https://cdn.shopify.com/s/files/1/0467/5066/2816/files/UB3285-UB21.jpg?v=1791376826,"Stand apart from the crowd with the unique Octagonal Boston Cocktail Shaker. With an 8 sided faceted body, this Boston tin is accompanied by a classic 16oz shaker glass.
A quick look through the equipment of any mixologist, whether professional or amateur, will yield a classic rounded shaker. This unusual cocktail shaker channels retro soda/milkshake tumblers for a fresh aesthetic.
The 8 sided body is topped with a rounded rim, allowing this tin to accommodate the classic shaker glass.
Product Features:
Octagonal Boston shaker tin with 16oz shaker glass
Made from premium 18/8 Japanese steel for greater corrosion resistance
Unique octagonal body with rounded top
Outlasts standard poor grade steel shakers
Polished finish
Dishwasher safe  see our Steel Care Guide page for more information",,,,,,
UB5315,Gili Highball Glass 30cl,Urban Bar,Hiballs,£8.33,https://www.urbanbar.com/products/gili-highball-glass,https://cdn.shopify.com/s/files/1/0467/5066/2816/files/UB4770_b7601089-88ea-422d-8ee1-7a24c1b79525.jpg?v=1791367263,"Channel the relaxed spirit of the pacific islands whilst sipping on a tropical cocktail in this Gili Highball, decorated with a handwoven seagrass sleeve.
Product Features:
Highball glass with a decorative seagrass sleeve
100% natural eco-friendly seagrass
Handwoven
Glass highball is ideal for serving long drinks
Glass is easily removable from the sleeve for washing
Highball is dishwasher safe
Seagrass sleeve is wipe-clean only with a dry cloth - do not submerge in water - store in a cool, dry environment",,Glass,,30,,
UB54,Cubana Old Fashioned Glass 26cl,Urban Bar,Rocks,£9.17,https://www.urbanbar.com/products/handmade-crystal-cubana-old-fashioned-glass-26cl,https://cdn.shopify.com/s/files/1/0467/5066/2816/files/white-UB54-1.png?v=1791379351,"Bring modern style to your drinks service with the Cubana Old Fashioned Tumbler. This handmade glass is suited to savouring spirits and short cocktails. With a large heavyweight base, the Cubana rocks glass gives a comfortable natural hold in the hand. With an angular profile, your hand stays holding the glass around the base. This keeps your hand away from the contents, thus not affecting the temperature of the drink.
Product Features:
Handmade rocks tumbler
Angular sides for a unique profile
Comfortable hold, keeping the hand around the base to not affect the temperature of the drink
Cut rim for comfortable sipping
Large heavyweight base
Dishwasher safe - see our Glassware Care Guide for more information",,Glass,,26,,
UB5400,Gin Balloon Glass 60cl,Urban Bar,Speciality,£8.33,https://www.urbanbar.com/products/pulled-stem-gin-balloon-glass-60cl,https://cdn.shopify.com/s/files/1/0467/5066/2816/files/UB5400-Pulled-Stem-Gin-for-shopify.jpg?v=1791381120,"A classic copa de ballon shape with plenty of room for ice and mixers makes this your go-to for every variation on a Gin & Tonic. Exudes quality with its highly transparent lead-free crystal and elegant pulled stem.
Product Features:
Large bowl, pulled stem glass
Big capacity for mixers or extra ice
Lead-free crystalline for clarity
Perfect for mixing gin cocktails
Dishwasher safe - see our Glassware Care Guide for more information",,Glass,,60,,
UB5400-AMB,Amber Stem Gin Balloon Glass 60cl,Urban Bar,Speciality,£9.17,https://www.urbanbar.com/products/amber-stem-gin-balloon-glass-60cl,https://cdn.shopify.com/s/files/1/0467/5066/2816/files/Gin-amber-shopify.jpg?v=1791381177,"Available in three vibrant colours, these are will brighten up any gin glass collection. A classic copa de ballon shape with plenty of room for ice and mixers makes this your go-to for every variation on a Gin & Tonic. Exudes quality with its highly transparent lead-free crystal and elegant pulled stem in Amber.
Product Features:
Large bowl, pulled stem glass
Big capacity for mixers or extra ice
Lead-free crystalline for clarity
Perfect for mixing gin cocktails
Recommended for Handwashing only - see our Glassware Care Guide for more information",Amber,Glass,,60,,
UB5400-BLU,Blue Stem Gin Balloon Glass 60cl,Urban Bar,Speciality,£9.17,https://www.urbanbar.com/products/blue-stem-gin-balloon-glass-60cl,https://cdn.shopify.com/s/files/1/0467/5066/2816/files/blue-gin-for-shopify.jpg?v=1791381157,"Available in three vibrant colours, these are will brighten up any Gin glass collection. A classic copa de ballon shape with plenty of room for ice and mixers makes this your go-to for every variation on a Gin & Tonic. Exudes quality with its highly transparent lead-free crystal and elegant pulled stem in blue.
Product Features:
Large bowl, pulled stem glass
Big capacity for mixers or extra ice
Lead-free crystalline for clarity
Perfect for mixing gin cocktails
Recommended for Handwashing only - see our Glassware Care Guide for more information",Blue,Glass,,60,,
UB5400-GRE,Green Stem Gin Balloon Glass 60cl,Urban Bar,Speciality,£9.17,https://www.urbanbar.com/products/green-stem-gin-balloon-glass-60cl,https://cdn.shopify.com/s/files/1/0467/5066/2816/files/green-gin-shopify-2.jpg?v=1791381199,"Available in three vibrant colours, these are will brighten up any Gin glass collection. A classic copa de ballon shape with plenty of room for ice and mixers makes this your go-to for every variation on a Gin & Tonic. Exudes quality with its highly transparent lead-free crystal and elegant pulled stem in Green.
Product Features:
Large bowl, pulled stem glass
Big capacity for mixers or extra ice
Lead-free crystalline for clarity
Perfect for mixing gin cocktails
Recommended for Handwashing only - see our Glassware Care Guide for more information",Green,Glass,,60,,
UB5416,Vuelto Old Fashioned Tumbler 29cl,Urban Bar,Rocks,£7.50,https://www.urbanbar.com/products/vuelto-old-fashioned-tumbler-29cl,https://cdn.shopify.com/s/files/1/0467/5066/2816/files/vuleto-OF-plain.jpg?v=1791380702,"A seamless elegant crystal old fashioned tumbler. Whether serving soft drinks or cocktails, this handmade drinking glass adds elegance and quality to a tabletop. A great water, juice glass.
Product Features:
Modern, simple and elegant design old fashioned tumbler
Lead free crystal, plain design for perfect clarity
Handmade
Dishwasher safe - see our Glassware Care Guide for more information",,Glass,,29,,
UB5418,Vuelto Double Old Fashioned Tumbler 40cl,Urban Bar,Rocks,£7.50,https://www.urbanbar.com/products/vuelto-double-old-fashioned-tumbler-40cl,https://cdn.shopify.com/s/files/1/0467/5066/2816/files/vuelto-of.jpg?v=1791380721,"A lightweight seamless, elegant larger old fashioned tumbler. Whether serving soft drinks or cocktails, this handmade drinking glass adds quality to a tabletop. Ideal for gin and tonics.
Product Features:
Modern, elegant design old fashioned tumbler
Lead free crystal, plain design for perfect clarity
Handmade
Dishwasher safe - see our Glassware Care Guide for more information",,Glass,,40,,
UB5420,Urbino Old Fashioned 35cl,Urban Bar,Rocks,£7.50,https://www.urbanbar.com/products/urbino-old-fashioned-35cl,https://cdn.shopify.com/s/files/1/0467/5066/2816/files/Urbino-OF.jpg?v=1791380893,"Perfect for cocktails on the rocks, water and and a multitude of soft drinks, this may be old fashioned in name but is very modern in nature.
Product Features:
Classic, undecorated 35cl tumbler
Lead-free crystal is environmental and safe
Handmade
Part of affordable Urbino range for home socialising
Dishwasher safe - see our Glassware Care Guide for more information",,Glass,,35,,
UB5421,Urbino Highball Glass 45cl,Urban Bar,Hiballs,£8.33,https://www.urbanbar.com/products/urbino-highball-glass-45cl,https://cdn.shopify.com/s/files/1/0467/5066/2816/files/urbino-highball-plain.jpg?v=1791380876,"This roomy yet elegant highball glass is the practical member of the Urbino range, perfect for long cocktails and soft drinks.
Product Features:
Elegant highball tumbler
Lead-free crystal is environmental and safe
Handmade
Part of affordable Urbino range for home socialising
Dishwasher safe - see our Glassware Care Guide for more information",,Glass,,45,,
UB5422,Urbino Medium Wine Glass 35cl,Urban Bar,Wine,£7.50,https://www.urbanbar.com/products/urbino-medium-wine-glass-45cl,https://cdn.shopify.com/s/files/1/0467/5066/2816/files/urbino-medium-wine-empty.jpg?v=1791381043,"This stylish wine glass is key worker from our classic Urbino range of glassware for at-home socialising.
Product Features
Elegant, medium wine glass
Lead-free crystal is both environmental and safe
Handmade
Part of affordable Urbino range for home socialising
Dishwasher safe - see our Glassware Care Guide for more information",,Glass,,35,,
UB5423,Urbino Flute 17cl,Urban Bar,Champagne,£7.50,https://www.urbanbar.com/products/urbino-flute-17cl,https://cdn.shopify.com/s/files/1/0467/5066/2816/files/urbino-flute-empty.jpg?v=1791380902,"This elegant 17cl flute is the classic centrepiece of the Urbino range of glassware for at-home socialising.
Product Features
Classic 17cl flute glass
Lead-free crystal is both environmental and safe
Handmade
Part of affordable Urbino range for home socialising
Dishwasher safe - see our Glassware Care Guide for more information",,Glass,,17,,
UB5424,Urbino Large Wine Glass 45cl,Urban Bar,Wine,£8.33,https://www.urbanbar.com/products/urbino-large-wine-glass-45cl,https://cdn.shopify.com/s/files/1/0467/5066/2816/files/UB5424-urbino-empty.jpg?v=1791380861,"This elegant and generous 45cl wine glass is key worker from our classic Urbino range of glassware for at-home socialising.
Product Features
Elegant, large wine glass
Lead-free crystal is both environmental and safe
Handmade
Part of affordable Urbino range for home socialising
Dishwasher safe - see our Glassware Care Guide for more information",,Glass,,45,,
UB5425,Urbino Beer Glass 54cl,Urban Bar,Beer,£7.50,https://www.urbanbar.com/products/urbino-beer-glass-54cl,https://cdn.shopify.com/s/files/1/0467/5066/2816/files/UB5425-urbino-beer-empty.jpg?v=1791380767,"Generous, crystal clear and elegant this is a refined beer glass for those who like to socialise at home.
Product Features
Modern, short-stemmed beer glass
Lead-free crystal is both environmental and safe
Handmade
Part of affordable Urbino range for home socialising
Dishwasher safe  see our Crystal Glass Care Guide for more information",,Glass,,54,,
UB5458,Freddo Coupe 21cl,Urban Bar,Cocktails,£13.33,https://www.urbanbar.com/products/freddo-coupe,https://cdn.shopify.com/s/files/1/0467/5066/2816/files/Ub5458-Freddo-Coupe-full.jpg?v=1791380691,"A modern icy embossed pattern on the bowl of this classic coupe shape adds a little more chill to your cocktail. Made form lead-free crystal, this coupe works well with champagne, sparkling wines or a classic cocktail.
Product Features:
Classic coupe stem glass
Lead-free crystal
Embossed ice pattern around the bowl
Ideal for serving champagne or cocktails
Dishwasher safe - see our Crystal Glass Care Guide for more information",,Glass,,21,,
UB5459,Freddo Nick & Nora 17cl,Urban Bar,Cocktails,£12.50,https://www.urbanbar.com/products/freddo-nick-nora,https://cdn.shopify.com/s/files/1/0467/5066/2816/files/Ub5459-Freddo-Nick-and-Nora-empty.jpg?v=1791380751,"A modern icy embossed pattern on the bowl of this classic Nick & Nora adds a little more chill to your cocktail. Made form lead-free crystal, this delicate glass works well with short well-chilled cocktails.
Product Features:
Classic Nick & Nora cocktail glass
Decorated with ice embossed pattern
Ideal for short cocktails
Dishwasher proof - see our Glass Care Guide for more information",,Glass,,17,,
UB5459-B4,Freddo Nick & Nora 17cl- Box 4,Urban Bar,Cocktails,£50.00,https://www.urbanbar.com/products/freddo-nick-nora-17cl-box-4,https://cdn.shopify.com/s/files/1/0467/5066/2816/files/Ub5459-Freddo-Nick-and-Nora-empty-151160.jpg?v=1791359067,"A modern icy embossed pattern on the bowl of this classic Nick & Nora adds a little more chill to your cocktail. Made form lead-free crystal, this delicate glass works well with short well-chilled cocktails.
Product Features:
Classic Nick & Nora cocktail glass
Decorated with ice embossed pattern
Ideal for short cocktails
Dishwasher proof - see our Glass Care Guide for more information
Contains 4 Glasses",,Glass,,17,4,Box of 4
UB5461,Freddo Highball 32cl,Urban Bar,Hiballs,£11.67,https://www.urbanbar.com/products/freddo-highball-32cl,https://cdn.shopify.com/s/files/1/0467/5066/2816/files/Ub5461-Freddo-highball.jpg?v=1791380736,"A modern icy embossed pattern on the outer adds a little more chill to your cocktail. Made form lead-free crystal, this highball works well for long cool drinks on long hot days.
Product Features:
Classic highball glass
Decorated with ice embossed pattern
Ideal for serving longdrinks
Dishwasher proof - see our Glass Care Guide for more information",,Glass,,32,,
UB5462,Freddo Old Fashioned 29cl,Urban Bar,Rocks,£11.67,https://www.urbanbar.com/products/freddo-old-fashioned-29cl,https://cdn.shopify.com/s/files/1/0467/5066/2816/files/3300-C-16.jpg?v=1791381011,"A modern icy embossed pattern on the outer adds a little more chill to your cocktail. Made from lead-free crystal, this Old Fashioned tumbler works well for cool cocktails on hot days.
Product Features:
Classic Old Fashioned tumbler 29cl
Decorated with unique ice embossed pattern
Ideal for serving short cocktails on ice
Dishwasher proof - see our Glass Care Guide for more information",,Glass,,29,,
UB5472,Classico Margot Old Fashioned 32cl,Urban Bar,Rocks,£29.17,https://www.urbanbar.com/products/classico-margot-old-fashioned-32cl,https://cdn.shopify.com/s/files/1/0467/5066/2816/files/Classico-Margot-Old-Fashioned-25cl.jpg?v=1791380683,"Designed in collaboration with Giancarlo Mancino, our high quality Classico Margot Old Fashioned tumblers sit perfectly amongst the premium silver plated Classico cocktail barware range - for the mixologist who demand the highest quality.
Product Features:
Crystal highball tumbler 32cl
Crystal-cut glass, Heavy Weight
Dishwasher safe - see our Crystal Glass Care Guide for more information",,Glass,Classico,32,,
UB5472- B2,Classico Margot Old Fashioned 32cl Box 2,Urban Bar,Rocks,£57.50,https://www.urbanbar.com/products/classic-margot-old-fashioned-32cl,https://cdn.shopify.com/s/files/1/0467/5066/2816/files/Classico-Margot-Old-Fashioned-25cl-277304.jpg?v=1791359979,"Designed in collaboration with Giancarlo Mancino, our high quality Classico Margot Old Fashioned tumblers sit perfectly amongst the premium silver plated Classico cocktail barware range - for the mixologist who demand the highest quality.
Product Features:
Crystal highball tumbler 32cl
Crystal-cut glass, Heavy Weight
Dishwasher safe - see our Crystal Glass Care Guide for more information
Contains 2 glasses",,Glass,Classico,32,2,Box of 2
UB5473,Classico Margot Highball 35cl,Urban Bar,Hiballs,£29.17,https://www.urbanbar.com/products/classico-margot-highball-35cl-box-2,https://cdn.shopify.com/s/files/1/0467/5066/2816/files/classico-margto-highball-empty.jpg?v=1791380630,"Designed in collaboration with Giancarlo Mancino, our high quality Classico Margot Highballs sit perfectly amongst the premium silver plated Classico cocktail barware range - for the mixologist who demands the highest quality.
Product Features:
Crystal highball tumbler 35cl
Crystal-cut glass, Heavy weight
Dishwasher safe - see our Crystal Glass Care Guide for more information",,Glass,Classico,35,,
UB5473-B2,Classico Margot Highball 35cl Box 2,Urban Bar,Hiballs,£38.33,https://www.urbanbar.com/products/classic-margot-highball-35cl-box-2,https://cdn.shopify.com/s/files/1/0467/5066/2816/files/classico-margto-highball-empty-437688.jpg?v=1791360031,"Designed in collaboration with Giancarlo Mancino, our high quality Classico Margot Highballs sit perfectly amongst the premium silver plated Classico cocktail barware range - for the mixologist who demands the highest quality.
Product Features:
Crystal highball tumbler 35cl
Crystal-cut glass, Heavy weight
Dishwasher safe - see our Crystal Glass Care Guide for more information
Contains 2 Glasses",,Glass,Classico,35,2,Box of 2
UB55,Cubana Highball Glass 37cl,Urban Bar,Hiballs,£8.33,https://www.urbanbar.com/products/cubana-highball-glass-37cl,https://cdn.shopify.com/s/files/1/0467/5066/2816/files/UB55-2_9054f82f-7293-4223-a8db-6f9ee51aa9e7.jpg?v=1791367691,"The contemporary angled shape of the Cubana Highball Glass gives a unique way to serve long drinks. With a widened midriff, this tumbler gives a comfortable hold around the lower half of the glass. With a large heavyweight base, your hand stays away from the main volume of the contents. This ensures the hand does not affect the temperature of the drink, and the drinker's hand is not made too cold from any ice in the glass. With a name leaning towards the Caribbean, the Cubana glass lends itself to typical long drinks of the region. Give your mojitos and mai tais the presentation they deserve with this hand made hiball tumbler.
Product Features:
Handmade highball tumbler
Angular sides for a unique profile
Comfortable hold, keeping the hand around the base to not affect the temperature of the drink
Cut rim for comfortable sipping
Large heavyweight base
Dishwasher safe - see our Glassware Care Guide for more information",,Glass,,37,,
UB5556,Gili Mixer Glass 42cl,Urban Bar,Hiballs,£8.33,https://www.urbanbar.com/products/gili-mixer-glass,https://cdn.shopify.com/s/files/1/0467/5066/2816/files/gililargeHB.png?v=1791377246,"Channel the relaxed spirit of the pacific islands whilst sipping on a tropical long drink in this Gili Mixer, decorated with a handwoven seagrass sleeve.
Product Features:
Large highball glass with a decorative seagrass sleeve
100% natural eco-friendly seagrass
Handwoven
Large volume glass highball is ideal for serving long drinks with plenty of ice
Highball glass is easily removable from the sleeve for washing
Highball is dishwasher safe
Seagrass sleeve is wipe-clean only with a dry cloth - do not submerge in water - store in a cool, dry environment",,Glass,,42,,
UB5648,Biloxi Double Strainer 16cm,Urban Bar,Strain,£15.83,https://www.urbanbar.com/products/biloxi-double-strainer,https://cdn.shopify.com/s/files/1/0467/5066/2816/files/3310-070.jpg?v=1791381416,"This strainer can both fine and normally strain a cocktail. When put into the shaker it sits and works like a regular hawthorn but can then be slid forward for the fine mesh to cover up the lip of the shakers and your fine straining, removing all the smaller bits. A new design and essential tool.
Made from high quality steel it is both a functional and essential bar tool.
Product Features:
Fine cocktail strainer
Ideal for double straining
Premium 18/8 Japanese stainless steel
High corrosion resistance for premium rust protection
Polished finish
Dishwasher safe - see our Steel Care Guide page for more information",,,,,,
UB5649,Lono Tiki Tropical Cocktail Mug 50cl,Urban Bar,Metal Drinkware,£17.50,https://www.urbanbar.com/products/tiki-ivory-stoneware-mug-lono-50cl,https://cdn.shopify.com/s/files/1/0467/5066/2816/files/white-3291-024.jpg?v=1791381220,"Wherever the location, instantly bring an exotic, beachside atmosphere to a drink with these handmade, highest quality ceramic mugs. Designed exclusively for Urban Bar, the three mugs draw influence from the symbols and mythology of the South Pacific with each design representing a different corner of the Polynesian triangle. Moko from New Zealand, Moai for Easter Island and Lono for Hawaii.
Product Features
Unique design by Tiki Artist John Mulder
Made of Ivory Stoneware
Gift Boxed
Dishwasher Safe
Each mug is handmade by artisan craftsman",,,Tattoo & Tiki,50,,
UB5650,Moai Tiki Tropical Cocktail Mug 50cl,Urban Bar,Metal Drinkware,£17.50,https://www.urbanbar.com/products/copy-of-tiki-ivory-stoneware-mug-moai-50cl,https://cdn.shopify.com/s/files/1/0467/5066/2816/files/white-3291-027.jpg?v=1791381250,"Wherever the location, instantly bring an exotic, beachside atmosphere to a drink with these handmade, highest quality ceramic mugs. Designed exclusively for Urban Bar, the three mugs draw influence from the symbols and mythology of the South Pacific with each design representing a different corner of the Polynesian triangle. Moko from New Zealand, Moai for Easter Island and Lono for Hawaii.
Product Features
Unique design by Tiki Artist John Mulder
Made of Ivory Stoneware
Gift Boxed
Dishwasher Safe
Each mug is handmade by artisan craftsman",,,Tattoo & Tiki,50,,
UB5651,Moko Tiki Tropical Cocktail Mug 50cl,Urban Bar,Metal Drinkware,£17.50,https://www.urbanbar.com/products/copy-of-copy-of-tiki-ivory-stoneware-mug-moko-50cl,https://cdn.shopify.com/s/files/1/0467/5066/2816/files/white-3291-026.jpg?v=1791381271,"Wherever the location, instantly bring an exotic, beachside atmosphere to a drink with these handmade, highest quality ceramic mugs. Designed exclusively for Urban Bar, the three mugs draw influence from the symbols and mythology of the South Pacific with each design representing a different corner of the Polynesian triangle. Moko from New Zealand, Moai for Easter Island and Lono for Hawaii.
Product Features
Unique design by Tiki Artist John Mulder
Made of Ivory Stoneware
Gift Boxed
Dishwasher Safe
Each mug is handmade by artisan craftsman",,,Tattoo & Tiki,50,,
UB5665,Hip Flask Stainless Steel 20cl,Urban Bar,Metal Drinkware,£17.50,https://www.urbanbar.com/products/round-edge-hipflask-6oz-b1-50,https://cdn.shopify.com/s/files/1/0467/5066/2816/files/UB5665-2.jpg?v=1791358979,"Made from stainless steel, this hip flask has no sharp edges and fits comfortably in the hand or pocket. With a gently curved body and rounded shoulders and edges.
Can be engraved.
Ideal for the daily transportation of essential fluids.
Packed in a plain box.",,Stainless Steel,,20,,
UB5677,Calabrese ZigZag Coupe 23cl,Urban Bar,Cocktails,£15.83,https://www.urbanbar.com/products/calabrese-zigzag-coupe-23cl,https://cdn.shopify.com/s/files/1/0467/5066/2816/files/Calabrese-ZigZag-Coupe.jpg?v=1791380642,"Elegant coupe glass made from lead-free crystal, with delicate engraved pattern. The Calabrese ZigZag is out latest elegant addition to the glassware designed by renowned mixoligist, Salvatore Calabrese.
Product Features
Elegant and tall stem coupe cocktail glass
Art Deco aesthetic with etched pattern
Lead-free crystal
High transparency
Dishwasher safe - see our Crystal Glass Care Guide for more information",,Glass,Calabrese,23,,
UB5677-B6,Calabrese ZigZag Coupe 23cl - Box 6,Urban Bar,Cocktails,£95.00,https://www.urbanbar.com/products/calabrese-zigzag-coupe-23cl-box-6,https://cdn.shopify.com/s/files/1/0467/5066/2816/files/Calabrese-ZigZag-Coupe-630840.jpg?v=1791360071,"Elegant coupe glass made from lead-free crystal, with delicate engraved pattern. The Calabrese ZigZag is out latest elegant addition to the glassware designed by renowned mixoligist, Salvatore Calabrese.
Product Features
Elegant and tall stem coupe cocktail glass
Art Deco aesthetic with etched pattern
Lead-free crystal
High transparency
Dishwasher safe - see our Crystal Glass Care Guide for more information
Contains six glasses",,Glass,Calabrese,23,6,Box of 6
UB5687,Gradara Old Fashioned 35cl,Urban Bar,Rocks,£7.50,https://www.urbanbar.com/products/gradara-old-fashioned-35cl,https://cdn.shopify.com/s/files/1/0467/5066/2816/files/gradara-OF-empty.jpg?v=1791380983,"A ribbed optic adds vintage vibe to this versatile tumbler - perfect for cocktails on the rocks and sodas.
Product Features:
Classic shape, ribbed optic 35cl tumbler
Lead-free crystal is environmental and safe
Handmade, fine edges
Part of affordable Gradara range for home socialising
Dishwasher safe - see our Glassware Care Guide for more information",,Glass,,35,,
UB5688,Gradara Highball Glass 45cl,Urban Bar,Hiballs,£8.33,https://www.urbanbar.com/products/gradara-highball-glass-45cl,https://cdn.shopify.com/s/files/1/0467/5066/2816/files/gradara-highball-empty.jpg?v=1791380966,"A roomy yet elegant glass with a ribbed optic, this highball is the workhorse of the Gradara range, ideal for Bloody Mary's and other long cocktails.
Product Features:
Elegant highball tumbler with ribbed optic
Lead-free crystal is environmental and safe
Handmade, fine edged
Part of affordable Gradara range for home socialising
Dishwasher safe - see our Glassware Care Guide for more information",,Glass,,45,,
UB5690,Gradara Flute 17cl,Urban Bar,Champagne,£7.50,https://www.urbanbar.com/products/gradara-flute-17cl,https://cdn.shopify.com/s/files/1/0467/5066/2816/files/gradar-flute--empty.jpg?v=1791380946,"This elegant 17cl flute with ribbed optic is centrepiece of the Gradara range of glassware for at-home socialising.
Product Features
Classic 17cl flute glass with ribbed optic
Lead-free crystal is both environmental and safe
Handmade, fine edges
Part of affordable Gradara range for home socialising
Dishwasher safe - see our Glassware Care Guide for more information",,Glass,,17,,
UB5694,Gradara Large Wine Glass 45cl,Urban Bar,Wine,£8.33,https://www.urbanbar.com/products/gradara-large-wine-glass-35cl,https://cdn.shopify.com/s/files/1/0467/5066/2816/files/gradara-wine-large-empty.jpg?v=1791381078,"This striking wine glass is key worker from our popular Gradara range of glassware for at-home socialising.
Product Features
Elegant, large wine glass with ribbed optic
Lead-free crystal is both environmental and safe
Handmade
Part of affordable Gradara range for home socialising
Dishwasher safe - see our Glassware Care Guide for more information",,Glass,,45,,
UB57,Cubana Mixer Glass 44cl,Urban Bar,Hiballs,£9.17,https://www.urbanbar.com/products/handmade-crystal-cubana-mixer-glass-44cl,https://cdn.shopify.com/s/files/1/0467/5066/2816/files/cubanahbmixer.png?v=1791379369,"Give your cocktails on ice a stunning platform with the Cubana Mixer Glass. This unique angular glass is handmade for a true seal of artisanal approval. With a volume larger than a standard highball glass, this tumbler gives extra room for ice and mixer. Whether serving a classic highball cocktail, or something more adventurous, the Cubana Mixer is a worth pedestal. As well as giving a striking aesthetic, the angular design has a practical quality. Forcing your grip down to the solid glass base, your hand is away from the cold ice, making your hold more comfortable.
Product Features:
Handmade highball tumbler
Angular sides for a unique profile
Comfortable hold, keeping the hand around the base to not affect the temperature of the drink
Large volume for ice and mixers
Cut rim for comfortable sipping
Large heavyweight base
Dishwasher safe - see our Glassware Care Guide for more information",,Glass,,44,,
UB5725,Double Walled Diamond Cut Mixing Tin 70cl,Urban Bar,Shake,£34.17,https://www.urbanbar.com/products/double-walled-diamond-mixing-tin-70cl,https://cdn.shopify.com/s/files/1/0467/5066/2816/files/UB5725.1RESIZE.jpg?v=1791381338,"The Double Walled Mixing Tin has a classic diamond cut motif on its walls.
The double layer of high-quality steel insulates the drink preventing the ice from melting too quickly so your cocktails chill efficiently whilst not becoming too diluted.
UB's signature 18/8 steel not only looks premium with a high shine finish, its food safe, has excellent corrosion resistance and is dishwasher friendly. allowing you to produce great cocktails with ease.
Product Features
Fine pour spout sized to fit Hawthorn and Julep strainers
Striking cut wall design
Colour printed gift box
Dishwasher safe
Double layer high quality steel
Only a mixing tin",,,,70,,
UB5732,Double Walled Tiki Mixing Tin 70cl,Urban Bar,Shake,£38.33,https://www.urbanbar.com/products/double-walled-tiki-mixing-tin-70cl,https://cdn.shopify.com/s/files/1/0467/5066/2816/files/white-3300-H-4.jpg?v=1791381311,"Bring a tropical vibe to your kit, with UB's Tiki Double Walled Mixing Tin designed to help you handle icy cold drinks with ease.
The double layer of high-quality steel prevents the ice from melting too quickly so your cocktails chill efficiently whilst not becoming too diluted.
UB's signature 18/8 steel not only looks premium with a high shine finish, its food safe, has excellent corrosion resistance and is dishwasher friendly. allowing you to produce great cocktails with ease.
Product Features
Fine pour spout sized to fit Hawthorn and Julep strainers
Striking vertical wall design
Colour printed gift box
Dishwasher safe
Double layer high quality steel
Only a mixing tin",,,Tattoo & Tiki,70,,
UB5733,Double Walled Tattoo Mixing Tin 70cl,Urban Bar,Shake,£38.33,https://www.urbanbar.com/products/double-walled-tattoo-mixing-tin-70cl,https://cdn.shopify.com/s/files/1/0467/5066/2816/files/white-3300-H-6rs3.jpg?v=1791381290,"Add some ink to your kit, with the UB's Tattoo Double Walled Mixing Tin designed to help you handle icy cold drinks with ease.
The double layer of high-quality steel prevents the ice from melting too quickly so your cocktails chill efficiently whilst not becoming too diluted.
UB's signature 18/8 steel not only looks premium with a high shine finish, its food safe, has excellent corrosion resistance and is dishwasher friendly. allowing you to produce great cocktails with ease.
Product Features
Fine pour spout sized to fit Hawthorn and Julep strainers
Striking vertical wall design
Colour printed gift box
Dishwasher safe
Double layer high quality steel
Only a mixing tin",,,Tattoo & Tiki,70,,
UB5784,Gradara Medium Wine Glass 35cl,Urban Bar,Wine,£7.50,https://www.urbanbar.com/products/gradara-medium-wine-glass-35cl,https://cdn.shopify.com/s/files/1/0467/5066/2816/files/Gradara-med-wine.jpg?v=1791381054,"This stylish wine glass is key worker from our popular Gradara range of glassware for at-home socialising.
Product Features
Elegant, medium wine glass with ribbed optio
Lead-free crystal is both environmental and safe
Handmade
Part of affordable Gradara range for home socialising
Dishwasher safe - see our Glassware Care Guide for more information",,Glass,,35,,
UB5801,Irish Coffee Glass 21cl,Urban Bar,Hot Drinks,£10.00,https://www.urbanbar.com/products/irish-coffee-glass,https://cdn.shopify.com/s/files/1/0467/5066/2816/files/ub5801.png?v=1791381146,"Ideal for serving Irish coffees, hot drinks and general cocktails, this highly versatile high-quality glass is useful in both hospitality settings and at home.
Product Features:
Short, sturdy stem on a wide foot
Thick heavyweight base in the bowl for a balanced appearance
Goblet shape for vintage presentation
Dishwasher safe - see our Glassware Care Guide for more information",,Glass,,21,,
UB5821,Gradara Beer Glass 54cl,Urban Bar,Beer,£7.50,https://www.urbanbar.com/products/gradara-beer-glass-54cl,https://cdn.shopify.com/s/files/1/0467/5066/2816/files/UB5821.3RESIZE.jpg?v=1791380925,"With a ribbed optic effect to enhance both it's reflective qualities and vintage aesthetic, this is a refined beer glass for those who like to socialise at home.
Product Features
Modern, short-stemmed beer glass with ribbed optic
Lead-free crystal is both environmental and safe
Handmade
Part of affordable Gradara range for home socialising
Dishwasher safe  see our Crystal Glass Care Guide for more information",,Glass,,54,,
UB5836,Artisan Martini Cocktail Glass 48cl,Urban Bar,Cocktails,£46.67,https://www.urbanbar.com/products/artisan-wine-glass-large,,"Handcrafted by traditional UK glassblowers, our heavy weight coloured glassware with its crushed stem and chunky square foot is truly, a limited edition cocktail glass.
Each glass is blown, shaped and patterned using glass frits to create non-uniform designs - truly unique don't expect any two to be the same. Approx volume is 48cl but shapes, dimensions and accurate volumes will vary.",,Glass,,48,,
UB5857,Mini Coupe 5.5cl,Urban Bar,Cocktails,£5.83,https://www.urbanbar.com/products/mini-coupe,https://cdn.shopify.com/s/files/1/0467/5066/2816/files/UB5857MiniCoupe.jpg?v=1791381397,"A classic in drinks service, the Coupe Glass is a great all-rounder. Made from lead-free crystal, this glass boasts high transparency. Due to this, your serves promote themselves without the need for extra decoration. Give your drinks service a head start with this elegant drinkware essential. Add miniature elegance to your serves with this small 5.5cl cocktail glass
Product Features:
Classic coupe stem glass
Lead-free crystal glass
High clarity to promote the contents
Ideal for serving champagne or cocktails
Dishwasher safe - see our Crystal Glass Care Guide for more information",,Glass,,5.5,,
UB5882,Vintage Irish Coffee Glass 17cl,Urban Bar,Hot Drinks,£5.00,https://www.urbanbar.com/products/vintage-irish-coffee-glass-17cl,https://cdn.shopify.com/s/files/1/0467/5066/2816/files/CoffeeGlassgeorgian.jpg?v=1791383525,"Bring a touch of heritage to your drinks service with this Irish Coffee Glass. With its classic 17cl stemmed design, this glass is perfect for serving the world-famous Irish Coffee in true vintage style.
Beyond Irish Coffee, its versatile bowl and elegant stem make it ideal for a wide variety of drinks and desserts — from Mimosas and Orange Fizz cocktails to Grasshoppers, layered liqueurs, or even indulgent desserts. The stem keeps hands comfortably cool while the gently curved shape enhances both presentation and drinking experience.
A timeless choice for bars, restaurants, or home entertaining, this glass blends vintage charm with everyday practicality.",,Glass,,17,,
UB5882-B6,Vintage Irish Coffee Glass 17cl- B6,Urban Bar,Hot Drinks,£27.50,https://www.urbanbar.com/products/vintage-irish-coffee-glass-17cl-b6,https://cdn.shopify.com/s/files/1/0467/5066/2816/files/CoffeeGlassgeorgian-737208.jpg?v=1791359941,"Bring a touch of heritage to your drinks service with this Irish Coffee Glass. With its classic 17cl stemmed design, this glass is perfect for serving the world-famous Irish Coffee in true vintage style.
Beyond Irish Coffee, its versatile bowl and elegant stem make it ideal for a wide variety of drinks and desserts — from Mimosas and Orange Fizz cocktails to Grasshoppers, layered liqueurs, or even indulgent desserts. The stem keeps hands comfortably cool while the gently curved shape enhances both presentation and drinking experience.
A timeless choice for bars, restaurants, or home entertaining, this glass blends vintage charm with everyday practicality.",,Glass,,17,6,Box of 6
UB5935,Gin Mixer Glass 60cl,Urban Bar,Cocktails,£8.33,https://www.urbanbar.com/products/new-gin-mixer-glass-60cl,https://cdn.shopify.com/s/files/1/0467/5066/2816/files/UB818.jpg?v=1791367840,"Elevate a simple gin & tonic with our Gin Mixer Glass, or create your own gin cocktail to enjoy. This classic balloon style glass has a flat base to its bowl, creating a pedestal for your drinks and is produced with a single pulled stem for added elegance and quality.
Single pulled stem
Flat base bowl, large volume
Lead free crystalline glass, strong and durable
Perfect for mixing and serving gin cocktails with ice
Dishwasher safe - see our Glassware Care Guide for more information",,Glass,,60,,
UB60,Qubo Fashioned Whisky Tumbler 23cl,Urban Bar,Rocks,£9.17,https://www.urbanbar.com/products/handmade-crystal-qubo-square-old-fashioned-tumbler-23cl,https://cdn.shopify.com/s/files/1/0467/5066/2816/files/UB60-1.png?v=1791379377,"Moving from a square base to a round top this design practical, weighty and eye catching.
Product Features:
Square rocks tumbler
Handmade glass
Large heavyweight base for a bold drink presentation
Dishwasher safe - see our Glassware Care Guide for more information",,Glass,,23,,
UB600-1,1890 Shot Glass 6cl,Urban Bar,Shot Glasses,£5.00,https://www.urbanbar.com/products/1890-shot-glass-6cl,https://cdn.shopify.com/s/files/1/0467/5066/2816/files/UB600-1_1RS.jpg?v=1791380077,"Adding to Urban Bar's Retro range, we introduce the 1890 Shot Glass. With an etched pattern, this glass has a vintage charm to match the other 1890 pattern pieces. This bold shot glass is made from premium lead-free crystal glass. Due to this luxury material, this glass has a high level of transparency. Matched with the vintage etching, this shot glas gives aperitifs a premium presentation.
Product Features
Vintage etched shot glass
Lead-free crystal glass
Etched vintage Edwardian style floral swag design
Dishwasher safe - see our Crystal Glass Care Guide for more information",,Glass,1890,6,,
UB600-2,1910 Shot Glass 6cl,Urban Bar,Shot Glasses,£5.00,https://www.urbanbar.com/products/1910-shot-glass-6cl,https://cdn.shopify.com/s/files/1/0467/5066/2816/files/UB600-2-2.jpg?v=1791367696,"The 1910 Shot Glass elevates aperitif and shot service by bringing a vintage charm. Lead-free crystal matches with a retro etched pattern for an unrivalled beauty. This vintage shot glass accompanies the rest of the 1910 range of glassware. Enhance your serveware collection with this popular etched pattern. Whether you're serving straight shots or getting creative on a small scale, this glass adds a unique aesthetic. Elevate your drinks service today.
Product Features
Vintage etched shot glass
Premium crystal glass
Vintage etched pattern
Dishwasher safe - see our Crystal Glass Care Guide for more information",,Glass,1910,6,,
UB6010,Beehive Handle Single Spike Ice Pick,Urban Bar,Skewers,£15.00,https://www.urbanbar.com/products/beehive-handle-ice-pick-23cm,https://cdn.shopify.com/s/files/1/0467/5066/2816/files/UB6010_ea608faa-3c5c-4e05-8c29-1badf8c2f048.jpg?v=1791376584,"Single 15cm long spike, with carved wooden handle and alloy head. Made in Japan.
Product Features:
Ice pick with long steel point for chipping ice blocks
Hand made in Japan
Decorative real beech wood handle with phenol resin coating
15cm length pick, perfect for hand carving ice blocks
Hand wash only",,,Japanese Barware,,,
UB6041,Heavy 3 Spike Ice Pick 21cm,Urban Bar,Skewers,£53.33,https://www.urbanbar.com/products/premium-heavy-3-spike-ice-pick-21cm,,"Product Features:
3-prong trident ice pick
Create ice chips for drinks
Stainless steel head with 4cm prongs
Beech wood handle with a mahogany stain colouring
Heavy weight for natural feel in the hand
Made in Japan
Hand wash only - see our Barware Care page for more information",,,Japanese Barware,,,
UB6052,Standard 3 Spike Ice Pick 17.5cm,Urban Bar,Skewers,£17.50,https://www.urbanbar.com/products/standard-3-spike-ice-pick-17-5cm,https://cdn.shopify.com/s/files/1/0467/5066/2816/files/UB6052.jpg?v=1791379395,"Create ice chips and chunks for serving chilled cocktails with the 3 Spike Ice Pick. Made in Japan, this ice pick has a solid steel head with 3 prongs. Each prong is 2.5cm long for shallow carving, great for making ice balls. This trident ice pick has an ergonomic handle that creates a comfortable hold in the hand. This makes delicate carving easier and more natural.
Product Features:
3-prong trident ice pick
Create ice chips for drinks
Stainless steel head
Ergonomic, contoured wooden handle
Mahogany stain colouring
Comfortable weight for natural feel
Made in Japan
Hand wash only - see our Barware Care page for more information",,,Japanese Barware,,,
UB6098,Spirit Crystal Whisky Taster Glass 12cl,Urban Bar,Brandy & Fortified Wine,£7.50,https://www.urbanbar.com/products/crystal-spirit-taster-glass-12cl,https://cdn.shopify.com/s/files/1/0467/5066/2816/files/UB6098.jpg?v=1791379412,"Stunning copita shape stemmed spirit glass made from premium lead-free crystal. The Spirit Taster Glass combines elegant design with high quality materials to offer a beautiful tasting glass whiskies and other spirits. This small copita glass features a high level of clarity in the glass, perfect for viewing the colour and clarity of the spirit inside.
Product Features:
Whisky tasting stemware
Lead-free crystal  FDA approved glass with no toxic additives
High transparency  lasts up to 1500 industrial glasswasher cycles
Elegant seamless pulled stem adds beauty and strength
Stem helps retain temperature of contents
Narrow mouth to collect and direct aromas
Rounded bowl to swirl contents
Laser treated rim for resistance to chipping
Dishwasher safe - see our Glassware Care Guide for more information",,Crystal,,12,,
UB61,Qubo Crystal Highball Glass 32cl,Urban Bar,Hiballs,£10.00,https://www.urbanbar.com/products/qubo-highball-glass-32cl,https://cdn.shopify.com/s/files/1/0467/5066/2816/files/ub61.png?v=1791380102,"Your drinks deserve a vessel that has a bold aesthetic to match their taste. The Qubo Square Highball Tumbler, has a strong appearance with an angular square base. This tapers up to a round circular rim for a comfortable drinking experience. Having been hand made, each Qubo glass has an assured level of quality. Whether serving cocktails, soft drinks, or beers, this highball tumbler gives your drinks a new angle.
Product Features:
Square long drink tumbler
Hand made
Square base tapering up to a round rim
Cut rim for comfortable sipping
Large heavyweight base
Dishwasher safe - see our Glassware Care Guide for more information",,Crystal,,32,,
UB611,Stainless Steel Lime Squeezer 22.5cm with Lifetime Guarantee,Urban Bar,Utensils & Tools,£24.17,https://www.urbanbar.com/products/stainless-steel-lime-squeezer-22-5cm,https://cdn.shopify.com/s/files/1/0467/5066/2816/files/UB611.jpg?v=1791444802,"Taking the classic Mexican elbow design, we used the finest steel to for a premium lime squeezer. Made from Japanese 18/8 steel, rather than lower quality 18/0. This manual juice extractor withstands the rigours of everyday use. The premium material has high corrosion resistance and is less susceptible to rust. This squeezer is an antidote to cheap plastic juicers, giving an item with longevity.
Product Features
Mexican elbow design manual juicer
Lime/lemon recess size - 7.5cm diameter
Luxury 18/8 Japanese steel
Polished finish
Durable build for repeated use
Dishwasher safe - see our Steel Care Guide page for more information
Lifetime guarantee",,Stainless Steel,,,,
UB6128,Goblet 30 cl,Urban Bar,Wine,£12.50,https://www.urbanbar.com/products/goblet-30-cl-ub,https://cdn.shopify.com/s/files/1/0467/5066/2816/files/UB6128.jpg?v=1791380518,"This premium hand made glass has two solid glass balls to make the stem. It is an elegant design that can be used for water, wine, cocktails or the larger one for a long G&T.
Adding great presence and elegance to any drink.",,,,30,,
UB6132,Goblet Large 42 cl,Urban Bar,Wine,£15.00,https://www.urbanbar.com/products/goblet-42-cl-ub,https://cdn.shopify.com/s/files/1/0467/5066/2816/files/UB6132.jpg?v=1791380565,"This premium hand made glass has a two solid glass balls to make the stem. It is an elegant design that can be used for water, wine, cocktails or the larger one for a long G&T.
Adding great presence and elegance to any drink.",,,,42,,
UB6169,Bailong Tin-on-Tin Stainless Steel Weighted Cocktail Shaker 85cl,Urban Bar,Shake,£40.83,https://www.urbanbar.com/products/bailong-tin-on-tin-stainless-steel-weighted-cocktail-shaker-85cl,https://cdn.shopify.com/s/files/1/0467/5066/2816/files/white-3359-DragonShaker-07copyrs.jpg?v=1791381460,"This tin on tin shaker is made with a classic Asian shape giving a slightly heavier, more robust shaker. Made with our standard high level of quality steel and featuring laser welded caps on the base of the two tins
Dual tin cocktail shaker with Bailong, Dragon style imagery
Features Japanese Lucky Coins on the base
Etched patterns with food safe ink
Made from premium 18/8 Japanese steel for greater corrosion resistance
Weighted base on each tin for increased rigidity
Outlasts standard poor grade steel shakers
Polished finish
Gift boxed
Dishwasher safe - see our Steel Care Guide page for more information",,Stainless Steel,,85,,
UB6309,Retro Champagne Glass Coupette 15cl,Urban Bar,Champagne,£10.00,https://www.urbanbar.com/products/retro-champagne-glass-coupette-15cl,https://cdn.shopify.com/s/files/1/0467/5066/2816/files/coupette_bf00568d-011a-4188-b4fe-0af8211d234a.png?v=1791381906,"A classic in drinks service, the Retro Coupe Glass is a great all-rounder now available in a 14cl capacity. Made from lead-free crystal, this glass boasts high transparency. Due to this, your serves promote themselves without the need for extra decoration. Give your drinks the platform they deserve.
Product Features:
Classic coupe stem glass
Lead-free crystal glass
High clarity to promote the contents
Ideal for serving champagne or cocktails
Dishwasher safe - see our Crystal Glass Care Guide for more information",,Glass,,15,,
UB6311,Retro Optic Champagne Glass Coupette 15cl,Urban Bar,Champagne,£10.83,https://www.urbanbar.com/products/retro-optic-champagne-glass-coupette-15cl,https://cdn.shopify.com/s/files/1/0467/5066/2816/files/white-UB6311.jpg?v=1791381959,"An update on our classic glass, this has had vertical lines put in the glass during production, giving more sparkle and life to the glass. Made from lead-free crystal, this glass boasts high transparency. Due to this, your serves promote themselves without the need for extra decoration. Give your drinks service a head start with this elegant drinkware essential. Give your drinks the platform they deserve.
Product Features:
Classic coupe stem glass
Lead-free crystal glass
Vertical glass lines in the bowl
High clarity to promote the contents
Ideal for serving champagne or cocktails
Dishwasher safe - see our Crystal Glass Care Guide for more information",,Glass,,15,,
UB6312,1910 Champagne Glass Coupette 15cl,Urban Bar,Champagne,£10.83,https://www.urbanbar.com/products/1910-champagne-glass-coupette-15cl,https://cdn.shopify.com/s/files/1/0467/5066/2816/files/white-UB6312.jpg?v=1791381919,"The design of this 15cl coupette harks back to the early 20th century. Made from lead-free crystal, this champagne coupe shape gives high clarity. As such, the contents have a greater visibility on the bar top, adding to the visual presentation. Around the bowl is a vintage etched pattern with swirls that complement champagne and sparkling cocktails.
Product Features:
Classic coupe stem glass
Lead-free crystal glass
Vintage etched pattern around the bowl
High clarity to promote the contents
Ideal for serving champagne or cocktails
Dishwasher safe - see our Crystal Glass Care Guide for more information",,Glass,1910,15,,
UB6313,1920 Champagne Glass Coupette 15cl,Urban Bar,Champagne,£10.83,https://www.urbanbar.com/products/1920-champagne-glass-coupette-15cl,https://cdn.shopify.com/s/files/1/0467/5066/2816/files/white-UB6313.jpg?v=1791381936,"This stunning 15cl 1920 coupette features a delicate vintage engraving around the bowl for a timeless drink presentation. Made from premium lead-free crystal for a high level of clarity, giving a sparkling aesthetic to your drinks.
Product Features:
Vintage stemmed glass
Classic coupe shape
Made from lead-free crystal
High transparency to promote the contents
Etched pattern around the bowl mirrors the movement of bubbles in sparkling drinks
Perfect for cocktails or champagne and sparkling wines
Dishwasher safe - see our Crystal Glass Care Guide for more information",,Glass,1920,15,,
UB6314,Gold Rim Champagne Glass Coupette 15cl,Urban Bar,Champagne,£11.67,https://www.urbanbar.com/products/gold-rim-champagne-glass-coupette-15cl,https://cdn.shopify.com/s/files/1/0467/5066/2816/files/RetroCoupetterange.jpg?v=1791381898,"For a premium drink service, the Retro Gold Rim Coupette Glass offers a luxury finish, with a smaller 15cl capacity. Complemented by a gold plated rim, this coupe has a lead free crystal glass construction. This premium material gives the glass a high level of transparency that lets the drink stand out. A pulled stem ensures there are no joins around the bowl, giving a natural organic flow to the shape.
Product Features:
Classic coupe stem glass
Lead-free crystal glass
Gold plated rim - hand applied food-safe real gold
High clarity to promote the contents
Ideal for serving champagne or cocktails
Hand wash only - See our Product Care page for more information",Gold,Glass,,15,,
UB6362,Damascus Steel Bar Knife 14.5cm,Urban Bar,Knives & Cutting Boards,£38.33,https://www.urbanbar.com/products/damascus-steel-bar-knife-22-5cm,https://cdn.shopify.com/s/files/1/0467/5066/2816/files/knife7rs.jpg?v=1791377368,"Achieve the precision of centuries of Japanese craftsmanship with the professional Damascus Steel Bar Knife. This impressive 67-layer steel knife uses VG-10 cobalt alloy steel to give great longevity and excellent sharpness. This professional knife makes the Damascus pattern with 67 layers of steel that have been ice hardened and tempered again at a high heat to create a blade designed for excellent cutting. Housed in a sleek black box, this knife is ideal for gifting to any serious bartender.
Product Features:
Premium bar knife for cocktail making
Blade Length: 14.5cm
67 layer Damascus steel
Cobalt alloy VG-10 steel
Ice-hardened and tempered for high durability and corrosion resistance
Double-bevelled for ambidextrous use
Durable black Pakka Wood Handle
Gift Boxed
Hand wash recommended",,Stainless Steel,Japanese Barware,,,
UB6375,Fluet Old Fashioned 1910 34cl,Urban Bar,Rocks,£8.33,https://www.urbanbar.com/products/fluet-old-fashioned-1910-ultra-thin-34cl,https://cdn.shopify.com/s/files/1/0467/5066/2816/files/white-UB6375rs.jpg?v=1791381761,"Taking its name from old French meaning slim, elegant and graceful this high-quality glass lives up to its name. The delicately etched pattern adds a retro aesthetic to all your serves.",,Glass,1920,34,,
UB6376,Fluet Double Old Fashioned 1910 44cl,Urban Bar,Rocks,£9.17,https://www.urbanbar.com/products/fluet-double-old-fashioned-1910-ultra-thin-44cl,https://cdn.shopify.com/s/files/1/0467/5066/2816/files/white-UB6376rs.jpg?v=1791381738,"Taking its name from old French meaning slim, elegant and graceful this high-quality glass lives up to its name. Featuring our art deco inspired design this unique retro pattern gives the glass a unique vintage aesthetic.",,Glass,1920,44,,
UB6377,Fluet Highball 1910 45cl,Urban Bar,Hiballs,£10.83,https://www.urbanbar.com/products/fluet-highball-1910-ultra-thin-45cl,https://cdn.shopify.com/s/files/1/0467/5066/2816/files/white-white-UB6377rs.jpg?v=1791381720,"Taking its name from old French meaning slim, elegant and graceful this high-quality glass lives up to its name. This High Ball exudes a vintage art deco aesthetic.",,Glass,1920,45,,
UB6378,Fluet Old Fashioned 1920 34cl,Urban Bar,Rocks,£8.33,https://www.urbanbar.com/products/fluet-old-fashioned-1920-ultra-thin-34cl,https://cdn.shopify.com/s/files/1/0467/5066/2816/files/white-UB6378rs.jpg?v=1791381700,"Taking its name from old French meaning slim, elegant and graceful this high-quality decorated tumbler lives up to its name. A unique etched pattern emulating bubbles fizzing through a drink brings extra visual depth to every serve for a timeless drinks presentation.",,Glass,1920,34,,
UB6379,Fluet Double Old Fashioned 1920 45cl,Urban Bar,Rocks,£9.17,https://www.urbanbar.com/products/fluet-double-old-fashioned-1920-ultra-thin-45cl,https://cdn.shopify.com/s/files/1/0467/5066/2816/files/UB_Shoot2_1_79_1_1_1920.jpg?v=1791381685,"Taking its name from old French meaning slim, elegant and graceful this high-quality decorated tumbler lives up to its name. A unique etched pattern emulating bubbles fizzing through a drink brings extra visual depth to every serve. Perfect for cocktails or even as a water glass.",,Glass,1920,45,,
UB6380,Fluet Highball 1920 45cl,Urban Bar,Hiballs,£10.83,https://www.urbanbar.com/products/fluet-highball-1920-ultra-thin-45cl,https://cdn.shopify.com/s/files/1/0467/5066/2816/files/UB_Shoot2_1_90_1920_0559140f-b413-4fe0-b9a7-59e4ad6859e3.jpg?v=1791381677,"Taking its name from old French meaning slim, elegant and graceful this high-quality decorated glass lives up to its name. A unique etched pattern emulating bubbles fizzing through a drink brings extra visual depth to every serve.",,Glass,1920,45,,
UB6382,Fluet Old Fashioned Gold Rim 34cl,Urban Bar,Rocks,£10.00,https://www.urbanbar.com/products/fluet-old-fashioned-gold-rim-ultra-thin-34cl,https://cdn.shopify.com/s/files/1/0467/5066/2816/files/white-UB6382rs.jpg?v=1791381655,"Taking its name from old French meaning slim, elegant and graceful this glass lives up to its namesake by delivering sleek, thin and stylish lines featuring a stunning gold-plated rim. The elegant clean, and transparent profile of the glass finished with the decadent gold-plated rim creates a new dimension for your serves.",Gold,Glass,,34,,
UB6383,Fluet Double Old Fashioned Gold Rim 45cl,Urban Bar,Rocks,£10.83,https://www.urbanbar.com/products/fluet-double-old-fashioned-gold-rim-ultra-thin-45cl,https://cdn.shopify.com/s/files/1/0467/5066/2816/files/white-UB6383rs.jpg?v=1791381641,"Taking its name from old French meaning slim, elegant and graceful this glass lives up to its namesake by delivering sleek, thin and stylish lines featuring a stunning gold-plated rim. The elegant clean, and transparent profile of the glass finished with the decadent gold-plated rim creates a new dimension for your serves.",Gold,Glass,,45,,
UB6384,Fluet Highball Gold Rim 45cl,Urban Bar,Hiballs,£11.67,https://www.urbanbar.com/products/fluet-highball-gold-rim-ultra-thin-45cl,https://cdn.shopify.com/s/files/1/0467/5066/2816/files/UB_Shoot2_1_109_1_goldrim_eee3e236-45d6-41ce-8990-013b3142af42.jpg?v=1791381629,"Taking its name from old French meaning slim, elegant and graceful this glass lives up to its name with very fine walls and rim with the addition of a stunning gold rim. The elegant, clean, and transparent profile of the glass finished with the decadent gold rim creates a new dimension to your serves.",Gold,Glass,,45,,
UB6385,Fluet Old Fashioned 34cl,Urban Bar,Rocks,£7.50,https://www.urbanbar.com/products/fluet-old-fashioned-ultra-thin-44cl,,"Taking its name from old French meaning slim, elegant and graceful this high-quality glass lives up to its name with very fine walls and rim.",,Glass,,34,,
UB6386,Fluet Double old Fashioned 44cl,Urban Bar,Rocks,£8.33,https://www.urbanbar.com/products/fluet-double-old-fashioned-ultra-thin-44cl,https://cdn.shopify.com/s/files/1/0467/5066/2816/files/white-UB6386.jpg?v=1791381616,"Taking its name from old French meaning slim, elegant and graceful this high-quality glass lives up to its name with very fine walls and rim.",,Glass,,44,,
UB6387,Fluet Highball 45cl,Urban Bar,Hiballs,£9.17,https://www.urbanbar.com/products/fluet-high-ball-ultra-thin-45cl,,"Taking its name from old French meaning slim, elegant and graceful this high-quality glass lives up to its name with very fine walls and rim. The 45cl high ball is perfect for cocktails, mixed drinks or even as a simple water glass.",,Glass,,45,,
UB65,Julep Cup 41cl,Urban Bar,Metal Drinkware,£10.83,https://www.urbanbar.com/products/julep-cup-41cl,https://cdn.shopify.com/s/files/1/0467/5066/2816/files/UB65.jpg?v=1791359901,"The classic mint julep cocktail is always best served in a proper Julep Cup. Made from premium Japanese steel, this cocktail cup matches premium cocktails. Urban Bar designed this mint julep cup with a classic, subtle conical design with steps at the base. The reflective high polish shine complements the vintage shape, making this vessel a beautiful bar top addition.
Product Features
Steel cocktail cup
Vintage design
Premium 18/8 Japanese stainless steel
High corrosion resistance for protection against rust
Polished finish
Dishwasher safe - see our Barware Care page for more information",,,,41,,
UB65-CP,Copper Julep Cup 41cl,Urban Bar,Metal Drinkware,£15.83,https://www.urbanbar.com/products/copper-julep-cup-41cl,https://cdn.shopify.com/s/files/1/0467/5066/2816/files/UB65-CP_efe6dc0a-e51c-414a-9dab-69085b0111b4.jpg?v=1791379422,"Serve mint juleps the correct way with the Copper Julep Cup. This premium cocktail cup has a polished copper plating for a luxury finish. Made from high grade Japanese steel, our Julep Cups are lightweight, while having a high level of corrosion resistance. This premium steel gives excellent rust resistance, outlasting standard barware. Make sure to hand wash your plated barware to maintain the lifespan.
Product Features
Steel cocktail cup
Copper plating with a polished finish
Vintage design
Premium 18/8 Japanese stainless steel
High corrosion resistance for protection against rust
Polished finish
Hand wash only - see our Plated Steel Care page for more information",Copper,Copper,,41,,
UB6513,Black Paper Cocktail Straws Box of 250,Urban Bar,Straws,£4.17,https://www.urbanbar.com/products/black-paper-cocktail-straws-box-of-250,https://cdn.shopify.com/s/files/1/0467/5066/2816/files/AdobeStock_607142552rs.jpg?v=1791381883,"These classic black cocktail straws are perfect for drinks served ice cold and add a touch of elegance to every glass . Packed in boxes of 250 all of our straws and packaging are made using sustainable, environmentally friendly materials in Wiltshire, England.
This 140x 6mm 3ply Straw (0.23Inch Bore Straw) is perfect for those cocktails served over ice and a much more environmentally friendly alternative to plastic.
100% biodegradable & compostable
More environmentally friendly alternative to plastic
Packaged in 100% recyclable materials
Ink and Paper Certified and Tested to Food Contact Grade Standards
Durable 3 ply material
We can print straws to any colour. Contact us to discuss your requirements.",Black,,,,250,Box of 250
UB6514,Black Paper Straws Box of 250,Urban Bar,Straws,£5.00,https://www.urbanbar.com/products/black-paper-straws-box-of-251,https://cdn.shopify.com/s/files/1/0467/5066/2816/files/AdobeStock_525371674.jpg?v=1791381867,"These high quality classic black straws add a touch of class to any drink. Packed in boxes of 250 all of our straws and packaging are made using sustainable, environmentally friendly materials in Wiltshire, England. This 200 x 6mm 3ply Straw (0.23Inch Bore Straw) is the standard size used for drinking all soft drinks and beverages such as cocktails. Perfect for a mojito or an ice cold lemonade. Also available in; Blue, Red, Yellow and Green stripes.
100% biodegradable & compostable
More environmentally friendly alternative to plastic
Packaged in 100% recyclable materials
Ink and Paper Certified and Tested to Food Contact Grade Standards
Durable 3 ply material
We can print straws to any colour. Contact us to discuss your requirements.",Black,,,,250,Box of 250
UB6515,Mixed Colour Paper Straws Box of 250,Urban Bar,Straws,£5.00,https://www.urbanbar.com/products/mixed-colour-paper-straws-box-of-250,https://cdn.shopify.com/s/files/1/0467/5066/2816/files/MixedStrawRS4.jpg?v=1791381845,"This vintage mix of striped colour straws add a burst of colour to any glass they adorn.
Packed in a mixed box of 250 all of our straws and packaging are made using sustainable, environmentally friendly materials in Wiltshire, England.
This 200 x 6mm 3ply Straw (0.23Inch Bore Straw) is the standard size used for drinking all soft drinks and beverages such as cocktails. Perfect for a mojito or an ice cold lemonade. Available in Blue, Red, Yellow and Green stripes.
100% biodegradable & compostable
More environmentally friendly alternative to plastic
Packaged in 100% recyclable materials
Ink and Paper Certified and Tested to Food Contact Grade Standards
Durable 3 ply material
We can print straws to any colour or design. Contact us to discuss your requirements.",,,,,250,Box of 250
UB6531,Drop Black Bar Spoon 30cm,Urban Bar,Stir,£13.33,https://www.urbanbar.com/products/drop-black-bar-spoon-30cm,https://cdn.shopify.com/s/files/1/0467/5066/2816/files/white-UB6531.jpg?v=1791358953,"Introducing our Black Bar Spoon, the ultimate tool for crafting the perfect cocktails with style and precision. Meticulously crafted from high-quality Japanese Steel, this bar spoon combines elegance with functionality, making it a must-have for any home bar or professional mixologist.
Designed with a long, slender handle and a twisted shaft, our black bar spoon allows for effortless stirring and layering of ingredients, ensuring every cocktail is expertly mixed to perfection. The elegant black finish adds a touch of sophistication to your bartending arsenal, elevating the presentation of your drinks.
Product Features:
Sleek Japanese style bar spoon
Twisted stem for layering drinks
Teardrop shape tip
Head gives approximate 5ml measure
Made from 18/8 Japanese steel
Black finish
High level of corrosion resistance
Outlasts standard steel barware
Hand wash only - see our Plated Steel Care Guide for more information",Black,,,,,
UB6535,Drop Stone Bar Spoon 30cm,Urban Bar,Stir,£13.33,https://www.urbanbar.com/products/drop-stone-bar-spoon-30cm-copy,https://cdn.shopify.com/s/files/1/0467/5066/2816/files/white-UB6535rs2.jpg?v=1791359890,"Introducing our Stone Bar Spoon, the ultimate tool for crafting the perfect cocktails with style and precision. Meticulously crafted from high-quality Japanese Steel, this bar spoon combines elegance with functionality, making it a must-have for any home bar or professional mixologist.
Designed with a long, slender handle and a twisted shaft, our stone bar spoon allows for effortless stirring and layering of ingredients, ensuring every cocktail is expertly mixed to perfection. The elegant copper finish adds a touch of sophistication to your bartending arsenal, elevating the presentation of your drinks. These spoons have been tumbled to create the unique matt stone finish.
Product Features:
Sleek Japanese style bar spoon
Twisted stem for layering drinks
Teardrop shape tip
Head gives approximate 5ml measure
Made from 18/8 Japanese steel
Unique Tumbled Stone Finish
High level of corrosion resistance
Outlasts standard steel barware
Hand wash only - see our Plated Steel Care Guide for more information",Stone,,,,,
UB6537,Coley® Cocktail Stone Strainer 15.5cm,Urban Bar,Strain,£15.00,https://www.urbanbar.com/products/coley-r-cocktail-stone-strainer-15-5cm,https://cdn.shopify.com/s/files/1/0467/5066/2816/files/white-UB6537rs.jpg?v=1791358578,"A stunning take on the classic sprung cocktail strainer, the Coley Strainer matches great functionality with premium materials. With a wider head than most, this strainer covers the opening of shaker tins to focus the pour through the tight spring and strainer holes enabling very fine straining. This version has been tumbled to create a unique and premium stone finish.
Product Features:
No prong cocktail strainer
Made from luxury 18/8 Japanese stainless steel
Unique Tumbled Stone Finish
Tight spring for excellent filtration
Wide head to focus the pour through the spring
One-piece body with no welds for solid structure
High corrosion resistance for premium rust protection
Gift boxed
Hand wash only - see our Plated Steel Care Guide for more information",Stone,,,,,
UB6538,Black Ginza Cup 57cl,Urban Bar,Shake,£12.50,https://www.urbanbar.com/products/black-ginza-cup-57cl-copy,https://cdn.shopify.com/s/files/1/0467/5066/2816/files/white-UB6538HR.jpg?v=1791358925,"An essential part of any bartenders arsenal. This Black Ginza Cup is solid and effective, made with premium materials which give it longevity and reliability, standing out with its premium black finish.
Product Features:
20oz cocktail shaker tin
Made from premium 18/8 Japanese steel for greater corrosion resistance
Outlasts standard poor grade steel shakers
Black finish
Hand wash only",Black,,,57,,
UB6539,Black Ginza Can 75cl,Urban Bar,Shake,£15.83,https://www.urbanbar.com/products/black-ginza-can-75cl,https://cdn.shopify.com/s/files/1/0467/5066/2816/files/white-UB6539HR.jpg?v=1791358916,"Product Features:
24.6oz cocktail shaker tin
Made from premium 18/8 Japanese steel for greater corrosion resistance
Outlasts standard poor grade steel shakers
Premium Black Finish
Hand wash only - see our Plated Steel Care page for more information",Black,,,75,,
UB6540,Stone Ginza Cup 57cl,Urban Bar,Shake,£12.50,https://www.urbanbar.com/products/stone-ginza-cup-57cl,https://cdn.shopify.com/s/files/1/0467/5066/2816/files/white-UB6540HR.jpg?v=1791358953,"An essential part of any bartenders arsenal. This Stone Ginza Cup is solid and effective, made with premium materials which give it longevity and reliability, standing out with its premium stone finish.
Product Features:
20oz cocktail shaker tin
Made from premium 18/8 Japanese steel for greater corrosion resistance
Outlasts standard poor grade steel shakers
Unique Tumbled Stone Finish
Hand wash only",Stone,,,57,,
UB6541,Stone Ginza Can 75cl,Urban Bar,Shake,£15.83,https://www.urbanbar.com/products/stone-ginza-can-75cl,https://cdn.shopify.com/s/files/1/0467/5066/2816/files/white-UB6541HR.jpg?v=1791358962,"Product Features:
24.6oz cocktail shaker tin
Made from premium 18/8 Japanese steel for greater corrosion resistance
Outlasts standard poor grade steel shakers
Unique Tumbled Stone Finish
Hand wash only - see our Plated Steel Care page for more information",Stone,,,75,,
UB6542,Coley® Cocktail Black Strainer 15.5cm,Urban Bar,Strain,£15.00,https://www.urbanbar.com/products/coley-r-cocktail-black-strainer-15-5cm,https://cdn.shopify.com/s/files/1/0467/5066/2816/files/white-UB6542.jpg?v=1791358926,"A stunning take on the classic sprung cocktail strainer, the Coley Strainer matches great functionality with premium materials. With a wider head than most, this strainer covers the opening of shaker tins to focus the pour through the tight spring and strainer holes enabling very fine straining. This version comes in a premium black PVD finish.
Product Features:
No prong cocktail strainer
Made from luxury 18/8 Japanese stainless steel
Premium Black finish
Tight spring for excellent filtration
Wide head to focus the pour through the spring
One-piece body with no welds for solid structure
High corrosion resistance for premium rust protection
Gift boxed
Hand wash only - see our Plated Steel Care Guide for more information",Black,,,,,
UB6543,Aero® Black Jigger 25ml/50ml,Urban Bar,Measures & Pourers,£15.83,https://www.urbanbar.com/products/aero-c2-ae-black-jigger-25ml-50ml,https://cdn.shopify.com/s/files/1/0467/5066/2816/files/white-UB6543_1.jpg?v=1791358893,"Enhance your mixology presentation with the unique Aero Jigger in a premium Stone finish. This spirit measure is CE marked for use in licenced bars. Made from premium Japanese steel, this jigger measure has a high corrosion resistance. Due to this, it has far greater longevity than standard barware, and has a higher rust resistance. The fluid concave profile is for both visual appreciation and functionality. The slim waist gives an easy point for grip, making your mixology more fluid.
Product Features
Unique design double jigger measure
CE marked for use in licenced establishments
Comfortable concave curved shape
Premium 18/8 Japanese stainless steel
Stone Finish
Hand wash only",Black,,,2.5,,
UB6544,Aero® Stone Jigger 25ml/50ml,Urban Bar,Measures & Pourers,£15.83,https://www.urbanbar.com/products/aero-r-stone-jigger-25ml-50ml,https://cdn.shopify.com/s/files/1/0467/5066/2816/files/white-UB6544.jpg?v=1791358564,"Enhance your mixology presentation with the unique Aero Jigger in a premium Stone finish. This spirit measure is CE marked for use in licenced bars. Made from premium Japanese steel, this jigger measure has a high corrosion resistance. Due to this, it has far greater longevity than standard barware, and has a higher rust resistance. The fluid concave profile is for both visual appreciation and functionality. The slim waist gives an easy point for grip, making your mixology more fluid. This item has been tumbled to create the unique matt stone finish.
Product Features
Unique design double jigger measure
CE marked for use in licenced establishments
Comfortable concave curved shape
Premium 18/8 Japanese stainless steel
Unique Tumbled Stone Finish
Hand wash only",Stone,,,2.5,,
UB6589,Tuath Irish Whiskey Glass 21cl,Urban Bar,Tumblers,£10.83,https://www.urbanbar.com/products/tuath-irish-whiskey-glass-21cl,https://cdn.shopify.com/s/files/1/0467/5066/2816/files/white-Set1rightars2.jpg?v=1791381982,"The TÚATH (tu  ah)  from the old Irish for family or nation, is a conical shaped nosing and tasting glass for whiskey that functions superbly by concentrating & capturing all the aromas and flavours that make Irish Whiskey unique.
The generosity of Irish spirit is reflected in the enhanced chamber capacity delivering a generous drinking experience. The base is specially designed to be held between the thumb, forefinger and middle finger with the first two digits on the top and the middle finger resting under the base. The pyramid-like angles of the stem where inspired by the island of Skellig Michael.
Product Features
Made in Ireland
Finest Quality Crystal
Ideal for sampling Irish Whiskey
Dishwasher safe - see our Glassware Care Guide for more information",,Glass,,21,,
UB6637,Yansheng Tin-on-Tin Stainless Steel Weighted Shaker 85cl,Urban Bar,Shake,£22.50,https://www.urbanbar.com/products/yansheng-tin-on-tin-stainless-steel-weighted-shaker-85cl,https://cdn.shopify.com/s/files/1/0467/5066/2816/files/white-UB6637rs.jpg?v=1791358972,"This tin on tin shaker is made with a classic Asian shape giving a slightly heavier, more robust shaker. Made with our standard high level of quality steel and featuring laser welded caps on the base of the two tins.
Yansheng Coins are talismans of good fortune in China, and often used to bring in money in Feng Shui. These coins are round with a square hole in the centre. They represent both heaven (the circle) and earth (the square), and because of this, they are deemed especially auspicious.
Features Lucky Coins on the base
Made from premium 18/8 Japanese steel for greater corrosion resistance
Weighted base on each tin for increased rigidity
Outlasts standard poor grade steel shakers
Polished finish
Gift boxed
Dishwasher safe - see our Steel Care Guide page for more information",,Stainless Steel,,85,,
UB6638,Yansheng Tin-on-Tin Gold Plated Weighted Shaker 85cl,Urban Bar,Shake,£28.33,https://www.urbanbar.com/products/yansheng-tin-on-tin-stainless-steel-weighted-shaker-85cl-copy,https://cdn.shopify.com/s/files/1/0467/5066/2816/files/white-UB6638RS.jpg?v=1791358992,"This tin on tin shaker is made with a classic Asian shape featuring a premium gold finish giving a slightly heavier, more robust shaker. Made with our standard high level of quality steel and featuring laser welded caps on the base of the two tins.
Yansheng Coins are talismans of good fortune in China, and often used to bring in money in Feng Shui. These coins are round with a square hole in the centre. They represent both heaven (the circle) and earth (the square), and because of this, they are deemed especially auspicious.
Features Lucky Coins on the base
Made from premium 18/8 Japanese steel for greater corrosion resistance
Weighted base on each tin for increased rigidity
Outlasts standard poor grade steel shakers
Polished Gold Plated finish
Gift boxed
Dishwasher safe - see our Steel Care Guide page for more information",Gold,,,85,,
UB6640,Yansheng Tin-on-Tin Copper Plated Weighted Shaker 85cl,Urban Bar,Shake,£28.33,https://www.urbanbar.com/products/yansheng-tin-on-tin-copper-plated-weighted-shaker-85cl,https://cdn.shopify.com/s/files/1/0467/5066/2816/files/UB6640_2.jpg?v=1791383365,"This tin on tin shaker is made with a classic Asian shape featuring a premium copper finish giving a slightly heavier, more robust shaker. Made with our standard high level of quality steel and featuring laser welded caps on the base of the two tins.
Yansheng Coins are talismans of good fortune in China, and often used to bring in money in Feng Shui. These coins are round with a square hole in the centre. They represent both heaven (the circle) and earth (the square), and because of this, they are deemed especially auspicious.
Features Lucky Coins on the base
Made from premium 18/8 Japanese steel for greater corrosion resistance
Weighted base on each tin for increased rigidity
Outlasts standard poor grade steel shakers
Polished Copper Plated finish
Gift boxed
Dishwasher safe - see our Steel Care Guide page for more information",Copper,Copper,,85,,
UB6665,Ginza Stainless Steel Jigger 20/40ml,Urban Bar,Measures & Pourers,£7.50,https://www.urbanbar.com/products/ginza-stainless-steel-jigger-20-40ml,https://cdn.shopify.com/s/files/1/0467/5066/2816/files/white-UB6665-940216.jpg?v=1791358762,"Bring classic Japanese style to your bar with this smaller capacity Ginza Jigger Measure. This bar jigger serves an accurate 20ml and 40ml measure for perfect cocktail making. Inside the small cup is a 10ml line, and inside the 40ml cup is a 35ml line. This increases the function of this jigger, allowing greater range in your mixology. Due to the premium grade 18/8 stainless steel, the Ginza Jigger has high corrosion resistance. This makes it less susceptible to rust, and ensures it will outlast standard barware.
Product Features
Double jigger measure
Classic Japanese style design
Interior lines to denote 10ml and 30ml
Premium 18/8 Japanese stainless steel
Polished finish
High corrosion resistance and rust resistance
Outlasts standard poor grade steel jigger measures
Dishwasher safe - see our Steel Care Guide page for more information",,Stainless Steel,,,,
UB6665CP,Ginza Copper Jigger 20/40ml,Urban Bar,Measures & Pourers,£11.67,https://www.urbanbar.com/products/ginza-copper-jigger-20-40ml,https://cdn.shopify.com/s/files/1/0467/5066/2816/files/white-UB6665CP_2024-05-24T11_01_14.978Z.png?v=1791383230,"Bring classic Japanese style to your bar with this smaller capacity Copper Ginza Jigger Measure. This bar jigger serves an accurate 20ml and 40ml measure for perfect cocktail making. Inside the small cup is a 10ml line, and inside the 40ml cup is a 35ml line. This increases the function of this jigger, allowing greater range in your mixology. Due to the premium grade 18/8 stainless steel, the Ginza Jigger has high corrosion resistance. This makes it less susceptible to rust, and ensures it will outlast standard barware.
Product Features
Double jigger measure
Classic Japanese style design
Interior lines to denote 10ml and 30ml
Premium 18/8 Japanese stainless steel
Polished Copper Finish
High corrosion resistance and rust resistance
Outlasts standard poor grade steel jigger measures
Dishwasher safe - see our Steel Care Guide page for more information",Copper,Copper,,,,
UB6665G,Ginza Gold Jigger 20/40ml,Urban Bar,Measures & Pourers,£12.50,https://www.urbanbar.com/products/ginza-gold-jigger-20-40ml,https://cdn.shopify.com/s/files/1/0467/5066/2816/files/white-UB6665G.jpg?v=1791358764,"Bring classic Japanese style to your bar with this smaller capacity Gold Ginza Jigger Measure. This bar jigger serves an accurate 20ml and 40ml measure for perfect cocktail making. Inside the small cup is a 10ml line, and inside the 40ml cup is a 35ml line. This increases the function of this jigger, allowing greater range in your mixology. Due to the premium grade 18/8 stainless steel, the Ginza Jigger has high corrosion resistance. This makes it less susceptible to rust, and ensures it will outlast standard barware.
Product Features
Double jigger measure
Classic Japanese style design
Interior lines to denote 10ml and 30ml
Premium 18/8 Japanese stainless steel
Polished Gold finish
High corrosion resistance and rust resistance
Outlasts standard poor grade steel jigger measures
Dishwasher safe - see our Steel Care Guide page for more information",Gold,,,,,
UB6669,Cocktail Pick Set of 10,Urban Bar,Skewers,£9.17,https://www.urbanbar.com/products/cocktail-pick-set-of-10,https://cdn.shopify.com/s/files/1/0467/5066/2816/files/white-pick_3_stainless_steel.png?v=1791383273,"Enhance your cocktails with a premium stainless steel Cocktail Pick. Made from our premium 18/8 steel, this cocktail stick has a polished finish. With a 4 inch length, this Pick is perfect for complementing rocks tumblers and martini glasses.
Product Features:
Reusable steel cocktail stick
Classic ball shaped head
Made from 18/8 Japanese steel
High corrosion resistance to outlast standard steel barware
Polished finish
Hand wash only see our Plated Steel Care Guide for more information
Also available in Gold and Copper colours",,,,,10,Box of 10
UB6669CP,Copper Cocktail Pick Set of 10,Urban Bar,Skewers,£12.50,https://www.urbanbar.com/products/copper-cocktail-pick-set-of-10,https://cdn.shopify.com/s/files/1/0467/5066/2816/files/white-pick_3_copper.png?v=1791383318,"Enhance your cocktails with a premium Copper Plated Cocktail Pick. Made from our premium 18/8 steel, this cocktail stick has a polished copper finish. With a 4 inch length, this Pick is perfect for complementing rocks tumblers and martini glasses.
Product Features:
Reusable steel cocktail stick
Classic ball shaped head
Made from 18/8 Japanese steel
High corrosion resistance to outlast standard steel barware
Polished Copper finish
Hand wash only see our Plated Steel Care Guide for more information
Also available in Gold and Stainless Steel colours",Copper,Copper,,,10,Box of 10
UB6669G,Gold Cocktail Pick Set of 10,Urban Bar,Skewers,£12.50,https://www.urbanbar.com/products/gold-cocktail-pick-set-of-10,https://cdn.shopify.com/s/files/1/0467/5066/2816/files/white-pick_3_gold.png?v=1791383297,"Enhance your cocktails with a premium stainless steel Gold Plated Cocktail Pick. Made from our premium 18/8 steel, this cocktail stick has a Gold plated finish. With a 4 inch length, this Pick is perfect for complementing rocks tumblers and martini glasses.
Product Features:
Reusable steel cocktail stick
Classic ball shaped head
Made from 18/8 Japanese steel
High corrosion resistance to outlast standard steel barware
Polished Gold finish
Hand wash only see our Plated Steel Care Guide for more information
Also available in Stainless Steel and Copper colours",Gold,,,,10,Box of 10
UB6814,Bendable Stainless Steel Straws,Urban Bar,Straws,£15.00,https://www.urbanbar.com/products/bendable-stainless-steel-straws,https://cdn.shopify.com/s/files/1/0467/5066/2816/files/Halmbrueder-kleiner-Strohhalm-Biegung-3-links.png?v=1791383340,"The first bendable stainless-steel straw and only true replacement to the non recycled plastic alternative. These high-quality premium stainless-steel straws allow you to combine lifestyle and sustainability without compromise. Made of robust stainless steel and tested to the highest standards these straws will not impact the flavour of your
drink, are dishwasher safe and come with a convenient cleaning brush.",,Stainless Steel,,,,
UB6944,Ginza Black Tin-on-Tin Cocktail Shaker,Urban Bar,Shake,£27.50,https://www.urbanbar.com/products/ginza-stone-tin-on-tin-cocktail-shaker-copy,https://cdn.shopify.com/s/files/1/0467/5066/2816/files/white-UB6944BlackTinonTin.jpg?v=1791358938,"Ginza Black Tin-on-Tin Cocktail Shaker
Step up your mixology with the Ginza Tin-on-Tin Cocktail Shaker. Made from premium Japanese steel, this set consists of our Ginza Can and Ginza Cup.
Steel has better insulating qualities than glass, giving a more effective chill during shaking. This economical aspect makes it the preferred choice of professional mixologists.
As well as its practical uses, the full steel material gives a musical rattle as the ice moves around the shaker.
This base is silver welded for a stronger connection.
The 18/8 Japanese steel is far more premium than standard steel barware, giving it a lightweight, robust finish. This high grade material has great corrosion resistance, protecting it from rust, making it outlast other barware.
Product Features:
Professional dual shaker tin set
Made from premium 18/8 Japanese steel for greater corrosion resistance
Outlasts standard poor grade steel shakers
Premium Black finish
Both tins are weighted on the base",Black,,,,,
UB6945,Ginza Stone Tin-on-Tin Cocktail Shaker,Urban Bar,Shake,£27.50,https://www.urbanbar.com/products/ginza-stone-tin-on-tin-cocktail-shaker,https://cdn.shopify.com/s/files/1/0467/5066/2816/files/white-UB6945Stonetinontinrs.jpg?v=1791359088,"Ginza Stone Tin-on-Tin Cocktail Shaker
Step up your mixology with the Ginza Tin-on-Tin Cocktail Shaker. Made from premium Japanese steel, this set consists of our Ginza Can and Ginza Cup.
Steel has better insulating qualities than glass, giving a more effective chill during shaking. This economical aspect makes it the preferred choice of professional mixologists.
As well as its practical uses, the full steel material gives a musical rattle as the ice moves around the shaker.
This base is silver welded for a stronger connection.
The 18/8 Japanese steel is far more premium than standard steel barware, giving it a lightweight, robust finish. This high grade material has great corrosion resistance, protecting it from rust, making it outlast other barware.
Product Features:
Professional dual shaker tin set
Made from premium 18/8 Japanese steel for greater corrosion resistance
Outlasts standard poor grade steel shakers
Unique Tumbled Stone Finish
Both tins are weighted on the base",Stone,,,,,
UB6945-7713,Geometric Tin-on-Tin Cocktail Shaker,Urban Bar,Shake,£48.33,https://www.urbanbar.com/products/ginza-stone-tin-on-tin-cocktail-shaker-copy-1,https://cdn.shopify.com/s/files/1/0467/5066/2816/files/GEOSHAKERMAIN1.png?v=1791383718,"Geometric Ginza Stone Tin-on-Tin Cocktail Shaker
Be part of the first chapter in an exciting collaboration between Urban Bar and InkedOz with this exclusive Geometric Ginza Tin-on-Tin Cocktail Shaker, available only through the Urban Bar website. Created in partnership with Daniel “Oz” Osborne — known for sharing his bartending expertise online, leading training within hospitality, and championing both professional development and well-being in the industry — this special release celebrates craftsmanship, performance, and the culture of modern bartending.
Made from premium 18/8 Japanese steel, the Ginza Tin-on-Tin Cocktail Shaker set includes our Ginza Can and Ginza Cup. Its high-grade steel construction delivers a lighter, more robust finish than standard barware, while offering superior insulation for a colder, more effective shake. Favoured by professional mixologists, it also produces a satisfying rattle as the ice moves through the full steel body, adding a touch of theatre to every serve. A silver-welded base provides added strength, while the steel’s excellent corrosion resistance helps protect against rust for lasting durability. As the very first Urban Bar x InkedOz release, this is an exclusive collaboration piece designed for bartenders who take their craft seriously.
Product Features:
Professional dual shaker tin set
Made from premium 18/8 Japanese steel for greater corrosion resistance
Outlasts standard poor grade steel shakers
Unique Tumbled Stone Finish
Both tins are weighted on the base",,,,,,
UB6979,Alto Cocktail 17cl,Urban Bar,Cocktails,£10.83,https://www.urbanbar.com/products/alto-cocktail-17cl-copy,https://cdn.shopify.com/s/files/1/0467/5066/2816/files/UB6979.jpg?v=1791383480,"The Alto is a tall, elegant cocktail glass that redefines sophistication with its refined lines and graceful form. Designed for cocktails that deserve a striking presentation, the Alto stands out with an extended, slender stem and a tall, lead free crystal bowl that accentuates the drink’s colour and clarity. Translated from 16th Century Italian meaning ""high"", the Alto is a sleek, modern tall-stemmed glass designed to elevate any drinking experience with its refined silhouette.
Perfectly suited for sophisticated settings, this glass combines aesthetic allure with functionality, making it an ideal choice for both formal and casual gatherings.
Lead-free crystal - FDA approved glass with no toxic additives
Thermal shock resistance
Mechanical shock resistance
Cut and polished rim for finer tasting
High transparency to accentuate the colour of the contents
Pulled stem - seamless for premium visual appreciation
Dishwasher safe see our Crystal Glass Care Guide for more information",,,,17,,
UB6979- B4,Alto Cocktail 17cl - B4,Urban Bar,Cocktails,£42.50,https://www.urbanbar.com/products/alto-cocktail-17cl-b4,https://cdn.shopify.com/s/files/1/0467/5066/2816/files/UB6979-946168.jpg?v=1791360020,"The Alto is a tall, elegant cocktail glass that redefines sophistication with its refined lines and graceful form. Designed for cocktails that deserve a striking presentation, the Alto stands out with an extended, slender stem and a tall, lead free crystal bowl that accentuates the drink’s colour and clarity. Translated from 16th Century Italian meaning ""high"", the Alto is a sleek, modern tall-stemmed glass designed to elevate any drinking experience with its refined silhouette.
Perfectly suited for sophisticated settings, this glass combines aesthetic allure with functionality, making it an ideal choice for both formal and casual gatherings.
Lead-free crystal - FDA approved glass with no toxic additives
Thermal shock resistance
Mechanical shock resistance
Cut and polished rim for finer tasting
High transparency to accentuate the colour of the contents
Pulled stem - seamless for premium visual appreciation
Dishwasher safe see our Crystal Glass Care Guide for more information
Contains 4 glasses",,,,17,4,Box of 4
UB6980,1910 Alto Cocktail 17cl,Urban Bar,Cocktails,£11.67,https://www.urbanbar.com/products/1910-alto-cocktail-17cl-copy,https://cdn.shopify.com/s/files/1/0467/5066/2816/files/UB6980v2.jpg?v=1791383494,"The Alto is a tall, elegant cocktail glass that redefines sophistication with its refined lines and graceful form. Designed for cocktails that deserve a striking presentation, the Alto stands out with an extended, slender stem and a tall, lead free crystal bowl. The delicately etched 1910 design around the bowl really accentuates the drink’s colour and clarity. Translated from 16th Century Italian meaning ""high"", the Alto is a sleek, modern tall-stemmed glass designed to elevate any drinking experience with its refined silhouette.
Perfectly suited for sophisticated settings, this glass combines aesthetic allure with functionality, making it an ideal choice for both formal and casual gatherings.
Lead-free crystal - FDA approved glass with no toxic additives
Thermal shock resistance
Mechanical shock resistance
Cut and polished rim for finer tasting
High transparency to accentuate the colour of the contents
Pulled stem - seamless for premium visual appreciation
Dishwasher safe see our Crystal Glass Care Guide for more information",,,1910,17,,
UB6981,1920 Alto Cocktail 17cl,Urban Bar,Cocktails,£11.67,https://www.urbanbar.com/products/1920-alto-cocktail-17cl-copy,https://cdn.shopify.com/s/files/1/0467/5066/2816/files/UB6979_904b25a7-7605-43cc-9609-45f8c06f7379_7c0535ef-1de5-4f56-9939-141384b17643.png?v=1791383505,"The Alto is a tall, elegant cocktail glass that redefines sophistication with its refined lines and graceful form. Etched with our vintage 1920 pattern which emulates bubbles sparkling in a drink, this elevates your drinks service to a higher level. Designed for cocktails that deserve a striking presentation, the Alto stands out with an extended, slender stem and a tall, lead free crystal bowl. Translated from 16th Century Italian meaning ""high"", the Alto is a sleek, modern tall-stemmed glass designed to elevate any drinking experience with its refined silhouette.
Perfectly suited for sophisticated settings, this glass combines aesthetic allure with functionality, making it an ideal choice for both formal and casual gatherings.
Lead-free crystal - FDA approved glass with no toxic additives
Thermal shock resistance
Mechanical shock resistance
Cut and polished rim for finer tasting
High transparency to accentuate the colour of the contents
Pulled stem - seamless for premium visual appreciation
Dishwasher safe see our Crystal Glass Care Guide for more information",,,1920,17,,
UB6981- B4,1920 Alto Cocktail 17cl - B4,Urban Bar,Cocktails,£46.67,https://www.urbanbar.com/products/1920-alto-cocktail-17cl-b4,https://cdn.shopify.com/s/files/1/0467/5066/2816/files/UB6981v2-780024.jpg?v=1791360040,"The Alto is a tall, elegant cocktail glass that redefines sophistication with its refined lines and graceful form. Etched with our vintage 1920 pattern which emulates bubbles sparkling in a drink, this elevates your drinks service to a higher level. Designed for cocktails that deserve a striking presentation, the Alto stands out with an extended, slender stem and a tall, lead free crystal bowl. Translated from 16th Century Italian meaning ""high"", the Alto is a sleek, modern tall-stemmed glass designed to elevate any drinking experience with its refined silhouette.
Perfectly suited for sophisticated settings, this glass combines aesthetic allure with functionality, making it an ideal choice for both formal and casual gatherings.
Lead-free crystal - FDA approved glass with no toxic additives
Thermal shock resistance
Mechanical shock resistance
Cut and polished rim for finer tasting
High transparency to accentuate the colour of the contents
Pulled stem - seamless for premium visual appreciation
Dishwasher safe see our Crystal Glass Care Guide for more information
Contains 4 glasses",,,1920,17,4,Box of 4
UB6982,Gold Rim Alto Cocktail 17cl,Urban Bar,Cocktails,£12.50,https://www.urbanbar.com/products/gold-rim-alto-cocktail-17cl,https://cdn.shopify.com/s/files/1/0467/5066/2816/files/UB6982v2.jpg?v=1791383868,"The Alto is a tall, elegant cocktail glass that redefines sophistication with its refined lines and graceful form. Designed for cocktails that deserve a striking presentation, the Alto stands out with an extended, slender stem and a tall, lead free crystal bowl. Translated from 16th Century Italian meaning ""high"", the Gold Rim Alto is a sleek, modern tall-stemmed glass designed to elevate any drinking experience with its refined silhouette and stand out gold rim.
Perfectly suited for sophisticated settings, this glass combines aesthetic allure with functionality, making it an ideal choice for both formal and casual gatherings.
Lead-free crystal - FDA approved glass with no toxic additives
Thermal shock resistance
Mechanical shock resistance
Cut and polished rim for finer tasting
High transparency to accentuate the colour of the contents
Pulled stem - seamless for premium visual appreciation
Dishwasher safe see our Crystal Glass Care Guide for more information",Gold,,,17,,
UB6982- B4,Gold Rim Alto Cocktail 17cl - B4,Urban Bar,Cocktails,£50.00,https://www.urbanbar.com/products/gold-rim-alto-cocktail-17cl-b4,https://cdn.shopify.com/s/files/1/0467/5066/2816/files/UB6982v2-647800.jpg?v=1791360054,"The Alto is a tall, elegant cocktail glass that redefines sophistication with its refined lines and graceful form. Designed for cocktails that deserve a striking presentation, the Alto stands out with an extended, slender stem and a tall, lead free crystal bowl. Translated from 16th Century Italian meaning ""high"", the Gold Rim Alto is a sleek, modern tall-stemmed glass designed to elevate any drinking experience with its refined silhouette and stand out gold rim.
Perfectly suited for sophisticated settings, this glass combines aesthetic allure with functionality, making it an ideal choice for both formal and casual gatherings.
Lead-free crystal - FDA approved glass with no toxic additives
Thermal shock resistance
Mechanical shock resistance
Cut and polished rim for finer tasting
High transparency to accentuate the colour of the contents
Pulled stem - seamless for premium visual appreciation
Dishwasher safe see our Crystal Glass Care Guide for more information
Contains 4 glasses",Gold,,,17,4,Box of 4
UB700-1,1890 Old Fashioned Tumbler 30cl,Urban Bar,Rocks,£9.17,https://www.urbanbar.com/products/1890-old-fashioned-tumbler-30cl,https://cdn.shopify.com/s/files/1/0467/5066/2816/files/UB700-1-1890OldFashioned_dd91c84e-3391-4ed3-82a6-3b9afac5c6e1.jpg?v=1791367700,"Whiskey and short cocktails are excellently suited to this beautifully designed, Edwardian-inspired Tumbler.
Product Features
Heavyweight vintage old fashioned tumbler
Premium crystal glass
Etched vintage Edwardian style floral swag design
Dishwasher safe - see our Crystal Glass Care Guide for more information",,Glass,1890,30,,
UB700-2,1910 Old Fashioned Tumbler 30cl,Urban Bar,Rocks,£9.17,https://www.urbanbar.com/products/1910-old-fashioned-tumbler-30cl,https://cdn.shopify.com/s/files/1/0467/5066/2816/files/UB700-2-2.jpg?v=1791367703,"This Old Fashioned Tumbler glass exudes vintage style with its delicately etched art-deco pattern, inspired by the Lady Hamilton Pall Mall design. Its heavyweight base combined with its thin rim make it ideal for whiskies and short cocktail.
Product Features
Vintage old fashioned tumbler
Premium crystal glass
Etched vintage Pall Mall Lady Hamilton style design
Heavyweight base
Dishwasher safe - see our Crystal Glass Care Guide for more information",,Glass,1910,30,,
UB7015,Scandia 4 Pint Cocktail Jug 228cl CE,Urban Bar,"Jugs, Pitchers & Carafes",£9.17,https://www.urbanbar.com/products/scandia-4-pint-cocktail-jug-228cl-ce,https://cdn.shopify.com/s/files/1/0467/5066/2816/files/UB7015.jpg?v=1791379431,"Introducing our durable and versatile 4-Pint Plastic Pitcher, the perfect solution for serving up your favourite beverages with ease and convenience. Made from high-quality, BPA-free plastic, this pitcher is lightweight yet sturdy, making it ideal for both indoor and outdoor use.
Product Features:
Plastic pitcher
Stackable
CE marked at 4 pints to line for draft beer service
High level of clarity
BPA free
Made from SAN plastic
Dishwasher safe - see our Plastic Care Guide for more information",,,,228,,
UB7039,Alto Coupe 18cl,Urban Bar,Cocktails,£10.83,https://www.urbanbar.com/products/alto-cocktail-glass-17cl,https://cdn.shopify.com/s/files/1/0467/5066/2816/files/white-3421-061.jpg?v=1791383438,"Translated from 16th Century Italian meaning ""high"", the Alto is a sleek, modern tall-stemmed glass designed to elevate any drinking experience with its refined silhouette. Standing taller than standard glasses, it features a slender, elongated stem that provides a comfortable hold and a distinctive elegance. Perfectly suited for sophisticated settings, this glass combines aesthetic allure with functionality, making it an ideal choice for both formal and casual gatherings.
Lead-free crystal - FDA approved glass with no toxic additives
Thermal shock resistance
Mechanical shock resistance
Cut and polished rim for finer tasting
High transparency to accentuate the colour of the contents
Pulled stem - seamless for premium visual appreciation
Dishwasher safe see our Crystal Glass Care Guide for more information",,Glass,,18,,
UB7039-B4,Alto Coupe 18cl - B4,Urban Bar,Cocktails,£42.50,https://www.urbanbar.com/products/alto-coupe-18cl-b4,https://cdn.shopify.com/s/files/1/0467/5066/2816/files/white-3421-061-998200.jpg?v=1791359982,"Translated from 16th Century Italian meaning ""high"", the Alto is a sleek, modern tall-stemmed glass designed to elevate any drinking experience with its refined silhouette. Standing taller than standard glasses, it features a slender, elongated stem that provides a comfortable hold and a distinctive elegance. Perfectly suited for sophisticated settings, this glass combines aesthetic allure with functionality, making it an ideal choice for both formal and casual gatherings.
Lead-free crystal - FDA approved glass with no toxic additives
Thermal shock resistance
Mechanical shock resistance
Cut and polished rim for finer tasting
High transparency to accentuate the colour of the contents
Pulled stem - seamless for premium visual appreciation
Dishwasher safe see our Crystal Glass Care Guide for more information
Contains 4 glasses",,Glass,,18,4,Box of 4
UB7040,1910 Alto Coupe 18cl,Urban Bar,Cocktails,£11.67,https://www.urbanbar.com/products/1910-alto-cocktail-glass-17cl,https://cdn.shopify.com/s/files/1/0467/5066/2816/files/UB6979_472c3631-9b78-4864-a07a-ab92a8194484.png?v=1791383449,"Translated from 16th Century Italian meaning ""high"", the Alto is a sleek, modern tall-stemmed glass designed to elevate any drinking experience with its refined silhouette. Standing taller than standard glasses, it features a slender, elongated stem that provides a comfortable hold and a distinctive elegance. The delicately etched vintage 1910 pattern perfectly reflects the light making this glass an ideal choice for both formal and casual gatherings.
Lead-free crystal - FDA approved glass with no toxic additives
Thermal shock resistance
Mechanical shock resistance
Cut and polished rim for finer tasting
High transparency to accentuate the colour of the contents
Pulled stem - seamless for premium visual appreciation
Dishwasher safe see our Crystal Glass Care Guide for more information
Contains 4 glasses",,Glass,1910,18,,
UB7040-B4,1910 Alto Coupe 18cl - B4,Urban Bar,Cocktails,£46.67,https://www.urbanbar.com/products/1910-alto-coupe-18cl-b4,https://cdn.shopify.com/s/files/1/0467/5066/2816/files/UB6980-271544.jpg?v=1791360043,"Translated from 16th Century Italian meaning ""high"", the Alto is a sleek, modern tall-stemmed glass designed to elevate any drinking experience with its refined silhouette. Standing taller than standard glasses, it features a slender, elongated stem that provides a comfortable hold and a distinctive elegance. The delicately etched vintage 1910 pattern perfectly reflects the light making this glass an ideal choice for both formal and casual gatherings.
Lead-free crystal - FDA approved glass with no toxic additives
Thermal shock resistance
Mechanical shock resistance
Cut and polished rim for finer tasting
High transparency to accentuate the colour of the contents
Pulled stem - seamless for premium visual appreciation
Dishwasher safe see our Crystal Glass Care Guide for more information
Contains 4 glasses",,Glass,1910,18,4,Box of 4
UB7041,1920 Alto Coupe 18cl,Urban Bar,Cocktails,£11.67,https://www.urbanbar.com/products/1920-alto-cocktail-glass-17cl,https://cdn.shopify.com/s/files/1/0467/5066/2816/files/UB6981.jpg?v=1791383461,"Translated from 16th Century Italian meaning ""high"", the Alto is a sleek, modern tall-stemmed glass designed to elevate any drinking experience with its refined silhouette. Standing taller than standard glasses, it features a slender, elongated stem that provides a comfortable hold and a distinctive elegance. This glass features the unique 1920 design which emulates the pattern of bubbles in a sparkling drink. Made from lead free crystal glassware this glass brings a touch of vintage elegance to your drinks service.
Lead-free crystal - FDA approved glass with no toxic additives
Thermal shock resistance
Mechanical shock resistance
Cut and polished rim for finer tasting
High transparency to accentuate the colour of the contents
Pulled stem - seamless for premium visual appreciation
Dishwasher safe see our Crystal Glass Care Guide for more information",,Glass,1920,18,,
UB7041-B4,1920 Alto Coupe 18cl - B4,Urban Bar,Cocktails,£46.67,https://www.urbanbar.com/products/1920-alto-coupe-18cl-b4,https://cdn.shopify.com/s/files/1/0467/5066/2816/files/UB6981-375608.jpg?v=1791359971,"Translated from 16th Century Italian meaning ""high"", the Alto is a sleek, modern tall-stemmed glass designed to elevate any drinking experience with its refined silhouette. Standing taller than standard glasses, it features a slender, elongated stem that provides a comfortable hold and a distinctive elegance. This glass features the unique 1920 design which emulates the pattern of bubbles in a sparkling drink. Made from lead free crystal glassware this glass brings a touch of vintage elegance to your drinks service.
Lead-free crystal - FDA approved glass with no toxic additives
Thermal shock resistance
Mechanical shock resistance
Cut and polished rim for finer tasting
High transparency to accentuate the colour of the contents
Pulled stem - seamless for premium visual appreciation
Dishwasher safe see our Crystal Glass Care Guide for more information
Contains 4 glasses",,Glass,1920,18,4,Box of 4
UB7042,Gold Rim Alto Coupe 18cl,Urban Bar,Cocktails,£12.50,https://www.urbanbar.com/products/gold-rim-alto-cocktail-glass-17cl,https://cdn.shopify.com/s/files/1/0467/5066/2816/files/UB6979.png?v=1791383471,"Translated from 16th Century Italian meaning ""high"", the Alto is a sleek, modern tall-stemmed glass designed to elevate any drinking experience with its refined silhouette. Featuring a high transparency lead free crystal bowl and gold plated rim gives an extra level of elegance to your drinks service. Standing taller than standard glasses, it features a slender, elongated stem that provides a comfortable hold and a distinctive elegance.
Lead-free crystal - FDA approved glass with no toxic additives
Thermal shock resistance
Mechanical shock resistance
Cut and polished rim for finer tasting
High transparency to accentuate the colour of the contents
Pulled stem - seamless for premium visual appreciation
Dishwasher safe see our Crystal Glass Care Guide for more information",Gold,Glass,,18,,
UB7042-B4,Gold Rim Alto Coupe 18cl - B4,Urban Bar,Cocktails,£50.00,https://www.urbanbar.com/products/gold-rim-alto-coupe-18cl-b4,https://cdn.shopify.com/s/files/1/0467/5066/2816/files/UB6982-520184.jpg?v=1791360019,"Translated from 16th Century Italian meaning ""high"", the Alto is a sleek, modern tall-stemmed glass designed to elevate any drinking experience with its refined silhouette. Featuring a high transparency lead free crystal bowl and gold plated rim gives an extra level of elegance to your drinks service. Standing taller than standard glasses, it features a slender, elongated stem that provides a comfortable hold and a distinctive elegance.
Lead-free crystal - FDA approved glass with no toxic additives
Thermal shock resistance
Mechanical shock resistance
Cut and polished rim for finer tasting
High transparency to accentuate the colour of the contents
Pulled stem - seamless for premium visual appreciation
Dishwasher safe see our Crystal Glass Care Guide for more information
Contains 4 glasses",Gold,Glass,,18,4,Box of 4
UB7093,Scandia Stacking Cocktail Jug 1.7 Litre,Urban Bar,"Jugs, Pitchers & Carafes",£7.50,https://www.urbanbar.com/products/scandia-stacking-cocktail-jug-1-7-litre,https://cdn.shopify.com/s/files/1/0467/5066/2816/files/UB7093-2.jpg?v=1791379439,"Introducing the ultimate companion for your gatherings and celebrations: the Scandia Stacking Cocktail Jug. Designed for convenience without compromising on style, this jug is a must-have addition to any party or social event.
The innovative stacking feature allows multiple jugs to be securely stacked on top of each other, maximizing space on your serving area and making storage a breeze. Whether you're serving up refreshing mojitos, zesty margaritas, or fruity sangrias, this jug is the perfect vessel for keeping the drinks flowing all night long.
Equipped with a convenient pour spout and an easy-grip handle, serving your guests has never been easier.
Product Features:
Plastic pitcher
Stackable
High level of clarity
BPA free
Made from SAN plastic
Dishwasher safe - see our Plastic Care Guide for more information",,,,170,,
UB7122,Chara Old Fashioned 32cl,Urban Bar,Rocks,£10.83,https://www.urbanbar.com/products/chara-old-fashioned-32cl,https://cdn.shopify.com/s/files/1/0467/5066/2816/files/chara.png?v=1791383381,"The Chara Old Fashioned features a unique delicate cut glass design around the wall with a clear base, a nod to our classic Margot range. This premium lead free crystal glassware would not be out of place on the nicest of drinks service.
Product Features:
Crystal Old Fashioned tumbler 32cl
Crystal-cut glass, Heavy Weight
Dishwasher safe - see our Crystal Glass Care Guide for more information",,Glass,,32,,
UB7159,Calabrese Jigger ML/OZ,Urban Bar,Measures & Pourers,£18.33,https://www.urbanbar.com/products/calabrese-jigger-ml-oz,https://cdn.shopify.com/s/files/1/0467/5066/2816/files/white-UB715_2.png?v=1791383892,"Introducing the Calabrese Jigger from Urban Bar – a precision-crafted masterpiece designed in collaboration with the legendary mixologist Salvatore ""The Maestro"" Calabrese. This exclusive jigger redefines cocktail measurement with its unique dual capacity function, making it an indispensable tool for any bartender or cocktail enthusiast.
Engineered for accuracy and ease of use, the Calabrese Jigger features deep internal and external capacity measure lines, allowing for quick and precise measurements with every pour. The dual capacity design ensures versatility, seamlessly accommodating a wide range of cocktail recipes and ingredients.
Crafted with impeccable attention to detail, this jigger not only delivers professional performance but also exudes elegance, reflecting Salvatore Calabrese’s signature style and expertise.
Whether you’re crafting a classic Negroni or a signature cocktail creation, the Calabrese Jigger by Urban Bar is your go-to tool for perfect pours, every time.
Measurement Capacities:
ML
Oz
10ml
1/2 oz
15ml
1 oz
25ml
1 1/2 oz
30ml
2 oz
40ml
45ml
50ml
60ml
Ensure you wash thoroughly before first use.",,,Calabrese,,,
UB7210,Gin Globe 54cl,Urban Bar,Speciality,£5.83,https://www.urbanbar.com/products/copy-of-gin-balloon-lead-free-crystal-glass-65cl,https://cdn.shopify.com/s/files/1/0467/5066/2816/files/UB7210-gin-globe.jpg?v=1791381095,"Bring a modern retro vibe to your gin cocktails with our new Gin Globe 54cl glass. Sturdy yet stylish, it holds a perfect measure with ease and comfort.
Product Features
Copa de balon style bowl with chunky stem
Comfy to hold, helps keep drinks cold
Dishwasher safe - see our Crystal Glass Care Guide for more information",,,,54,,
UB7235,The Mini 4.5cl,Urban Bar,Shot Glasses,£3.33,https://www.urbanbar.com/products/the-mini-4-5cl,https://cdn.shopify.com/s/files/1/0467/5066/2816/files/white-ub7235_The_Mini_Full.jpg?v=1791383877,"Small in size, big in style. The Mini is a beautifully crafted 4.5cl glass, inspired by the iconic stout glass shape while offering endless versatility. Perfect for tastings, shots, mini cocktails, and more, this stylish little glass elevates your drinking experience with its unique design and premium feel. Whether you're serving craft beer samples, creative shooters, or elegant cocktail tasters, The Mini is the perfect addition to any bar or event.
Key Features:
4.5cl capacity – ideal for tastings, shots, and cocktails
Traditional Stout-inspired shape for a sleek and stylish look
Perfect for home bars, hospitality venues, and events
High-quality glass for a durable, premium finish
A small glass with big character.",,,,4.5,,
UB7235-B6,"The Mini ""Baby Stout"" 4.5cl Box 6",Urban Bar,Shot Glasses,£15.00,https://www.urbanbar.com/products/the-mini-4-5cl-box-6,https://cdn.shopify.com/s/files/1/0467/5066/2816/files/white-UB7235TheMini-460408.jpg?v=1791359880,"Small in size, big in style. The Mini is a beautifully crafted 4.5cl glass, inspired by the iconic stout glass shape while offering endless versatility. Perfect for tastings, shots, mini cocktails, and more, this stylish little glass elevates your drinking experience with its unique design and premium feel. Whether you're serving craft beer samples, creative shooters, or elegant cocktail tasters, The Mini is the perfect addition to any bar or event.
Key Features:
4.5cl capacity – ideal for tastings, shots, and cocktails
Traditional Stout-inspired shape for a sleek and stylish look
Perfect for home bars, hospitality venues, and events
High-quality glass for a durable, premium finish
6 Glasses per box
A small glass with big character.",,,,4.5,6,Box of 6
UB7295,Verdot Petite Martini Glass 7cl,Urban Bar,Cocktails,£12.50,https://www.urbanbar.com/products/verdot-petite-martini-glass-7cl,https://cdn.shopify.com/s/files/1/0467/5066/2816/files/white-UB7295.jpg?v=1791383910,"The Petite glass is a refined middle ground between our Mini and Small Martini offerings. Designed for those who appreciate subtle sophistication, this versatile glass offers the ideal size for tasting portions, aperitifs, or elegant serves where less is more.
With its balanced proportions and crystal-clear finish, the Petite adds a touch of finesse to any setting—whether you're hosting a cocktail evening or curating a bar cart. Light in hand but full of presence, it delivers both style and function in equal measure.
Product Features:
Small martini glass
Classic V-shape design
Hand made
Perfect for aperitifs and mini cocktails
Dishwasher safe - see our Glassware Care Guide for more information",,Glass,,7,,
UB7316,Yansheng Euro Strainer,Urban Bar,Strain,£15.00,https://www.urbanbar.com/products/yansheng-euro-strainer,https://cdn.shopify.com/s/files/1/0467/5066/2816/files/white-UB7316_4.jpg?v=1791383542,"Bring good fortune to every pour. The Yansheng Euro Strainer features precision laser-cut “Yansheng” symbols in place of traditional straining holes — a distinctive detail said to invite luck and protection to anyone using it.
Crafted from premium polished stainless steel, this strainer delivers smooth, reliable performance service after service. A reinforced spring ensures cleaner, faster straining, while the refined edges guarantee comfort and control with every use.
Designed to fit seamlessly with most shakers, mixing tins, and mixing glasses, the Yansheng Euro Strainer pairs perfectly with our Yansheng Shaker for a complete, elevated bar set.
A statement of craftsmanship and culture — where function meets fortune.",,,,,,
UB7317,Foravia Euro Strainer,Urban Bar,Strain,£15.00,https://www.urbanbar.com/products/foravia-euro-strainer,https://cdn.shopify.com/s/files/1/0467/5066/2816/files/Forevia.jpg?v=1791383557,"Refined, reliable, and built for speed — the Foravia Euro Strainer is a professional upgrade to the bartender’s essential tool. Made from premium polished stainless steel, it features a precision-wound spring for superior straining performance, smooth edges for comfort, and a balanced form designed for fast, efficient service.
Its universal fit ensures seamless use with most shakers, mixing tins, and mixing glasses, making it a trusted choice behind any bar.
The name Foravia — derived from Latin, meaning “for the way” or “for the journey” — reflects the strainer’s purpose: built to accompany bartenders on their craft, service after service.
A step up in quality. A mark of intent. The Foravia Euro Strainer is made for those who take the long way — and make it look effortless.",,,,,,
UB7360,Carafe 12cl,Urban Bar,"Jugs, Pitchers & Carafes",£16.67,https://www.urbanbar.com/products/carafe-12cl,https://cdn.shopify.com/s/files/1/0467/5066/2816/files/CarafeUB7360.jpg?v=1791383924,"A refined and versatile mini carafe, perfect for elevating your serving experience. With a capacity of 14cl, this carafe is ideal for presenting water during whisky tastings, pairing spirits with a touch of dilution, or simply serving individual portions of water, juice, or other beverages.
Crafted for both practicality and style, its clean lines and compact form make it a smart choice for bars, restaurants, or at-home entertaining. Whether used alongside fine whisky, as part of a tasting set, or for everyday hydration, this carafe brings elegance to any table.
Capacity: 12cl (120ml)
Ideal for water and whisky tastings
Perfect for individual servings of a variety of drinks
Sleek, professional design
Dishwasher safe - see our Glassware Care Guide for more information",,,,12,,
UB7586,Nest Small Bowl 27cl,Urban Bar,Speciality,£10.00,https://www.urbanbar.com/products/nest-small-bowl-9-5cl,https://cdn.shopify.com/s/files/1/0467/5066/2816/files/white-Nest1_edfbe4bf-e301-48de-b6d8-8be44cda1a44.jpg?v=1791383578,"Compact, considered, and quietly versatile. The Nest Small Bowl is perfect for finishing touches behind the bar or on the table — ideal for cocktail garnishes, olives, nuts, or small snacks. Its smooth, curved form feels refined in the hand, while its ability to nest neatly with the larger sizes keeps service streamlined and storage effortless. A small piece that earns its place in any bar setup.
Dishwasher safe - see our Crystal Glass Care Guide for more information
High transparency clear glass- lasts up to 1500 industrial glasswasher cycles
Made from lead-free crystal glass",,,,27,,
UB7587,Nest Medium Bowl 45cl,Urban Bar,Speciality,£11.67,https://www.urbanbar.com/products/nest-small-bowl-9-5cl-copy,https://cdn.shopify.com/s/files/1/0467/5066/2816/files/white-Nest1_806ef792-010d-4fb6-8984-62377982f452.jpg?v=1791383593,"The Nest Medium Bowl strikes the sweet spot between form and function. Sized for sharing snacks, cocktail accompaniments, or table-side drink service, it brings understated elegance to any setting. Designed to stack seamlessly with the other Nest bowls, it keeps your bar or back-of-house looking as composed as your drinks menu.
Dishwasher safe - see our Crystal Glass Care Guide for more information
High transparency clear glass- lasts up to 1500 industrial glasswasher cycles
Made from lead-free crystal glass",,,,45,,
UB7588,Nest Large Bowl 80cl,Urban Bar,Speciality,£14.17,https://www.urbanbar.com/products/nest-medium-bowl-11-5cl-copy,https://cdn.shopify.com/s/files/1/0467/5066/2816/files/white-Nest1.jpg?v=1791383608,"Generous without feeling bulky, the Nest Large Bowl is made for impact. Ideal for communal snacks, ice, or bold cocktail presentations, it offers versatility across bar service and casual dining. Its sculpted shape allows it to nest perfectly with the smaller bowls, delivering maximum utility with minimal clutter.
Dishwasher safe - see our Crystal Glass Care Guide for more information
High transparency clear glass - lasts up to 1500 industrial glasswasher cycles
Made from lead-free crystal glass",,,,80,,
UB7589,Nest Bowl Collection,Urban Bar,Speciality,£29.17,https://www.urbanbar.com/products/nest-bowl-collection,https://cdn.shopify.com/s/files/1/0467/5066/2816/files/white-Nestgroup.jpg?v=1791445454,"The complete Nest experience. This three-piece set includes one Small, one Medium, and one Large Nest Bowl, designed to stack elegantly inside one another. From garnishes and snacks to cocktail service and table presentation, the Nest Set adapts effortlessly to every moment of service. Functional, space-saving, and beautifully cohesive — a natural fit for modern bars and homes alike.
Dishwasher safe - see our Crystal Glass Care Guide for more information
High transparency clear glass - lasts up to 1500 industrial glasswasher cycles
Made from lead-free crystal glass",,,,,,
UB7593,Umbo Flute 20cl,Urban Bar,Champagne,£8.33,https://www.urbanbar.com/products/umbo-flute-20cl,https://cdn.shopify.com/s/files/1/0467/5066/2816/files/UmboFluteRS.jpg?v=1791383634,"The Umbo range pairs contemporary elegance with everyday versatility. Crafted from high-quality crystalline for exceptional clarity and brilliance, each glass is designed to elevate cocktails, spritzes and creative serves — with just enough versatility to suit lighter dessert presentations when needed.
The name Umbo comes from Latin, meaning the rounded centre of a shield, a subtle nod to the balanced proportions and confident silhouette that define the range.
The Umbo Flute brings the same refined aesthetic to sparkling wines, Champagne and effervescent cocktails. Crafted from crystalline for exceptional brilliance, it preserves bubbles beautifully while offering a clean, modern profile that complements both classic and contemporary service",,Glass,,20,,
UB7594,1910 Umbo Flute 20cl,Urban Bar,Champagne,£10.00,https://www.urbanbar.com/products/1910-umbo-flute-20cl,https://cdn.shopify.com/s/files/1/0467/5066/2816/files/UB7593_UB7954.png?v=1791383645,"The Umbo 1910 collection reinterprets the Umbo silhouette through a vintage lens. Featuring a delicately etched pattern inspired by early 20th-century glassmaking, each piece combines classic detailing with modern crystalline clarity. The result is a range that feels timeless, elegant and quietly decorative — ideal for refined cocktail service, sparkling drinks and select dessert presentations.
The name Umbo, derived from Latin and meaning the rounded centre of a shield , reflects the balanced proportions at the heart of each design, while 1910 references the era that inspired its decorative detailing.
The Umbo 1910 Flute brings vintage elegance to sparkling wines and Champagne cocktails. Delicate etched detailing complements the tall, slender form, while the crystalline glass preserves effervescence and clarity. A classic choice for celebratory serves with a heritage feel.",,Glass,1910,20,,
UB7595,Umbo 23cl,Urban Bar,Tumblers,£7.50,https://www.urbanbar.com/products/umbo-23cl,https://cdn.shopify.com/s/files/1/0467/5066/2816/files/white-ChatGPTImageFeb13_2026_03_03_12PM.png?v=1791383653,"The Umbo range pairs contemporary elegance with everyday versatility. Crafted from high-quality crystalline for exceptional clarity and brilliance, each glass is designed to elevate cocktails, spritzes and creative serves — with just enough versatility to suit lighter dessert presentations when needed.
The name Umbo comes from Latin, meaning the rounded centre of a shield, a subtle nod to the balanced proportions and confident silhouette that define the range.
Compact and refined, the Umbo 23cl is ideal for short cocktails, aperitifs and spirit-forward serves. Its balanced bowl enhances presentation while the crystalline construction delivers outstanding transparency and a premium feel.",,,,23,,
UB7596,1910 Umbo 23cl,Urban Bar,Tumblers,£8.33,https://www.urbanbar.com/products/umbo-23cl-copy,https://cdn.shopify.com/s/files/1/0467/5066/2816/files/white-3431-020.jpg?v=1791383672,"The Umbo 1910 collection reinterprets the Umbo silhouette through a vintage lens. Featuring a delicately etched pattern inspired by early 20th-century glassmaking, each piece combines classic detailing with modern crystalline clarity. The result is a range that feels timeless, elegant and quietly decorative — ideal for refined cocktail service, sparkling drinks and select dessert presentations.
The name Umbo, derived from Latin and meaning the rounded centre of a shield, reflects the balanced proportions at the heart of each design, while 1910 references the era that inspired its decorative detailing.
The Umbo 1910 23cl glass is perfectly suited to short, spirit-forward cocktails. Its delicately etched vintage pattern adds texture and visual depth, while the compact bowl maintains balance and control. Crafted from crystalline for exceptional transparency, it offers a refined nod to classic barware.",,,1910,23,,
UB7597,Umbo 26cl,Urban Bar,Tumblers,£8.33,https://www.urbanbar.com/products/umbo-26cl,https://cdn.shopify.com/s/files/1/0467/5066/2816/files/white-3431-028.jpg?v=1791383682,"The Umbo range pairs contemporary elegance with everyday versatility. Crafted from high-quality crystalline for exceptional clarity and brilliance, each glass is designed to elevate cocktails, spritzes and creative serves — with just enough versatility to suit lighter dessert presentations when needed.
The name Umbo comes from Latin, meaning the rounded centre of a shield, a subtle nod to the balanced proportions and confident silhouette that define the range.
The Umbo 26cl offers added flexibility, making it perfect for a wider range of cocktails, spritzes and creative serves. The gently proportioned bowl allows aromas to open beautifully, while the crystal clarity ensures every drink looks as good as it tastes. Suitable for light dessert presentations when a refined touch is desired.",,,,26,,
UB7598,1910 Umbo 26cl,Urban Bar,Tumblers,£9.17,https://www.urbanbar.com/products/1910-umbo-26cl,,"The Umbo 1910 collection reinterprets the Umbo silhouette through a vintage lens. Featuring a delicately etched pattern inspired by early 20th-century glassmaking, each piece combines classic detailing with modern crystalline clarity. The result is a range that feels timeless, elegant and quietly decorative — ideal for refined cocktail service, sparkling drinks and select dessert presentations.
The name Umbo, derived from Latin and meaning the rounded centre of a shield, reflects the balanced proportions at the heart of each design, while 1910 references the era that inspired its decorative detailing.
With slightly increased capacity, the Umbo 1910 26cl is ideal for versatile cocktail service. The subtle etched detailing catches the light beautifully, elevating both classic and contemporary serves. A well-proportioned option for cocktails and light dessert presentations where elegance is key.",,,1910,26,,
UB7599,Umbo 35cl,Urban Bar,Tumblers,£9.17,https://www.urbanbar.com/products/umbo-35cl,https://cdn.shopify.com/s/files/1/0467/5066/2816/files/white-3431-028_243fa99e-723b-4503-99f2-82130ee544f9.jpg?v=1791383690,"The Umbo range pairs contemporary elegance with everyday versatility. Crafted from high-quality crystalline for exceptional clarity and brilliance, each glass is designed to elevate cocktails, spritzes and creative serves — with just enough versatility to suit lighter dessert presentations when needed.
The name Umbo comes from Latin, meaning the rounded centre of a shield, a subtle nod to the balanced proportions and confident silhouette that define the range.
Designed for more generous serves, the Umbo 35cl is ideal for long cocktails, layered drinks and visually striking presentations. Its larger capacity and elegant form make it a standout piece on the bar.",,,,35,,
UB7600,1910 Umbo 35cl,Urban Bar,Tumblers,£10.83,https://www.urbanbar.com/products/1910-umbo-35cl,https://cdn.shopify.com/s/files/1/0467/5066/2816/files/white-3431-019_5b747f2c-97bd-4d3f-a540-eae26e8532c8.jpg?v=1791383705,"The Umbo 1910 collection reinterprets the Umbo silhouette through a vintage lens. Featuring a delicately etched pattern inspired by early 20th-century glassmaking, each piece combines classic detailing with modern crystalline clarity. The result is a range that feels timeless, elegant and quietly decorative — ideal for refined cocktail service, sparkling drinks and select dessert presentations.
The name Umbo, derived from Latin and meaning the rounded centre of a shield, reflects the balanced proportions at the heart of each design, while 1910 references the era that inspired its decorative detailing.
The Umbo 1910 35cl combines generous capacity with refined vintage character. Its etched pattern enhances layered and long cocktails, while the crystalline construction ensures clarity and brilliance. Designed to make an impression without overpowering the drink.",,,1910,35,,
UB800,Retro Fizz Champagne Cocktail Glass 20cl,Urban Bar,Champagne,£10.83,https://www.urbanbar.com/products/crystal-retro-fizz-cocktail-glass-20cl,https://cdn.shopify.com/s/files/1/0467/5066/2816/files/UB800-1_8ca24ef1-978f-4e8f-8be8-1c392b9b442d.png?v=1791379451,"This no-frills Fizz glass is perfect for Champagne or Cocktails with a wide rim to allow for garnishes, ideal for single serve drinks.
Product Features:
Vintage stemmed glass
Coupe with a flat base bowl and flared sides
Made from lead-free crystal glass
Premium elegance for single serves
Perfect for cocktails or champagne and sparkling wines
Dishwasher safe - see our Crystal Glass Care Guide for more information",,Glass,,20,,
UB800-1,1890 Fizz Cocktail Glass Coupe 20cl,Urban Bar,Cocktails,£12.50,https://www.urbanbar.com/products/crystal-retro-fizz-1890-cocktail-glass-20cl,https://cdn.shopify.com/s/files/1/0467/5066/2816/files/UB800-1.jpg?v=1791379472,"The decadent Retro Fizz 1890 Cocktail Glass exudes vintage charm. The a floral swag style etched pattern accentuates premium cocktail presentation. Made from lead free crystal, the 1890 Fizz Glass encompasses luxury style for all drinks.
Product Features:
Vintage stemmed glass
Coupe with a flat base bowl and flared sides
Lead-free crystal
Edwardian style floral swag engraving
Perfect for cocktails or champagne and sparkling wines
Dishwasher safe - see our Crystal Glass Care Guide for more information",,Glass,1890,20,,
UB800-1G,1890 Gold Fizz Cocktail Glass Coupe 20cl,Urban Bar,Cocktails,£12.50,https://www.urbanbar.com/products/crystal-retro-fizz-1890-gold-cocktail-glass-20cl,https://cdn.shopify.com/s/files/1/0467/5066/2816/files/UB800-1G-3-hires_886ec454-f127-4215-add5-eff12f905be6.jpg?v=1791367581,"Standing out from the crowd, the Retro Fizz 1890 Gold Cocktail Glass shimmers in a dark bar environment to highlight a premium cocktail service. The vintage floral swag style etched pattern evokes design from the Victorian and Edwardian era.
Product Features
Vintage stemmed glass
Coupe with a flat base bowl and flared sides
Lead-free crystal
Edwardian style floral swag engraving highlighted with real gold
Perfect for cocktails or champagne and sparkling wines
Hand wash only - see our Product Care Guide for more information",Gold,Glass,1890,20,,
UB800-2,1910 Fizz Champagne Cocktail Glass 20cl,Urban Bar,Champagne,£12.50,https://www.urbanbar.com/products/crystal-retro-fizz-1910-cocktail-glass-20cl,https://cdn.shopify.com/s/files/1/0467/5066/2816/files/UB800-2-3.jpg?v=1791379499,"The Fizz 1910 Cocktail Glass exudes vintage style, perfect for serving either champagne or cocktails. Made from lead-free crystal, this cocktail glass is decorated with a vintage-inspired pattern based on the retro Lady Hamilton Pall Mall design. The premium crystal material offers excellent transparency, which complements the etched decoration, giving a sparkling finish.
Product Features:
Vintage stemmed glass
Coupe with a flat base bowl and flared sides
Elegant Prohibition era aesthetic with etched pattern inspired by classic Pall Mall glassware
Lead-free crystal - FDA approved glass with no toxic additives
High transparency - lasts up to 1500 industrial glasswasher cycles
Thermal shock resistance
Perfect for cocktails or champagne and sparkling wines
Dishwasher safe",,Glass,1910,20,,
UB800-2G,1910 Fizz Gold Cocktail Glass Coupe 20cl,Urban Bar,Cocktails,£12.50,https://www.urbanbar.com/products/crystal-retro-fizz-1910-gold-cocktail-glass-20cl,https://cdn.shopify.com/s/files/1/0467/5066/2816/files/UB800-2G.jpg?v=1791379510,"Standing out from the crowd, the Retro Fizz 1910 Gold Cocktail Glass shimmers in a dark bar environment to highlight a premium cocktail service.
Product Features
Vintage stemmed glass
Coupe with a flat base bowl and flared sides
Elegant Prohibition era aesthetic with etched pattern highlighted with real gold plating, inspired by classic Pall Mall glassware
Lead-free crystal - FDA approved glass with no toxic additives
High transparency - lasts up to 1500 industrial glasswasher cycles
Thermal shock resistance
Perfect for cocktails or champagne and sparkling wines
Hand wash only",Gold,Glass,1910,20,,
UB800-3,1920 Fizz Cocktail Coupe 20cl,Urban Bar,Cocktails,£12.50,https://www.urbanbar.com/products/crystal-retro-fizz-1920-cocktail-glass-20cl,https://cdn.shopify.com/s/files/1/0467/5066/2816/files/Fizz_5827bc8c-c9db-4a0c-accb-09c724be3b68.png?v=1791367586,"Add 1920s vintage charm to your beverages with the Retro Fizz 1920 Cocktail Glass. Made of clear crystal, its unique etched design resembles bubbling fizz, making it ideal for sparkling cocktails and champagne.
Product Features
Vintage stemmed glass from our 1920s collection
Coupe with a flat base bowl and flared sides
Etched pattern around the bowl evoking 1920s design
Perfect for cocktails or champagne and sparkling wines
Dishwasher safe - see our Crystal Glass Care Guide for more information
High Transparency, Machine Made, No Seam",,Glass,1920,20,,
UB800-4,Gold Rim Fizz Cocktail Glass Coupe 20cl,Urban Bar,Cocktails,£15.00,https://www.urbanbar.com/products/crystal-retro-gold-rim-fizz-cocktail-glass-20cl,https://cdn.shopify.com/s/files/1/0467/5066/2816/files/UB800-4.jpg?v=1791379522,"Harking back to prohibition era, the Retro Gold Rim Fizz Glass shines out above other glasses. Made from lead-free crystal, this cocktail stemware features a high level of clarity. This transparency is the perfect platform for displaying your serves. Drinkers get to enjoy the full aesthetics of their drink, anticipating the flavours. Highlighted with a gold plated rim, the Retro Gold Rim Fizz Glass has an extra touch of elegance to add to the beautiful glass profile. Reflecting light, and contrasting the colours of your drink, this glass creates a unique presentation option.
Product Features:
Vintage stemmed glass with a gold plated rim
Gold plated rim - hand applied food-safe real gold
Coupe with a flat base bowl and flared sides
Made from lead-free crystal glass
Premium elegance for single serves
Perfect for cocktails or champagne and sparkling wines
Hand wash only - See our Product Care page for more information",Gold,Glass,,20,,
UB803,Crystal Retro Fizz Engraved Cocktail Glass 20cl,Urban Bar,Cocktails,£10.83,https://www.urbanbar.com/products/crystal-retro-fizz-engraved-cocktail-glass-20cl,https://cdn.shopify.com/s/files/1/0467/5066/2816/files/UB803.jpg?v=1791379533,"Enhance your cocktail presentation with the Retro Fizz Engraved Cocktail Glass. Made from lead-free crystal, this elegant stemware has a high level of transparency. This gives a finer window with which to view your cocktail creations, promoting the drink. Including a unique etched pattern around the circumference of the bowl, this glass provides a subtle aesthetic. Distracting garnishes aren't needed with the elegant engraved design framing the drink.
Product Features:
Vintage stemmed glass
Coupe with a flat base bowl and flared sides
Made from lead-free crystal glass
Premium elegance for single serves
Perfect for cocktails or champagne and sparkling wines
Dishwasher safe - see our Product Care page for more information",,Crystal,,20,,
UB811,Soho Diamond Highball Glass 31cl,Urban Bar,Hiballs,£10.00,https://www.urbanbar.com/products/soho-diamond-highball-glass-31cl,https://cdn.shopify.com/s/files/1/0467/5066/2816/files/UB811.jpg?v=1791379542,"The conical shape of this highball will make it stand out on your bar from the more conventional vertical-sided highballs. As a stackable glass, it is a useful space-saving utility glass to have behind a busy bar. The diamond cut pattern on the lower half adds an element of class missing from your average stackable glass.
Product Features:
Stackable highball tumbler
Conical shape
Diamond pattern around the lower half
Machine made
Dishwasher safe - see our Glassware Care Guide for more information",,Glass,,31,,
UB813,Soho Spun Highball 31cl,Urban Bar,Hiballs,£10.00,https://www.urbanbar.com/products/soho-spun-hiball-31cl,,"The conical shape of this highball will make it stand out on your bar from the more conventional vertical-sided highballs. As a stackable glass, it is a useful space-saving utility glass to have behind a busy bar.
Product Features:
Stackable highball tumbler
Conical shape
Horizontal grip pattern around the lower half
Machine made
Dishwasher safe - see our Glassware Care Guide for more information",,Glass,,31,,
UB814,Soho Spun Old Fashioned Tumbler 25cl,Urban Bar,Rocks,£7.50,https://www.urbanbar.com/products/soho-spun-old-fashioned-tumbler-25cl,https://cdn.shopify.com/s/files/1/0467/5066/2816/files/UB814-1.jpg?v=1791379551,"The conical shape of this tumbler will make it stand out on your bar from the more conventional vertical-sided tumblers. As a stackable glass, it is a useful space-saving utility glass to have behind a busy bar.
Product Features:
Stackable old fashioned tumbler
Conical shape
Horizontal grip pattern around the lower half
Machine made
Dishwasher safe - see our Glassware Care Guide for more information",,Glass,,25,,
UB820,Gin Balloon Tumbler 47cl,Urban Bar,Speciality,£5.83,https://www.urbanbar.com/products/gin-balloon-tumbler-47cl,https://cdn.shopify.com/s/files/1/0467/5066/2816/files/UB820.png?v=1791379562,"Serve cocktails in style with the Gin Balloon Tumbler, a stemless variation of the copa de balon. The large rounded bowl of this tumbler gives plenty of space for serving cocktails with ice. Place this cocktail tumbler alongside standard old fashioned glasses to show your serves. This short cocktail glass gives the illusion of a completely spherical bowl. It's this unique visual aspect that sets this glass aside from typical stemmed cocktail glasses.
Product Features:
Large rounded tumbler
Stemless gin balloon glass
Perfect for mixing gin cocktails
Dishwasher safe - see our Glassware Care Guide for more information",,Glass,,47,,
UB833,Japanese Mixing Glass 70cl,Urban Bar,Stir,£17.50,https://www.urbanbar.com/products/japanese-mixing-glass-70cl,https://cdn.shopify.com/s/files/1/0467/5066/2816/files/white-UB833-JapaneseMixingGlass.jpg?v=1791377399,"Combining style and durability, the Japanese Mixing Glass is an essential of mixology. Mouth blown for an artisan approach, this glass has a heavyweight base for a bold appearance. Reminiscent of classic Japanese design, a diamond pattern has been hand cut in to the surface. This large glass also includes a pouring spout for easy serving when matched with a strainer. A classic all round barware essential.
Product Features
Mouth blown soda-lime glass
Cut glass diamond shape design
Inspired by Japanese design
Pouring spout
Large capacity for mixing multiple drinks
Hand wash only - see our Glassware Care page for more information",,Glass,,70,,
UB837,360 Stainless Steel Muddler (Shaped Handle) 24.5cm,Urban Bar,Stir,£8.33,https://www.urbanbar.com/products/360-muddler-24-5cm,https://cdn.shopify.com/s/files/1/0467/5066/2816/files/UB6038.jpg?v=1791359005,"Achieve maximum muddling efficiency with the stainless steel 360 Muddler. The rounded ABS plastic head has teeth flaring out for a larger crushing surface area than normal muddlers.
Made from solid stainless steel, the shaft of this unique muddler has a narrow centre for an ergonomic hold. This allows your thumb and forefinger to achieve a tighter grip for greater crushing of ingredients.
Product Features:
Long cocktail muddler with flared teeth
Solid steel handle with narrow centre for greater grip
ABS plastic head
Greater crushing surface area
Hand wash only",,Stainless Steel,,,,
UB867,Copper Trident Bar Spoon 30cm,Urban Bar,Stir,£10.00,https://www.urbanbar.com/products/copper-trident-bar-spoon-30cm,https://cdn.shopify.com/s/files/1/0467/5066/2816/files/UB867_8ee55426-2768-4964-98c3-41ef07dfb787.jpg?v=1791376845,"Maximise your efficiency with the Copper Trident Bar Spoon 30cm. With a standard spoon head and twisted stem, this mixing spoon features a fork tip for piercing solid ingredients. Perfect for pairing with a garnish caddy, this elegant bar spoon helps increase functionality behind the bar.
Product Features:
Elegant Japanese style bar spoon
Fork end for piercing solid ingredients
Twisted stem for layering drinks
Head gives approximate 5ml measure
Made from 18/8 Japanese steel
Polished copper plating
High level of corrosion resistance
Outlasts standard steel barware
Gift boxed
Hand wash only - see our Plated Steel Care Guide for more information",Copper,Copper,,,,
UB869,Trident Bar Spoon 30cm,Urban Bar,Stir,£8.33,https://www.urbanbar.com/products/trident-bar-spoon-30cm,https://cdn.shopify.com/s/files/1/0467/5066/2816/files/UB869.jpg?v=1791357552,"Add an elegant aesthetic to your mixology with the Trident Bar Spoon 30cm. Inspired by Japanese design, this fork-tip bar spoon boasts functionality as well as beauty. With a twisted stem, this bar spoon achieves excellent stirring, and also makes layering drinks easier. The slightly tilted head allows a better angle for stirring and scooping. This lets you scoop ice cubes and other items from your mixing glass to become part of the cocktail. A trident fork head ensures you can piece solid ingredients for muddling. Essential for keeping your hands clean, and maintaining a hygienic drink service.
Product Features:
Elegant Japanese style bar spoon
Fork end for piercing solid ingredients
Twisted stem for layering drinks
Head gives approximate 5ml measure
Made from 18/8 Japanese steel
Premium polished shine
High level of corrosion resistance
Outlasts standard steel barware
Gift boxed
Dishwasher safe - see our Steel Care Guide for more information",,,,,,
UB870,Urbano Straight Jug 120cl,Urban Bar,"Jugs, Pitchers & Carafes",£7.50,https://www.urbanbar.com/products/urbano-straight-jug-120cl,https://cdn.shopify.com/s/files/1/0467/5066/2816/files/UB870.jpg?v=1791376463,"Plastic straight sided jug, ideal for serving ice laden cold drinks in the garden.",,,,120,,
UB871,Stacking Plastic Highball 38cl,Urban Bar,Polycarbonates,£5.83,https://www.urbanbar.com/products/stacking-plastic-hiball-38cl,https://cdn.shopify.com/s/files/1/0467/5066/2816/files/UB871_fe8606d7-cb78-471d-9191-67c0acb7987d.jpg?v=1791376477,"The glasses nest inside each other. Ideal for picnics.
Must be ordered in pack quantities of two (2)",,Glass,,38,,
UB872,Stacking Plastic Old Fashioned Tumbler 31cl,Urban Bar,Polycarbonates,£5.00,https://www.urbanbar.com/products/stacking-plastic-old-fashioned-tumbler-31cl,https://cdn.shopify.com/s/files/1/0467/5066/2816/files/UB872_a939533e-a948-4092-8e0b-8f76c037e51e.jpg?v=1791376485,"The glasses nest inside each other. Ideal for picnics.
Must be ordered in pack quantities of two (2)",,Glass,,31,,
UB875,Iris Shatterproof Plastic Wine Glass 50cl,Urban Bar,Polycarbonates,£10.00,https://www.urbanbar.com/products/iris-plastic-wine-glass-50cl,https://cdn.shopify.com/s/files/1/0467/5066/2816/files/UB875-2_4b7a7e01-2ab1-4bc5-adfd-dc4ede3233ba.jpg?v=1791376785,"Made from Tritan, the Iris Plastic Wine Glass is BPA free and durable for repeated use. Due to the virtually unbreakable finish, this stemware is safer than standard glassware. The shatter resistant nature of the Iris Wine Glass matches with a high level of clarity. The Tritan plastic material is almost unrecognisable against real glass. Whether serving white wine or red wine, this plastic stem gives all the benefits of wine tasting in a safe and lightweight form.
Product Features:
Virtually unbreakable plastic wine glass
Made from highly durable Tritan plastic
Difficult to distinguish from real glass
High level of clarity
Impact resistant
Shatter resistant
Stain resistant
Odour resistant
BPA free
Dishwasher safe - see our Plastic Care Guide for more information",,Glass,,50,,
UB876,Iris Shatterproof Plastic Wine Glass 76cl,Urban Bar,Polycarbonates,£10.83,https://www.urbanbar.com/products/iris-plastic-wine-glass-76cl,https://cdn.shopify.com/s/files/1/0467/5066/2816/files/UB876-2_0517d921-1b14-49ad-8402-a34999a6024c.jpg?v=1791376776,"Present wine in style with the shatterproof Iris Plastic Wine Glass 76cl. Made from Tritan plastic, this plastic stemware combines elegance with a safety. When serving wine at events, glassware breakages are an undesirable side effect. These Tritan wine glasses ensure any dropped drinks don't result in shattered glass. The Iris Plastic Wine Glass combines this strength with a BPA-free material for an all-round premium finish. Tritan plastic has a high level of clarity that is maintained after repeated washing, making it almost indistinguishable from real glass.
Product Features:
Virtually unbreakable plastic wine glass
Made from highly durable Tritan plastic
Difficult to distinguish from real glass
High level of clarity
Impact resistant
Shatter resistant
Stain resistant
Odour resistant
BPA free
Dishwasher safe - see our Plastic Care Guide for more information",,Glass,,76,,
UB877,Iris Shatterproof Plastic Champagne Flute 24cl,Urban Bar,Polycarbonates,£9.17,https://www.urbanbar.com/products/iris-plastic-champagne-flute-24cl,https://cdn.shopify.com/s/files/1/0467/5066/2816/files/UB877.jpg?v=1791379577,"Reduce the danger of glass breakages with the Iris Plastic Champagne Flute. Made from Tritan, this stemware has a shatterproof finish, making it ideal for serving champagne at events. The Iris Champagne Flute has a high clarity, to best display the contents. This brilliance makes it almost indistinguishable from real glassware. The Iris Champagne Flute combines its functional elements with an elegant profile. A classic champagne flute bowl sits on a tall stem for premium table service.
Product Features:
Virtually unbreakable plastic champagne glass
Made from highly durable Tritan plastic
Difficult to distinguish from real glass
High level of clarity
Impact resistant
Shatter resistant
Stain resistant
Odour resistant
BPA free
Dishwasher safe - see our Plastic Care Guide for more information",,Glass,,24,,
UB878,Iris Shatterproof Plastic Champagne Saucer Coupe 28cl,Urban Bar,Polycarbonates,£10.83,https://www.urbanbar.com/products/iris-plastic-coupe-glass-28cl,https://cdn.shopify.com/s/files/1/0467/5066/2816/files/UB878.jpg?v=1791379588,"The Iris Plastic Coupe Glass gives a shatterproof drink service with a premium finish. Due to the Tritan plastic material, this champagne saucer is indistinguishable from glass. When serving drinks at an event, a large worry will be the risk of broken glass. Glass shards are a danger to guests, hosts and staff. The Iris Plastic Coupe in virtually unbreakable, removing all worry. Tritan has a brilliant clarity, giving the displayed contents a premium display platform. Whether serving champagne or cocktails, this plastic stemware stands out alongside real glass.
Product Features:
Virtually unbreakable plastic coupe glass
Made from highly durable Tritan plastic
Difficult to distinguish from real glass
Perfect for seving champagne and cocktails
High level of clarity
Impact resistant
Shatter resistant
Stain resistant
Odour resistant
BPA free
Dishwasher safe - see our Plastic Care Guide for more information",,Glass,,28,,
UB881,Copper Trident Bar Spoon 40cm,Urban Bar,Stir,£12.50,https://www.urbanbar.com/products/copper-trident-bar-spoon-40cm,https://cdn.shopify.com/s/files/1/0467/5066/2816/files/UB881_d241f220-c946-455d-8651-c0682103edb4.jpg?v=1791376863,"Stun onlookers with this impressive 16 inch copper fork tipped bar spoon. Made from our premium 18/8 steel, the Copper Trident Bar Spoon 40cm is finished with a luxurious polished copper plating.
Product Features:
Elegant Japanese style bar spoon
Fork end for piercing solid ingredients
Twisted stem for layering drinks
Impressive 16 inch length
Head gives approximate 5ml measure
Made from 18/8 Japanese steel
Polished copper plating
High level of corrosion resistance
Outlasts standard steel barware
Gift boxed
Hand wash only - see our Plated Steel Care Guide for more information",Copper,Copper,,,,
UB882,Trident Bar Spoon 40cm,Urban Bar,Stir,£9.17,https://www.urbanbar.com/products/trident-bar-spoon-40cm,https://cdn.shopify.com/s/files/1/0467/5066/2816/files/UB882_e352fff6-a12e-4d5d-b634-b6ba5c420977.jpg?v=1791376834,"Command your mixology like Neptune commands the oceans! The Trident Bar Spoon 40cm boasts an impressive 16 inch length for a stand-out cocktail display. Made from 18/8 Japanese steel, this extra long bar spoon has a high level of corrosion resistance. This gives it high rust protection, ensuring it will outlast standard steel barware.
Product Features:
Elegant Japanese style bar spoon
Fork end for piercing solid ingredients
Twisted stem for layering drinks
Impressive 16 inch length
Head gives approximate 5ml measure
Made from 18/8 Japanese steel
Premium polished shine
High level of corrosion resistance
Outlasts standard steel barware
Gift boxed
Dishwasher safe - see our Steel Care Guide for more information",,,,,,
UB900-1,1890 Highball Tumbler Glass 35cl,Urban Bar,Hiballs,£10.00,https://www.urbanbar.com/products/1890-highball-glass-35cl,https://cdn.shopify.com/s/files/1/0467/5066/2816/files/UB900-1.jpg?v=1791380120,"The 1890 Highball exudes vintage class with its tasteful Edwardian-style etched pattern. A heavyweight base and premium crystal glass provide the functionality to match, making it a stylish and robust choice for your long cocktails.
Product Features
Highball glass
Premium lead-free crystal
Etched vintage Edwardian style floral swag design
High clarity
Heavyweight base
Dishwasher safe - see our Crystal Glass Care Guide for more information",,Glass,1890,35,,
UB900-2,1910 Highball Tumbler Glass 35cl,Urban Bar,Hiballs,£10.00,https://www.urbanbar.com/products/1910-highball-glass-35cl,https://cdn.shopify.com/s/files/1/0467/5066/2816/files/hbrange_77c16a94-553d-4b04-8073-a1ddd8257c2f.png?v=1791380129,"The art-deco engraved pattern on this highball is pronounced by the high clarity of the premium lead-free crystal glass, making the design truly stand out. Its heavyweight base and length make it suitable for long cocktails and gin drinks.
Product Features:
Highball glass
Premium lead-free crystal
Etched vintage Pall Mall Lady Hamilton style design
High clarity
Heavyweight base
Dishwasher safe  see our Crystal Glass Care Guide for more information",,Glass,1910,35,,
UB92,Fine Strainer 20cm,Urban Bar,Strain,£7.50,https://www.urbanbar.com/products/fine-strainer-20cm,https://cdn.shopify.com/s/files/1/0467/5066/2816/files/UB92.jpg?v=1791360170,"A compact yet durable cocktail essential, this fine strainer features a 7 cm mesh head designed for precise double-straining. Crafted from premium 18/8 Japanese stainless steel, its polished finish delivers excellent corrosion and rust resistance—and it's dishwasher safe for effortless cleanup.
Product Features:
Fine cocktail strainer sieve
7cm fine mesh head
Perfect for double straining
Premium 18/8 Japanese steel with a highly polished finish
High corrosion resistance for excellent rust resistance
Dishwasher safe",,,,,,
UB93,360 Stainless Steel Muddler (Straight Handle) 24cm,Urban Bar,Stir,£7.50,https://www.urbanbar.com/products/muddler-24cm,https://cdn.shopify.com/s/files/1/0467/5066/2816/files/UB93.jpg?v=1791359918,"This plastic/stainless steel muddler is a must have for any bar. This stylish, yet durable, tool will stand up to a lifetime of drink making. The plastic head will not split or splinter nor does it absorb the odour of any muddled ingredients. As well bacteria does not take up residence in plastic as it does in wood. Heat resistant to 500 degrees F, Brushed stainless steel handle, Dishwasher safe.",,Stainless Steel,,,,
UB94,Small Glass Stirrer 14cm (pack of 6),Urban Bar,Stir,£10.83,https://www.urbanbar.com/products/small-glass-stirrer-14cm,https://cdn.shopify.com/s/files/1/0467/5066/2816/files/UB94.jpg?v=1791379097,"Borosilicate glass stirrer with ball on end, in box of 6.",,Glass,,,6,Box of 6
UB95,Large Glass Stirrer 18cm (pack of 6),Urban Bar,Stir,£11.67,https://www.urbanbar.com/products/large-glass-stirrer-18cm-x6,https://cdn.shopify.com/s/files/1/0467/5066/2816/files/UB95.jpg?v=1791379044,"Borosilicate glass stirrer with ball on end, in box of 6.",,Glass,,,6,Box of 6
UB951,Stainless Steel Freeflow Pourer,Urban Bar,Measures & Pourers,£4.17,https://www.urbanbar.com/products/stainless-steel-freeflow-pourer,https://cdn.shopify.com/s/files/1/0467/5066/2816/files/UB951.jpg?v=1791379602,"Reduce spillage with the essential Stainless Steel Freeflow Pourer. With a long solid steel nozzle, this bar top essential gives precision when pouring. The air hole in the top of the pourer allows a constant airflow to the bottle for a smooth pour. For more intuitive use, simply place your thumb over the air hole to stop the flow. A ribbed cork surrounds the base of the pourer, ensuring it fits most standard bottle necks from 75cl to 150cl. An essential of mixology, the Freeflow Pourer is also applicable in catering and hospitality uses. Use this pourer for oil bottles in kitchens and at the dinner table.
Product Features:
Pourer for accurate pouring of spirits
Medium-fast free-flow
Ribbed rubber cork
Fits most standard bottles - 75cl to 150cl bottles
Can also be used for pouring oils in catering applications
Hand wash only
Please Note: Not suitable for pouring cordials and thick juices. Use our Freepour Bottles for storing and pouring thicker liquids at the bar.",,Stainless Steel,,,,
UB952,Bar Spoon Drink Stirrer 18cm,Urban Bar,Stir,£5.83,https://www.urbanbar.com/products/bar-spoon-drink-stirrer-18cm,https://cdn.shopify.com/s/files/1/0467/5066/2816/files/white-UB952.png?v=1791376875,"Add a unique aesthetic to your drinks service with the Bar Spoon Drink Stirrer. This mini bar spoon allows the drinker to assume the role of bartender's assistant, adding to the sense of theatrics. Get creative with your serves; try offering a DIY element allowing the drinker to stir and garnish their own drink. The perfect length for serving in a highball glass, this drink stirrer is also ideal for julep and mule cups.
Product Features:
Drink stirrer styled after a bar spoon
Forked tip for serving garnishes
7 inch length ideal for serving in hiball glasses
Premium 18/8 Japanese steel for high level of corrosion resistance
Polished finish
Dishwasher safe - see our Steel Care Guide for more information",,,,,,
UB961,Distillery Whisky Taster Glass and Watch Glass Lid 14cl,Urban Bar,Brandy & Fortified Wine,£9.17,https://www.urbanbar.com/products/crystal-distillery-taster-glass-with-watch-glass-lid-14cl,https://cdn.shopify.com/s/files/1/0467/5066/2816/files/SB1001-SB1050-2.jpg?v=1791377676,"Enhance your whisky tastings with the premium Urban Bar Whisky Tasting Glass with Lid. This professional quality lead-free crystal glass comes complete with a matching 5cm glass lens lid. Line up your whisky tasting glasses topped with the watch glass lids to keep the differing aromas separated. This ensures your nose isn't contaminated by the vapours of various whisky varietals.
Product Features:
Blown lead-free crystal glass
Stem helps retain temperature of contents
Narrow mouth to collect and direct aromas
Rounded bowl to swirl contents
Includes 5cm watch glass lid - trap whisky vapours in your taster glass - prevents evaporation, saving the angel's share in your glass
Dishwasher safe - see our Glassware Care Guide for more information",,Glass,,14,,
UB99,Boston Shatterproof Polycarbonate Shaking Glass 50cl,Urban Bar,Shake,£7.50,https://www.urbanbar.com/products/perfect-fit-plastic-boston-glass-50cl,https://cdn.shopify.com/s/files/1/0467/5066/2816/files/UB99.jpg?v=1791379610,"Remove the dangers of broken glass with the Perfect Fit Plastic Boston Glass. Made from shatterproof polycarbonate, this shaker glass withstands the rigours of frequent use. An excellent travel companion, this plastic shaker is ideal for transporting to competitions. There's no need to worry about padding it out to protect it from other bar tools. The rim bulges out, giving this Boston glass a snug fit when used with a Boston tin. The rounded polycarbonate ensures this shaker glass doesn't scratch the inside of your cocktail tin.
Product Features:
Plastic glass for cocktail shaking
Made from polycarbonate plastic
Slightly bulged rim for a tight fit
Textured frosted effect exterior for aided grip
Shatterproof
Designed to fit with all standard Boston tins
Dishwasher safe - see our Plastic Care Guide for more information
Compatible With:
Boston Shaker Tin 85cl
Copper Boston Shaker Tin 85cl
Gold Boston Shaker Tin 85cl
Rose Gold Boston Shaker Tin 85cl
Tiki Boston Shaker Cup 63cl
Tattoo Boston Shaker Cup 63cl
Octagonal Boston Shaker Tin 70cl
Octagonal Copper Boston Shaker Tin 70cl",,Glass,,50,,
sb2002,Distillery Blind Tasting Whisky Taster Glass Cobalt Blue 14cl,Urban Bar,Brandy & Fortified Wine,£14.17,https://www.urbanbar.com/products/blue-crystal-distillery-blind-taster-glass-and-watch-glass-lid-14cl-in-gift-box,https://cdn.shopify.com/s/files/1/0467/5066/2816/files/distillerytaster_8f457ae7-5366-4c16-8b44-04d1b5a85ead.png?v=1791377643,"Remove visual prejudice and test the nose and palate with the Blind Whisky Tasting Glass. Due to the blue colour, the visual aspects of whiskies become masked. Raising other senses, anticipation of flavours associated with whisky colouring gets reduced.
Product Features
Blind tasting glass
Made from lead-free crystal glass
Cobalt blue spray colour
Prevents anticipation of flavour by masking the visual aspects of the spirit
Stem helps to retain temperature of contents by reducing body heat contact
Volume gives room for addition of water if required
Hand wash only - see our Glassware Care Guide for more information",Blue,Glass,,14,,
