Part,Description,Brand,Category,List Price,Web URL,Image,Intro,Stock Status,Size,Colour,Material,Range,Capacity,Weight (kg),Dimensions,Additional Images,Beaumont Categories
BM039,Gunmetal Grey Bar Blade,Beaumont,Bottle Openers,,https://beaumonttm.co.uk/product/66019/,https://beaumonttm.co.uk/wp-content/uploads/bm039-gunmetal-grey-bar-blade-1.webp,"Open bottles quickly and efficiently with the Gunmetal Grey Bar Blade, a must-have tool for professional bartenders, bar staff and hospitality venues. Featuring a sleek gunmetal grey finish, this durable bottle opener combines practical functionality with contemporary style, making it an essential accessory for any busy bar environment.
Manufactured from high-quality stainless steel, the bar blade is designed for strength, reliability and everyday commercial use. Its slim, ergonomic profile fits comfortably in the hand, pocket or apron, allowing for fast bottle opening during high-volume service. The smooth gunmetal finish adds a premium touch while complementing modern barware collections.
Ideal for bars, restaurants, hotels, events and home bars, this professional-grade bottle opener provides dependable performance shift after shift.",instock,179 x 40mm,Gunmetal,Stainless Steel,,,0.085,179x40,https://beaumonttm.co.uk/wp-content/uploads/bm039-gunmetal-grey-bar-blade-2.webp | https://beaumonttm.co.uk/wp-content/uploads/bm039-gunmetal-grey-bar-blade-3.webp | https://beaumonttm.co.uk/wp-content/uploads/bm039-gunmetal-grey-bar-blade-4.webp | https://beaumonttm.co.uk/wp-content/uploads/bm039-gunmetal-grey-bar-blade-5.webp | https://beaumonttm.co.uk/wp-content/uploads/bm039-gunmetal-grey-bar-blade-6.webp,Beer & Wine Accessories > Bottle Openers
BM024,Glass Hanger Matte Black – 24″,Beaumont,Glass Hangers,,https://beaumonttm.co.uk/product/66018/,https://beaumonttm.co.uk/wp-content/uploads/bm024-glass-hanger-matte-black-24in-1.webp,"Create a professional glass storage solution with the Glass Hanger Matte Black – 24″, a spacious under-shelf rack designed to keep stemmed glassware organised, protected and easily accessible. Featuring a contemporary matte black finish, this glass hanger is ideal for busy bars, restaurants, hotels and stylish home bars.
With its generous 24-inch length, this rack offers increased storage capacity for wine glasses, cocktail glasses and champagne flutes while freeing up valuable shelf and countertop space. Its durable construction provides reliable support for everyday commercial use while enhancing the appearance of your bar area.",instock,607 x 115 x 41mm,Black,Iron,,,0.313,607x115x41,https://beaumonttm.co.uk/wp-content/uploads/bm024-glass-hanger-matte-black-24in-2.webp | https://beaumonttm.co.uk/wp-content/uploads/bm024-glass-hanger-matte-black-24in-3.webp | https://beaumonttm.co.uk/wp-content/uploads/bm024-glass-hanger-matte-black-24in-4.webp | https://beaumonttm.co.uk/wp-content/uploads/bm024-glass-hanger-matte-black-24in-5.webp,Glass Hangers
BM023,Glass Hanger Matte Black – 16″,Beaumont,Glass Hangers,,https://beaumonttm.co.uk/product/66017/,https://beaumonttm.co.uk/wp-content/uploads/bm023-glass-hanger-matte-black-16in-1.webp,"Keep glassware organised and accessible with the Glass Hanger Matte Black – 16″. Designed for commercial and home bar environments, this premium under-shelf glass rack provides efficient storage for stemmed glasses while adding a sleek, contemporary touch to your setup.
The durable matte black finish complements modern bar and kitchen designs, while the 16-inch length offers increased storage capacity without sacrificing valuable workspace. Perfect for wine glasses, cocktail glasses and champagne flutes, this rack helps protect glassware while keeping it ready for service.",instock,305 x 115 x 41mm,Black,Iron,,,0.226,305x115x41,https://beaumonttm.co.uk/wp-content/uploads/bm023-glass-hanger-matte-black-16in-2.webp | https://beaumonttm.co.uk/wp-content/uploads/bm023-glass-hanger-matte-black-16in-3.webp | https://beaumonttm.co.uk/wp-content/uploads/bm023-glass-hanger-matte-black-16in-4.webp | https://beaumonttm.co.uk/wp-content/uploads/bm023-glass-hanger-matte-black-16in-5.webp,Glass Hangers
BM022,Glass Hanger Matte Black – 10″,Beaumont,Glass Hangers,,https://beaumonttm.co.uk/product/66016/,https://beaumonttm.co.uk/wp-content/uploads/bm022-glass-hanger-matte-black-10in-1.webp,"Maximise storage space and showcase glassware in style with the Glass Hanger Matte Black – 10″. Designed to securely store stemmed glasses beneath shelves and bar counters, this sleek glass rack provides a practical and professional storage solution for bars, restaurants, hotels and home entertainment areas.
Featuring a durable matte black finish, this contemporary glass hanger complements modern interiors while helping to keep glassware organised, protected and easily accessible. The compact 10-inch length makes it ideal for smaller spaces or where multiple racks are required to create a customised storage system.",instock,256 x 115 x 41mm,Black,Iron,,,0.167,256x115x41,https://beaumonttm.co.uk/wp-content/uploads/bm022-glass-hanger-matte-black-10in-2.webp | https://beaumonttm.co.uk/wp-content/uploads/bm022-glass-hanger-matte-black-10in-3.webp | https://beaumonttm.co.uk/wp-content/uploads/bm022-glass-hanger-matte-black-10in-4.webp | https://beaumonttm.co.uk/wp-content/uploads/bm022-glass-hanger-matte-black-10in-5.webp,Glass Hangers
BM019,Gunmetal Grey Fine Mesh Strainer,Beaumont,Cocktail Strainers,,https://beaumonttm.co.uk/product/66015/,https://beaumonttm.co.uk/wp-content/uploads/bm019-gunmetal-grey-fine-mesh-strainer-1.webp,"Achieve smooth, professional-quality cocktails with the Gunmetal Grey Fine Mesh Strainer, an essential bar tool designed to remove ice shards, fruit pulp, herbs and other unwanted particles from drinks. Featuring a sophisticated gunmetal grey finish, this premium strainer combines functionality and style, making it a valuable addition to any commercial or home bar.
Crafted from durable stainless steel, the fine mesh design ensures a clean, refined pour, helping bartenders create perfectly presented cocktails with enhanced texture and appearance. Ideal for use alongside Boston shakers and mixing glasses, it is perfect for straining martinis, daiquiris, sours and a wide range of classic and contemporary cocktails.
The ergonomic handle provides a comfortable grip and precise control, while the robust construction is designed to withstand the demands of busy hospitality environments.",instock,236mm x 78 x 42mm,Gunmetal,Stainless Steel,,,0.063,236x78x42,https://beaumonttm.co.uk/wp-content/uploads/bm019-gunmetal-grey-fine-mesh-strainer-2.webp | https://beaumonttm.co.uk/wp-content/uploads/bm019-gunmetal-grey-fine-mesh-strainer-3.webp | https://beaumonttm.co.uk/wp-content/uploads/bm019-gunmetal-grey-fine-mesh-strainer-4.webp | https://beaumonttm.co.uk/wp-content/uploads/bm019-gunmetal-grey-fine-mesh-strainer-5.webp,Cocktail Tools > Cocktail Strainers
BM018,Gunmetal Grey Champagne Stopper,Beaumont,Bottle Sealers,,https://beaumonttm.co.uk/product/66014/,https://beaumonttm.co.uk/wp-content/uploads/bm018-gunmetal-grey-champagne-stopper-1.webp,"Keep sparkling wines fresh and full of flavour with the Gunmetal Grey Champagne Stopper. Featuring a sophisticated gunmetal grey finish, this premium bottle stopper is designed to securely seal opened bottles of champagne, prosecco and sparkling wine, helping to retain carbonation and reduce waste.
The secure locking design creates an effective seal to help preserve the wine’s effervescence between servings, making it an essential tool for professional bars, restaurants, hotels and home wine enthusiasts. Durable and easy to operate, this stylish stopper combines functionality with contemporary design.
Its elegant gunmetal grey finish coordinates perfectly with modern barware collections, adding a premium touch to any drinks service.",instock,(D)38x(H)57mm,Gunmetal,Iron | Rubber,,,0.062,38x38x57,https://beaumonttm.co.uk/wp-content/uploads/bm018-gunmetal-grey-champagne-stopper-2.webp | https://beaumonttm.co.uk/wp-content/uploads/bm018-gunmetal-grey-champagne-stopper-3.webp | https://beaumonttm.co.uk/wp-content/uploads/bm018-gunmetal-grey-champagne-stopper-4.webp | https://beaumonttm.co.uk/wp-content/uploads/bm018-gunmetal-grey-champagne-stopper-5.webp,Beer & Wine Accessories > Bottle Sealers
BM017,Matte Black Champagne Stopper,Beaumont,Bottle Sealers,,https://beaumonttm.co.uk/product/66013/,https://beaumonttm.co.uk/wp-content/uploads/bm017-matte-black-champagne-stopper-1.webp,"Preserve the freshness, flavour and fizz of sparkling wines with the Matte Black Champagne Stopper. Designed to create a secure seal on opened bottles, this stylish and practical accessory helps maintain carbonation for longer, making it ideal for bars, restaurants, hotels and home entertaining.
Featuring a contemporary matte black finish, this premium champagne stopper combines elegant design with reliable performance. Its secure locking mechanism helps minimise the loss of bubbles, ensuring champagne, prosecco and sparkling wines remain enjoyable between servings.
Compact, durable and easy to use, it is an essential addition to any barware collection and a practical solution for reducing waste from unfinished bottles.",instock,(D)38x(H)57mm,Black,Iron | Rubber,,,0.062,38x38x57,https://beaumonttm.co.uk/wp-content/uploads/bm017-matte-black-champagne-stopper-2.webp | https://beaumonttm.co.uk/wp-content/uploads/bm017-matte-black-champagne-stopper-3.webp | https://beaumonttm.co.uk/wp-content/uploads/bm017-matte-black-champagne-stopper-4.webp | https://beaumonttm.co.uk/wp-content/uploads/bm017-matte-black-champagne-stopper-5.webp,Beer & Wine Accessories > Bottle Sealers
BM016,Gunmetal Grey Bell Jigger with Handle – 25/50ml,Beaumont,Cocktail Jigger Measures,,https://beaumonttm.co.uk/product/66012/,https://beaumonttm.co.uk/wp-content/uploads/bm016-gunmetal-grey-bell-jigger-with-handle-25-50ml-1.webp,"Achieve accurate cocktail measurements with the Gunmetal Grey Bell Jigger with Handle 25/50ml, a stylish and professional spirit measure designed for precision pouring. Featuring an elegant bell-shaped design, ergonomic handle and sophisticated gunmetal grey finish, this premium jigger is an essential tool for bartenders, mixologists and cocktail enthusiasts.
Crafted from high-quality stainless steel, this double-ended jigger provides accurate 25ml and 50ml measurements, ensuring consistency across every drink served. The integrated handle offers enhanced comfort, stability and control, making it ideal for fast-paced commercial environments as well as home cocktail bars.
The contemporary gunmetal grey finish adds a premium aesthetic to any bar setup, while the durable construction ensures long-lasting performance through everyday use.",instock,40 x 41 x 119mm,Gunmetal,Stainless Steel,,,0.095,40x40x119,https://beaumonttm.co.uk/wp-content/uploads/bm016-gunmetal-grey-bell-jigger-with-handle-25-50ml-2.webp | https://beaumonttm.co.uk/wp-content/uploads/bm016-gunmetal-grey-bell-jigger-with-handle-25-50ml-3.webp | https://beaumonttm.co.uk/wp-content/uploads/bm016-gunmetal-grey-bell-jigger-with-handle-25-50ml-4.webp | https://beaumonttm.co.uk/wp-content/uploads/bm016-gunmetal-grey-bell-jigger-with-handle-25-50ml-5.webp | https://beaumonttm.co.uk/wp-content/uploads/bm016-gunmetal-grey-bell-jigger-with-handle-25-50ml-6.webp,Cocktail Tools > Cocktail Jigger Measures
BM015,Gunmetal Grey Bell Jigger – 25/50ml,Beaumont,Cocktail Jigger Measures,,https://beaumonttm.co.uk/product/66011/,https://beaumonttm.co.uk/wp-content/uploads/bm015-gunmetal-grey-bell-jigger-25-50ml-1.webp,"Measure spirits with precision and style using the Gunmetal Grey Bell Jigger 25/50ml. Designed for professional bartenders and cocktail enthusiasts alike, this premium double-ended jigger features an elegant bell-shaped profile and a contemporary Gunmetal finish, making it the perfect addition to any modern bar setup.
Crafted from high-quality stainless steel, the jigger provides accurate 25ml and 50ml measures, helping to ensure consistency across every cocktail served. The distinctive bell design offers comfortable handling and effortless pouring, while the durable construction stands up to the demands of busy bars, restaurants, hotels and home cocktail stations.
Its sleek Gunmetal finish adds a sophisticated touch to cocktail preparation and complements a wide range of professional barware collections.",instock,45x50x80mm,Gunmetal,Stainless Steel,,,0.095,50x45x80,https://beaumonttm.co.uk/wp-content/uploads/bm015-gunmetal-grey-bell-jigger-25-50ml-2.webp | https://beaumonttm.co.uk/wp-content/uploads/bm015-gunmetal-grey-bell-jigger-25-50ml-3.webp | https://beaumonttm.co.uk/wp-content/uploads/bm015-gunmetal-grey-bell-jigger-25-50ml-4.webp | https://beaumonttm.co.uk/wp-content/uploads/bm015-gunmetal-grey-bell-jigger-25-50ml-5.webp | https://beaumonttm.co.uk/wp-content/uploads/bm015-gunmetal-grey-bell-jigger-25-50ml-6.webp,Cocktail Tools > Cocktail Jigger Measures
BM014,Matte Black Bell Jigger with Handle – 25/50ml,Beaumont,Cocktail Jigger Measures,,https://beaumonttm.co.uk/product/66010/,https://beaumonttm.co.uk/wp-content/uploads/bm014-matte-black-bell-jigger-with-handle-25-50ml-1.webp,"Measure and pour spirits with confidence using the Matte Black Bell Jigger with Handle 25/50ml. Combining precision, comfort and contemporary style, this professional double-ended spirit measure features an elegant bell-shaped design and an ergonomic handle for enhanced control during busy service periods.
Crafted from durable stainless steel and finished in a sleek matte black coating, this premium jigger provides accurate 25ml and 50ml measurements, helping bartenders deliver consistent cocktails and minimise wastage. The integrated handle offers a secure grip and improved pouring accuracy, making it ideal for both professional mixologists and home cocktail enthusiasts.
Perfect for bars, restaurants, hotels and home bars, the modern matte black finish complements contemporary barware collections while adding a sophisticated touch to cocktail preparation.",instock,40 x 41 x 119mm,Black,Stainless Steel,,,0.095,40x40x119,https://beaumonttm.co.uk/wp-content/uploads/bm014-matte-black-bell-jigger-with-handle-25-50ml-2.webp | https://beaumonttm.co.uk/wp-content/uploads/bm014-matte-black-bell-jigger-with-handle-25-50ml-3.webp | https://beaumonttm.co.uk/wp-content/uploads/bm014-matte-black-bell-jigger-with-handle-25-50ml-4.webp | https://beaumonttm.co.uk/wp-content/uploads/bm014-matte-black-bell-jigger-with-handle-25-50ml-5.webp | https://beaumonttm.co.uk/wp-content/uploads/bm014-matte-black-bell-jigger-with-handle-25-50ml-6.webp,Cocktail Tools > Cocktail Jigger Measures
BM013,Matte Black Bell Jigger – 25/50ml,Beaumont,Cocktail Jigger Measures,,https://beaumonttm.co.uk/product/66009/,https://beaumonttm.co.uk/wp-content/uploads/bm013-matte-black-bell-jigger-25-50ml-1.webp,"Measure spirits with precision and style using the Matte Black Bell Jigger 25/50ml. Designed for professional bartenders and cocktail enthusiasts alike, this premium double-ended jigger features an elegant bell-shaped profile and a contemporary matte black finish, making it the perfect addition to any modern bar setup.
Crafted from high-quality stainless steel, the jigger provides accurate 25ml and 50ml measures, helping to ensure consistency across every cocktail served. The distinctive bell design offers comfortable handling and effortless pouring, while the durable construction stands up to the demands of busy bars, restaurants, hotels and home cocktail stations.
Its sleek matte black finish adds a sophisticated touch to cocktail preparation and complements a wide range of professional barware collections.",instock,45x50x80mm,Black,Stainless Steel,,,0.095,50x45x80,https://beaumonttm.co.uk/wp-content/uploads/bm013-matte-black-bell-jigger-25-50ml-2.webp | https://beaumonttm.co.uk/wp-content/uploads/bm013-matte-black-bell-jigger-25-50ml-3.webp | https://beaumonttm.co.uk/wp-content/uploads/bm013-matte-black-bell-jigger-25-50ml-4.webp | https://beaumonttm.co.uk/wp-content/uploads/bm013-matte-black-bell-jigger-25-50ml-5.webp | https://beaumonttm.co.uk/wp-content/uploads/bm013-matte-black-bell-jigger-25-50ml-6.webp,Cocktail Tools > Cocktail Jigger Measures
BM012,Matte Black Stainless Steel Bar Mat Frame c/w Bar Mat 600 x 100mm,Beaumont,Bar Mats,,https://beaumonttm.co.uk/product/66008/,https://beaumonttm.co.uk/wp-content/uploads/bm012-matte-black-stainless-steel-bar-mat-frame-c-w-bar-mat-600-x-100mm-1.webp,"Create a professional and organised bar setup with the Matte Black Stainless Steel Bar Mat Frame with Bar Mat. Designed to keep work surfaces clean and efficient, this premium bar accessory combines a durable stainless steel frame with a removable rubber bar mat, providing the perfect station for preparing and serving drinks.
Featuring a contemporary matte black finish, the stylish frame enhances the appearance of any bar, restaurant, hotel or home cocktail station. The included non-slip rubber bar mat helps catch spills, drips and condensation, protecting countertops while keeping glassware stable during service.
Built for the demands of busy hospitality environments, the stainless steel frame offers exceptional durability and easy maintenance, while the removable mat can be quickly cleaned to maintain hygiene and presentation standards.",instock,Frame size: 600*100*17mm;; Bar mat size: 592*78*17mm;,Black,PVC | Stainless Steel,,,0.918,100x600x17,https://beaumonttm.co.uk/wp-content/uploads/bm012-matte-black-stainless-steel-bar-mat-frame-c-w-bar-mat-600-x-100mm-2.webp | https://beaumonttm.co.uk/wp-content/uploads/bm012-matte-black-stainless-steel-bar-mat-frame-c-w-bar-mat-600-x-100mm-3.webp | https://beaumonttm.co.uk/wp-content/uploads/bm012-matte-black-stainless-steel-bar-mat-frame-c-w-bar-mat-600-x-100mm-4.webp | https://beaumonttm.co.uk/wp-content/uploads/bm012-matte-black-stainless-steel-bar-mat-frame-c-w-bar-mat-600-x-100mm-5.webp,Bar Mats
BM011,Mezclar Matte Black Jigger 25/50ml,Beaumont,Cocktail Jigger Measures,,https://beaumonttm.co.uk/product/66007/,https://beaumonttm.co.uk/wp-content/uploads/bm011-mezclar-matte-black-jigger-25-50ml-1.webp,"Enhance your cocktail service with the Mezclar Matte Black Jigger 25/50ml, a premium double-ended spirit measure designed for accuracy, durability, and contemporary style. Featuring a sleek matte black finish, this professional bar tool delivers precise 25ml and 50ml measurements, ensuring consistent cocktails and perfectly balanced drinks every time.
Manufactured from high-quality stainless steel, the Mezclar jigger is built to withstand the demands of busy bars, restaurants, hotels, and home cocktail stations. Its ergonomic design provides a comfortable grip, allowing for smooth, efficient pouring and reliable performance during service.",instock,(D1)43x(D2)42x(H) 85mm,Black,Stainless Steel,,,0.032,43x43x85,https://beaumonttm.co.uk/wp-content/uploads/bm011-mezclar-matte-black-jigger-25-50ml-2.webp | https://beaumonttm.co.uk/wp-content/uploads/bm011-mezclar-matte-black-jigger-25-50ml-3.webp | https://beaumonttm.co.uk/wp-content/uploads/bm011-mezclar-matte-black-jigger-25-50ml-4.webp | https://beaumonttm.co.uk/wp-content/uploads/bm011-mezclar-matte-black-jigger-25-50ml-5.webp | https://beaumonttm.co.uk/wp-content/uploads/bm011-mezclar-matte-black-jigger-25-50ml-6.webp,Cocktail Tools > Cocktail Jigger Measures
BM010,Mezclar Gunmetal Grey Tin-on-Tin,Beaumont,Cocktail Shakers,,https://beaumonttm.co.uk/product/66006/,https://beaumonttm.co.uk/wp-content/uploads/bm010-mezclar-gunmetal-grey-tin-on-tin-1.webp,"Craft professional-quality cocktails with the Mezclar Gunmetal Grey Tin-on-Tin Cocktail Shaker, a premium barware essential designed for efficient mixing, chilling and serving. Featuring a sophisticated gunmetal grey finish, this stylish shaker combines modern aesthetics with the performance trusted by professional bartenders and mixologists.
The durable tin-on-tin design creates a secure seal when shaking, helping to prevent leaks while delivering smooth and efficient cocktail preparation. Constructed from high-quality stainless steel, it is built to withstand the demands of busy bars, restaurants, hotels and home cocktail enthusiasts alike.
Perfect for preparing a wide range of classic and contemporary cocktails, the Mezclar shaker provides excellent temperature transfer for rapid chilling and a comfortable grip during service. Its sleek gunmetal grey finish adds a premium touch to any bar setup while maintaining exceptional durability for everyday use.",instock,28oz D 93mm | 18oz 63mm | (H)174mm; 18oz – (Top D)89*(Bottom D)63*(H)140mm,Gunmetal,Stainless Steel,,,0.405,93x93x174,https://beaumonttm.co.uk/wp-content/uploads/bm010-mezclar-gunmetal-grey-tin-on-tin-2.webp | https://beaumonttm.co.uk/wp-content/uploads/bm010-mezclar-gunmetal-grey-tin-on-tin-3.webp | https://beaumonttm.co.uk/wp-content/uploads/bm010-mezclar-gunmetal-grey-tin-on-tin-4.webp | https://beaumonttm.co.uk/wp-content/uploads/bm010-mezclar-gunmetal-grey-tin-on-tin-5.webp,Cocktail Tools > Cocktail Shakers
BM009,Gunmetal Grey Stainless Steel Waiters Friend,Beaumont,Bottle Openers,,https://beaumonttm.co.uk/product/66005/,https://beaumonttm.co.uk/wp-content/uploads/bm009-gunmetal-grey-stainless-steel-waiters-friend-1.webp,"Open bottles with confidence and style using the Gunmetal Grey Stainless Steel Waiter’s Friend. Designed for professional bartenders, waiters, sommeliers and hospitality staff, this versatile multi-function corkscrew combines durability, practicality and a contemporary gunmetal grey finish.
Manufactured from high-quality stainless steel, this compact waiter’s friend features a corkscrew, integrated foil cutter and bottle cap opener, making it an essential tool for restaurants, bars, hotels and catering environments. The ergonomic design provides a comfortable grip and smooth operation, allowing for quick and efficient wine service.
Its sleek gunmetal grey finish delivers a premium, modern appearance while offering the durability needed for everyday commercial use. Lightweight and easy to carry, it fits neatly into pockets and aprons for convenient access during service",instock,L115x15mm,Gunmetal,Stainless Steel,,,0.095,115xx15,https://beaumonttm.co.uk/wp-content/uploads/bm009-gunmetal-grey-stainless-steel-waiters-friend-2.webp | https://beaumonttm.co.uk/wp-content/uploads/bm009-gunmetal-grey-stainless-steel-waiters-friend-3.webp | https://beaumonttm.co.uk/wp-content/uploads/bm009-gunmetal-grey-stainless-steel-waiters-friend-4.webp | https://beaumonttm.co.uk/wp-content/uploads/bm009-gunmetal-grey-stainless-steel-waiters-friend-5.webp | https://beaumonttm.co.uk/wp-content/uploads/bm009-gunmetal-grey-stainless-steel-waiters-friend-6.webp | https://beaumonttm.co.uk/wp-content/uploads/bm009-gunmetal-grey-stainless-steel-waiters-friend-7.webp,Beer & Wine Accessories > Bottle Openers
BM008,Mezclar Gunmetal Grey Muddler,Beaumont,Cocktail Muddlers,,https://beaumonttm.co.uk/product/66004/,https://beaumonttm.co.uk/wp-content/uploads/bm008-mezclar-gunmetal-grey-muddler-1.webp,"Create exceptional cocktails with the Mezclar Gunmetal Grey Muddler, a professional-grade bar tool designed to extract maximum flavour from fresh fruits, herbs, spices and sugar. Featuring a striking gunmetal grey finish, this stylish muddler combines modern aesthetics with practical functionality, making it an essential addition to any commercial bar or home cocktail setup.
Constructed from durable stainless steel, the Mezclar muddler is built to withstand frequent use while providing excellent control and comfort. Its textured muddling end efficiently crushes ingredients to release natural oils, juices and aromas, helping you craft perfectly balanced mojitos, old fashioneds, caipirinhas and other classic cocktails.",instock,(D)32x(H)195mm,Gunmetal,PVC | Stainless Steel,,,0.076,32x32x195,https://beaumonttm.co.uk/wp-content/uploads/bm008-mezclar-gunmetal-grey-muddler-2.webp | https://beaumonttm.co.uk/wp-content/uploads/bm008-mezclar-gunmetal-grey-muddler-3.webp | https://beaumonttm.co.uk/wp-content/uploads/bm008-mezclar-gunmetal-grey-muddler-4.webp | https://beaumonttm.co.uk/wp-content/uploads/bm008-mezclar-gunmetal-grey-muddler-5.webp,Cocktail Tools > Cocktail Muddlers
BM007,Mezclar Gunmetal Grey Jigger – 25/50ml,Beaumont,Cocktail Jigger Measures,,https://beaumonttm.co.uk/product/66003/,https://beaumonttm.co.uk/wp-content/uploads/bm007-mezclar-gunmetal-grey-jigger-25-50ml-1.webp,"Elevate your cocktail-making experience with the Mezclar Gunmetal Grey Jigger 25/50ml, a stylish and professional spirit measure designed for precision pouring. Featuring a contemporary gunmetal grey finish, this double-ended jigger provides accurate 25ml and 50ml measurements, helping bartenders and mixologists create perfectly balanced cocktails every time.
Crafted from durable stainless steel, the Mezclar jigger combines long-lasting performance with a sleek, modern appearance, making it ideal for commercial bars, restaurants, hotels, and home cocktail enthusiasts. Its ergonomic design ensures comfortable handling and quick, efficient service during busy periods.",instock,(D1)43x(D2)42x(H) 85mm;,Gunmetal,Stainless Steel,,,0.032,43x43x85,https://beaumonttm.co.uk/wp-content/uploads/bm007-mezclar-gunmetal-grey-jigger-25-50ml-2.webp | https://beaumonttm.co.uk/wp-content/uploads/bm007-mezclar-gunmetal-grey-jigger-25-50ml-3.webp | https://beaumonttm.co.uk/wp-content/uploads/bm007-mezclar-gunmetal-grey-jigger-25-50ml-4.webp | https://beaumonttm.co.uk/wp-content/uploads/bm007-mezclar-gunmetal-grey-jigger-25-50ml-5.webp | https://beaumonttm.co.uk/wp-content/uploads/bm007-mezclar-gunmetal-grey-jigger-25-50ml-6.webp,Cocktail Tools > Cocktail Jigger Measures
BM042,Bottle Carrier Crate Holds 6 Bottles,Beaumont,"Bottle Skips, Storage & Bins – Storage Containers",,https://beaumonttm.co.uk/product/66002/,https://beaumonttm.co.uk/wp-content/uploads/bm042-bottle-carrier-crate-holds-6-bottles-1.webp,"Transport and store bottles safely with this 6 bottle carrier crate, a practical and durable solution for breweries, wineries, distilleries, catering businesses and events. Designed to hold and easily carry 6 bottles securely, this heavy-duty plastic carrier makes moving glass bottles easier while helping to reduce the risk of breakages during transport.
Manufactured from robust plastic, this bottle carrier is built to withstand the demands of commercial use. The integrated carry handle provides comfortable and secure lifting, while the partitioned design keeps bottles separated and protected from impact. Ideal for wine bottles, champagne bottles, beer bottles, cider bottles and spirit bottles, this reusable crate offers an alternative to disposable cardboard carriers.
The stackable construction helps maximise storage space in stockrooms, cellars, warehouses and delivery vehicles, making it an excellent choice for both storage and distribution. Easy to clean and dishwasher safe, it is suitable for repeated use in busy hospitality, wineries, wine shops and beverage production environments.
Whether you’re delivering customer orders, transporting bottles between locations, or organising stock, this 6 bottle bottle carrier crate provides a reliable, professional and long-lasting solution.",instock,Hold 6 Bottles,Black,Plastic,,,0.1,200x300x375,https://beaumonttm.co.uk/wp-content/uploads/bm042-bottle-carrier-crate-holds-6-bottles-2.webp | https://beaumonttm.co.uk/wp-content/uploads/bm042-bottle-carrier-crate-holds-6-bottles-3.webp | https://beaumonttm.co.uk/wp-content/uploads/bm042-bottle-carrier-crate-holds-6-bottles-4.webp | https://beaumonttm.co.uk/wp-content/uploads/bm042-bottle-carrier-crate-holds-6-bottles-5.webp | https://beaumonttm.co.uk/wp-content/uploads/bm042-bottle-carrier-crate-holds-6-bottles-6.webp | https://beaumonttm.co.uk/wp-content/uploads/bm042-bottle-carrier-crate-holds-6-bottles-7.webp | https://beaumonttm.co.uk/wp-content/uploads/bm042-bottle-carrier-crate-holds-6-bottles-8.webp,"Bottle Skips, Storage & Bins"
BM041,Bottle Crate Holds 12 Bottles,Beaumont,"Bottle Skips, Storage & Bins – Storage Containers",,https://beaumonttm.co.uk/product/66001/,https://beaumonttm.co.uk/wp-content/uploads/bm041-bottle-crate-holds-12-bottles-1.webp,"Store, transport and protect your bottles with this heavy-duty wine bottle crate, designed to securely hold 12 x Wine, Champagner, Beer, Cider or Spirit bottles. Manufactured from durable plastic, this reusable bottle crate offers a reliable alternative to cardboard packaging, making it ideal for breweries, wineries, distilleries, catering businesses, events and bottle recycling operations.
Featuring fixed internal partitions, each bottle is kept safely separated to help prevent contact and reduce the risk of damage during storage or transit. The robust construction provides excellent strength and stability, while the stackable design helps maximise storage space in warehouses, stock rooms, delivery vehicles and production facilities.
This bottle crate is built for long-term commercial use and easy to clean. Whether you’re distributing wine, beer, cider or spirits, this versatile bottle box provides a professional, cost-effective and reusable storage solution.",instock,Holds 12 Bottles,Black,Plastic,,,0.1,405x305x345,https://beaumonttm.co.uk/wp-content/uploads/bm041-bottle-crate-holds-12-bottles-2.webp | https://beaumonttm.co.uk/wp-content/uploads/bm041-bottle-crate-holds-12-bottles-3.webp | https://beaumonttm.co.uk/wp-content/uploads/bm041-bottle-crate-holds-12-bottles-4.webp | https://beaumonttm.co.uk/wp-content/uploads/bm041-bottle-crate-holds-12-bottles-5.webp | https://beaumonttm.co.uk/wp-content/uploads/bm041-bottle-crate-holds-12-bottles-6.webp | https://beaumonttm.co.uk/wp-content/uploads/bm041-bottle-crate-holds-12-bottles-7.webp,"Bottle Skips, Storage & Bins"
BM020,Garnish Tweezers Copper 30cm,Beaumont,Cocktail Equipment – Bar Top Accessories,,https://beaumonttm.co.uk/product/66000/,https://beaumonttm.co.uk/wp-content/uploads/bm020-garnish-tweezers-copper-30cm-1.webp,"Elevate your cocktail presentation with these 30cm Copper Garnish Tweezers, designed for bartenders who demand accuracy, control, and style behind the bar. Perfect for placing delicate garnishes, edible flowers, citrus peels, herbs, and cocktail picks, these professional-grade tweezers allow you to create flawless drinks with precision and consistency.
The extra-long 30cm length keeps your hands away from the glass, helping maintain hygiene while giving you greater reach and control when crafting intricate cocktail presentations. Finished in an eye-catching copper coating, these tweezers add a premium, modern aesthetic to any bar setup while delivering the functionality required in high-volume cocktail environments.
Manufactured from durable stainless steel, they offer excellent grip, corrosion resistance, and easy cleaning, making them an essential tool for mixologists, cocktail bars, restaurants, and hospitality professionals.",instock,Copper | 30cm Long,Copper,Stainless Steel,,,0.085,300x10x10,https://beaumonttm.co.uk/wp-content/uploads/bm020-garnish-tweezers-copper-30cm-2.webp | https://beaumonttm.co.uk/wp-content/uploads/bm020-garnish-tweezers-copper-30cm-3.webp | https://beaumonttm.co.uk/wp-content/uploads/bm020-garnish-tweezers-copper-30cm-4.webp | https://beaumonttm.co.uk/wp-content/uploads/bm020-garnish-tweezers-copper-30cm-5.webp | https://beaumonttm.co.uk/wp-content/uploads/bm020-garnish-tweezers-copper-30cm-6.webp | https://beaumonttm.co.uk/wp-content/uploads/bm020-garnish-tweezers-copper-30cm-7.webp | https://beaumonttm.co.uk/wp-content/uploads/bm020-garnish-tweezers-copper-30cm-8.webp | https://beaumonttm.co.uk/wp-content/uploads/bm020-garnish-tweezers-copper-30cm-9.webp | https://beaumonttm.co.uk/wp-content/uploads/bm020-garnish-tweezers-copper-30cm-10.webp | https://beaumonttm.co.uk/wp-content/uploads/bm020-garnish-tweezers-copper-30cm-11.webp,Cocktail Tools > Cocktail Equipment
BM021,Atomizer Bottle 100ml,Beaumont,Cocktail Equipment – Bar Top Accessories,,https://beaumonttm.co.uk/product/65999/,https://beaumonttm.co.uk/wp-content/uploads/bm021-atomizer-bottle-100ml-1.webp,"Elevate your cocktail presentation and bring a professional touch to every drink with this premium Cocktail Atomizer Bottle 100ml. Designed for bartenders, mixologists, hospitality professionals, and home cocktail enthusiasts, this elegant atomizer delivers a fine, even mist that enhances aroma, flavour, and the overall drinking experience.
Perfect for spraying spirits, bitters, extracts, citrus oils, infused liquids, and aromatic essences, this versatile cocktail atomizer allows you to add subtle layers of flavour without overpowering your creations. Whether you’re garnishing a classic Old Fashioned, adding a citrus mist to a Martini, or creating signature cocktails with unique aromatic profiles, this bottle gives you complete control over the final presentation.
Crafted from durable, high-quality materials, the 100ml capacity provides ample storage for your favourite ingredients while remaining compact enough for busy bars, restaurants, cocktail lounges, and home bar setups. The precision spray mechanism produces a consistent ultra-fine mist, ensuring every cocktail receives the perfect finishing touch.",instock,100ml | Silver,Silver,Plastic,,,0.092,40x40x143,https://beaumonttm.co.uk/wp-content/uploads/bm021-atomizer-bottle-100ml-2.webp | https://beaumonttm.co.uk/wp-content/uploads/bm021-atomizer-bottle-100ml-3.webp | https://beaumonttm.co.uk/wp-content/uploads/bm021-atomizer-bottle-100ml-4.webp | https://beaumonttm.co.uk/wp-content/uploads/bm021-atomizer-bottle-100ml-5.webp | https://beaumonttm.co.uk/wp-content/uploads/bm021-atomizer-bottle-100ml-6.webp | https://beaumonttm.co.uk/wp-content/uploads/bm021-atomizer-bottle-100ml-7.webp | https://beaumonttm.co.uk/wp-content/uploads/bm021-atomizer-bottle-100ml-8.webp,Cocktail Tools > Cocktail Equipment
BM038,Wine & Champagne Bottle Cooler Bag (Pack 5),Beaumont,"Coolers, Ice Buckets & Stands",,https://beaumonttm.co.uk/product/65998/,https://beaumonttm.co.uk/wp-content/uploads/bm038-wine-champagne-bottle-cooler-bag-pack-5-1.webp,"Present and chill your favourite wines and champagnes in style with this Wine & Champagne Bottle Cooler Bag.
Designed as a modern alternative to traditional wine buckets, this portable cooling bag allows you to keep bottles chilled while remaining easy to carry around parties, events and celebrations. Simply place your chosen bottle inside the bag, add water and ice cubes, and allow the drink to cool before serving.
The clear transparent design creates an elegant presentation that showcases the bottle while keeping it surrounded by ice. Perfect for weddings, birthdays, corporate events, bars, restaurants and outdoor entertaining, guests can conveniently carry their chilled bottle without needing to return to a stationary ice bucket. Lightweight, reusable and easy to store, this wine cooling bag folds flat when not in use.",instock,Pack of 5 | Clear Plastic,Clear,Plastic,,,0.29,50x115x270,https://beaumonttm.co.uk/wp-content/uploads/bm038-wine-champagne-bottle-cooler-bag-pack-5-2.webp | https://beaumonttm.co.uk/wp-content/uploads/bm038-wine-champagne-bottle-cooler-bag-pack-5-3.webp | https://beaumonttm.co.uk/wp-content/uploads/bm038-wine-champagne-bottle-cooler-bag-pack-5-4.webp | https://beaumonttm.co.uk/wp-content/uploads/bm038-wine-champagne-bottle-cooler-bag-pack-5-5.webp,"Beer & Wine Accessories > Coolers, Ice Buckets & Stands"
BM037,Wine Aerator Pourer (Pack 3),Beaumont,Pourers,,https://beaumonttm.co.uk/product/65997/,https://beaumonttm.co.uk/wp-content/uploads/bm037-wine-aerator-pourer-pack-3-1.webp,"Enjoy smoother, richer-tasting wine from the very first pour. This wine aerating pourer by Beaumont instantly introduces oxygen into the wine as it is poured, helping to release aromas, soften tannins and enhance flavour without the need for lengthy decanting.
Skip the hassle of traditional decanters. Simply attach the aerator to your bottle and pour. The wine is aerated in seconds, allowing you to enjoy improved aroma, bouquet and taste straight from the bottle with every glass.
Designed to fit most standard wine bottles, whether corked or screw-cap. Perfect for red, white and rosé wines, helping to unlock the full character and aroma of your favourite bottles for a more enjoyable drinking experience every time.",instock,Pack of 3,Clear,Plastic,,,0.102,35x35x125,https://beaumonttm.co.uk/wp-content/uploads/bm037-wine-aerator-pourer-pack-3-2.webp | https://beaumonttm.co.uk/wp-content/uploads/bm037-wine-aerator-pourer-pack-3-3.webp | https://beaumonttm.co.uk/wp-content/uploads/bm037-wine-aerator-pourer-pack-3-4.webp | https://beaumonttm.co.uk/wp-content/uploads/bm037-wine-aerator-pourer-pack-3-5.webp,Pourers
BM036,Double Wall Stainless Steel Mixing Tin 550ml,Beaumont,Cocktail Shakers,,https://beaumonttm.co.uk/product/65996/,https://beaumonttm.co.uk/wp-content/uploads/bm036-double-wall-stainless-steel-mixing-tin-550ml-1.webp,"Designed for precision cocktail preparation, this Double Wall Stainless Steel Mixing Tin 550ml by Beaumont is ideal for stirring classic cocktails and signature creations. The double-wall stainless steel construction helps maintain drink temperature for longer while reducing condensation on the exterior.
Crafted from high-quality stainless steel, it offers exceptional durability with a sleek, professional finish that complements any bar setup. The generous capacity provides ample room for mixing cocktails with ice, making it perfect for Martinis, Negronis, Manhattans and other stirred drinks.
Combining style, performance and practicality, this mixing glass is an essential tool for bartenders, mixologists and cocktail enthusiasts seeking professional results every time.",instock,Stainless Steel | 19oz,Stainless Steel,Stainless Steel,,,0.402,90x100x135,https://beaumonttm.co.uk/wp-content/uploads/bm036-double-wall-stainless-steel-mixing-tin-550ml-2.webp | https://beaumonttm.co.uk/wp-content/uploads/bm036-double-wall-stainless-steel-mixing-tin-550ml-3.webp | https://beaumonttm.co.uk/wp-content/uploads/bm036-double-wall-stainless-steel-mixing-tin-550ml-4.webp | https://beaumonttm.co.uk/wp-content/uploads/bm036-double-wall-stainless-steel-mixing-tin-550ml-5.webp | https://beaumonttm.co.uk/wp-content/uploads/bm036-double-wall-stainless-steel-mixing-tin-550ml-6.webp,Cocktail Tools > Cocktail Shakers
BM025,Coffee Tamper with Wooden Handle – 54mm,Beaumont,Barista Tools,,https://beaumonttm.co.uk/product/coffee-tamper-with-wooden-handle-54mm/,https://beaumonttm.co.uk/wp-content/uploads/BM025.jpg,"Create consistently level espresso shots with this 54mm Coffee Tamper with Wooden Handle. Designed to evenly compress coffee grounds, this essential barista tool helps achieve optimal extraction for a richer flavour and balanced crema.
Featuring a durable stainless steel base and a comfortable ergonomic wooden handle, the tamper provides excellent grip and control during use. The 54mm diameter makes it ideal for compatible espresso machine portafilters, ensuring a precise and even tamp every time.
Perfect for coffee shops, cafés, restaurants, and home baristas who want to improve the quality and consistency of their espresso preparation.",instock,88 (H)x54 (W)mm,,,,,0.089,16x8.5x3.2,,Barista Tools
BM026,Coffee Tamper with Wooden Handle – 58mm,Beaumont,Barista Tools,,https://beaumonttm.co.uk/product/coffee-tamper-with-wooden-handle-58mm/,https://beaumonttm.co.uk/wp-content/uploads/BM026.jpg,"Create consistently level espresso shots with this 58mm Coffee Tamper with Wooden Handle. Designed to evenly compress coffee grounds, this essential barista tool helps achieve optimal extraction for a richer flavour and balanced crema.
Featuring a durable stainless steel base and a comfortable ergonomic wooden handle, the tamper provides excellent grip and control during use. The 58mm diameter makes it ideal for compatible espresso machine portafilters, ensuring a precise and even tamp every time.
Perfect for coffee shops, cafés, restaurants, and home baristas who want to improve the quality and consistency of their espresso preparation.",instock,88 (H)x58 (W)mm,,,,,0.34,8.8x5.8x5.8,,Barista Tools
BM027,Stainless Steel Mini Whisk – 180mm (2 Pack),Beaumont,Barista Tools,,https://beaumonttm.co.uk/product/stainless-steel-mini-whisk-180mm-2-pack/,https://beaumonttm.co.uk/wp-content/uploads/BM027.jpg,"Create perfectly blended drinks and ingredients with this Stainless Steel Mini Whisk Set. Ideal for mixing coffee, hot chocolate, cocktails, sauces and other small-batch preparations, these compact whisks provide excellent control where a full-sized whisk would be impractical.
Manufactured from durable stainless steel, each whisk is resistant to corrosion and designed for everyday use in commercial and domestic kitchens. The slim 180mm length makes them easy to handle, store, and clean, while the sturdy wire construction ensures efficient mixing and aeration.
Supplied as a convenient pack of two, these mini whisks are a versatile addition to any kitchen, bar, café, or catering environment.",instock,Stainless Steel | 18cm Length,,,,,0.038,18.5x3x3,,Barista Tools
BM034,Barista Tamping Mat – 200x150x5mm,Beaumont,Barista Tools,,https://beaumonttm.co.uk/product/barista-tamping-mat-200x150x5mm/,https://beaumonttm.co.uk/wp-content/uploads/BM034.jpg,"Protect your countertops and create a stable workspace for espresso preparation with this Barista Tamping Mat. Designed to provide a non-slip surface during tamping, the mat helps prevent movement while protecting worktops from scratches, dents, and everyday wear.
Made from durable, easy-to-clean material, this tamping mat is ideal for busy cafés, coffee shops, restaurants, and home coffee stations. Its compact design provides ample space for portafilters and tampers while fitting neatly into smaller work areas.
A simple yet essential barista accessory, the mat helps improve consistency during coffee preparation whilst keeping work surfaces protected and professional in appearance.",instock,200 x 150 x 5mm,,,,,0.1,15x20x0.5,,Barista Tools
BM033,Barista Tamping Mat with Edge – 200x150x20mm,Beaumont,Barista Tools,,https://beaumonttm.co.uk/product/barista-tamping-mat-with-edge-200x150x20mm/,https://beaumonttm.co.uk/wp-content/uploads/BM033.jpg,"Protect work surfaces and improve tamping stability with this Barista Tamping Mat with Edge. Designed to provide a secure, non-slip surface for espresso preparation, the mat helps protect countertops from scratches, dents, and wear caused by daily tamping.
Featuring an integrated edge that sits securely over the counter, the mat offers additional stability during use, allowing baristas to achieve consistent tamping pressure for improved espresso extraction. Manufactured from durable, food-safe material, it is built to withstand the demands of busy coffee shops, cafés, restaurants, and home coffee stations.
Its compact size makes it ideal for smaller workspaces while still providing ample room for portafilter support during espresso preparation.",instock,200 x 150 x 20mm,,,,,0.22,15x20x2,,Barista Tools
BM032,Stainless Steel Barista Coffee Bean Stencil (Pack 2),Beaumont,Barista Tools,,https://beaumonttm.co.uk/product/stainless-steel-barista-coffee-bean-stencil-pack-2/,https://beaumonttm.co.uk/wp-content/uploads/BM032.jpg,"Add a professional finishing touch to cappuccinos, lattes, hot chocolates, and speciality coffees with this Stainless Steel Barista Coffee Bean Stencil Set. Designed to create decorative coffee bean patterns, these stencils make it easy to enhance drink presentation using cocoa powder, cinnamon, chocolate powder, or other toppings.
Manufactured from durable stainless steel, the stencils are reusable, easy to clean, and built to withstand regular use in busy cafés, coffee shops, restaurants, and home coffee stations. Their compact design allows for precise positioning over cups and mugs, helping create consistent, attractive finishes every time.
Supplied as a pack of two, these coffee bean stencils are an ideal accessory for baristas looking to elevate the visual appeal of their hot beverage offerings.",instock,Stainless Steel | Pack of 2 Stencils,,,,,0.09,8.5x11.1x8.5,,Barista Tools
BM031,Barista Knock Box,Beaumont,Barista Tools,,https://beaumonttm.co.uk/product/barista-knock-box/,https://beaumonttm.co.uk/wp-content/uploads/BM031.jpg,"Keep your coffee station clean and efficient with this Barista Knock Box. Designed for the quick and easy disposal of used coffee grounds, it allows baristas to knock out spent espresso pucks without interrupting workflow, helping maintain a tidy and organised preparation area.
Constructed for durability and everyday use, the knock box features a sturdy knock bar that absorbs impact while protecting portafilters from unnecessary wear. Its compact design fits neatly on countertops, making it ideal for cafés, coffee shops, restaurants, and home barista setups.
Perfect for high-volume coffee preparation, the knock box provides a convenient and hygienic solution for collecting used coffee grounds ready for disposal or recycling.",instock,Stainless Steel,,,,,0.8,1x15.8x14,,Barista Tools
BM030,Graduated Stainless Steel Milk Frothing Jug – 1000ml,Beaumont,Barista Tools,,https://beaumonttm.co.uk/product/graduated-stainless-steel-milk-frothing-jug-1000ml/,https://beaumonttm.co.uk/wp-content/uploads/BM030.jpg,"Produce consistently smooth, velvety milk foam with these Graduated Stainless Steel Milk Frothing Jugs. Perfect for preparing lattes, cappuccinos, flat whites, and other speciality coffee beverages, each jug features internal measurement markings to help baristas accurately portion milk and reduce waste.
Constructed from durable stainless steel, these jugs are designed for everyday use in busy cafés, coffee shops, and home brewing environments. The precision pouring spout allows for controlled pouring and latte art creation, while the ergonomic handle provides a comfortable and secure grip during use.
Available in a choice of capacities, these graduated milk frothing jugs combine accuracy, durability, and performance for professional coffee preparation.",instock,Stainless Steel |1000ml,,,,,0.259,13x10.7x14.2,,Barista Tools
BM029,Graduated Stainless Steel Milk Frothing Jug – 600ml,Beaumont,Barista Tools,,https://beaumonttm.co.uk/product/graduated-stainless-steel-milk-frothing-jug-600ml/,https://beaumonttm.co.uk/wp-content/uploads/BM029.jpg,"Produce consistently smooth, velvety milk foam with these Graduated Stainless Steel Milk Frothing Jugs. Perfect for preparing lattes, cappuccinos, flat whites, and other speciality coffee beverages, each jug features internal measurement markings to help baristas accurately portion milk and reduce waste.
Constructed from durable stainless steel, these jugs are designed for everyday use in busy cafés, coffee shops, and home brewing environments. The precision pouring spout allows for controlled pouring and latte art creation, while the ergonomic handle provides a comfortable and secure grip during use.
Available in a choice of capacities, these graduated milk frothing jugs combine accuracy, durability, and performance for professional coffee preparation.",instock,Stainless Steel | 600ml,,,,,0.196,11x9.2x12.7,,Barista Tools
BM028,Graduated Stainless Steel Milk Frothing Jug – 350ml,Beaumont,Barista Tools,,https://beaumonttm.co.uk/product/graduated-stainless-steel-milk-frothing-jug-350ml/,https://beaumonttm.co.uk/wp-content/uploads/BM028.jpg,"Produce consistently smooth, velvety milk foam with these Graduated Stainless Steel Milk Frothing Jugs. Perfect for preparing lattes, cappuccinos, flat whites, and other speciality coffee beverages, each jug features internal measurement markings to help baristas accurately portion milk and reduce waste.
Constructed from durable stainless steel, these jugs are designed for everyday use in busy cafés, coffee shops, and home brewing environments. The precision pouring spout allows for controlled pouring and latte art creation, while the ergonomic handle provides a comfortable and secure grip during use.
Available in a choice of capacities, these graduated milk frothing jugs combine accuracy, durability, and performance for professional coffee preparation.",instock,Stainless Steel |350ml,,,,,0.133,8.8x8x11.3,,Barista Tools
3623,58mm Hardwood Spile (Pack of 50),Beaumont,Spiles,,https://beaumonttm.co.uk/product/58mm-hardwood-spile-pack-of-50/,https://beaumonttm.co.uk/wp-content/uploads/3623-58mm-Hardwood-Spile-PK50.jpg,"Elevate your cellar management with 58mm Hardwood Spiles, the essential tool for maintaining perfectly conditioned cask‑ale. Crafted from durable, high‑quality hardwood, these spiles provide reliable pressure control, ensuring your beer retains its intended freshness, flavour, and carbonation.
Our 58mm hardwood spiles are expertly designed to regulate cask venting by maintaining optimal internal pressure. This controlled airflow prevents excess gas loss while preserving the natural character of your ale. Whether you’re running a busy bar, brewery, taproom, or home‑brewing setup, these spiles offer a trusted, traditional, and easy‑to‑use solution for real‑ale conditioning. Their durable construction ensures long‑lasting performance even in demanding cellar environments.
Key Features
Optimized Ventilation & Pressure Control
Designed for effective cask venting, releasing excess gas while maintaining carbonation and flavour.
Durable Hardwood Construction
Made from robust hardwood to provide a strong, airtight seal that prevents unwanted airflow and keeps ale fresher for longer.
Essential for Cask Ale Conditioning
Inserted after fermentation to complete conditioning and remove excess pressure before serving. Ideal for traditional ale service.
Hard Breather Peg Functionality
Allows controlled air intake during dispensing to maintain proper balance of flavour and carbonation.
Pack of 50 for Efficient Cellar Management
Perfect for bars, breweries, and operations managing multiple casks daily.
Ideal For
Pubs & Bars
Breweries & Taprooms
Cellar Operations
Homebrewing Enthusiasts
From conditioning to pouring, these 58mm hardwood spiles help ensure every pint is served at its best—fresh, flavourful, and true to the brewer’s craft.
Minimum order quantity: 1 Pack
Pack quantity: 50 spiles
Carton quantity: 100 Packs",instock,,,,,,0.006,1.6x0.9x2.8,,Cellar Equipment > Spiles
3622,38mm Cane Porous Spile (Pack of 50),Beaumont,Spiles,,https://beaumonttm.co.uk/product/38mm-cane-porous-spile-pack-of-50/,https://beaumonttm.co.uk/wp-content/uploads/3622-38mm-Cane-Porous-Spile-PK50.jpg,"Minimum order quantity: 1 Pack
Pack quantity: 50 spiles
Carton quantity: 200 Packs",instock,,,,,,0.002,1.4x0.8x3.9,,Cellar Equipment > Spiles
3904,Universal Glassware Storage Box Lid (Pack of 5),Beaumont,Glassware Storage Box,14.39,https://beaumonttm.co.uk/product/universal-glassware-storage-box-lid-pack-of-5/,https://beaumonttm.co.uk/wp-content/uploads/3904-Glassware-Box-Lid-PK5.jpg,"Minimum order quantity: 1 Pack
Pack quantity: 5 lids",instock,,,,,,0.091,48.4x34.2x0.3,,"Bottle Skips, Storage & Bins > Glassware Storage Box"
3903,Flute Glass Storage Box (Pack of 5),Beaumont,Glassware Storage Box,78.99,https://beaumonttm.co.uk/product/flute-glass-storage-box-pack-of-5/,https://beaumonttm.co.uk/wp-content/uploads/3903-Glassware-Box-PK5-500x345x200mm-35.jpg,"Protect your delicate glassware with our champagne flute storage boxes, designed for maximum safety, convenience, and value. Whether you’re a caterer, event planner, bar owner, or home entertainer, these boxes offer the perfect solution for storing and transporting champagne flutes without risk of damage. Offering exceptional Protection at Unbeatable Value these storage boxes keep your glassware safe from chips, cracks, and scratches. Organised & Space-Saving with a stackable design helps you maximize storage space and reduce handling. Lightweight Yet Durable our boxes are easy to carry yet strong enough to withstand frequent use.
Key Features
Perfect Fit: Each box securely holds up to 35 standard champagne flutes, ensuring a snug fit.
High-Quality Material: Crafted from sturdy, reinforced material with protective dividers.
Space-Saving Design: Stackable and lightweight—ideal for storage rooms, catering vans, or event setups.
Easy Assembly: Quick to set up and folds flat when not in use.
Pack of 5: Excellent value for pubs, bars, restaurants, event spaces, equipment hire companies, caterers, and party planners.
Benefits
Reduce Breakages: Minimize glass handling and protect your investment.
Perfect for Transport: Move glassware safely between venues.
Ideal for Seasonal Storage: Keep your flutes dust-free and ready for the next celebration.
Pack quantity: 5 boxes
Lids sold separately (Product Code 3904)",instock,Holds 35 x Champagne flutes; Internal compartment size 66mm x 66mm,,,,,0.624,50x34.5x20,,"Bottle Skips, Storage & Bins > Glassware Storage Box"
3902,Wine Glass Storage Box (Pack of 5),Beaumont,Glassware Storage Box,78.99,https://beaumonttm.co.uk/product/wine-glass-storage-box-pack-of-5/,https://beaumonttm.co.uk/wp-content/uploads/3902-Glassware-Box-PK5-500x345x200mm-24.jpg,"Holds 24 x 12oz Nonic or 12oz Slim Jim or Wine Glass
Internal compartment size 79mm x 83mm
Pack quantity: 5 boxes
Lids sold separately (Product Code 3904)",instock,"Premium Protection for Your Wine Glasses; Our wine glass storage boxes offer unbeatable value and exceptional protection. Designed for caterers, event planners, bars, and home entertainers, these boxes keep your glassware safe, organized, and ready for any occasion.; Perfect Fit: Holds up to 24 standard wine glasses securely.; High-Quality Material: Reinforced dividers for maximum protection.; Space-Saving Design: Stackable and lightweight for easy storage.; Easy Assembly: Quick setup and folds flat when not in use.; Pack of 5: Ideal for restaurants, pubs, event spaces, catering companies, and party planners.; Benefits; Reduce breakages and handling risks.; Perfect for transport between venues.; Keep glassware dust-free during seasonal storage.",,,,,0.624,50x34.5x20,https://beaumonttm.co.uk/wp-content/uploads/3902-Glassware-Box-PK5-500x345x200mm-24-LID-SOLD-SEPARATELY.jpg | https://beaumonttm.co.uk/wp-content/uploads/Glassware-Storage-Boxes-Stacked-with-no-lids.jpg | https://beaumonttm.co.uk/wp-content/uploads/Glassware-Boxes-stacked-LID-SOLD-SEPARATELY.jpg | https://beaumonttm.co.uk/wp-content/uploads/Glassware-Boxes-stacked-LID-SOLD-SEPARATELY-1-1.jpg,"Bottle Skips, Storage & Bins > Glassware Storage Box"
3901,Pint Glass Storage Box (Pack of 5),Beaumont,Glassware Storage Box,78.99,https://beaumonttm.co.uk/product/pint-glass-storage-box-pack-of-5/,https://beaumonttm.co.uk/wp-content/uploads/3901-Glassware-Box-PK5-500x345x200mm-15.jpg,"Minimum order quantity: 1 Pack
Pack quantity: 5 boxes
Lids sold separately (Product Code 3904)",instock,Holds 15 x 1 pint glass; Internal compartment size 96mm x 111mm,,,,,0.624,50x34.5x20,https://beaumonttm.co.uk/wp-content/uploads/3901-Glassware-Box-PK5-500x345x200mm-15-LID-SOLD-SEPARATELY.jpg | https://beaumonttm.co.uk/wp-content/uploads/Glassware-Storage-Boxes-Stacked-with-no-lids.jpg | https://beaumonttm.co.uk/wp-content/uploads/Glassware-Boxes-stacked-LID-SOLD-SEPARATELY-.jpg | https://beaumonttm.co.uk/wp-content/uploads/Glassware-Boxes-stacked-LID-SOLD-SEPARATELY.jpg,"Bottle Skips, Storage & Bins > Glassware Storage Box"
3900,Hi Ball Glass Storage Box (Pack of 5),Beaumont,Glassware Storage Box,78.99,https://beaumonttm.co.uk/product/hi-ball-glass-storage-box-pack-of-5/,https://beaumonttm.co.uk/wp-content/uploads/3900-Glassware-Box-PK5-500x345x165mm-24.jpg,"Minimum order quantity: 1 Pack
Pack quantity: 5 boxes
Lids sold separately (Product Code 3904)",instock,Holds 24 x 10oz High Ball or 10oz Nonic; Internal compartment size 79mm x 83mm,,,,,0.624,50x34.5x16.5,https://beaumonttm.co.uk/wp-content/uploads/3900-Glassware-Box-PK5-500x345x165mm-24-LID-SOLD-SEPARATELY.jpg | https://beaumonttm.co.uk/wp-content/uploads/Glassware-Storage-Boxes-Stacked-with-no-lids.jpg | https://beaumonttm.co.uk/wp-content/uploads/Glassware-Boxes-stacked-LID-SOLD-SEPARATELY-.jpg,"Bottle Skips, Storage & Bins > Glassware Storage Box"
3515PTD,Tom Dyer TD105-30 Chrome Pourer (Pack of 12),Beaumont,Freeflow,12.39,https://beaumonttm.co.uk/product/td105-30-chrome-freeflow-pourer/,https://beaumonttm.co.uk/wp-content/uploads/3515PTD-Tom-Dyer-Pourer-TD105-30-Pk12-LOGO.jpg,"Want to make it easier for your staff to dispense spirits? Then the TD105-30 spirit pourers from Tom Dyer are perfect for you. Designed with a narrow spout, these pourers are able to dispense spirits in an accurate and controlled way – allowing your staff to pour drinks without spills or over-filling. This spirit pourer boasts a flexible and firm rubber cork for stability and ease of use and rust-resistant chrome plating. This results in minimal leakage and enables maximum usage. Plus, the spout features a small breather hole that no only helps to aerate spirits as they’re poured, but prevents liquid from glugging when being poured. It’s the most consistent, accurate, and durable pour spout on the market.
And thanks to their multi-sized secure bung, the pourers fit in a wide range of bottles, too or use our Pourer Adaptor Sleeve to make it compatible with wide neck bottles.",instock,"The most consistent, accurate and durable pour spout on the market; Used in the most famous bars in the world; Sold in over 32 countries; Used in 100s of bar schools; Alternative Code: CK509; Designed, tested and endorsed by Tom Dyer, the legendary Flair bartender; Tom Dyer has been involved in almost every major flair competition in the world for the past 15 years as well as being renowned for his professional bartending skills; having learned early on in his career that it is important to bartend first and flair second. Tom has trained bartenders all over the world, collaborated with major drinks brands including Diageo and Red Bull, opened bars, performed on TV and created several cocktails along the way!",Silver,Chrome | Metal,Tom Dyer,Freeflow,0.014,11.4,https://beaumonttm.co.uk/wp-content/uploads/BAR07_jewel-Piccadilly_04-nick-scaled.jpg | https://beaumonttm.co.uk/wp-content/uploads/BAR08_-scaled.jpg | https://beaumonttm.co.uk/wp-content/uploads/BAR-36_01.jpg | https://beaumonttm.co.uk/wp-content/uploads/BAR-35_02.jpg | https://beaumonttm.co.uk/wp-content/uploads/BAR-28_02.jpg | https://beaumonttm.co.uk/wp-content/uploads/BAR-26_01.jpg | https://beaumonttm.co.uk/wp-content/uploads/BAR-21_04.jpg | https://beaumonttm.co.uk/wp-content/uploads/BAR-19_02.jpg | https://beaumonttm.co.uk/wp-content/uploads/BAR-14_02.jpg | https://beaumonttm.co.uk/wp-content/uploads/BAR-20_02.jpg | https://beaumonttm.co.uk/wp-content/uploads/BAR11_Traders-Vic_04-scaled.jpg | https://beaumonttm.co.uk/wp-content/uploads/BAR-02_04.jpg | https://beaumonttm.co.uk/wp-content/uploads/BAR-11_02.jpg | https://beaumonttm.co.uk/wp-content/uploads/BAR-08_06.jpg,Pouring > Freeflow
3039P,Freeflow Pourer Copper Plated (Pack of 12),Beaumont,Freeflow,20.59,https://beaumonttm.co.uk/product/copper-medium-flow-pourer/,https://beaumonttm.co.uk/wp-content/uploads/3039P-Copper-Plated-St-Steel-Freeflow-Pourer-PK12-FRONT.jpg,"Enhance your bartending skills with Beaumont’s copper plated Freeflow Pourers. This set of 12 pourers is designed for a smooth, consistent pour, ensuring your cocktails and drinks are made with precision and flair.
Utilising Freeflow Technology, these pourers provide a steady, controlled flow, reducing waste and guaranteeing accurate measurements every time. Simply insert the pourer into your bottle for an instant upgrade. The snug fit keeps it securely in place during use.
Constructed from high-quality stainless steel, these pourers are durable, corrosion-resistant and built to last. The copper finish adds a touch of sophistication and modernity to any bar setup, making it a functional tool and a stylish accessory.
Perfect for a variety of spirits, these Beaumont Freeflow pourers are a versatile addition to both professional and home bars.
Dimensions: 112(H) x 29(W) x 29(D)mm
Material: Stainless Steel
Weight: 163g
Colour: Copper
Copper plated for a stylish look
Stainless steel construction ensures excellent durability
Designed to fit standard-size bottles",instock,Pack of 12 Pourers | High quality medium flow copper pourer,Copper,Copper Plated | Metal,,Freeflow,0.013,11.6,https://beaumonttm.co.uk/wp-content/uploads/3039P-Copper-Plated-St-Steel-Freeflow-Pourer-PK12-.jpg | https://beaumonttm.co.uk/wp-content/uploads/Group-of-Copper-Products-small.jpg,Pouring > Freeflow
3037P,Freeflow Pourer Matte Black (Pack 12),Beaumont,Freeflow,,https://beaumonttm.co.uk/product/matte-black-s-st-freeflow-pourer-pk12/,https://beaumonttm.co.uk/wp-content/uploads/3037P.webp,"Enhance your bartending skills with Beaumont’s Matte Black Freeflow Pourer. This set of 12 pourers is designed for a smooth, consistent pour, ensuring your cocktails and drinks are made with precision and flair.
Utilising Freeflow Technology, these pourers provide a steady, controlled flow, reducing waste and guaranteeing accurate measurements every time. Simply insert the pourer into your bottle for an instant upgrade. The snug fit keeps it securely in place during use.
Constructed from high-quality stainless steel, these pourers are durable, corrosion-resistant and built to last. The matte black finish adds a touch of sophistication and modernity to any bar setup, making it a functional tool and a stylish accessory.
Perfect for a variety of spirits, these Beaumont Freeflow pourers are a versatile addition to both professional and home bars.
Product features
Dimensions: 115(H) x 30(W)mm
Material: Stainless Steel
Weight: 159g
Colour: Matte Black
Pack of 12 matte black pourers, with tapered cork to fit many types of bottle
Stainless steel construction makes these pourers highly durable and resistant to corrosion
Freeflow Technology delivers a steady, controlled pour every time
Simply insert the pourer into your bottle for an instant upgrade
Ideal for a variety of liquids including spirits, syrups and oils
Perfect for the professional bartender or an enthusiastic home mixologist
Matte black finish adds a touch of sophistication and modernity to any bar setup",instock,Pack of 12 Pourers | Sleek Matte Black Finish,,,,,,,https://beaumonttm.co.uk/wp-content/uploads/3037P-2.webp | https://beaumonttm.co.uk/wp-content/uploads/30379-3.webp | https://beaumonttm.co.uk/wp-content/uploads/3037P-4.webp,Pouring > Freeflow
3038P,Freeflow Pourer Gold Plated (Pack of 12),Beaumont,Freeflow,17.49,https://beaumonttm.co.uk/product/gold-plated-s-st-freeflow-pourer-pk12/,https://beaumonttm.co.uk/wp-content/uploads/3038P-Gold-Plated-SSt-Freeflow-Pourer-PK12.jpg,"Enhance your bartending skills with Beaumont’s gold plated Freeflow Pourers. This set of 12 pourers is designed for a smooth, consistent pour, ensuring your cocktails and drinks are made with precision and flair.
Utilising Freeflow Technology, these pourers provide a steady, controlled flow, reducing waste and guaranteeing accurate measurements every time. Simply insert the pourer into your bottle for an instant upgrade. The snug fit keeps it securely in place during use.
Constructed from high-quality stainless steel, these pourers are durable, corrosion-resistant and built to last. The gold plated finish adds a touch of sophistication and modernity to any bar setup, making it a functional tool and a stylish accessory.
Perfect for a variety of spirits, these Beaumont Freeflow pourers are a versatile addition to both professional and home bars.
Dimensions: 112(H) x 29(W)mm
Material: Stainless Steel
Weight: 163g
Colour: Gold
Stainless steel body ensures durability and long-lasting use
On-trend gold finish
Fits standard bottles from 75cl to 150cl",instock,,,,,,,,,Pouring > Freeflow
3041P,Stainless Steel Freeflow Pourer (Pack of 10),Beaumont,Freeflow,10.29,https://beaumonttm.co.uk/product/freeflow-pourer-stainless-steel/,https://beaumonttm.co.uk/wp-content/uploads/3041P-Stainless-Steel-Pourer-PK10-Front-veiw.jpg,"This free flow pourer from Beaumont allows for precise flow control of the drink that is being poured. Crafted from high-quality stainless steel, it guarantees exceptional durability and high standards of hygiene. Designed to fit standard-size bottles, it ensures a secure and leak-free fit, making it an essential tool for any bartender looking to combine functionality with style.
Dimensions: 114(H) x 30(W) x 30(D)mm
Material: Stainless Steel
Weight: 135g
Allows precise flow control
Stainless steel construction ensures excellent durability
Designed to fit standard-size bottles",instock,High quality medium flow pourer,Silver,Metal | Stainless Steel,,Freeflow - Medium,0.012,11.5,https://beaumonttm.co.uk/wp-content/uploads/3041P-Stainless-Steel-Pourer-PK10.jpg | https://beaumonttm.co.uk/wp-content/uploads/BAR-20_02-1.jpg,Pouring > Freeflow
3040P,Stainless Steel Fastflow Pourer (Pack of 12),Beaumont,Freeflow,12.39,https://beaumonttm.co.uk/product/fastflow-pourer-stainless-steel/,https://beaumonttm.co.uk/wp-content/uploads/3040P-Stainless-Steel-FASTFLOW-Pourer-PK12-front-view.jpg,"Sometimes you don’t want to wait those extra seconds when you have to make hundreds of drinks every day. An extra wide pourer allows you to pour drinks quickly without the unpredictable glugs you can get when pouring without a pourer fitted. This pourer is best suited to dispensing cordial or any other liquid that doesn’t need to be poured into a measure.
Dimensions: 190(W) x 30(D)mm
Material: Stainless Steel
Weight: 150g
Colour: Silver
Fast pour
Consistent pour
Fits a wide variety of bottles
Suitable for pouring olive oil
Non-drip",instock,Pack of 12 | High quality fast flow pourer,Silver,Metal | Stainless Steel,,Freeflow - Fast,0.012,11.5,https://beaumonttm.co.uk/wp-content/uploads/3040P-Stainless-Steel-FASTFLOW-Pourer-PK12.jpg,Pouring > Freeflow
3516P,Freeflow Spirit Pourer Short (Pack of 10),Beaumont,Freeflow,9.49,https://beaumonttm.co.uk/product/short-plastic-chrome-freeflow-pourer/,https://beaumonttm.co.uk/wp-content/uploads/3516P-Short-Chrome-Plastic-Freeflow-pourer-PK10.jpg,"Pouring and mixing complicated drinks can be tricky, but with the Beaumont Econoflow Spirit Pourer, it couldn’t be easier. Made from highly durable and easy-to-clean plastic with a stylish chrome finish, this pourer is sure to last. The simple design fits perfectly into the desired bottle and allows for a medium pouring speed. The secure fitting lets you safely pour drinks without the worry of spillage, by locking into the mouth of the bottle. This item arrives in a pack of 10, meaning they can be used for multiple drinks at the same time. Ideal for use with liquor or juices.",instock,,Silver,Plastic,,Freeflow,,,,Pouring > Freeflow
3090,Vogue Spirit Measure 25ml GS Black,Beaumont,Spirit Measures,9.29,https://beaumonttm.co.uk/product/25ml-vogue-gs-black/,https://beaumonttm.co.uk/wp-content/uploads/3090-25ml-Vogue-Measure-Black.jpg,"The most eye-catching Bar optic in the Beaumont range, the Vogue is aptly named. Featuring the renowned non-drip mechanism and a large viewing window, and a smooth dispensing action. Government stamped to 25 ml. We test every measure before it leaves the factory, ensuring that each one meets the highest possible standard.
VOGUE BAR OPTICS
Bold. Stylish. Premium.
Stand out with the Vogue, our most striking and durable spirit measure. Best for Design-focused Bars.
One handed short lever operation
Sleek, eye catching design for premium venues
Premium materials for durability
Food-grade lubrication ensures smooth pouring
Available in 25-50ml (inc Verified in Eire) plus 2-5cl for our international customers and an alternative Silver colourway.
One year guarantee",instock,,,,,,,,,Spirit Measures
3091,Vogue Spirit Measure 35ml GS Black,Beaumont,Spirit Measures,9.29,https://beaumonttm.co.uk/product/35ml-vogue-gs-black/,https://beaumonttm.co.uk/wp-content/uploads/3091-35ml-Vogue-Measure-Black.jpg,"The most eye-catching spirit measure (bar optic) in the Beaumont range, the Vogue is aptly named. Featuring the renowned non-drip mechanism and a large viewing window, and a smooth dispensing action. Government stamped to 35 ml.
VOGUE BAR OPTICS
Bold. Stylish. Premium.
Stand out with the Vogue, our most striking and durable spirit measure. Best for Design-focused Bars.
One handed short lever operation
Sleek, eye catching design for premium venues
Premium materials for durability
Food-grade lubrication ensures smooth pouring
Available in 25-50ml (inc Verified in Eire) plus 2-5cl for our international customers and an alternative Silver colourway.
One year guarantee",instock,35ml Bar Optic | Short Lever Operation,,,,,,,,Spirit Measures
3092,Vogue Spirit Measure 50ml GS Black,Beaumont,Spirit Measures,9.29,https://beaumonttm.co.uk/product/50ml-vogue-gs-black/,https://beaumonttm.co.uk/wp-content/uploads/3092-50ml-Vogue-Measure-Black.jpg,"The most eye-catching spirit measure (bar optic) in the Beaumont range, the Vogue is aptly named. Featuring the renowned non-drip mechanism and a large viewing window, and a smooth dispensing action. Government stamped to 50 ml.
VOGUE BAR OPTICS
Bold. Stylish. Premium.
Stand out with the Vogue, our most striking and durable spirit measure. Best for Design-focused Bars.
One handed short lever operation
Sleek, eye catching design for premium venues
Premium materials for durability
Food-grade lubrication ensures smooth pouring
Available in 25-50ml (inc Verified in Eire) plus 2-5cl for our international customers and an alternative Silver colourway.
One year guarantee",instock,50ml Bar Optic | Short Lever Operation,,,,,,,,Spirit Measures
3093,Vogue Spirit Measure 35.5ml GS Black,Beaumont,Spirit Measures,,https://beaumonttm.co.uk/product/35-5ml-vogue-gs-black/,https://beaumonttm.co.uk/wp-content/uploads/3093-and-3093V-35.5ml-Vogue-Measure-Black.jpg,"The most eye-catching spirit measure (bar optic) in the Beaumont range, the Vogue is aptly named. Featuring the renowned non-drip mechanism and a large viewing window, and a smooth dispensing action. Government stamped to 35.5 ml.
VOGUE BAR OPTICS
Bold. Stylish. Premium.
Stand out with the Vogue, our most striking and durable spirit measure. Best for Design-focused Bars.
One handed short lever operation
Sleek, eye catching design for premium venues
Premium materials for durability
Food-grade lubrication ensures smooth pouring
Available in 25-50ml (inc Verified in Eire) plus 2-5cl for our international customers and an alternative Silver colourway.
One year guarantee",instock,35.5ml Bar Optic | Short Lever Operation,,,,,,,,Spirit Measures
3093V,Vogue Spirit Measure 35.5ml Eire Verified Black,Beaumont,Spirit Measures,,https://beaumonttm.co.uk/product/35-5ml-vogue-measure-verified-for-use-in-eire-black/,https://beaumonttm.co.uk/wp-content/uploads/3093-and-3093V-35.5ml-Vogue-Measure-Black.jpg,"The most eye-catching spirit measure (bar optic) in the Beaumont range, the Vogue is aptly named. Featuring the renowned non-drip mechanism and a large viewing window, and a smooth dispensing action. 35.5ml Verified for use in Eire.
VOGUE BAR OPTICS
Bold. Stylish. Premium.
Stand out with the Vogue, our most striking and durable spirit measure. Best for Design-focused Bars.
One handed short lever operation
Sleek, eye catching design for premium venues
Premium materials for durability
Food-grade lubrication ensures smooth pouring
Available in 25-50ml (inc Verified in Eire) plus 2-5cl for our international customers and an alternative Silver colourway.
One year guarantee",instock,35.5ml Bar Optic | Verified For Use In Ireland,,,,,,,,Spirit Measures
3063,Pourer Adaptor Sleeve (Pack of 12),Beaumont,Pourers,,https://beaumonttm.co.uk/product/pourer-adaptor-sleeve-pack-of-12/,https://beaumonttm.co.uk/wp-content/uploads/3063-Pourer-Adaptor-Sleeve-PK-12.jpg,"Upgrade your bar setup with our Spirit Pourer Adaptor Sleeves, designed to ensure a secure, leak-free fit between your large mouth liquor bottles and standard pourers. Fits Extra Large Bottles up to 1 Inch or 25 mm bottle mouth. Whether you’re running a busy bar or stocking a home collection, these flexible rubber sleeves create a tight seal that prevents wobbling, leakage, or mess and enures a smooth accurate pour. Compatible with metal and plastic pourers, these adapters are essential for consistent, professional-quality bartending. Simply slide the sleeve into the bottle neck and insert your pourer – it’s that easy.
Product features
Material: Rubber
Adapt any standard sized spirit pourer into a wide neck spirit pourer.
Suitable for large bottles with a neck size of 1 inch/25mm
Will not leak, durable, and easy to clean.
Ideal for busy bars and home bar use",instock,,,,,,,,https://beaumonttm.co.uk/wp-content/uploads/Durable-Spirit-Pourer-Adapter-Sleeve.webp,Pourers
3504,Beer Bottle Bucket with Opener,Beaumont,"Coolers, Ice Buckets & Stands",,https://beaumonttm.co.uk/product/stainless-steel-6-bottle-bucket-with-opener-7-litre/,https://beaumonttm.co.uk/wp-content/uploads/3504-StSt-6-Bottle-Bucket-cw-Opener-–-7-Litre-1-scaled.jpg,"Introducing the 7-litre stainless steel beer bucket cooler, ideal for both home and bar use. Keep your bottles of beer or other beverages cold by filling the bucket with cold water or ice, accommodating up to six regular-sized beer bottles. Perfect for serving customers in a bar setting, allowing them to keep their beers cool at their table until ready to open. The attached bottle opener ensures easy access to chilled beverages. Excellent for parties and hospitality events, enabling guests to help themselves to a chilled bottle. When the bottle opener is not needed, the bucket can function as a regular ice bucket for wine bottles or canned drinks. This beer bucket also serves as an effective point-of-sale display to promote bottled drinks at the bar.",instock,,,,,,,,https://beaumonttm.co.uk/wp-content/uploads/3504-StSt-6-Bottle-Bucket-cw-Opener-–-7-Litre-2-scaled.jpg,"Beer & Wine Accessories > Coolers, Ice Buckets & Stands"
3984,Drink Lock Anti Spiking Drink Cover (Pack of 250),Beaumont,Latest Products – Needs review,34.99,https://beaumonttm.co.uk/product/drink-lock-anti-spiking-drink-cover-pack-of-250/,https://beaumonttm.co.uk/wp-content/uploads/3984-Drink-Lock-1.jpg,"Our Anti-Spiking Drink Covers are a simple, effective way to prevent drink spiking in bars, clubs, festivals, and events. Designed for single use, each cover fits securely over most cups and glasses, creating a barrier that helps deter tampering and contamination.
Universal Fit Covers any glass up to 100mm diameter
Pre-Cut Straw Slot Drink safely without removing the cover
Easy On, Easy Off No mess, no sticky residue
Perfect for Bars, Clubs & Festivals Box of 250 covers, ideal for resale
100% Recyclable Foil-free & eco-friendly
Why Use an Anti-Spiking Drink Cover?
Added Peace of Mind: customers can enjoy their night out without worry
Discreet & Effective: A simple way to deter drink tampering
The Facts
In 2023 2.2% of UK adult reported having their drinks spiked in the 12 months leading up to the survey, which equates to around 1.2m UK adults. Prevalence is high, with 11% of UK adults report being spiked at any point in their lives. 9% of males report thinking they have ever been a victim of drink spiking and 13% of females. In 2023, more incidents of drink spiking occurred in bars (41%) and clubs (28%) than anywhere else.
Source: Drinkaware",instock,"100% Recyclable | Single-Use | Easy on, Easy Off",,,,,,,https://beaumonttm.co.uk/wp-content/uploads/3984-Drink-Lock-2.jpg | https://beaumonttm.co.uk/wp-content/uploads/3984-Drink-Lock-3.jpg | https://beaumonttm.co.uk/wp-content/uploads/3984-Drink-Lock-4.jpg,
3990,General Waste Bin Label,Beaumont,Latest Products – Labels & Signs,,https://beaumonttm.co.uk/product/general-waste-label/,https://beaumonttm.co.uk/wp-content/uploads/3990-General-Waste-Bin-Label.jpg,"Make waste sorting easier for you and your staff with this General Waste bin label. Featuring easy-to-read text and recognisable graphics, it helps facilitate proper waste separation while reinforcing positive recycling habits. The black colour makes it ideal for integration into an existing colour-coded cleaning system. Thanks to its adhesive backing, the label can be applied quickly and securely to any bin surface and is easily removable when you need to change configurations.",instock,,,,,,,,,
3991,Mixed Recycling Bin Label,Beaumont,"Bottle Skips, Storage & Bins – Labels & Signs",,https://beaumonttm.co.uk/product/mixed-recycling-label/,https://beaumonttm.co.uk/wp-content/uploads/3991-Mixed-Recycling-Label.jpg,"Make waste sorting easier for you and your staff with this Mixed Recycling bin label. Featuring easy-to-read text and recognisable graphics, it helps facilitate proper waste separation while reinforcing positive recycling habits. The green colour makes it ideal for integration into an existing colour-coded cleaning system. Thanks to its adhesive backing, the label can be applied quickly and securely to any bin surface and is easily removable when you need to change configurations.",instock,,,,,,,,https://beaumonttm.co.uk/wp-content/uploads/3991-bin-feature-grey-bgnd-scaled.jpg,"Bottle Skips, Storage & Bins"
3992,Food Waste Bin Label,Beaumont,"Bottle Skips, Storage & Bins – Labels & Signs",,https://beaumonttm.co.uk/product/food-waste-label/,https://beaumonttm.co.uk/wp-content/uploads/3992-Food-Waste-Bin-Label.jpg,"Make waste sorting easier for you and your staff with this Food Waste bin label. Featuring easy-to-read text and recognisable graphics, it helps facilitate proper waste separation while reinforcing positive recycling habits. The brown colour makes it ideal for integration into an existing colour-coded cleaning system. Thanks to its adhesive backing, the label can be applied quickly and securely to any bin surface and is easily removable when you need to change configurations.",instock,,,,,,,,,"Bottle Skips, Storage & Bins"
3993,Mixed Paper & Card Bin Label,Beaumont,"Bottle Skips, Storage & Bins – Labels & Signs",,https://beaumonttm.co.uk/product/mixed-paper-card-label/,https://beaumonttm.co.uk/wp-content/uploads/3993-Mixed-Paper-Card-Label.jpg,"Make waste sorting easier for you and your staff with this Mixed Paper & Card bin label. Featuring easy-to-read text and recognisable graphics, it helps facilitate proper waste separation while reinforcing positive recycling habits. The Blue colour makes it ideal for integration into an existing colour-coded cleaning system. Thanks to its adhesive backing, the label can be applied quickly and securely to any bin surface and is easily removable when you need to change configurations.",instock,,,,,,,,,"Bottle Skips, Storage & Bins"
3994,Burns Dressing 5cm x 5cm,Beaumont,First Aid,,https://beaumonttm.co.uk/product/burns-dressing-5cm-x-5cm/,https://beaumonttm.co.uk/wp-content/uploads/3994-Burns-Dressing-5cm-x-5cm.jpg,"Provide immediate relief and protection for burn injuries with our Burns Dressing. Designed for effective treatment, this dressing is an essential addition to any first aid kit. The 5cm x 5cm dressing is perfect for small to medium-sized burns, offering comprehensive coverage. Helps soothe and cool the burn area, reducing pain and discomfort. Individually packaged to maintain sterility and ensure safe application. Designed for quick and hassle-free use, allowing for immediate treatment. Provides a protective layer over the burn, preventing infection and promoting healing.",instock,,,,,,,,,First Aid
3995,Burns Dressing 20cm x 20cm,Beaumont,First Aid,,https://beaumonttm.co.uk/product/burns-dressing-20cm-x-20cm/,https://beaumonttm.co.uk/wp-content/uploads/3995-Burns-Dressing-20cm-x-20cm.jpg,"Provide immediate relief and protection for burn injuries with our Burns Dressing. Designed for effective treatment, this dressing is an essential addition to any first aid kit. The 20cm x 20cm dressing provides ample coverage for larger burns, ensuring thorough protection. Helps soothe and cool the burn area, reducing pain and discomfort. Individually packaged to maintain sterility and ensure safe application. Designed for quick and hassle-free use, allowing for immediate treatment. Provides a protective layer over the burn, preventing infection and promoting healing.",instock,,,,,,,,,First Aid
3996,Burns Dressing 30cm x 40cm,Beaumont,First Aid,,https://beaumonttm.co.uk/product/burns-dressing-30cm-x-40cm/,https://beaumonttm.co.uk/wp-content/uploads/3996-Burns-Dressing-30cm-x-40cm.jpg,"Provide immediate relief and protection for burn injuries with our Burns Dressing. Designed for effective treatment, this dressing is an essential addition to any first aid kit. The 30cm x 40cm dressing offers extensive coverage for extra large burns, ensuring thorough protection. Helps soothe and cool the burn area, reducing pain and discomfort. Individually packaged to maintain sterility and ensure safe application. Designed for quick and hassle-free use, allowing for immediate treatment. Provides a protective layer over the burn, preventing infection and promoting healing.",instock,,,,,,,,,First Aid
3997,Sterile Eye Wash 20ml Pods (Pack of 25),Beaumont,First Aid,,https://beaumonttm.co.uk/product/sterile-eye-wash-20ml-pods-pack-of-25/,https://beaumonttm.co.uk/wp-content/uploads/3997-Sterile-Eye-Wash-20ml-Pods-Pack-of-25.jpg,"Ensure immediate and effective eye care with our Sterile Eye Wash 20ml Pods. Ideal for all hospitality venues, workplaces, schools, and first aid kits, these pods provide a quick and convenient solution for eye irrigation. Each pod is individually sealed to maintain sterility and ensure safe use. The 20ml pods are perfect for single-use, providing just the right amount of solution for effective eye irrigation. Simply twist off the cap and apply directly to the affected eye for instant relief. Compact and lightweight, these pods are easy to carry and store, making them ideal for on-the-go use. Comes in a pack of 25, ensuring you have ample supply for emergencies.",instock,,,,,,,,,First Aid
3998,Eye Wash Pod Station inc 10 x 20ml Sterile Eye Wash Pods,Beaumont,First Aid,,https://beaumonttm.co.uk/product/eye-wash-pod-station-inc-10-x-20ml-sterile-eye-wash-pods/,https://beaumonttm.co.uk/wp-content/uploads/3998-Eye-Wash-Pod-Station-inc-10-x-20ml-Sterile-Eye-Wash-Pods.jpg,"Ensure quick and effective eye care in any emergency with our Eye Wash Pod Station. This comprehensive kit includes 10 x 20ml sterile eye wash pods, making it an essential addition to any hospitality venue, workplace, school. The wall-mounted station keeps eye wash pods organised and easily accessible in case of an emergency. Each pod is individually sealed to maintain sterility and ensure safe use. Simply twist off the cap and apply directly to the affected eye for instant relief. This station is designed to be compact yet highly practical, fitting seamlessly into any environment.
Highly visible for providing fast and effective treatment of contaminated eyes. Durable plastic construction with shatterproof mirror for self treatment. Wall mountable for easy access in emergencies.
Product features
Material: Plastic
Twist-off lids on the included eyewash pods are ideal for quick application
Mirror allows for visibility of any dirt or debris in the eye
Eyewash can also be used to wash wounds
20ml eyewashes are suitable for minor incidents, serious incidents require 500ml bottles of sterile saline solution",instock,Wall Mountable | includes 10 x 20ml Sterile Eye Wash Pods,,,,,,,,First Aid
3986,2 Pint Stackable Pitcher,Beaumont,"Latest Products – Jugs, Pitchers & Carafes",,https://beaumonttm.co.uk/product/2-pint-stackable-pitcher/,https://beaumonttm.co.uk/wp-content/uploads/3986_npi25-0.webp,"The perfect blend of elegance and practicality, our SAN 2 Pint Pitcher is designed to serve beer and other beverages in generous volumes. Enjoy the sophisticated look of glass without the fragility as our pitchers are made from SAN, meaning this pitcher is stain-resistant, break-resistant, and chip-resistant, ensuring long-lasting use. Perfect for serving large groups and stackable for ease of collection and storage, making it a practical addition to any bar or restaurant.
Product features
Material: SAN
Colour: Clear
Incredibly durable SAN
Dishwasher safe
Safer option to Glass without any compromise on style
Stackable for ease of collection & storage
Made in the UK
Ideal for busy bars and home bar use",instock,,,,,,,,,
3987,4 Pint SAN Beer Pitcher,Beaumont,Jugs & Carafes,,https://beaumonttm.co.uk/product/4-pint-stackable-pitcher/,https://beaumonttm.co.uk/wp-content/uploads/3986_npi25-0.webp,"Serve drinks with confidence and style using the Beaumont™ SAN 4 Pint Pitcher—the perfect solution for busy bars, restaurants, and home entertaining. Designed to combine the elegant look of glass with the durability of modern materials, this pitcher is ideal for serving beer, soft drinks, cocktails, and more in generous volumes.
Glass-Like Clarity Without the Fragility
Made from SAN (Styrene Acrylonitrile), this pitcher offers crystal-clear transparency that mimics glass, while delivering superior resistance to stains, chips, and breakage. It’s a safer, more practical alternative to traditional glassware—especially in high-traffic environments where durability matters.
Whether you’re hosting a large group or managing a busy venue, the 4-pint capacity ensures efficient service with fewer refills. Plus, its stackable design makes storage and collection easy, saving valuable space behind the bar or in your kitchen.
Product Features:
Material: SAN – stain-resistant, chip-resistant, and break-resistant
Colour: Clear – offers a clean, glass-like appearance
Capacity: 4 pints – ideal for serving beer to large groups
Dishwasher Safe: Easy to clean and maintain
Stackable: Designed for convenient storage and quick collection
Made in the UK: Proudly manufactured to high standards
Safe Alternative to Glass: No compromise on style or presentation
Perfect for: Bars, pubs, restaurants, events, and home bar setups
Why Choose the Beaumont™ SAN Pitcher?
This pitcher is built for performance and presentation. Its robust construction ensures long-lasting use, even in the busiest environments, while its sleek, professional look enhances the overall drink service experience. Whether you’re pouring pints at a pub or serving cocktails at a party, the Beaumont™ SAN 4 Pint Pitcher delivers both style and substance.",instock,,,,,,,,https://beaumonttm.co.uk/wp-content/uploads/3987-4-pint-pitcher-stacked.jpg | https://beaumonttm.co.uk/wp-content/uploads/3987-Beer.png | https://beaumonttm.co.uk/wp-content/uploads/3987-Cocktail.png,Jugs & Carafes
3988,A5 Wooden Menu Holder (Pack of 5),Beaumont,Menu Holders,,https://beaumonttm.co.uk/product/a5-wooden-menu-block-pack-of-5/,https://beaumonttm.co.uk/wp-content/uploads/3988-and-3989-Menu-Blocks.jpg,"Elevate your menu presentation with our A5 Wooden Menu Holder Block. Perfect for restaurants, cafes, bars, and other dining establishments, this holder combines functionality with a touch of rustic charm. Crafted in the UK from high-quality wood, ensuring durability and a natural, elegant look. Designed specifically to hold A5-sized menus securely and stylishly, the solid construction provides a stable base, preventing tipping and ensuring your menus stay in place. Suitable for a variety of settings, from casual cafes to upscale restaurants.
Product features
Dimensions: 40(H) x 148(W)mm
Material: Wood
For Menus and advertising materials up to 3mm thick
Easy to clean
Solid and sturdy design – designed to last
Simple and hardwearing tool for restaurants, pubs, cafes & bars
Made in the UK",instock,148mm Wide: A5 Portrait | UK Made,,,,,,,,Table Top > Menu Holders
3989,A4 Wooden Menu Block (Pack of 5),Beaumont,Menu Holders,,https://beaumonttm.co.uk/product/a4-wooden-menu-block-pack-of-5/,https://beaumonttm.co.uk/wp-content/uploads/3988-and-3989-Menu-Blocks.jpg,"Elevate your menu presentation with our A4 Wooden Menu Holder Block. Perfect for restaurants, cafes, bars, and other dining establishments, this holder combines functionality with a touch of rustic charm. Crafted in the UK from high-quality wood, ensuring durability and a natural, elegant look. Designed specifically to hold A4-sized menus securely and stylishly, the solid construction provides a stable base, preventing tipping and ensuring your menus stay in place. Suitable for a variety of settings, from casual cafes to upscale restaurants.",instock,,,,,,,,,Table Top > Menu Holders
3706P,Windproof Ashtray Stainless Steel 88mm (Pack of 24),Beaumont,Ashtrays & Ashbins,,https://beaumonttm.co.uk/product/windproof-ashtray-stainless-steel-88mm-pack-of-24/,https://beaumonttm.co.uk/wp-content/uploads/3706P-3.5inch-Stainless-Steel-Windproof-Ashtray-PK24-OPEN-1-scaled.jpg,"Keep your garden space clean with the help of this windproof ashtray from Beaumont. The offers protection from tray wind when in use, to ensure ash doesn’t spill out.
Made from stainless steel, the ashtray is durable and easy to clean, This makes it ideal for heavy use in pub gardens.",instock,,,,,,,,,Ashtrays & Ashbins
3707P,Windproof Melamine Ashtray Black 140mm (Pack of 6),Beaumont,Ashtrays & Ashbins,,https://beaumonttm.co.uk/product/windproof-melamine-ashtray-black-140mm-pack-of-6/,https://beaumonttm.co.uk/wp-content/uploads/3707P-5.75inch-Melamine-Windproof-Ashtray-PK6-2-scaled.jpg,"Maintain a tidy outdoor dining space with this windproof ashtray from Beaumont. Designed to provide excellent protection against windy conditions, the ashtray ensures that ash remains contained and doesn’t spill out during use. Crafted from durable melamine, it is shatterproof, making it ideal for high-traffic areas like pub gardens. Additionally, the ashtray is easy to empty, promoting hygiene and cleanliness. Its practical design combines functionality with a sleek appearance, making it a perfect addition to any outdoor setting.",instock,,,,,,,,,Ashtrays & Ashbins
3709P,Black Bakelite Crown Style Ashtray 101mm (Pack of 10),Beaumont,Ashtrays & Ashbins,8.29,https://beaumonttm.co.uk/product/black-bakelite-crown-style-ashtray-101mm-pack-of-10/,https://beaumonttm.co.uk/wp-content/uploads/3709-3709P-Crown-Style-4-Ashtray-scaled.jpg,"Keep your garden space clean with the help of this Bakelite crown style ashtray from Beaumont. The high-sided crown style offers protection from wind when in use, to ensure ash doesn’t spill out.
Made from melamine, the ashtray is shatterproof, this makes it ideal for heavy use in pub gardens.",instock,,,,,,,,,Ashtrays & Ashbins
HS525,Beaumont No.1 Classico Coffee Beans 1kg,Beaumont,Coffee & Syrups – Needs review,12.39,https://beaumonttm.co.uk/product/beaumont-no-1-classico-coffee-beans-1kg/,https://beaumonttm.co.uk/wp-content/uploads/HS525_10-1.jpg,"1kg coffee beans – grind your own way
Coffee Details: Arabica and Robusta, Natural Process, 800-1200m
A big, punchy and bold blend, for the Italian-style enthusiast
Flavour notes: Punchy, Praline, Milk Chocolate
Ethically sourced and hand-roasted and packed in the UK
Store away from direct sunlight. Do not refrigerate. Use within 2 weeks of opening",instock,"Craving an old-school Italian-style wholebean coffee? Look no further than Beaumont No.1 Classico. Ethically sourced and hand-roasted and packed in the UK, this hearty blend of Brazilian and Ethiopian Arabicas delivers a punch of flavour, with Indian robusta to give it some serious kick and an incredibly forgiving crema. Perfect for someone chasing the classic taste that only an old Italian-style blend can provide.; Ingredients – Ingredients – Blended, roasted coffee beans. Nutritional Info (per 100g): Energy 0kJ/0Kcal, Fat 0g, Saturated fat 0g, Carbohydrates 0g, -sugar 0g, Fibre 0g, Protein 0.1g, Salt 0.002g.",,,,,,,https://beaumonttm.co.uk/wp-content/uploads/HS525_9-1.jpg | https://beaumonttm.co.uk/wp-content/uploads/HS525_11-1.jpg | https://beaumonttm.co.uk/wp-content/uploads/HS525_12-1.jpg | https://beaumonttm.co.uk/wp-content/uploads/HS525_2-1.jpg | https://beaumonttm.co.uk/wp-content/uploads/HS525_3-1.jpg | https://beaumonttm.co.uk/wp-content/uploads/HS525_4-1.jpg | https://beaumonttm.co.uk/wp-content/uploads/HS525_5-1.jpg | https://beaumonttm.co.uk/wp-content/uploads/HS525_6-1.jpg | https://beaumonttm.co.uk/wp-content/uploads/HS525_7-1.jpg | https://beaumonttm.co.uk/wp-content/uploads/HS525_8-1.jpg | https://beaumonttm.co.uk/wp-content/uploads/HS525_1-1.jpg,Coffee & Syrups
HS526,Beaumont No.1 Classico Coffee Omni Grind 1kg,Beaumont,Coffee & Syrups – Needs review,12.69,https://beaumonttm.co.uk/product/beaumont-no-1-classico-coffee-omni-grind-1kg/,https://beaumonttm.co.uk/wp-content/uploads/HS526-1.jpg,"1kg ground: Omni-grind – suitable for cafetiere and filter coffee machines
Coffee Details: Arabica and Robusta, Natural Process, 800-1200m
A big, punchy and bold blend, for the Italian-style enthusiast
Flavour notes: Punchy, Praline, Milk Chocolate
Hand-roasted and packed in the UK
Store away from direct sunlight. Do not refrigerate. Use within 2 weeks of opening`",instock,"Craving an old-school Italian-style coffee? Look no further than Beaumont No.1 Classico. Hand-roasted and packed in the UK, this hearty blend of Brazilian and Ethiopian Arabicas delivers a punch of flavour, with Indian robusta to give it some serious kick and an incredibly forgiving crema. Perfect for someone chasing the classic taste that only an old Italian-style blend can provide.; Ingredients – Blended, roasted coffee beans. Nutritional Info (per 100g): Energy 0kJ/0Kcal, Fat 0g, Saturated fat 0g, Carbohydrates 0g, -sugar 0g, Fibre 0g, Protein 0.1g, Salt 0.002g.",,,,,,,https://beaumonttm.co.uk/wp-content/uploads/HS526_12-1.jpg,Coffee & Syrups
HS528,Beaumont No.1 Classico Coffee Omni Grind 57g (50 pack),Beaumont,Coffee & Syrups – Needs review,44.99,https://beaumonttm.co.uk/product/beaumont-no-1-classico-coffee-omni-grind-57g-50-pack/,https://beaumonttm.co.uk/wp-content/uploads/HS528-1.jpg,"50x 57g pouches for filter coffee machines (1.7ltr)
Coffee Details: Arabica and Robusta, Natural Process, 800-1200m
A big, punchy and bold blend, for the Italian-style coffee enthusiast
Flavour notes: Punchy, Praline, Milk Chocolate
Hand-roasted and packed in the UK
Store away from direct sunlight. Do not refrigerate. Use within 2 weeks of opening",instock,"Craving an old-school Italian-style coffee? Look no further than Beaumont No.1 Classico. Hand-roasted and packed in the UK, this hearty blend of Brazilian and Ethiopian Arabicas delivers a punch of flavour, with Indian robusta to give it some serious kick and an incredibly forgiving crema. Perfect for someone chasing the classic taste that only an old Italian-style blend can provide.; Ingredients – Blended, roasted coffee beans. Nutritional Info (per 100g): Energy 0kJ/0Kcal, Fat 0g, Saturated fat 0g, Carbohydrates 0g, -sugar 0g, Fibre 0g, Protein 0.1g, Salt 0.002g.",,,,,,,https://beaumonttm.co.uk/wp-content/uploads/HS528_6-1.jpg | https://beaumonttm.co.uk/wp-content/uploads/HS528_7-1.jpg,Coffee & Syrups
HS529,Beaumont No.2 Santos Coffee Beans 1kg,Beaumont,Coffee & Syrups – Needs review,16.99,https://beaumonttm.co.uk/product/beaumont-no-2-santos-coffee-beans-1kg/,https://beaumonttm.co.uk/wp-content/uploads/HS529-1.jpg,"1kg coffee beans – grind your own way
Coffee Details: 100% Arabica, Natural Process, 800-1200m
Nutty, sweet and full bodied, for those who like their Arabica with a kick
Flavour notes: Cocoa, Molasses, Dark Chocolate
Hand-roasted and packed in the UK
Store away from direct sunlight. Do not refrigerate. Use within 2 weeks of opening",instock,"Beaumont No. 2 Santos is a bold single-origin Brazilian Arabica coffee with a darker roast, offering notes of praline and cocoa, backed by a creamy and fully body. Hand-roasted and packed in the UK, Santos is the sort of coffee that will wake you up perfectly, and works incredibly well in every drink style and size.; Ingredients – Blended, roasted coffee beans. Nutritional Info (per 100g): Energy 0kJ/0Kcal, Fat 0g, Saturated fat 0g, Carbohydrates 0g, -sugar 0g, Fibre 0g, Protein 0.1g, Salt 0.002g.",,,,,,,https://beaumonttm.co.uk/wp-content/uploads/HS529_10-1.jpg | https://beaumonttm.co.uk/wp-content/uploads/HS529_12-1.jpg | https://beaumonttm.co.uk/wp-content/uploads/HS529_13-1.jpg | https://beaumonttm.co.uk/wp-content/uploads/hs529-hs532-hs537-hs527-npi24-1.jpg | https://beaumonttm.co.uk/wp-content/uploads/hs529-hs530-hs531-npi24-1.jpg,Coffee & Syrups
HS530,Beaumont No.2 Santos Coffee Omni Grind 1kg,Beaumont,Coffee & Syrups – Needs review,14.99,https://beaumonttm.co.uk/product/beaumont-no-2-santos-coffee-omni-grind-1kg/,https://beaumonttm.co.uk/wp-content/uploads/hs530-npi23.jpg,"1kg ground: Omni-grind – suitable for cafetiere and filter coffee machines
Coffee Details: 100% Arabica, Natural Process, 800-1200m
Nutty, sweet and full bodied, for those who like their Arabica with a kick
Flavour notes: Cocoa, Molasses, Dark Chocolate
Hand-roasted and packed in the UK
Store away from direct sunlight. Do not refrigerate. Use within 2 weeks of opening",instock,"Beaumont No. 2 Santos is a bold single-origin Brazilian Arabica coffee with a darker roast, offering notes of praline and cocoa, backed by a creamy and fully body. Hand-roasted and packed in the UK, Santos is the sort of coffee that will wake you up perfectly, and works incredibly well in every drink style and size.; Ingredients – Blended, roasted coffee beans. Nutritional Info (per 100g): Energy 0kJ/0Kcal, Fat 0g, Saturated fat 0g, Carbohydrates 0g, -sugar 0g, Fibre 0g, Protein 0.1g, Salt 0.002g.",,,,,,,https://beaumonttm.co.uk/wp-content/uploads/hs530-npi23-1.jpg | https://beaumonttm.co.uk/wp-content/uploads/hs530-npi24-01.jpg | https://beaumonttm.co.uk/wp-content/uploads/hs529-hs530-hs531-npi24-2.jpg | https://beaumonttm.co.uk/wp-content/uploads/hs529-hs530-hs531-npi24-1-1.jpg,Coffee & Syrups
HS532,Beaumont No.3 Excelso Coffee Beans 1kg,Beaumont,Coffee & Syrups – Needs review,18.19,https://beaumonttm.co.uk/product/beaumont-no-3-excelso-coffee-beans-1kg/,https://beaumonttm.co.uk/wp-content/uploads/hs532-npi23.jpg,"1kg coffee beans – grind your own way
Coffee Details: 100% Arabica, Washed Process, 1300-1650m
Sweet, fruity and clean, with a long finish and complex acidity
Flavour notes: Gooseberry, Wine Gums, Praline
Hand-roasted and packed in the UK
Store away from direct sunlight. Do not refrigerate. Use within 2 weeks of opening",instock,"Beaumont No.3 Excelso coffee is a delightful blend that encapsulates the rich flavour profiles one expects from Colombian beans. Sourced from meticulously maintained farms in the Antioquia region of the north, Excelso offers a sweet, fruity, and clean profile. Its long finish and crisp, complex acidity make it a standout choice for coffee enthusiasts. Hand-roasted and packaged in the UK, its fantastic as an espresso, and tastes particularly great without milk.; Ingredients – Blended, roasted coffee beans. Nutritional Info (per 100g): Energy 0kJ/0Kcal, Fat 0g, Saturated fat 0g, Carbohydrates 0g, -sugar 0g, Fibre 0g, Protein 0.1g, Salt 0.002g.",,,,,,,https://beaumonttm.co.uk/wp-content/uploads/hs532-npi23-1.jpg | https://beaumonttm.co.uk/wp-content/uploads/hs532-npi24-01.jpg | https://beaumonttm.co.uk/wp-content/uploads/hs529-hs532-hs537-hs527-npi24-1-1.jpg,Coffee & Syrups
HS533,Beaumont No.3 Excelso Coffee Omni Grind 1kg,Beaumont,Coffee & Syrups – Needs review,16.79,https://beaumonttm.co.uk/product/beaumont-no-3-excelso-coffee-omni-grind-1kg/,https://beaumonttm.co.uk/wp-content/uploads/HS533-1.jpg,"1kg ground: Omni-grind – suitable for cafetiere and filter coffee machines
Coffee Details: 100% Arabica, Washed Process, 1300-1650m
Sweet, fruity and clean, with a long finish and complex acidity
Flavour notes: Gooseberry, Wine Gums, Praline
Hand-roasted and packed in the UK
Store away from direct sunlight. Do not refrigerate. Use within 2 weeks of opening",instock,"Beaumont No.3 Excelso coffee is a delightful blend that encapsulates the rich flavour profiles one expects from Colombian beans. Sourced from meticulously maintained farms in the Antioquia region of the north, Excelso offers a sweet, fruity, and clean profile. Its long finish and crisp, complex acidity make it a standout choice for coffee enthusiasts. Hand-roasted and packaged in the UK, its fantastic as an espresso, and tastes particularly great without milk.; Ingredients – Blended, roasted coffee beans. Nutritional Info (per 100g): Energy 0kJ/0Kcal, Fat 0g, Saturated fat 0g, Carbohydrates 0g, -sugar 0g, Fibre 0g, Protein 0.1g, Salt 0.002g.",,,,,,,https://beaumonttm.co.uk/wp-content/uploads/HS533_9-1.jpg | https://beaumonttm.co.uk/wp-content/uploads/HS533_10-1.jpg | https://beaumonttm.co.uk/wp-content/uploads/HS533_11-1.jpg,Coffee & Syrups
HS535,Beaumont No.4 Decaf Coffee Beans 1kg,Beaumont,Coffee & Syrups – Needs review,15.89,https://beaumonttm.co.uk/product/beaumont-no-4-decaf-coffee-beans-1kg/,https://beaumonttm.co.uk/wp-content/uploads/HS535-1.jpg,"1 KG Beans – grind your own way
Coffee Details: 100% Arabica, Washed & MC Process, 900-1000m
All of the taste, none of the caffeine – nutty, sweet and easy-drinking
Flavour notes: Cocoa, Caramel, Praline
Roasted and packed in the UK
Store away from direct sunlight. Do not refrigerate. Use within 2 weeks of opening",instock,"Beaumont No.4 decaf coffee has all the taste of a Brazilian coffee, but with 97% of the caffeine removed. It contains a blend of 100% Brazilian Arabica beans with notes of dark chocolate, toffee and shortbread. Hand-roasted and packed in the UK, it’s a nutty, sweet and easy drinking decaf coffee.; Ingredients – Blended, roasted coffee beans. Nutritional Info (per 100g): Energy 0kJ/0Kcal, Fat 0g, Saturated fat 0g, Carbohydrates 0g, -sugar 0g, Fibre 0g, Protein 0.1g, Salt 0.002g.",,,,,,,https://beaumonttm.co.uk/wp-content/uploads/HS535_9-1.jpg | https://beaumonttm.co.uk/wp-content/uploads/HS535_10-1.jpg,Coffee & Syrups
HS538,Beaumont No.4 Decaf Coffee Beans 250g,Beaumont,Coffee & Syrups – Needs review,,https://beaumonttm.co.uk/product/beaumont-no-4-decaf-coffee-beans-250g/,https://beaumonttm.co.uk/wp-content/uploads/hs538-npi23.jpg,"250g beans – grind your own way
Coffee Details: 100% Arabica, Washed & MC Process, 900-1000m
All of the taste, none of the caffeine – nutty, sweet and easy-drinking
Flavour notes: Cocoa, Caramel, Praline
Roasted and packed in the UK
Store away from direct sunlight. Do not refrigerate. Use within 2 weeks of opening",instock,"Beaumont No.4 decaf coffee has all the taste of a Brazilian coffee, but with 97% of the caffeine removed. It contains a blend of 100% Brazilian Arabica beans with notes of dark chocolate, toffee and shortbread. Hand-roasted and packed in the UK, it’s a nutty, sweet and easy drinking decaf coffee.; Ingredients – Blended, roasted coffee beans. Nutritional Info (per 100g): Energy 0kJ/0Kcal, Fat 0g, Saturated fat 0g, Carbohydrates 0g, -sugar 0g, Fibre 0g, Protein 0.1g, Salt 0.002g.",,,,,,,https://beaumonttm.co.uk/wp-content/uploads/hs538-npi24-01.jpg | https://beaumonttm.co.uk/wp-content/uploads/hs538-npi23-1.jpg | https://beaumonttm.co.uk/wp-content/uploads/hs527-hs531-hs534-hs538-npi24-3_large.jpg | https://beaumonttm.co.uk/wp-content/uploads/hs527-hs531-hs534-hs538-npi24-2.jpg,Coffee & Syrups
HS536,Beaumont No.4 Decaf Coffee Espresso Grind 1kg,Beaumont,Coffee & Syrups – Needs review,15.89,https://beaumonttm.co.uk/product/beaumont-no-4-decaf-coffee-espresso-grind-1kg/,https://beaumonttm.co.uk/wp-content/uploads/hs536-npi23.jpg,"1kg ground: Espresso Grind – a fine grind suitable for Commercial Espresso machines operating at 9 bar pressure
Coffee Details: 100% Arabica, Washed & MC Process, 900-1000m
All of the taste, none of the caffeine – nutty, sweet and easy-drinking
Flavour notes: Cocoa, Caramel, Praline
Roasted and packed in the UK
Store away from direct sunlight. Do not refrigerate. Use within 2 weeks of opening",instock,"Beaumont No.4 decaf coffee has all the taste of a Brazilian coffee, but with 97% of the caffeine removed. It contains a blend of 100% Brazilian Arabica beans with notes of dark chocolate, toffee and shortbread. Hand-roasted and packed in the UK, it’s a nutty, sweet and easy drinking decaf coffee.; Ingredients – Blended, roasted coffee beans. Nutritional Info (per 100g): Energy 0kJ/0Kcal, Fat 0g, Saturated fat 0g, Carbohydrates 0g, -sugar 0g, Fibre 0g, Protein 0.1g, Salt 0.002g.",,,,,,,https://beaumonttm.co.uk/wp-content/uploads/hs536-npi23-1.jpg | https://beaumonttm.co.uk/wp-content/uploads/hs536-npi24-01.jpg,Coffee & Syrups
HS537,Beaumont No.4 Decaf Coffee Omni Grind 500g,Beaumont,Coffee & Syrups – Needs review,8.79,https://beaumonttm.co.uk/product/beaumont-no-4-decaf-coffee-omni-grind-500g/,https://beaumonttm.co.uk/wp-content/uploads/HS537-1.jpg,"500g ground: Omni-grind – suitable for cafetiere and filter coffee machines
Coffee Details: 100% Arabica, Washed & MC Process, 900-1000m
All of the taste, none of the caffeine – nutty, sweet and easy-drinking
Flavour notes: Cocoa, Caramel, Praline
Roasted and packed in the UK
Store away from direct sunlight. Do not refrigerate. Use within 2 weeks of opening",instock,"Beaumont No.4 decaf coffee has all the taste of a Brazilian coffee, but with 97% of the caffeine removed. It contains a blend of 100% Brazilian Arabica beans with notes of dark chocolate, toffee and shortbread. Hand-roasted and packed in the UK, it’s a nutty, sweet and easy drinking decaf coffee.; Ingredients – Blended, roasted coffee beans. Nutritional Info (per 100g): Energy 0kJ/0Kcal, Fat 0g, Saturated fat 0g, Carbohydrates 0g, -sugar 0g, Fibre 0g, Protein 0.1g, Salt 0.002g.",,,,,,,https://beaumonttm.co.uk/wp-content/uploads/HS537_7-1.jpg | https://beaumonttm.co.uk/wp-content/uploads/HS537_9-1.jpg | https://beaumonttm.co.uk/wp-content/uploads/HS537_10-1.jpg,Coffee & Syrups
HS539,Beaumont No.4 Decaf Coffee Omni Grind 57g (50 Pack),Beaumont,Coffee & Syrups – Needs review,50.49,https://beaumonttm.co.uk/product/beaumont-no-4-decaf-coffee-omni-grind-57g-50-pack/,https://beaumonttm.co.uk/wp-content/uploads/HS539-1.jpg,"50x 57g pouches for filter coffee machines (1.7ltr)
Coffee Details: 100% Arabica, Washed & MC Process, 900-1000m
All of the taste, none of the caffeine – nutty, sweet and easy-drinking
Flavour notes: Cocoa, Caramel, Praline
Roasted and packed in the UK
Store away from direct sunlight. Do not refrigerate. Use within 2 weeks of opening",instock,"Beaumont No.4 decaf coffee has all the taste of a Brazilian coffee, but with 97% of the caffeine removed. It contains a blend of 100% Brazilian Arabica beans with notes of dark chocolate, toffee and shortbread. Hand-roasted and packed in the UK, it’s a nutty, sweet and easy drinking decaf coffee.; Ingredients – Blended, roasted coffee beans. Nutritional Info (per 100g): Energy 0kJ/0Kcal, Fat 0g, Saturated fat 0g, Carbohydrates 0g, -sugar 0g, Fibre 0g, Protein 0.1g, Salt 0.002g.",,,,,,,,Coffee & Syrups
DL925,10ml Pump for Beaumont 1ltr Coffee Syrup (4 pack),Beaumont,Coffee & Syrups – Beverage Service,,https://beaumonttm.co.uk/product/10ml-pump-for-beaumont-1ltr-coffee-syrup-4-pack/,https://beaumonttm.co.uk/wp-content/uploads/R-DL925.jpg,"Pump twice to put 20ml of syrup per standard cup size for the perfect flavour
Compatible with all of our 1ltr Beaumont coffee syrups range
Fits CX084, CX085, CX086 and CX087 Beaumont syrup bottles",instock,"This 10ml dispenser pump works with all 1-litre Beaumont flavoured coffee syrups. Using it gives you better control over portions, less mess and less waste. Pump twice for 20ml of syrup per regular cup for the best flavour.",,,,,,,https://beaumonttm.co.uk/wp-content/uploads/R-DL925_3.jpg,Coffee & Syrups
CX086,Beaumont Vanilla Syrup 1ltr,Beaumont,Coffee & Syrups – Needs review,4.49,https://beaumonttm.co.uk/product/beaumont-vanilla-syrup-1ltr/,https://beaumonttm.co.uk/wp-content/uploads/R-CX086.jpg,"Capacity 1Ltr | 35¼oz
Dimensions 296(H)mm
Material Plastic
Weight 1.23kg
Delicious vanilla flavour
Recyclable PET bottle
Fairtrade certified
Add 20ml of syrup per standard cup size for the perfect flavour
Other flavours available
Suitable for use with 10ml dispenser pump DL927
1ltr Beaumont syrup flavours available CX084 Caramel, CX085 Salted Caramel, CX086 Vanilla and CX087 Hazelnut",instock,"Customise your coffee with this delicious vanilla coffee syrup from Beaumont. The syrup adds a new and exciting taste dimension to a variety of hot and cold drinks, infusing your daily cup with a fragrant, subtle but distinct flavour. Made from 100% pure cane sugar and certified Fairtrade and Kosher, its gentle, sweet flavour and floral aroma makes it a popular choice in hot coffees, frappés and cocktails.; Ingredients: Sugar Solution (51%), Water, Invert Sugar Syrup (20%), Natural Flavourings, Preservative: Potassium Sorbate, Acidity Regulator: Citric Acid, Colour: Plain Caramel.; Nutritional Info (per 100ml): Energy: 1003kj/236kcal, Fat: 0.0g, of which saturates: 0.0g, Carbohydrates: 59g, of which sugars: 59g, Fibre: 0.0g, Protein: 0.0g, Salt: 0.0g.",,,,,,,https://beaumonttm.co.uk/wp-content/uploads/R-CX086_6.jpg | https://beaumonttm.co.uk/wp-content/uploads/R-CX086_3.jpg | https://beaumonttm.co.uk/wp-content/uploads/R-CX086_4.jpg | https://beaumonttm.co.uk/wp-content/uploads/R-CX086_5.jpg,Coffee & Syrups
CX084,Beaumont Caramel Syrup 1ltr,Beaumont,Coffee & Syrups – Needs review,4.49,https://beaumonttm.co.uk/product/beaumont-caramel-syrup-1ltr/,https://beaumonttm.co.uk/wp-content/uploads/R-CX084.jpg,"Capacity 1Ltr | 35¼oz
Dimensions 296(H)mm
Material Plastic
Weight 1.23kg
Delicious caramel flavour
Recyclable PET bottle
Fairtrade certified
Add 20ml of syrup per standard cup size for the perfect flavour
Other flavours available
Suitable for use with 10ml dispenser pump DL925
1ltr Beaumont syrup flavours available CX084 Caramel, CX085 Salted Caramel, CX086 Vanilla and CX087 Hazelnut",instock,"Customise your coffee with this delicious caramel coffee syrup from Beaumont. Infused with a smooth, buttery flavour, the syrup is ideal for adding a richness and depth to coffees and iced drinks. Made from pure cane sugar, this is Beaumont’s best-selling flavour of coffee syrup.; Ingredients: Sugar Solution (56%), Water, Invert Sugar Syrup (15%), Natural Flavourings, Colour: Plain Caramel, Preservative: Potassium Sorbate, Acidity Regulator: Citric Acid.; Nutritional Info (per 100ml): Energy: 1020kj/240kcal, Fat: 0.0g, of which saturates: 0.0g, Carbohydrates: 60g, of which sugars: 60g, Fibre: 0.0g, Protein: 0.0g, Salt: 0.0g",,,,,,,https://beaumonttm.co.uk/wp-content/uploads/R-CX084_3.jpg | https://beaumonttm.co.uk/wp-content/uploads/R-CX084_4.jpg | https://beaumonttm.co.uk/wp-content/uploads/R-CX084_5.jpg | https://beaumonttm.co.uk/wp-content/uploads/R-CX084_6.jpg,Coffee & Syrups
CX087,Beaumont Hazelnut Syrup 1ltr,Beaumont,Coffee & Syrups – Needs review,4.49,https://beaumonttm.co.uk/product/beaumont-hazelnut-syrup-1ltr/,https://beaumonttm.co.uk/wp-content/uploads/R-CX087.jpg,"Capacity 1Ltr | 35¼oz
Dimensions 296(H)mm
Material Plastic
Weight 1.23kg
Delicious hazelnut flavour
Recyclable PET bottle
Fairtrade certified
Add 20ml of syrup per standard cup size for the perfect flavour
Other flavours available
Suitable for use with 10ml dispenser pump DL928
1ltr Beaumont syrup flavours available CX084 Caramel, CX085 Salted Caramel, CX086 Vanilla and CX087 Hazelnut",instock,"Customise your coffee with this delicious hazelnut coffee syrup from Beaumont. Made from natural sugar cane, the syrup tastes great when added to a wide selection of hot and cold drinks, from caffè lattes to frappés. Verified Fairtrade and Kosher, its sweet, nutty taste gives a mellow, rounded flavour that complements the intensity of coffee, providing a warming and delicious taste sensation.; Ingredients: Sugar Solution (56%), Water, Invert Sugar Syrup (15%), Natural Flavourings, Colour: Plain Caramel, Preservative: Potassium Sorbate, Acidity Regulator: Citric Acid.; Nutritional Info (per 100ml): Energy: 1020kj/240kcal, Fat: 0.0g, of which saturates: 0.0g, Carbohydrates: 60g, of which sugars: 60g, Fibre: 0.0g, Protein: 0.0g, Salt: 0.0g.",,,,,,,https://beaumonttm.co.uk/wp-content/uploads/R-CX087_3.jpg | https://beaumonttm.co.uk/wp-content/uploads/R-CX087_4.jpg | https://beaumonttm.co.uk/wp-content/uploads/R-CX087_5.jpg | https://beaumonttm.co.uk/wp-content/uploads/R-CX087_6.jpg,Coffee & Syrups
CX085,Beaumont Salted Caramel Syrup 1ltr,Beaumont,Coffee & Syrups – Needs review,4.49,https://beaumonttm.co.uk/product/beaumont-salted-caramel-syrup-1ltr/,https://beaumonttm.co.uk/wp-content/uploads/R-CX085_4.jpg,"Capacity 1Ltr | 35¼oz
Dimensions 296(H)mm
Material Plastic
Weight 1.23kg
Delicious salted caramel flavour
Recyclable PET bottle
Fairtrade certified
Add 20ml of syrup per standard cup size for the perfect flavour
Other flavours available
Suitable for use with 10ml dispenser pump DL926
1ltr Beaumont syrup flavours available CX084 Caramel, CX085 Salted Caramel, CX086 Vanilla and CX087 Hazelnut",instock,"Customise your coffee with this delicious salted caramel coffee syrup from Beaumont. The syrup adds a new and exciting taste dimension to a variety of hot and cold drinks, infusing your daily cup with a fragrant, subtle but distinct flavour. Made from 100% pure cane sugar and certified Fairtrade and Kosher, its gentle, sweet flavour and floral aroma makes it a popular choice in hot coffees, frappés and cocktails.; Ingredients: Sugar Solution (50%), Water, Invert Sugar Syrup (20%), Salt, Natural Flavourings, Colour: Plain Caramel, Preservative: Potassium Sorbate, Acidity Regulator: Citric Acid.; Nutritional Info (per 100ml): Energy: 1020kj/240kcal, Fat: 0.0g, of which saturates: 0.0g, Carbohydrates: 60g, of which sugars: 60g, Fibre: 0.0g, Protein: 0.0g, Salt: 1.8g.",,,,,,,https://beaumonttm.co.uk/wp-content/uploads/R-CX085_3.jpg | https://beaumonttm.co.uk/wp-content/uploads/R-CX085_5.jpg | https://beaumonttm.co.uk/wp-content/uploads/R-CX085_6.jpg,Coffee & Syrups
SA817,"Beaumont Syrup and Pump Set – Caramel, Salted Caramel, Vanilla & Hazelnut",Beaumont,Coffee & Syrups – Needs review,,https://beaumonttm.co.uk/product/beaumont-syrup-and-pump-set-caramel-salted-caramel-vanilla-hazelnut/,https://beaumonttm.co.uk/wp-content/uploads/R-CX085_1.jpg,"Kit contains: 1Ltr vanilla Syrup (CX086), 1Ltr caramel syrup (CX084), 1Ltr hazelnut syrup (CX087), 1Ltr salted caramel syrup (CX085) and 4x bottle pumps (DL925)
Two pumps (20ml) standard serve, 50 serves per Litre
Made from 100% pure cane sugar and certified Fairtrade and KosherRecyclable PET bottle
Bottle height 296mm (390mm with pump",instock,"Customise your coffee with delicious syrups from Beaumont. This kit includes four essential coffee syrup flavours, each paired with a pump for easy dispensing. The syrups are made from 100% pure cane sugar and are certified Fairtrade and Kosher. Each pump delivers a standard 20ml serve, with 50 serves per litre.; Vanilla syrup adds a subtle flavour to both hot and cold drinks, enhancing your daily coffee. Caramel syrup provides a smooth, buttery richness, perfect for coffees and iced drinks. Hazelnut syrup offers a nutty taste that complements a range of beverages, from caffè lattes to frappés, balancing the intensity of coffee. Salted caramel syrup adds a sweet, distinct flavour with a floral aroma, making it ideal for hot coffees, frappés and cocktails.",,,,,,,https://beaumonttm.co.uk/wp-content/uploads/R-CX087_2.jpg | https://beaumonttm.co.uk/wp-content/uploads/R-CX084_2.jpg | https://beaumonttm.co.uk/wp-content/uploads/R-CX086_2.jpg,Coffee & Syrups
3530,Art Deco Wine Cooler,Beaumont,"Coolers, Ice Buckets & Stands",25.69,https://beaumonttm.co.uk/product/art-deco-wine-cooler/,https://beaumonttm.co.uk/wp-content/uploads/3530-Art-Deco-Wine-Cooler-2-1.jpg,"Elevate your drinks presentation with Beaumont’s Art Deco bottle cooler. Crafted from durable stainless steel, this lightweight bottle cooler is easy to transport and store. Designed to accommodate a single bottle, it’s perfect for smaller venues and home use. To enjoy a wonderfully chilled beverage, just place some ice and your preferred bottle – whether it’s wine, champagne, spirits or water – into this cooler.",instock,,,,,,,,https://beaumonttm.co.uk/wp-content/uploads/3530-Art-Deco-Wine-Cooler-1-1.jpg,"Beer & Wine Accessories > Coolers, Ice Buckets & Stands"
3541,Deluxe Waiters Friend with Wooden handle,Beaumont,Bottle Openers,10.39,https://beaumonttm.co.uk/product/deluxe-waiters-friend-wooden-handle/,https://beaumonttm.co.uk/wp-content/uploads/3541-Deluxe-Waiters-Friend-Wooden-Handle-2.jpg,"This deluxe waiters friend from Beaumont is the perfect companion for any professional waiter or restaurateur. Its varnished wood finish offers a sophisticated, yet durable appearance that is sure to impress guests. Plus, the Beaumont waiters friend is designed with a two-step cork screw opener easily opens wine bottles, while its retractable foil cutter quickly removes pesky seals.
The Teflon-coated worm offers a smooth twist action and integration of crown cap opener makes this tool an indispensable asset for any server. Equipped with a heavy-duty ergonomic handle, this bartender essential comfortably fits in the palm of your hand for efficient and effortless use.
Product features
Dimensions:120(H) x 30(W)mm
Material: Stainless Steel
Weight: 10.5kg
Colour: Silver
Varnished wood finish
Integrated crown cap opener
Heavy-duty ensures long-lasting use
Ergonomic handle for comfortable use
2-step cork screw opener
Retractable foil cutter
Teflon coated worm offers smooth twist action",instock,2-step cork screw opener | Retractable foil cutter,,,,,,,,Beer & Wine Accessories > Bottle Openers
3897,Copper Plated Waiters Friend,Beaumont,Bottle Openers,6.29,https://beaumonttm.co.uk/product/double-reach-corkscrew-copper-plated/,https://beaumonttm.co.uk/wp-content/uploads/3897-Double-Reach-Corkscrew-Copper-Plated.jpg,"With double reach to allow for half cork extraction and repositioning, this waiters friend from Beaumont is the perfect choice for opening wine and beer bottles. The tool is constructed from stainless steel and is copper-plated for a stylish, on-trend finish. It features a fold-out foil cutter, classic bottle cap opener, double-hinged arm and 5-turn helix corkscrew.",instock,,,,,,,,,Beer & Wine Accessories > Bottle Openers
3896,Gold Plated Waiters Friend,Beaumont,Bottle Openers,5.19,https://beaumonttm.co.uk/product/double-reach-corkscrew-gold-plated/,https://beaumonttm.co.uk/wp-content/uploads/3896-Double-Reach-Corkscrew-Gold-Plated-1-scaled.jpg,"With double reach to allow for half cork extraction and repositioning, this waiters friend from Beaumont is the perfect choice for opening wine and beer bottles. The tool is constructed from stainless steel and is gold-plated for a stylish, on-trend finish. It features a fold-out foil cutter, classic bottle cap opener, double-hinged arm and 5-turn helix corkscrew.",instock,,,,,,,,,Beer & Wine Accessories > Bottle Openers
3895,Gold Plated Cocktail Spoon With Masher,Beaumont,Bar Spoons,10.29,https://beaumonttm.co.uk/product/gold-plated-cocktail-spoon-with-masher/,https://beaumonttm.co.uk/wp-content/uploads/3895-Gold-Plated-Cocktail-Spoon-With-Masher-1.jpg,"With a twisted stem and a flat base, this stylish golden cocktail spoon from Beaumont is ideal for mixing drinks and creating layered cocktails. The flat base also doubles as a convenient blunt end to crush solid ingredients to help release flavours.",instock,,,,,,,,,Cocktail Tools > Bar Spoons
3894,Fine Mesh Strainer Gold Plated,Beaumont,Cocktail Strainers,8.29,https://beaumonttm.co.uk/product/fine-mesh-strainer-gold/,https://beaumonttm.co.uk/wp-content/uploads/3894-Fine-Mesh-Strainer-Gold-1-1.jpg,"A must have piece of equipment for any cocktail enthusiast, this gold fine-mesh strainer from Beaumont ensures a smooth finish to your drink. Made from gold-plated stainless steel, it is durable and hard-wearing, making it perfectly suited for use in busy commercial bars, pubs and clubs or a home bar. Not only can it be used to remove bits of ice, fruit and peel from cocktails, but also for sprinkling toppings on top of hot drinks such as coffees or even sifting sugar on top of cakes.",instock,,,,,,,,https://beaumonttm.co.uk/wp-content/uploads/3894-Fine-Mesh-Strainer-Gold-2.jpg,Cocktail Tools > Cocktail Strainers
3893,Hawthorne Strainer 4-Prong Gold Plated,Beaumont,Cocktail Strainers,2.99,https://beaumonttm.co.uk/product/hawthorne-strainer-4-ear-gold/,https://beaumonttm.co.uk/wp-content/uploads/3893-Hawthorne-Strainer-4-Ear-Gold-2.jpg,"This gold 4-prong Hawthorne strainer from Beaumont is designed to get rid of any unwanted bits of fruit and ice from your cocktails, creating perfectly smooth beverages. The strainer sits effortlessly into a Boston cocktail shaker, and is ideally matched with the gold Boston cocktail shaker tin. Made from robust stainless steel, the strainer fits most glasses and is easy to use and clean.",instock,,,,,,,,https://beaumonttm.co.uk/wp-content/uploads/3893-Hawthorne-Strainer-4-Ear-Gold-1-1.jpg,Cocktail Tools > Cocktail Strainers
B14D,Glass Mats Black (Pack of 10),Beaumont,Glass Mats & Shelf Liners,5.19,https://beaumonttm.co.uk/product/glassmats-pack-of-10-black/,https://beaumonttm.co.uk/wp-content/uploads/B14-Glassmats-Interlocking-PK10-black.jpg,"Designed with both practicality and aesthetics in mind, these mats provide a secure, non-slip surface ideal for protecting your glassware and workstations. Their interlocking design allows for easy customization, ensuring a perfect fit for any space.
Crafted from durable materials, these mats are built to withstand the rigors of a busy commercial environment. The non-slip surface ensures stability, reducing the risk of accidents and breakages. Additionally, the mats are easy to clean, making maintenance a breeze and ensuring a hygienic workspace.
Whether you’re outfitting a bar, restaurant, or kitchen, the Beaumont Interlocking Glass Mats are the ideal solution for enhancing both safety and efficiency. Invest in quality and peace of mind with these versatile and reliable mats.",instock,,,,,,,,,Bar Accessories & Food Service Essentials > Glass Mats & Shelf Liners
3061,Spirit Pourer Dust Caps (Pack of 12),Beaumont,Freeflow,2.49,https://beaumonttm.co.uk/product/pourer-cap/,https://beaumonttm.co.uk/wp-content/uploads/3061-Pourer-Cap-PK12.jpg,"Keep your bottles clean, fresh, and protected with the Beaumont™ Spirit Pourer Dust Caps. Designed to fit snugly over narrow taper pourers, these black plastic caps are a simple yet essential solution for maintaining hygiene and reducing wastage in busy bar environments.
Whether you’re running a high-volume venue or a boutique cocktail bar, these dust caps help prevent fruit flies, dust, and debris from contaminating your spirits—ensuring every pour is as fresh as the first.
Reliable Protection & Practical Design
Made from durable plastic, each cap is lightweight yet sturdy, with a sleek black finish that complements any bottle setup. The ergonomic indents allow for quick and easy removal—even with wet hands—making them ideal for fast-paced service. Not only do these caps protect your bottles from external contaminants, but they also help reduce alcohol evaporation during warmer periods and minimise spills if bottles are accidentally knocked over. That means less waste and more savings for your business.
Product Features:
Dimensions: 59mm (H)
Material: High-quality plastic
Weight: 50g
Colour: Black
Pack Size: 12 dust caps
Protects against fruit flies, dust, and debris
Reduces evaporation and spill-related wastage
Ergonomic indents for easy removal
Compatible with Beaumont Pourers: 3515PTD, 3041P, 3039P, 3037P, 3038P & 3040P
Perfect for Professional Bar Use
These pourer dust caps are a must-have for any bar looking to maintain high standards of cleanliness and efficiency. Whether you’re prepping for a busy night or closing down after service, Beaumont™ Spirit Pourer Dust Caps help you keep your bottles protected and your spirits preserved.",instock,"Suitable for use with our Pourers 3515PTD, 3041P, 3039P, 3037P, 3038P & 3040P",Black,Plastic,,Freeflow,0.005,6,https://beaumonttm.co.uk/wp-content/uploads/3061-on-pourer-in-bottle.jpg,Pouring > Freeflow
3945,Tiki Shaker Set,Beaumont,Cocktail Shakers,26.79,https://beaumonttm.co.uk/product/tiki-shaker-set/,https://beaumonttm.co.uk/wp-content/uploads/3945-Tiki-Shaker-Set-1.jpg,"One of a kind premium tin on tin Boston Can by world-renowned flair bartender Tom Dyer. Bringing a splash of fun to any service, this shaker is also designed to a high specification with high quality engraving.",instock,,,Stainless Steel,Tiki | Tom Dyer,18oz &amp; 28oz,0.339,29,https://beaumonttm.co.uk/wp-content/uploads/3945-Tiki-Shaker-Set-2.jpg | https://beaumonttm.co.uk/wp-content/uploads/3945-Tiki-Shaker-Set-3.jpg | https://beaumonttm.co.uk/wp-content/uploads/3945-Tiki-Shaker-Set-4.jpg,Cocktail Tools > Cocktail Shakers ; Cocktail Tools > Tiki
3891,Bar Blade Gold Plated 7″,Beaumont,Bottle Openers,2.99,https://beaumonttm.co.uk/product/bar-blade-7-inch-gold-plated/,https://beaumonttm.co.uk/wp-content/uploads/3891-Bar-Blade-7-Inch-Gold-Plated.jpg,"Beaumont’s bar blade is an essential tool for any bartender or cocktail enthusiast. Crafted with precision from stainless steel, the blade features an on-trend gold-plated finish for a stylish look. With rounded edges for comfortable use, its design allows for swift and smooth bottle opening, reducing the time and effort required to serve drinks. Whether you’re popping the cap off a beer or unsealing a mixer, the Beaumont bar blade gets the job done with ease.",instock,,,,,,,,,Beer & Wine Accessories > Bottle Openers
3586,Stainless Steel Ice Tongs 7″,Beaumont,Ice Scoops & Tongs,,https://beaumonttm.co.uk/product/stainless-steel-7-ice-tongs/,https://beaumonttm.co.uk/wp-content/uploads/3586-7”-Stainless-Steel-Ice-Tong.jpg,"Stainless Steel 7″ Ice Tongs from Beaumont. Crafted from high-quality stainless steel, these tongs are designed for durability and precision. Whether you’re serving up refreshing beverages at a bar, restaurant, or home gathering, these tongs provide the perfect tool for handling ice cubes with ease and sophistication.",instock,,,Stainless Steel,,"7""",0.033,19x2.2x2,https://beaumonttm.co.uk/wp-content/uploads/3586-Ice-Tong-Lifestyle-crop-scaled.jpeg,Beer & Wine Accessories > Ice Scoops & Tongs
3889,Ice Tongs Copper Plated 7″,Beaumont,Ice Scoops & Tongs,2.99,https://beaumonttm.co.uk/product/7-inch-s-st-ice-tongs-copper-plated/,https://beaumonttm.co.uk/wp-content/uploads/3889-7-Inch-SSt-Ice-Tongs-Copper-Plated-2.jpg,"Serve your drinks in style with these stainless steel ice tongs from Beaumont finished stylishly in copper. Perfect for all home and commercial bars, the tongs’ serrated teeth grip ice chunks perfectly for ease of service.",instock,,,,,,,,,Beer & Wine Accessories > Ice Scoops & Tongs
3890,Ice Tongs Gold Plated 7″,Beaumont,Ice Scoops & Tongs,2.99,https://beaumonttm.co.uk/product/7-inch-s-st-ice-tongs-gold-plated/,https://beaumonttm.co.uk/wp-content/uploads/3890-7-Inch-SSt-Ice-Tongs-Gold-Plated.jpg,"Serve your drinks in style with these stainless steel ice tongs from Beaumont finished stylishly in gold. Perfect for all home and commercial bars, the tongs’ serrated teeth grip ice chunks perfectly for ease of service.",instock,,,,,,,,,Beer & Wine Accessories > Ice Scoops & Tongs
3887,4 Part Stainless Steel Condiment Holder Copper Plated,Beaumont,Condiment Holders,19.59,https://beaumonttm.co.uk/product/4-part-s-st-condiment-holder-copper-plated/,https://beaumonttm.co.uk/wp-content/uploads/3887-4-Part-SSt-Condiment-Holder-Copper-Plated-2-scaled.jpeg,"This 4-part condiment holder from Beaumont is a stylish alternative to having numerous bowls from the kitchen sat on your bar top cluttering up the place. Just fill up each tray with a different condiment such as cherries, herbs or lemon slices and they will all be kept in one convenient place ready to grab when you need them.
Made from stainless steel with a copper-plated finish, the Beaumont condiment holder features easily removable inner trays for cleaning and loading. Also, for added convenience, its hollow base allows placement over ice for chilled condiments.",instock,,,,,,,,,Condiment Holders
3888,6 Part Stainless Steel Condiment Holder Copper Plated,Beaumont,Condiment Holders,23.59,https://beaumonttm.co.uk/product/6-part-s-st-condiment-holder-copper-plated/,https://beaumonttm.co.uk/wp-content/uploads/3888-6-Part-SSt-Condiment-Holder-Copper-Plated-2-scaled.jpg,"This 6-part condiment holder from Beaumont is a stylish alternative to having numerous bowls from the kitchen sat on your bar top cluttering up the place. Just fill up each tray with a different condiment such as cherries, herbs or lemon slices and they will all be kept in one convenient place ready to grab when you need them.
Made from stainless steel with a copper-plated finish, the Beaumont condiment holder features easily removable inner trays for cleaning and loading. Also, for added convenience, its hollow base allows placement over ice for chilled condiments.",instock,,,,,,,,,Condiment Holders
3539,Champagne Stopper,Beaumont,Bottle Sealers,2.99,https://beaumonttm.co.uk/product/champagne-stopper/,https://beaumonttm.co.uk/wp-content/uploads/3539-Champagne-Stopper.jpg,"Keep your bottles fresh without compromising on style, with this champagne stopper from Beaumont. The lever mechanism creates a tight seal, keeping bottles fizzy and full of flavour once opened.
The stainless steel construction is durable, for heavy use in a professional setting.",instock,,,,,,0.068,6,https://beaumonttm.co.uk/wp-content/uploads/3539-Champagne-Stopper-IN-USE.jpg,Beer & Wine Accessories > Bottle Sealers
3886,Champagne Stopper Gold Plated,Beaumont,Bottle Sealers,5.19,https://beaumonttm.co.uk/product/champagne-stopper-gold-plated/,https://beaumonttm.co.uk/wp-content/uploads/3886-Champagne-Stopper-Gold-Plated.jpg,"Keep open bottles of bubbly fresher for longer with this champagne stopper from Beaumont. Crafted from stainless steel with a stylish gold-plated finish, the stopper seals the mouth of the wine bottle securing at the lip. Measuring 50mm in diameter, it is designed to fit most champagne and wine bottles. Preserve the sparkle. Elevate the style. Keep your bubbly fresh and your celebrations elegant with our Gold Champagne Stopper – the perfect blend of function and luxury. Designed to lock in carbonation and prevent leaks, this stopper ensures your champagne, prosecco, or sparkling wine stays crisp and effervescent for days after opening.
Product Features
Airtight Seal – Maintains pressure to preserve fizz and flavor
Leak-Proof Design – Ideal for storing bottles upright or on their side
Universal Fit – Compatible with most standard champagne and sparkling wine bottles
Elegant Gold Finish – Adds a touch of sophistication to any bar or table
Durable & Reusable – Made from high-quality stainless steel and food-safe silicone
Whether you’re hosting a dinner party, celebrating a special occasion, or simply enjoying a glass midweek, this champagne stopper is a must-have accessory for wine lovers and entertainers alike.
Perfect Gift Idea
Stylish and practical, the Gold Champagne Stopper makes a thoughtful gift for birthdays, weddings, anniversaries, or housewarmings. Pair it with a bottle of bubbly for a luxurious touch.
Why Choose Our Champagne Stopper?
Unlike plastic or flimsy alternatives, our stopper combines premium materials with sleek design, ensuring long-lasting performance and a secure fit every time. Say goodbye to flat fizz and hello to fresh pours.
Upgrade your wine experience with the Gold Champagne Stopper – where elegance meets everyday utility.
Order now and keep the celebration going, one pop at a time.",instock,50(Ø)mm | Will fit most champagne and wine bottles,,,,,,,,Beer & Wine Accessories > Bottle Sealers
3885,Gold Plated Muddler 9″,Beaumont,Cocktail Muddlers,7.29,https://beaumonttm.co.uk/product/gold-plated-muddler-9/,https://beaumonttm.co.uk/wp-content/uploads/3885-Gold-Plated-Muddler-9inch-1-scaled.jpg,"Perfect for creating interesting and tasteful cocktails, Beaumont’s gold cocktail muddler is a great addition to any bartender’s arsenal. The muddler helps to crush fruits, herbs and spices to release flavour – making for a better tasting drink. Use within a mixing cup to make muddling easier.
Constructed from sturdy stainless in a stylish gold finish, this cocktail muddler is designed for bartenders and professionals alike. It features a textured rubber head to release the full flavour within your ingredients.",instock,,,,,,,,,Cocktail Tools > Cocktail Muddlers
3882,Stainless Steel Bell Jigger 25ml/50ml,Beaumont,Cocktail Jigger Measures,6.69,https://beaumonttm.co.uk/product/stainless-steel-bell-jigger-25ml-50ml/,https://beaumonttm.co.uk/wp-content/uploads/3882-Stainless-Steel-Bell-Jigger-25ml-50ml-1.jpg,"Elevate your bartending skills with the classic stainless steel bell jigger by Beaumont. This bar essential ensures consistent shot measurements with its double-ended design, featuring precise internal markings. Pouring is a breeze, thanks to its wide opening. And, with an hourglass shape, you can flip the jigger easily – perfect if you like putting on a show whilst making cocktails.
Crafted from durable stainless steel, this Beaumont jigger is not only stylish but also dishwasher safe for easy cleaning after use.
Product features
Capacity: 0.025 Ltr
Dimensions: 80(H) x 52(W)mm
Material: Stainless Steel
Colour: Silver
Stainless steel body ensures durability and long-lasting use
Precise, accurate and consistent measurements
Perfect for measuring out cocktail ingredients
Dishwasher safe
Perfect for measuring out cocktail ingredients
This product is not government stamped",instock,25/50ml | Dimensions 80(H) x 52(W)mm,,,,,,,,Cocktail Tools > Cocktail Jigger Measures
3883,Copper Plated Bell Jigger 25ml/50ml,Beaumont,Cocktail Jigger Measures,8.29,https://beaumonttm.co.uk/product/copper-plated-bell-jigger-25ml-50ml/,https://beaumonttm.co.uk/wp-content/uploads/3883-Copper-Plated-Bell-Jigger-25ml-50ml.jpg,"Elevate your bartending skills with the classic copper bell jigger by Beaumont. This bar essential ensures consistent shot measurements with its double-ended design, featuring precise internal markings. Pouring is a breeze, thanks to its wide opening. And, with an hourglass shape, you can flip the jigger easily – perfect if you like putting on a show whilst making cocktails.
Crafted from durable stainless steel with an elegant copper-plated finish, this Beaumont jigger is not only stylish but also dishwasher safe for easy cleaning after use.",instock,,,,,,,,,Cocktail Tools > Cocktail Jigger Measures
3884,Gold Plated Bell Jigger 25/50ml,Beaumont,Cocktail Jigger Measures,9.29,https://beaumonttm.co.uk/product/gold-plated-bell-jigger-25ml-50ml/,https://beaumonttm.co.uk/wp-content/uploads/3884-Gold-Plated-Bell-Jigger-25ml-50ml.jpg,"Elevate your bartending skills with the classic gold bell jigger by Beaumont. This bar essential ensures consistent shot measurements with its double-ended design, featuring precise internal markings. Pouring is a breeze, thanks to its wide opening. And, with an hourglass shape, you can flip the jigger easily – perfect if you like putting on a show whilst making cocktails.
Crafted from durable stainless steel with an elegant gold-plated finish, this Beaumont jigger is not only stylish but also dishwasher safe for easy cleaning after use.",instock,,,,,,,,,Cocktail Tools > Cocktail Jigger Measures
3881,Gold Plated Banded Jigger 25/35/50ml,Beaumont,Cocktail Jigger Measures,7.29,https://beaumonttm.co.uk/product/25-35-50ngs-gold-plated-banded-jigger-measure/,https://beaumonttm.co.uk/wp-content/uploads/3881-25-35-50NGS-Gold-Plated-Banded-Jigger-Measure.jpg,"Elevate your bartending skills with the gold banded jigger by Beaumont. This bar essential ensures consistent shot measurements with its double-ended design, featuring precise internal markings. Pouring is a breeze, thanks to its wide opening. And, with an hourglass shape, you can flip the jigger easily – perfect if you like putting on a show whilst making cocktails.
Crafted from durable stainless steel, this Beaumont jigger is not only stylish but also dishwasher safe for easy cleaning after use.",instock,,,,,,,,,Cocktail Tools > Cocktail Jigger Measures
3178,Professional Stainless Steel Jigger 25/50ml,Beaumont,Cocktail Jigger Measures,2.99,https://beaumonttm.co.uk/product/25ml-50ml-ngs-professional-cocktail-jigger/,https://beaumonttm.co.uk/wp-content/uploads/3178-Professional-25-50ml-s-st-Jigger.jpg,"Constructed from high-quality stainless steel, this classic-shaped jigger from Beaumont is an indispensable tool for crafting cocktails. With both 25ml and 50ml dispense options, it allows for precise measurement of ingredients, essential for creating consistently well-balanced drinks.",instock,,,Stainless Steel,,25ml | 50ml,0.040,8.5,,Cocktail Tools > Cocktail Jigger Measures
3346,Copper Plated Boston Can Set – Weighted 18oz/28oz,Beaumont,Cocktail Shakers,19.59,https://beaumonttm.co.uk/product/copper-weighted-tin-on-tin/,https://beaumonttm.co.uk/wp-content/uploads/3346-Copper-Boston-Can-Set-IN-USE.jpg,"A well-balanced and beautiful copper plated Boston Can set that makes cocktail shaking a breeze. Don’t worry about getting your cans stuck together, this 18 oz & 28 oz set have been designed for a perfect marriage.",instock,Copper Plated 28oz and 18oz Boston Can Set,,Copper Plated,Mezclar,18oz &amp; 28oz,0.424,17.5,https://beaumonttm.co.uk/wp-content/uploads/3346-Copper-Boston-Can-set-2.jpg,Cocktail Tools > Cocktail Shakers
3880,Boston Can Set Gold Plated 28oz/18oz,Beaumont,Cocktail Shakers,21.59,https://beaumonttm.co.uk/product/gold-plated-28oz-18oz-boston-can-set/,https://beaumonttm.co.uk/wp-content/uploads/3880-Gold-Plated-28oz-18oz-Boston-Can-Set-1-scaled.jpg,"Improve your cocktail skills and mix with flair using the Beaumont Boston shaker. Crafted from stainless steel, this classic cocktail shaker comprises two gold-plated tins (828ml and 532ml) that neatly nestle together. It’s incredibly easy to use – no fussing with multiple lids and strainers required. For exceptionally smooth cocktails, pair it with Beaumont’s Hawthorne strainer.",instock,,,,,,,,,Cocktail Tools > Cocktail Shakers
3559C,Boston Glasses 16oz (Case of 24),Beaumont,Cocktail Shakers & Mixing Glasses,,https://beaumonttm.co.uk/product/boston-glasses-16oz-case-of-24/,https://beaumonttm.co.uk/wp-content/uploads/3532-Weighted-Boston-Glass-160z.jpg,"Elevate your cocktail creations with the Boston shaker glass. Designed for use with 28oz Boston cocktail shakers, this essential bartending tool offers a durable and stylish design. Its generous 473ml/16oz capacity allows you to effortlessly make multiple drinks at once, making it perfect for busy bars or restaurants.",instock,,,,,,,,,Cocktail Shakers & Mixing Glasses
3580,Home Bar Dispenser Kit,Beaumont,Spirit Measure Brackets,15.89,https://beaumonttm.co.uk/product/professional-home-bar-dispenser/,https://beaumonttm.co.uk/wp-content/uploads/3580-Home-Bar-Dispenser-Kit-Measure-Bracket-1.jpg,"Create your own optic set up at home with this home bar dispenser kit from Beaumont. With everything you need to dispense like a pro, it’s never been as easy. Making a great gift for a budding bar tender.
Designed for use with a 70cl / 1L bottle, the large capacity means you save time on restocking. This allows you to put your feet up and enjoy a cold one from the comfort of your own home.
Easy to set up, the dispenser kit is great for home use – saving a trip to the bar.",instock,Kit contains 1 x 3103 25ml Solo Measure and 1 x 3201 Standard Shelf Bracket; As used in 1000s of commercial bars; Easy to attached and use; Trouble-free smooth action; Adjustable to fit different size bottles (70cl to 1 litre standard bottles); Perfect gift idea; Great for parties!,,,,,,,https://beaumonttm.co.uk/wp-content/uploads/3580-Home-Bar-Dispenser-Kit-Measure-Bracket-2.jpg | https://beaumonttm.co.uk/wp-content/uploads/3580-Home-Bar-Dispenser-Kit-Measure-Bracket-3.jpg | https://beaumonttm.co.uk/wp-content/uploads/Home-Bar-Dispenser-how-it-works.jpg,Spirit Measure Brackets ; Spirit Measures
3356,Deluxe Cocktail Shaker Stainless Steel 8oz,Beaumont,Cocktail Shakers,4.29,https://beaumonttm.co.uk/product/8oz-236ml-deluxe-cocktail-shaker/,https://beaumonttm.co.uk/wp-content/uploads/3356-8oz-Deluxe-Cocktail-Shaker.jpg,"Crafted from stainless steel, this 8oz (236ml) deluxe cocktail shaker from Beaumont is ideal for small and quick cocktails. Its classic three-piece design is easy to use and includes a built-in strainer.",instock,,,Stainless Steel,,8oz,0.145,15.3,,Cocktail Tools > Cocktail Shakers
3650,Heavy Duty Mexican Elbow Chrome,Beaumont,Cocktail Equipment – Utensils & Tools,13.29,https://beaumonttm.co.uk/product/heavy-duty-mexican-elbow-lemon-lime-squeezer/,https://beaumonttm.co.uk/wp-content/uploads/3650-Heavy-Duty-Mexican-Elbow-Closed.jpg,"Guarantee freshness when it comes to juices with this chrome plated Mexican elbow from Beaumont. Designed for easy use, this squeezer makes juicing efficient – saving staff time for more pressing tasks.
The heavy duty construction is durable. Making the Beaumont juicer perfect for heavy use, perfect for busy shifts serving cocktails and other drinks.",instock,Efficiently squeezes limes and lemons; Heavy duty; Chrome plated,Chrome,,,,0.380,21.9x7.2x5.3,https://beaumonttm.co.uk/wp-content/uploads/3650-Heavy-Duty-Mexican-Elbow-Open.jpg,Cocktail Tools > Cocktail Equipment
3926,20ml Glass Dropper Bottle,Beaumont,Bitters Bottles,0.99,https://beaumonttm.co.uk/product/20ml-glass-dropper-bottle/,https://beaumonttm.co.uk/wp-content/uploads/3926-20ml-Glass-Dropper-Bottle.jpg,"This Beaumont 20ml glass dropper bottle is ideal for precisely controlling the amount of liquid you add when crafting cocktails or drinks. Whether you’re a mixology novice or a seasoned professional, this tool will be a valuable addition to your kit. Use it to add essences of flavour such as vanilla, mint and strawberry, enhancing both the preparation and presentation of your cocktails.",instock,Great for controlled dispensing; Used to add an essence of flavour,,,,,0.040,9.6,https://beaumonttm.co.uk/wp-content/uploads/3926-20ml-Glass-Dropper-Bottle-Lifestyle-2-scaled.jpg | https://beaumonttm.co.uk/wp-content/uploads/3926-20ml-Glass-Dropper-Bottle-Lifestyle-1-scaled.jpg | https://beaumonttm.co.uk/wp-content/uploads/3926-20ml-Glass-Dropper-Bottle-Lifestyle-3-scaled.jpg | https://beaumonttm.co.uk/wp-content/uploads/3926-20ml-Glass-Dropper-Bottle-Lifestyle-8-scaled.jpg | https://beaumonttm.co.uk/wp-content/uploads/3926-20ml-Glass-Dropper-Bottle-Lifestyle-6-scaled.jpg | https://beaumonttm.co.uk/wp-content/uploads/3926-20ml-Glass-Dropper-Bottle-Lifestyle-4-scaled.jpg,Cocktail Tools > Bitters Bottles ; Cocktail Tools ; Pouring
3914B,Bar Shelf Tile,Beaumont,Bar Mats,,https://beaumonttm.co.uk/product/bar-shelf-tile-12-x-3-5/,https://beaumonttm.co.uk/wp-content/uploads/3915B-Bar-Shelf-Tile-12x3.5inch-1.jpg,Black plastic interlocking bar shelf mats. Clip the mats together to provide a protective gap between your bar shelves and your glasses.,instock,For use in the bar mat wells; For use in speed rails to stop bottle breakages; Easy to keep clean,Black,,,"12""",0.105,31x9.1x1.4,https://beaumonttm.co.uk/wp-content/uploads/3915B-Bar-Shelf-Tile-12x3.5inch-2-scaled.jpg | https://beaumonttm.co.uk/wp-content/uploads/3915B-Bar-Shelf-Tile-12x3.5inch-3-scaled.jpg,Bar Mats
3764A,Insert for Condiment Holder 1.5 Pint,Beaumont,Condiment Holders,1.99,https://beaumonttm.co.uk/product/spare-insert-1-%c2%bd-pint/,https://beaumonttm.co.uk/wp-content/uploads/3764A-Spare-Insert-1.5-Pint.jpg,"Keep condiments organised with this insert for a condiment holder from Beaumont. Suitable for 5 part and 6 part condiment holders, 1 1/2 pint inserts are larger than the inserts supplied with your Stainless Steel Condiment Holder – allowing you to rearrange your condiments based on volume needed to suit your particular needs.",instock,Suitable for 5 part and 6 part condiment holders,,Plastic,,1 1/2 Pint | 1.5 Pint,0.046,14.1x11.2x7.2,,Condiment Holders
3764B,Insert for Condiment Holder 1 Quart,Beaumont,Condiment Holders,1.99,https://beaumonttm.co.uk/product/spare-insert-1-quart/,https://beaumonttm.co.uk/wp-content/uploads/3764A-Spare-Insert-1.5-Pint.jpg,"Keep condiments organised with this insert for a condiment holder from Beaumont. Suitable for 5 part and 6 part condiment holders, 1 Quart inserts are larger than the inserts supplied with your Stainless Steel Condiment Holder – allowing you to rearrange your condiments based on volume needed to suit your particular needs.",instock,Suitable for 5 part and 6 part condiment holders,,Plastic,,1 quart,0.057,14.9x14.1x7.2,,Condiment Holders
3486B,Bottle Skip Castors Black (Set of 4),Beaumont,Bottle Skips,16.49,https://beaumonttm.co.uk/product/replacement-black-bottle-skip-castors-set-of-4/,https://beaumonttm.co.uk/wp-content/uploads/Replacement-Castors-Set-of-4-black-skips-scaled.jpg,"These durable and reliable castors are designed to fit seamlessly with Beaumont’s range of Black Bottle Skips, ensuring smooth mobility and easy maneuverability. Crafted with high-quality materials, these castors are built to withstand heavy loads and frequent use, making them ideal for commercial environments such as bars, restaurants, hotels, and catering services.",instock,Compatible with our black bottle skips,,,,,,,https://beaumonttm.co.uk/wp-content/uploads/Replacement-Castors-Set-of-4-black-skips-1-scaled.jpg,"Bottle Skips, Storage & Bins > Bottle Skips"
3963,Oil Pot Stainless Steel 500ml,Beaumont,Food Service – Table Service,10.29,https://beaumonttm.co.uk/product/500ml-oil-pot-stainless-steel/,https://beaumonttm.co.uk/wp-content/uploads/3963-Oil-Pot-500ml-Stainless-Steel.jpg,"Pour oil in a controlled fashion with this oil pot from Beaumont. Purpose designed for ease of pouring, the pot allows you to drizzle your desired amount of oil for cooking or dressing. Therefore, ensuring your dish looks and taste exactly as intended.
The stainless steel design boasts a sleek finish which looks great on display in an open kitchen – with clear capacity engraving for classic look.
Made from stainless steel also means the Beaumont oil pot is durable, making it great for use in a professional kitchen.",instock,,,Stainless Steel,,500ml,0.233,22x10.4x18.7,https://beaumonttm.co.uk/wp-content/uploads/3963-500ml-Oil-Pot-Lifestyle-crop.jpg,Food Service
3957,Galvanised Tin Serving Platter Round 12″,Beaumont,Food Service – Buffet & Display,,https://beaumonttm.co.uk/product/12-round-serving-platter-galvanised-tin/,https://beaumonttm.co.uk/wp-content/uploads/3957-12inch-Round-Serving-Platter-Galvanised-Tin.jpg,"Serve sharers in style with this galvanised- tin platter from Beaumont. With a rustic-look, the serving tin is great for large platters of food – creating a personal, homely feel.
Made from galvanised tin, the Beaumont platter is robust – great for use in a professional environment.",instock,,,,,,39.8,36.5xx5.1,https://beaumonttm.co.uk/wp-content/uploads/3957-12inch-Round-Serving-Platter-Lifestyle-5.jpg | https://beaumonttm.co.uk/wp-content/uploads/3957-12inch-Round-Serving-Platter-Lifestyle-6.jpg | https://beaumonttm.co.uk/wp-content/uploads/3957-12inch-Round-Serving-Platter-Lifestyle-7.jpg | https://beaumonttm.co.uk/wp-content/uploads/3957-12inch-Round-Serving-Platter-Lifestyle-8.jpg | https://beaumonttm.co.uk/wp-content/uploads/3957-12inch-Round-Serving-Platter-Lifestyle-9.jpg | https://beaumonttm.co.uk/wp-content/uploads/3957-12inch-Round-Serving-Platter-Lifestyle-2.jpg | https://beaumonttm.co.uk/wp-content/uploads/3957-12inch-Round-Serving-Platter-Lifestyle-1.jpg | https://beaumonttm.co.uk/wp-content/uploads/3957-12inch-Round-Serving-Platter-Lifestyle-3.jpg | https://beaumonttm.co.uk/wp-content/uploads/3957-12inch-Round-Serving-Platter-Lifestyle-4.jpg,Food Service
3964,20 Spike Meat Tenderiser,Beaumont,Food Service – Utensils & Tools,,https://beaumonttm.co.uk/product/meat-tenderiser-20-spikes/,https://beaumonttm.co.uk/wp-content/uploads/3964-Meat-Tenderise-20-Spikes.png,"The Beaumont meat tenderiser caters to both professional chefs and home cooks alike. Made from durable 430 stainless steel, its 20 sharp spikes penetrate deep into the meat, effectively breaking down tough fibres to enhance texture and taste.
Built to withstand regular use in busy kitchens, the Beaumont meat tenderiser is ideal for tenderising all types of meats including beef, pork and chicken. The ergonomic handle provides a comfortable grip, allowing for easy and efficient use without straining your hand.",instock,,,,,,0.092,5.1x5.1x19.1,https://beaumonttm.co.uk/wp-content/uploads/3964-Meat-Tenderiser-scaled.jpeg,Food Service
3962,Single Burger Press 12x12x8.5cm,Beaumont,Food Service – Utensils & Tools,7.19,https://beaumonttm.co.uk/product/burger-press-12x12x8-5cm/,https://beaumonttm.co.uk/wp-content/uploads/3962-Single-Burger-Press-12x12x8.5cms.png,"Make a large amount of high-quality burgers quickly and consistently with this burger press from Beaumont. Made from durable material, the press was built to last – ensuring it can withstand vigorous use.
Its soft touch handle gives you comfort and control – great for long shifts during busy service.
The clever, purpose built design facilities speedy preparation of burgers. Meaning the Beaumont burger press ensures perfectly shaped, delicious meals every time.",instock,,,,,,0.246,8,https://beaumonttm.co.uk/wp-content/uploads/3962-Burger-Press-in-use-scaled.jpeg,Food Service
3668,Black Handled Can Opener,Beaumont,Food Service – Utensils & Tools,11.29,https://beaumonttm.co.uk/product/black-handled-can-opener/,https://beaumonttm.co.uk/wp-content/uploads/3668-Black-Handled-Can-Opener.png,"Ensure efficiency with this black can from Beaumont. A simple but essential tool for bars, pubs and restaurants. Designed with a smooth, reliable mechanism for effective use over a long period of time.",instock,,,,,,0.149,5x4.9x17.9,,Food Service
3961,Black Pizza Cutter 4″,Beaumont,Food Service – Pizza Service,,https://beaumonttm.co.uk/product/pizza-cutter-black/,https://beaumonttm.co.uk/wp-content/uploads/3961-Pizza-Cutter-Black.png,"Slice your pizza with ease and style using the Beaumont Black Pizza Cutter. Designed for both home kitchens and professional pizzerias, this sleek, black-handled cutter combines functionality with a modern aesthetic. 
Beaumont is a trusted name in kitchenware, known for delivering high-quality, reliable products that meet the demands of both home and professional kitchens. Our Black Pizza Cutter is no exception, offering a combination of durability, efficiency, and style that enhances your pizza-making experience.",instock,,Black,,,"4""",0.183,10.5x21x23.4,,Food Service
3691RU,Rustic Wine Glass Rack 10″,Beaumont,Glass Hangers,3.59,https://beaumonttm.co.uk/product/10-glass-hanger-rustic/,https://beaumonttm.co.uk/wp-content/uploads/3691RU-10inch-Glass-Hanger-Rustic-Finish-without-glasses.jpg,"Enhance your storage space with this 255mm rustic wine glass rack from Beaumont. The rack is ceiling and undercounter mountable, freeing up cupboard space – perfect for use at the bar or in back of house areas, where storage is limited.
As the rack stores glasses upside down, they dry faster – making for a quicker turn around of clean glasses.
Plus as they’re stored out of the way, accidents are minimised as glasses are less likely to get knocked over accidentally.",instock,,Rustic,,,"10""",0.185,25x11.5x4.2,https://beaumonttm.co.uk/wp-content/uploads/3691RU-10inch-Glass-Hanger-Rustic-Finish-with-glasses-not-included.jpg,Glass Hangers
3692RU,Rustic Wine Glass Rack 16″,Beaumont,Glass Hangers,4.39,https://beaumonttm.co.uk/product/16-glass-hanger-rustic/,https://beaumonttm.co.uk/wp-content/uploads/3692RU-16inch-Glass-Hanger-Rustic-Finish-without-glasses.jpg,"Enhance your storage space with this 410mm rustic wine glass rack from Beaumont. The rack is ceiling and undercounter mountable, freeing up cupboard space – perfect for use at the bar or in back of house areas, where storage is limited.
As the rack stores glasses upside down, they dry faster – making for a quicker turn around of clean glasses.
Plus as they’re stored out of the way, accidents are minimised as glasses are less likely to get knocked over accidentally.",instock,,Rustic,,,"16""",0.252,40.5x11.5x4.2,https://beaumonttm.co.uk/wp-content/uploads/3692RU-16inch-Glass-Hanger-Rustic-Finish-with-glasses-not-included-scaled.jpg,Glass Hangers
3693RU,Rustic Wine Glass Rack 24″,Beaumont,Glass Hangers,5.49,https://beaumonttm.co.uk/product/24-glass-hanger-rustic/,https://beaumonttm.co.uk/wp-content/uploads/3693RU-24inch-Glass-Hanger-Rustic-Finish-without-glasses-scaled.jpg,"Enhance your storage space with this 609mm rustic wine glass rack from Beaumont. The rack is ceiling and undercounter mountable, freeing up cupboard space – perfect for use at the bar or in back of house areas, where storage is limited.
As the rack stores glasses upside down, they dry faster – making for a quicker turn around of clean glasses.
Plus as they’re stored out of the way, accidents are minimised as glasses are less likely to get knocked over accidentally.",instock,,Rustic,,,"24""",0.340,60.5x15.5x4.1,https://beaumonttm.co.uk/wp-content/uploads/3693RU-24inch-Glass-Hanger-Rustic-Finish-with-glasses-not-included-scaled.jpg,Glass Hangers
3971C,Clear Squeeze Sauce Bottle 8oz,Beaumont,Squeeze Bottles,1.99,https://beaumonttm.co.uk/product/8oz-squeeze-bottle-clear/,https://beaumonttm.co.uk/wp-content/uploads/3971C-8oz-Squeeze-Bottle-Clear.jpg,"Dispense sauce easily with this small squeeze sauce bottle from Beaumont. Simply squeeze to release sauce, to produce beautifully presented dishes with ultimate control over drizzling and decorating.
The clear bottle makes sauce inside easy to identify, ensuring you dispense the correct condiment first time.
Made from durable plastic, the Beaumont sauce bottle is robust. Therefore, making it great for heavy use by customers, without getting damaged.",instock,"Simple squeezy action for easy control; Ideal for sauces, garnishes, drizzling and decorating",Clear,Plastic,,8oz,0.030,18.2,https://beaumonttm.co.uk/wp-content/uploads/3971C-3972C-3973C-Squeeze-Bottles-Clear.jpg,Food Service > Squeeze Bottles
3972C,Clear Squeeze Sauce Bottle 12oz,Beaumont,Squeeze Bottles,1.99,https://beaumonttm.co.uk/product/12oz-squeeze-bottle-clear/,https://beaumonttm.co.uk/wp-content/uploads/3972C-12oz-Squeeze-Bottle-Clear.jpg,"Dispense sauce easily with this medium squeeze sauce bottle from Beaumont. Simply squeeze to release sauce, to produce beautifully presented dishes with ultimate control over drizzling and decorating.
The clear bottle makes sauce inside easy to identify, ensuring you dispense the correct condiment first time.
Made from durable plastic, the Beaumont sauce bottle is robust. Therefore, making it great for heavy use by customers, without getting damaged.",instock,"Simple squeezy action for easy control; Ideal for sauces, garnishes, drizzling and decorating",Clear,Plastic,,12oz,0.038,18.9,https://beaumonttm.co.uk/wp-content/uploads/3971C-3972C-3973C-Squeeze-Bottles-Clear.jpg,Food Service > Squeeze Bottles
3973C,Clear Squeeze Sauce Bottle 24oz,Beaumont,Squeeze Bottles,2.99,https://beaumonttm.co.uk/product/24oz-squeeze-bottle-clear/,https://beaumonttm.co.uk/wp-content/uploads/3973C-24oz-Squeeze-Bottle-Clear.jpg,"Dispense sauce easily with this large squeeze sauce bottle from Beaumont. Simply squeeze to release sauce, to produce beautifully presented dishes with ultimate control over drizzling and decorating.
The clear bottle makes sauce inside easy to identify, ensuring you dispense the correct condiment first time.
Made from durable plastic, the Beaumont sauce bottle is robust. Therefore, making it great for heavy use by customers, without getting damaged.",instock,"Simple squeezy action for easy control; Ideal for sauces, garnishes, drizzling and decorating",Red,Plastic,,24oz,0.055,24.4,https://beaumonttm.co.uk/wp-content/uploads/3971C-3972C-3973C-Squeeze-Bottles-Clear.jpg,Food Service > Squeeze Bottles
3971R,Squeeze Sauce Bottle Red 8oz,Beaumont,Squeeze Bottles,,https://beaumonttm.co.uk/product/8oz-squeeze-bottle-red/,https://beaumonttm.co.uk/wp-content/uploads/3971R-8oz-Squeeze-Bottle-Red.jpg,"Dispense sauce easily with this squeeze sauce bottle from Beaumont. Simply squeeze to release sauce, to produce beautifully presented dishes with ultimate control over drizzling and decorating.
The red bottle makes sauce inside easy to identify, as it is universally known for ketchup.
Made from durable plastic, the Beaumont sauce bottle is robust. Therefore, making it great for heavy use by customers, without getting damaged.",instock,"Simple squeezy action for easy control; Ideal for sauces, garnishes, drizzling and decorating",Red,Plastic,,8oz,0.030,18.2,https://beaumonttm.co.uk/wp-content/uploads/3971R-3972R-3973R-Squeeze-Bottles-Red.jpg,Food Service > Squeeze Bottles
3972R,Red Squeeze Sauce Bottle 12oz,Beaumont,Squeeze Bottles,1.99,https://beaumonttm.co.uk/product/12oz-squeeze-bottle-red/,https://beaumonttm.co.uk/wp-content/uploads/3972R-12oz-Squeeze-Bottle-Red.jpg,"Dispense sauce easily with this squeeze sauce bottle from Beaumont. Simply squeeze to release sauce, to produce beautifully presented dishes with ultimate control over drizzling and decorating.
The red bottle makes sauce inside easy to identify, as it is universally known for ketchup.
Made from durable plastic, the Beaumont sauce bottle is robust. Therefore, making it great for heavy use by customers, without getting damaged.",instock,"Simple squeezy action for easy control; Ideal for sauces, garnishes, drizzling and decorating",Red,Plastic,,12oz,0.038,18.9,https://beaumonttm.co.uk/wp-content/uploads/3971R-3972R-3973R-Squeeze-Bottles-Red.jpg,Food Service > Squeeze Bottles
3973R,Red Squeeze Sauce Bottle 24oz,Beaumont,Squeeze Bottles,,https://beaumonttm.co.uk/product/24oz-squeeze-bottle-red/,https://beaumonttm.co.uk/wp-content/uploads/3973R-24oz-Squeeze-Bottle-Red.jpg,"Dispense sauce easily with this squeeze sauce bottle from Beaumont. Simply squeeze to release sauce, to produce beautifully presented dishes with ultimate control over drizzling and decorating.
The red bottle makes sauce inside easy to identify, as it is universally known for ketchup.
Made from durable plastic, the Beaumont sauce bottle is robust. Therefore, making it great for heavy use by customers, without getting damaged.",instock,"Simple squeezy action for easy control; Ideal for sauces, garnishes, drizzling and decorating",Red,Plastic,,24oz,0.055,24.4,https://beaumonttm.co.uk/wp-content/uploads/3971R-3972R-3973R-Squeeze-Bottles-Red.jpg,Food Service > Squeeze Bottles
3971Y,Squeeze Sauce Bottle Yellow 8oz,Beaumont,Squeeze Bottles,1.99,https://beaumonttm.co.uk/product/8oz-squeeze-bottle-yellow/,https://beaumonttm.co.uk/wp-content/uploads/3971Y-8oz-Squeeze-Bottle-Yellow.jpg,"Dispense sauce easily with this squeeze sauce bottle from Beaumont. Simply squeeze to release sauce, to produce beautifully presented dishes with ultimate control over drizzling and decorating.
The yellow bottle makes sauce inside easy to identify, as it is universally known for mustard.
Made from durable plastic, the Beaumont sauce bottle is robust. Therefore, making it great for heavy use by customers, without getting damaged.",instock,"Simple squeezy action for easy control; Ideal for sauces, garnishes, drizzling and decorating",Yellow,Plastic,,8oz,0.030,18.2,https://beaumonttm.co.uk/wp-content/uploads/3971Y-3972Y-3973Y-Squeeze-Bottles-Yellow.jpg,Food Service > Squeeze Bottles
3972Y,Yellow Squeeze Sauce Bottle 12oz,Beaumont,Squeeze Bottles,1.99,https://beaumonttm.co.uk/product/12oz-squeeze-bottle-yellow/,https://beaumonttm.co.uk/wp-content/uploads/3972Y-12oz-Squeeze-Bottle-Yellow.jpg,"Dispense sauce easily with this squeeze sauce bottle from Beaumont. Simply squeeze to release sauce, to produce beautifully presented dishes with ultimate control over drizzling and decorating.
The yellow bottle makes sauce inside easy to identify, as it is universally known for mustard.
Made from durable plastic, the Beaumont sauce bottle is robust. Therefore, making it great for heavy use by customers, without getting damaged.",instock,"Simple squeezy action for easy control; Ideal for sauces, garnishes, drizzling and decorating",Yellow,Plastic,,12oz,0.038,18.9,https://beaumonttm.co.uk/wp-content/uploads/3971Y-3972Y-3973Y-Squeeze-Bottles-Yellow.jpg,Food Service > Squeeze Bottles
3973Y,Yellow Squeeze Sauce Bottle 24oz,Beaumont,Squeeze Bottles,,https://beaumonttm.co.uk/product/24oz-squeeze-bottle-yellow/,https://beaumonttm.co.uk/wp-content/uploads/3973Y-24oz-Squeeze-Bottle-Yellow.jpg,"Dispense sauce easily with this squeeze sauce bottle from Beaumont. Simply squeeze to release sauce, to produce beautifully presented dishes with ultimate control over drizzling and decorating.
The yellow bottle makes sauce inside easy to identify, as it is universally known for mustard.
Made from durable plastic, the Beaumont sauce bottle is robust. Therefore, making it great for heavy use by customers, without getting damaged.",instock,"Simple squeezy action for easy control; Ideal for sauces, garnishes, drizzling and decorating",Yellow,Plastic,,24oz,0.055,24.4,https://beaumonttm.co.uk/wp-content/uploads/3971Y-3972Y-3973Y-Squeeze-Bottles-Yellow.jpg,Food Service > Squeeze Bottles
3570,Hawthorne Strainer 2-Prong,Beaumont,Cocktail Strainers,3.99,https://beaumonttm.co.uk/product/hawthorne-strainer-2-ear/,https://beaumonttm.co.uk/wp-content/uploads/3570-Hawthorne-Strainer-2-Prong.jpg,"The king of cocktail strainers, this classic Hawthorne Strainer with its unmistakable shape features 2 ears for added stability during the pour.",instock,,,Stainless Steel,,,0.044,14.2x9.1x2.6,,Cocktail Tools > Cocktail Strainers
3365,Euro Strainer Stainless Steel,Beaumont,Cocktail Strainers,6.29,https://beaumonttm.co.uk/product/euro-strainer/,https://beaumonttm.co.uk/wp-content/uploads/3365-Euro-Strainer-1.jpg,"A Hawthorne-style strainer, the Euro Cocktail Strainer has been adapted to have a longer handle, a larger head, and more pouring holes than your typical Hawthorne strainer. The stainless steel build makes this strainer strong and easy to clean. A great all-rounder.",instock,Vintage eurostyle strainer; Weighted 124g; Tight and heavy spring 30g,,,,,0.124,20.1xx2.5,https://beaumonttm.co.uk/wp-content/uploads/3365-Euro-Strainer.jpg | https://beaumonttm.co.uk/wp-content/uploads/3365-Euro-Strainer-Lifestyle-1b.jpg | https://beaumonttm.co.uk/wp-content/uploads/3365-Euro-Strainer-3945-Tiki-Shaker-Lifestyle-1.jpg | https://beaumonttm.co.uk/wp-content/uploads/3365-Euro-Strainer-3945-Tiki-Shaker-Lifestyle-5.jpg | https://beaumonttm.co.uk/wp-content/uploads/3365-Euro-Strainer-3945-Tiki-Shaker-Lifestyle-21.jpg | https://beaumonttm.co.uk/wp-content/uploads/3365-Euro-Strainer-3945-Tiki-Shaker-Lifestyle-20.jpg | https://beaumonttm.co.uk/wp-content/uploads/3365-Euro-Strainer-3945-Tiki-Shaker-Lifestyle-15.jpg | https://beaumonttm.co.uk/wp-content/uploads/3365-Euro-Strainer-3945-Tiki-Shaker-Lifestyle-11.jpg | https://beaumonttm.co.uk/wp-content/uploads/3365-Euro-Strainer-3945-Tiki-Shaker-Lifestyle-25.jpg,Cocktail Tools > Cocktail Strainers
3729,Gorky Fine Mesh Strainer,Beaumont,Cocktail Strainers,3.99,https://beaumonttm.co.uk/product/gorky-strainer/,https://beaumonttm.co.uk/wp-content/uploads/3729-Gorky-Strainer.jpg,"Ensure your cocktails are silky-smooth with this Gorky strainer from Beaumont. Developed and designed with world-renowned flair champion Gorkem Harp, this one of a kind strainer should be used in place of your normal fine mesh strainer – i.e. when you need something to filter out the smaller cubes of ice, chunks and pips.
With deeper sides and an accurate, round shape, it makes straining precisely much easier – especially when you’re working quickly.
The Gorky Strainer allows you to pour a larger amount of liquid into the strainer, more quickly, so that you don’t have to slow down and exercise the more delicate hand needed for a regular fine mesh strainer.",instock,"Developed and designed with Gorkem Harp; German Flair Champion 2010, 2016 & 2019; Masters of Flair 1st place 2012; Turkish Champion 2014-2018; Scandinavian Champion 1st place Baltic Flaircomp 2010",,,,,0.075,20.9xx7.8,https://beaumonttm.co.uk/wp-content/uploads/3729-The-Gorky-Strainer-Lifestyle.jpg,Cocktail Tools > Cocktail Strainers
3965,Round Bread Basket Black 8″,Beaumont,Food Service – Table Service,3.99,https://beaumonttm.co.uk/product/8-round-bread-basket/,https://beaumonttm.co.uk/wp-content/uploads/3965-inch-Round-Bread-Basket.jpg,"Serve bread with a quirky flourish with this bread basket from Beaumont. With a charming, rustic presentation, the bread basket makes a great addition to any table, as it looks good as it serves a useful purpose.
The basket has versatile uses, meaning it can store a range of sides from bread to chicken tenders. So, whatever your restaurant or cafe provides – this Beaumont bread basket will make the perfect addition to your service",instock,,,,,"8""",,5,https://beaumonttm.co.uk/wp-content/uploads/3965-8inch-Round-Bread-Basket-Lifestyle-6.jpg | https://beaumonttm.co.uk/wp-content/uploads/3965-8inch-Round-Bread-Basket-Lifestyle-9.jpg | https://beaumonttm.co.uk/wp-content/uploads/3965-8inch-Round-Bread-Basket-Lifestyle-13.jpg | https://beaumonttm.co.uk/wp-content/uploads/3965-8inch-Round-Bread-Basket-Lifestyle-14.jpg | https://beaumonttm.co.uk/wp-content/uploads/3965-8inch-Round-Bread-Basket-Lifestyle-15.jpg | https://beaumonttm.co.uk/wp-content/uploads/3965-8inch-Round-Bread-Basket-Lifestyle-1.jpg,Food Service
3966,Bread Basket with Handles Black 8″,Beaumont,Food Service – Table Service,3.99,https://beaumonttm.co.uk/product/8-round-bread-basket-with-handles/,https://beaumonttm.co.uk/wp-content/uploads/3966-8inch-Bread-Basket-With-Handles.jpg,"Serve bread with a quirky flourish with this bread basket from Beaumont. With handles, the basket provides a deeper storage option – to hold a generous amount of food whilst being easy to transport.
With a charming, rustic presentation, the bread basket makes a great addition to any table, as it looks good as it serves a useful purpose.",instock,,,,,"8""",0.310,8.3,https://beaumonttm.co.uk/wp-content/uploads/3966-8inch-Bread-Basket-With-Handles-Lifestyle-2.jpg | https://beaumonttm.co.uk/wp-content/uploads/3966-8inch-Bread-Basket-With-Handles-Lifestyle-1.jpg | https://beaumonttm.co.uk/wp-content/uploads/3966-8inch-Bread-Basket-With-Handles-Lifestyle-3.jpg | https://beaumonttm.co.uk/wp-content/uploads/3966-8inch-Bread-Basket-With-Handles-Lifestyle-4.jpg | https://beaumonttm.co.uk/wp-content/uploads/3966-8inch-Bread-Basket-With-Handles-Lifestyle-5.jpg | https://beaumonttm.co.uk/wp-content/uploads/3966-8inch-Bread-Basket-With-Handles-Lifestyle-6.jpg,Food Service
3721,HSE Workplace First Aid Kit 1-10 Person,Beaumont,First Aid,16.49,https://beaumonttm.co.uk/product/hse-workplace-first-aid-kit-1-10-person/,https://beaumonttm.co.uk/wp-content/uploads/3721-1-10-HSE-Workplace-First-Aid-Kit.jpg,"Workplace first aid kit for 1-10 people, ideal for offices, warehouses and shops. Respond quickly and safely to accidents with this essential first aid item containing: 6 x Cleansing wipes, 1 Pair of vinyl gloves, 1 x Guidance note, 2x HSE eyepad dressing, 2 x large dressing, 6 x HSE medium dressing, 20 x Assorted plasters, 6 x Safety pins, 4 x Triangular bandage.",instock,"Ideal for offices, warehouses & shops",,,,,0.579,24.4x7.5x20.5,,First Aid
3497,Plastic Ice Bucket Foil Wrapped 6 Litre,Beaumont,"Coolers, Ice Buckets & Stands",22.59,https://beaumonttm.co.uk/product/6-litre-brushed-aluminium-effect-ice-bucket/,https://beaumonttm.co.uk/wp-content/uploads/3497-6-litre-foil-Wrapped-Ice-Bucket-2.jpg,"This 6L plastic ice bucket provides the economy and lightweight factor of plastic with the look and finish of brushed aluminium. Perfect for on the table or behind the bar, the lid ensures that your contents stay colder for longer.
Approximate Capacity: 6 Litres with liner, 7 Litres without liner.",instock,"Approximate Capacity: 6 Litres with liner, 7 Litres without liner.",Black | Silver,,,6 litre | 7 litre,1.006,19.8,https://beaumonttm.co.uk/wp-content/uploads/Ice-Bucket-6L-silver.jpg,"Beer & Wine Accessories > Coolers, Ice Buckets & Stands"
3492,Plastic Wine Cooler White 8 Litre,Beaumont,"Coolers, Ice Buckets & Stands",20.59,https://beaumonttm.co.uk/product/8-litre-white-plastic-wine-champagne-cooler/,https://beaumonttm.co.uk/wp-content/uploads/3492-8ltr-White-Plastic-Wine-Cooler-2.jpg,"This lightweight 8L wine cooler will handle multiple wine bottles, beer bottles or similar with ease. Ergonomically designed, the dual handles make for an easy carry. Whereas the 8L capacity still allows for plenty of ice!",instock,,White,Plastic,,8 litre,1.055,34.5x25.6x25.3,https://beaumonttm.co.uk/wp-content/uploads/3492-8ltr-White-Plastic-Wine-Cooler-1.jpg | https://beaumonttm.co.uk/wp-content/uploads/8Ltr-White-Cooler.jpg,"Beer & Wine Accessories > Coolers, Ice Buckets & Stands"
3722,HSE Workplace First Aid Kit 1-20 Person,Beaumont,First Aid,24.69,https://beaumonttm.co.uk/product/hse-workplace-first-aid-kit-1-20-person/,https://beaumonttm.co.uk/wp-content/uploads/3722-1-200-HSE-Workplace-First-Aid-Kit.jpg,"Workplace first aid kit for 1-20 people, ideal for offices, warehouses and shops. Respond quickly and safely to accidents with this essential first aid item containing: 10 x Cleansing wipes, 2 Pair of vinyl gloves, 1 x Guidance note, 4 x HSE eyepad dressing, 3 x large dressing, 9 x HSE medium dressing, 40 x Assorted plasters, 12 x Safety pins, 6 x Triangular bandage.",instock,"Ideal for offices, warehouses & shops",,,,,0.796,26.7x8.9x23.1,,First Aid
3401,Ceramic Tiki Mug With Handle Sea Green 425ml,Beaumont,Tiki,8.29,https://beaumonttm.co.uk/product/ceramic-tiki-mug-with-handle/,https://beaumonttm.co.uk/wp-content/uploads/3401-Ceramic-Tiki-Mug-With-Handle-425ml-Sea-Green-1.jpg,"Introduce unique and vibrant styles to your bar with this handled Tiki-themed mug from Beaumont. Handcrafted with care, this ceramic mug benefits from a quintessential Polynesian style that adds a touch of island charm to any occasion. Ideal for themed parties, casual gatherings or enhancing your home bar, this Tiki mug combines aesthetic appeal with practical use – making it ideal for serving cocktails or soft drinks.",instock,425ml; Sea Green,Green | Sea green,Ceramic,Tiki,425ml,,,https://beaumonttm.co.uk/wp-content/uploads/3401-Ceramic-Tiki-Mug-With-Handle-425ml-Sea-Green-2.jpg,Cocktail Tools > Tiki
3402,Ceramic Parrot Tiki Mug Yellow 750ml,Beaumont,Tiki,10.29,https://beaumonttm.co.uk/product/ceramic-parrot-tiki-mug/,https://beaumonttm.co.uk/wp-content/uploads/3402-Ceramic-Parrot-Tiki-Mug-750ml-Yellow.jpg,"Introduce unique and vibrant styles to your bar with this parrot Tiki-themed mug from Beaumont. Handcrafted with care, this ceramic mug adds a touch of fun to any occasion. Ideal for themed parties, casual gatherings or enhancing your home bar, this Tiki mug combines aesthetic appeal with practical use – making it ideal for serving cocktails or soft drinks.",instock,750ml; Yellow,Yellow,Ceramic,Tiki,750ml,,,,Cocktail Tools > Tiki
3403,Ceramic Easter Islander Tiki Mug Brown 450ml,Beaumont,Tiki,7.29,https://beaumonttm.co.uk/product/ceramic-easter-islander-tiki-mug/,https://beaumonttm.co.uk/wp-content/uploads/3403-Ceramic-Easter-Islander-Tiki-Mug-450ml-Medium-Brown.jpg,"Introduce unique and vibrant styles to your bar with this Easter Island Tiki-themed mug from Beaumont. Handcrafted with care, this ceramic mug benefits from a quintessential Polynesian style that adds a touch of island charm to any occasion. Ideal for themed parties, casual gatherings or enhancing your home bar, this Tiki mug combines aesthetic appeal with practical use – making it ideal for serving cocktails or soft drinks.",instock,450ml; Medium Brown,Brown | Medium Brown,Ceramic,Tiki,450ml,,,,Cocktail Tools > Tiki
3404,Ceramic Large Mouth Tiki Mug Jungle Green 650ml,Beaumont,Tiki,6.29,https://beaumonttm.co.uk/product/ceramic-large-mouth-tiki-mug/,https://beaumonttm.co.uk/wp-content/uploads/3404-Ceramic-Large-Mouth-Tiki-Mug-650ml-Jungle-Green.jpg,"Introduce unique and vibrant styles to your bar with this Tiki-themed mug from Beaumont. Handcrafted with care, this ceramic mug benefits from a quintessential Polynesian style that adds a touch of island charm to any occasion. Ideal for themed parties, casual gatherings or enhancing your home bar, this Tiki mug combines aesthetic appeal with practical use – making it ideal for serving cocktails or soft drinks.",instock,650ml; Jungle Green,Green | Jungle Green,Ceramic,Tiki,650ml,,,,Cocktail Tools > Tiki
3405,Ceramic Kon Tiki Mug Faded Green 630ml,Beaumont,Tiki,9.29,https://beaumonttm.co.uk/product/ceramic-kon-tiki-mug/,https://beaumonttm.co.uk/wp-content/uploads/3405-Ceramic-Kon-Tiki-Mug-630ml-Faded-Green-1.jpg,"Introduce unique and vibrant styles to your bar with this Tiki-themed mug from Beaumont. Handcrafted with care, this ceramic mug benefits from a quintessential Polynesian style that adds a touch of island charm to any occasion. Ideal for themed parties, casual gatherings or enhancing your home bar, this Tiki mug combines aesthetic appeal with practical use – making it ideal for serving cocktails or soft drinks.",instock,630ml; Faded Green,Faded Green | Green,Ceramic,Tiki,630ml,,,https://beaumonttm.co.uk/wp-content/uploads/3405-Ceramic-Kon-Tiki-Mug-630ml-Faded-Green-2.jpg,Cocktail Tools > Tiki
3406,Ceramic Coconut Tiki Mug Brown 500ml,Beaumont,Tiki,7.29,https://beaumonttm.co.uk/product/ceramic-coconut-tiki-mug/,https://beaumonttm.co.uk/wp-content/uploads/3406-Ceramic-Coconut-Tiki-Mug-500ml-Medium-Brown.jpg,"Introduce unique and vibrant styles to your bar with this Coconut Tiki-themed mug from Beaumont. Handcrafted with care, this ceramic mug adds a touch of fun to any occasion. Ideal for themed parties, casual gatherings or enhancing your home bar, this Tiki mug combines aesthetic appeal with practical use – making it ideal for serving cocktails or soft drinks.",instock,500ml; Medium Brown; Banana Colada Recipe; 50ml white rum; 40ml pineapple juice; 10ml Coconut Fruity Mix ODK; 10ml Banana Fruity Mix ODK; Pour all ingredients into a shaker filled with ice. Shake hard and strain in a tiki mug. Garnish and serve.,Brown | Medium Brown,Ceramic,Tiki,500ml,,,,Cocktail Tools > Tiki
3407,Ceramic Molokai Tiki Mug Brown 360ml,Beaumont,Tiki,8.29,https://beaumonttm.co.uk/product/ceramic-molokai-tiki-mug/,https://beaumonttm.co.uk/wp-content/uploads/3407-Ceramic-Molokai-Tiki-Mug-360ml-Brown-1.jpg,"Introduce unique and vibrant styles to your bar with this Tiki-themed mug from Beaumont. Handcrafted with care, this ceramic mug benefits from a quintessential Polynesian style that adds a touch of island charm to any occasion. Ideal for themed parties, casual gatherings or enhancing your home bar, this Tiki mug combines aesthetic appeal with practical use – making it ideal for serving cocktails or soft drinks.",instock,360ml; Brown,Brown,Ceramic,Tiki,360ml,,,https://beaumonttm.co.uk/wp-content/uploads/3407-Ceramic-Molokai-Tiki-Mug-360ml-Brown-2.jpg,Cocktail Tools > Tiki
3408,Ceramic Toscano Lono Tiki Mug 450ml,Beaumont,Tiki,11.29,https://beaumonttm.co.uk/product/ceramic-toscano-lono-tiki-mug/,https://beaumonttm.co.uk/wp-content/uploads/3408-Ceramic-Toscano-Lono-Tiki-Mug-450ml-Light-Coffee-Brown-1.jpg,"Introduce unique and vibrant styles to your bar with this Tiki-themed mug from Beaumont. Handcrafted with care, this ceramic mug benefits from a quintessential Polynesian style that adds a touch of island charm to any occasion. Ideal for themed parties, casual gatherings or enhancing your home bar, this Tiki mug combines aesthetic appeal with practical use – making it ideal for serving cocktails or soft drinks.",instock,450ml; Light & Coffee Brown; Falernum Long Tiki Recipe; 40ml aged rum; 20ml Falernum Syrup ODK; 20ml Natural Lime ODK; 10ml Cherry Fruity Mix ODK; Top with pineapple juice; Pour ingredients into an ice-filled tiki glass. Give a good stir. Garnish and serve.,Brown | Coffee | Coffee Brown | Light &amp; Coffee Brown | Light Brown,Ceramic,Tiki,450ml,,,https://beaumonttm.co.uk/wp-content/uploads/3408-Ceramic-Toscano-Lono-Tiki-Mug-450ml-Light-Coffee-Brown-2.jpg,Cocktail Tools > Tiki
3409,Ceramic Kane Tiki Mug 400ml,Beaumont,Tiki,12.29,https://beaumonttm.co.uk/product/ceramic-kane-tiki-mug/,https://beaumonttm.co.uk/wp-content/uploads/3409-Ceramic-Kane-Tiki-Mug-400ml-Light-Coffee-Brown-1.jpg,"Introduce unique and vibrant styles to your bar with this Tiki-themed mug from Beaumont. Handcrafted with care, this ceramic mug benefits from a quintessential Polynesian style that adds a touch of island charm to any occasion. Ideal for themed parties, casual gatherings or enhancing your home bar, this Tiki mug combines aesthetic appeal with practical use – making it ideal for serving cocktails or soft drinks.",instock,400ml; Light & Coffee Brown,Brown | Coffee | Coffee Brown | Light &amp; Coffee Brown | Light Brown,Ceramic,Mugs | Tiki,400ml,0.398,8x10x18,https://beaumonttm.co.uk/wp-content/uploads/3409-Ceramic-Kane-Tiki-Mug-400ml-Light-Coffee-Brown-2.jpg,Cocktail Tools > Tiki
3410,Ceramic Toscano Kanaloa Tiki Mug 450ml,Beaumont,Tiki,11.29,https://beaumonttm.co.uk/product/ceramic-toscano-kanaloa-tiki-mug/,https://beaumonttm.co.uk/wp-content/uploads/3410-Ceramic-Toscano-Kanaloa-Tiki-Mug-450ml-Light-Coffee-Brown-1.jpg,"Introduce unique and vibrant styles to your bar with this Tiki-themed mug from Beaumont. Handcrafted with care, this ceramic mug benefits from a quintessential Polynesian style that adds a touch of island charm to any occasion. Ideal for themed parties, casual gatherings or enhancing your home bar, this Tiki mug combines aesthetic appeal with practical use – making it ideal for serving cocktails or soft drinks.",instock,450ml; Light & Coffee Brown,Brown | Coffee | Coffee Brown | Light &amp; Coffee Brown | Light Brown,Ceramic,Tiki,450ml,,,https://beaumonttm.co.uk/wp-content/uploads/3410-Ceramic-Toscano-Kanaloa-Tiki-Mug-450ml-Light-Coffee-Brown-2.jpg,Cocktail Tools > Tiki
3168,Copper Straight Jigger 25/50ml,Beaumont,Cocktail Jigger Measures,3.99,https://beaumonttm.co.uk/product/copper-straight-jigger-mug-ngs/,https://beaumonttm.co.uk/wp-content/uploads/3168-Copper-Straight-Mini-Mule-Jigger-NGS-2.jpg,"This double-ended jigger is noticeable on the front or back bar thanks to an immaculate copper-plated finish. With a 25 ml and 50ml measure, this jigger is ready for a wide range of serves.",instock,"For measuring spirits and other alcohols when making cocktails; Lined at 10ml, 25ml, 35ml & 50ml *NGS; 60ml to brim *NGS",Copper,Copper Plated,,10ml | 25ml | 35ml | 50ml | 60ml | NGS,,6.9x4.9,https://beaumonttm.co.uk/wp-content/uploads/3168-Copper-Straight-Mini-Mule-Jigger-NGS-1.jpg,Cocktail Tools > Cocktail Jigger Measures
3167,Copper Curved Jigger 25/50ml,Beaumont,Cocktail Jigger Measures,,https://beaumonttm.co.uk/product/copper-curved-mini-mule-jigger-ngs/,https://beaumonttm.co.uk/wp-content/uploads/3167-Copper-Curved-Mini-Mule-Jigger-1.jpg,"Beaumont’s double-ended curved jigger features a stylish copper-plated finish that stands out on any bar. With 25ml and 50ml measurements on each end, it offers versatility for a variety of serves.",instock,"For measuring spirits and other alcohols when making cocktails; Lined at 10ml, 25ml, 35ml & 50ml *NGS; 60ml to brim *NGS",Copper,Copper Plated,,10ml | 25ml | 35ml | 50ml | 60ml | NGS,,6.0x4.5,https://beaumonttm.co.uk/wp-content/uploads/3167-Copper-Curved-Mini-Mule-Jigger-2.jpg,Cocktail Tools > Cocktail Jigger Measures
3732,Ball Garnish Pick Gold Plated (Pack of 10),Beaumont,Garnish Picks,9.29,https://beaumonttm.co.uk/product/ball-garnish-pick-pk10-gold-plated/,https://beaumonttm.co.uk/wp-content/uploads/3732-Ball-Garnish-Pick-Gold-Plated-Pk10-3.jpg,"Catch the eye and cap off your cocktail creations with this garnish pick from Beaumont. Gold Ball Picks hold a garnish together, bringing a sense of occasion, while remaining reasonably subtle.
The Beaumont garnish pick looks beautiful when matched with a wide range of glassware, cocktail mugs and fruit garnishes.",instock,,Gold,Gold Plated,,,0.005,0.02x10.8,https://beaumonttm.co.uk/wp-content/uploads/3732-Ball-Garnish-Pick-Gold-Plated-Pk10-1.jpg | https://beaumonttm.co.uk/wp-content/uploads/3732-Ball-Garnish-Pick-Gold-Plated-Pk10-2.jpg | https://beaumonttm.co.uk/wp-content/uploads/3732-BALL-Garnish-Pick-PK10-Gold-Lifestyle-1.jpg | https://beaumonttm.co.uk/wp-content/uploads/3732-BALL-Garnish-Pick-PK10-Gold-Lifestyle-2.jpg | https://beaumonttm.co.uk/wp-content/uploads/3732-BALL-Garnish-Pick-PK10-Gold-Lifestyle-3.jpg | https://beaumonttm.co.uk/wp-content/uploads/3732-BALL-Garnish-Pick-PK10-Gold-Lifestyle-4.jpg,Cocktail Tools > Garnish Picks
3731,Ball Garnish Pick Copper Plated (Pack of 10),Beaumont,Garnish Picks,9.29,https://beaumonttm.co.uk/product/ball-garnish-pick-pk10-copper/,https://beaumonttm.co.uk/wp-content/uploads/3731-Ball-Garnish-Pick-Copper-Plated-Pk10-3.jpg,"Catch the eye and cap off your cocktail creations with this garnish pick from Beaumont. Copper Ball Picks hold a garnish together, bringing a sense of occasion, while remaining reasonably subtle.
The Beaumont garnish pick looks beautiful when matched with a wide range of glassware, cocktail mugs and fruit garnishes.",instock,,Copper,Copper Plated,,,0.005,0.02x10.8,https://beaumonttm.co.uk/wp-content/uploads/3731-Ball-Garnish-Pick-Copper-Plated-Pk10-1.jpg | https://beaumonttm.co.uk/wp-content/uploads/3731-Ball-Garnish-Pick-Copper-Plated-Pk10-2.jpg | https://beaumonttm.co.uk/wp-content/uploads/3731-BALL-Garnish-Pick-PK10-Copper-Lifestyle-6.jpg | https://beaumonttm.co.uk/wp-content/uploads/3731-BALL-Garnish-Pick-PK10-Copper-Lifestyle-5.jpg | https://beaumonttm.co.uk/wp-content/uploads/3731-BALL-Garnish-Pick-PK10-Copper-Lifestyle-4.jpg | https://beaumonttm.co.uk/wp-content/uploads/3731-BALL-Garnish-Pick-PK10-Copper-Lifestyle-3.jpg | https://beaumonttm.co.uk/wp-content/uploads/3731-BALL-Garnish-Pick-PK10-Copper-Lifestyle-2.jpg | https://beaumonttm.co.uk/wp-content/uploads/3731-BALL-Garnish-Pick-PK10-Copper-Lifestyle-1.jpg,Cocktail Tools > Garnish Picks
3735,Skull Garnish Pick (Pack of 10),Beaumont,Garnish Picks,9.99,https://beaumonttm.co.uk/product/skull-garnish-pick-pk10-zinc/,https://beaumonttm.co.uk/wp-content/uploads/3735-Skull-Garnish-Pick-Pk10-3.jpg,"Catch the eye and cap off your cocktail creations with this garnish pick from Beaumont. Skull Picks hold a garnish together, bringing a quirky or grittier looking serve depending on how you use them.
The Beaumont garnish pick looks beautiful when matched with a wide range of glassware, cocktail mugs and fruit garnishes.",instock,,Zinc,Stainless Steel | Zinc,,,0.011,0.02x11.0,https://beaumonttm.co.uk/wp-content/uploads/3735-Skull-Garnish-Pick-Pk10-1.jpg | https://beaumonttm.co.uk/wp-content/uploads/3735-Skull-Garnish-Pick-Pk10-2.jpg | https://beaumonttm.co.uk/wp-content/uploads/3735-SKULL-Garnish-Pick-PK10-Lifestyle-1.jpg | https://beaumonttm.co.uk/wp-content/uploads/3735-SKULL-Garnish-Pick-PK10-Lifestyle-2.jpg | https://beaumonttm.co.uk/wp-content/uploads/3735-SKULL-Garnish-Pick-PK10-Lifestyle-3.jpg | https://beaumonttm.co.uk/wp-content/uploads/Garnish-Picks-Gourp-Lifestyle-3.jpg,Cocktail Tools > Garnish Picks
3734,Pineapple Garnish Pick Gold Plated (Pack 10),Beaumont,Garnish Picks,,https://beaumonttm.co.uk/product/pineapple-garnish-pick-pk10-gold-plated/,https://beaumonttm.co.uk/wp-content/uploads/3734-Pineapple-Garnish-Pick-Gold-Plated-Pk10-3.jpg,"Catch the eye and cap off your cocktail creations with this garnish pick from Beaumont. Pineapple Picks hold a garnish together, bringing a sense of fun to a wide variety of serves, from Tiki mugs to Martini glasses!
The Beaumont garnish pick looks beautiful when matched with a wide range of glassware, cocktail mugs and fruit garnishes.",instock,,Gold,Gold Plated,,,0.007,0.02x11.6,https://beaumonttm.co.uk/wp-content/uploads/3734-Pineapple-Garnish-Pick-Gold-Plated-Pk10-1.jpg | https://beaumonttm.co.uk/wp-content/uploads/3734-Pineapple-Garnish-Pick-Gold-Plated-Pk10-2.jpg | https://beaumonttm.co.uk/wp-content/uploads/3734-PINEAPPLE-Garnish-Pick-PK10-Gold-Lifestyle-6.jpg | https://beaumonttm.co.uk/wp-content/uploads/3734-PINEAPPLE-Garnish-Pick-PK10-Gold-Lifestyle-5.jpg | https://beaumonttm.co.uk/wp-content/uploads/3734-PINEAPPLE-Garnish-Pick-PK10-Gold-Lifestyle-4.jpg | https://beaumonttm.co.uk/wp-content/uploads/3734-PINEAPPLE-Garnish-Pick-PK10-Gold-Lifestyle-3.jpg | https://beaumonttm.co.uk/wp-content/uploads/3734-PINEAPPLE-Garnish-Pick-PK10-Gold-Lifestyle-2.jpg | https://beaumonttm.co.uk/wp-content/uploads/3734-PINEAPPLE-Garnish-Pick-PK10-Gold-Lifestyle-1.jpg,Cocktail Tools > Garnish Picks
3733,Pineapple Garnish Pick Copper Plated (Pack of 10),Beaumont,Garnish Picks,9.99,https://beaumonttm.co.uk/product/pineapple-garnish-pick-pk10-copper-plated/,https://beaumonttm.co.uk/wp-content/uploads/3733-Pineapple-Garnish-Pick-Copper-Plated-Pk10-3.jpg,"Catch the eye and cap off your cocktail creations with this garnish pick from Beaumont. Pineapple Picks hold a garnish together, bringing a sense of fun to a wide variety of serves, from Tiki mugs to Martini glasses!
The Beaumont garnish pick looks beautiful when matched with a wide range of glassware, cocktail mugs and fruit garnishes.",instock,,Copper,Copper Plated,,,0.007,0.02x11.6,https://beaumonttm.co.uk/wp-content/uploads/3733-Pineapple-Garnish-Pick-Copper-Plated-Pk10-1.jpg | https://beaumonttm.co.uk/wp-content/uploads/3733-Pineapple-Garnish-Pick-Copper-Plated-Pk10-2.jpg | https://beaumonttm.co.uk/wp-content/uploads/Garnish-Picks-Gourp-Lifestyle-8.jpg | https://beaumonttm.co.uk/wp-content/uploads/Garnish-Picks-Gourp-Lifestyle-6.jpg | https://beaumonttm.co.uk/wp-content/uploads/Garnish-Picks-Gourp-Lifestyle-4.jpg,Cocktail Tools > Garnish Picks
3908,sTABLEizer Table Wedge (Pack of 25),Beaumont,Bar Accessories & Food Service Essentials – Table Service,7.29,https://beaumonttm.co.uk/product/stablelizer-pk25/,https://beaumonttm.co.uk/wp-content/uploads/3908-sTABLEizer-Table-Wedge-PK25-1.jpg,"Avoid frustration from wobbly tables with this stabiliser from Beaumont. The table wedge can be placed under the problematic table leg, to ensure it remains still – providing a steady surface to prevent spillages.
With a textured grip, the Beaumont table wedge will grip both the table and the floor – ensuring it won’t move when not intended.",instock,,,,,,0.005,4.9x3x0.8,https://beaumonttm.co.uk/wp-content/uploads/3908-sTABLEizer-Table-Wedge-PK25-2.jpg | https://beaumonttm.co.uk/wp-content/uploads/3908-sTABLEizer-Table-Wedge-PK25-3.jpg | https://beaumonttm.co.uk/wp-content/uploads/3908-sTABLEizer-Table-Wedge-PK25-4.jpg | https://beaumonttm.co.uk/wp-content/uploads/3908-sTABLEizer-Table-Wedge-PK25-6.jpg | https://beaumonttm.co.uk/wp-content/uploads/3908-sTABLEizer-Table-Wedge-PK25-5.jpg | https://beaumonttm.co.uk/wp-content/uploads/Stableizer-flyer-unpriced.jpg,Bar Accessories & Food Service Essentials
3574,8 Piece Cocktail Kit,Beaumont,Cocktail Tools – Shake,18.49,https://beaumonttm.co.uk/product/8-piece-cocktail-kit/,https://beaumonttm.co.uk/wp-content/uploads/3574-8-Piece-Cocktail-Kit-Group.jpg,"Make a broad range of cocktails with the help of this cocktail kit from Beaumont. The eight piece set includes two pourers, a jigger, cocktail spoon, cocktail strainer, muddler, and a Boston cocktail tin and glass. This ensures your staff have everything you need at hand, allowing you to create a vast cocktail menu.
As the kit is made from stainless steel, it is durable and aesthetically pleasing – great for front-of-house use, allowing bartenders to show off their skills.",instock,Kit contains:; Plastic Muddler; 2 x Stainless Steel Pourers; Professional Jigger; 2 Ear Strainer; Boston Can; Boston Glass; Standard Spoon with Masher,,,,,0.932,35,https://beaumonttm.co.uk/wp-content/uploads/3574-8-Piece-Cocktail-Kit-FRONT.jpg | https://beaumonttm.co.uk/wp-content/uploads/Mojito.jpg | https://beaumonttm.co.uk/wp-content/uploads/Cosmopolitan.jpg | https://beaumonttm.co.uk/wp-content/uploads/Margarita.jpg,Cocktail Tools
3662,The Grail Measuring Cup,Beaumont,Cocktail Jigger Measures,9.99,https://beaumonttm.co.uk/product/the-grail-measuring-cup/,https://beaumonttm.co.uk/wp-content/uploads/3662-The-Grail-Measuring-Cup-1.jpg,"Get creative with your cocktails with The Grail measuring cup by Beaumont. This sophisticated multi-measure jigger measures 10-50mls in increments of 5mls. This ensures that alcohol is measured out accurately, giving more freedom in the drinks you create.
The one of a kind premium item was designed by world-renowned flair bartender Tom Dyer. His inside knowledge ensures that the cup is durable and easy to handle – to benefit bartenders.
Nickel plated, the Beaumont measuring cup is durable and can with stand heavy use by professionals.",instock,One of a kind mesaure; Sophisticated multi-measured jigger; Measures 10ml to 50ml in 5ml increments *ngs; Designed by Tom Dyer; Nickel plated,,,Tom Dyer,10ml | 15ml | 20ml | 25ml | 30ml | 35ml | 40ml | 45ml | 50ml,0.920,4x16.6,https://beaumonttm.co.uk/wp-content/uploads/3662-The-Grail-Measuring-Cup-Fifestyle-6.jpg | https://beaumonttm.co.uk/wp-content/uploads/3662-The-Grail-Measuring-Cup-1.2.jpg | https://beaumonttm.co.uk/wp-content/uploads/3662-The-Grail-Measuring-Cup-3.jpg | https://beaumonttm.co.uk/wp-content/uploads/3662-The-Grail-Measuring-Cup-5.jpg | https://beaumonttm.co.uk/wp-content/uploads/3662-The-Grail-Measuring-Cup-Fifestyle-2.jpg | https://beaumonttm.co.uk/wp-content/uploads/3662-The-Grail-Measuring-Cup-Fifestyle-3.jpg,Cocktail Tools > Cocktail Jigger Measures
3872,Beaumont 8‑Inch 6mm Bore Paper Straws Black (Pack of 250),Beaumont,Paper & Metal Straws,3.99,https://beaumonttm.co.uk/product/black-paper-straws-pk250/,https://beaumonttm.co.uk/wp-content/uploads/3872-8inch-Paper-Straw-BLACK-PK-250-6mm-Bore-Open.jpg,"Elevate your drink presentation with this pack of 250 Beaumont Black Paper Straws. Their stylish and contemporary black colour brings a refined look to any beverage, making them an excellent choice for modern cafes, bars, and restaurants looking to impress their patrons. Constructed from paper, these straws offer a considerate option for your business and are suitable for commercial composting facilities after use. With a versatile 6mm bore, these straws are well-suited for a wide variety of cold drinks, from juices and soft drinks to iced coffees. The generous pack quantity ensures that your establishment remains well-supplied during busy periods of trade. At 198mm long, they will fit comfortably in most standard glasses, and they are supplied in a recyclable carton for convenient storage.
100% BIODEGRADABLE & COMPOSTABLE: Made entirely from eco‑friendly paper and wood pulp, these straws break down naturally—an ideal sustainable choice for homes, cafés, bars, and events.
PREMIUM 6MM BORE DESIGN: Each straw features a 6mm diameter and 8‑inch length, suitable for juices, cocktails, smoothies, sodas, and general beverage service.
STYLISH JET‑BLACK FINISH: The sleek black colour adds a modern, premium aesthetic to drinks—perfect for upscale hospitality, parties, and professional presentation.
ECO‑RESPONSIBLE PACKAGING: Supplied in a 100% recyclable carton, supporting a plastic‑free, environmentally conscious lifestyle.
TRUSTED BEAUMONT QUALITY: Part of Beaumont’s professional drinkware and bar accessory range, known for its reliability and widely used across hospitality environments.",instock,Environmentally friendly; Made from wood pulp; 100% biodegradable & compostable; 100% recyclable carton,,,,,0.314,94x97x20.2,https://beaumonttm.co.uk/wp-content/uploads/3872-lifestyle.png | https://beaumonttm.co.uk/wp-content/uploads/3872-infographic.png,Paper & Metal Straws
3875,6mm Bore Paper Straw White (Pack 250),Beaumont,Paper & Metal Straws,3.99,https://beaumonttm.co.uk/product/8-white-paper-straws-pk250/,https://beaumonttm.co.uk/wp-content/uploads/3875-8inch-Paper-Straw-WHITE-PK-250-6mm-Bore-Open.jpg,"Looking for a stylish alternative to plastic straws? Then Beaumont have exactly what you’re looking for. Thanks to their white colour, these straws provide a modern look that’s suited to any bar or table services.
Thanks to their 6mm bore, the straws make it easy to drink anything from soft drinks to milkshakes. Additionally, the straws are made from wood pulp that will completely break-down in commercial composting facilities.",instock,6mm Bore; Environmentally friendly; Made from wood pulp; 100% biodegradable & compostable; 100% recyclable carton,,,,,0.314,94x97x20.2,,Paper & Metal Straws
3873,6mm Bore Paper Straw Black & White Striped (Pack 250),Beaumont,Paper & Metal Straws,3.99,https://beaumonttm.co.uk/product/8-black-white-striped-paper-straws-pk250/,https://beaumonttm.co.uk/wp-content/uploads/3873-8inch-Paper-Straw-BLACK-WHITE-STRIPED-PK-250-6mm-Bore-Open.jpg,"A greener alternative to traditional plastic straws, these Beaumont black and white striped straws are made from renewable, sustainably sourced paper and food-grade, natural glues and inks. The straws measure 210mm in length, making them perfect for reaching into deep drinks.",instock,6mm Bore; Environmentally friendly; Made from wood pulp; 100% biodegradable & compostable; 100% recyclable carton,,,,,0.314,94x97x20.2,,Paper & Metal Straws
3874,6mm Bore Paper Straw Red & White Striped (Pack 250),Beaumont,Paper & Metal Straws,3.99,https://beaumonttm.co.uk/product/8-red-white-striped-paper-straws-pk250/,https://beaumonttm.co.uk/wp-content/uploads/3874-8inch-Paper-Straw-RED-WHITE-STRIPED-PK-250-6mm-Bore-Open.jpg,"A greener alternative to traditional plastic straws, these Beaumont red and white striped straws are made from renewable, sustainably sourced paper and food-grade, natural glues and inks. The straws measure 210mm in length, making them perfect for reaching into deep drinks.",instock,6mm Bore; Environmentally friendly; Made from wood pulp; 100% biodegradable & compostable; 100% recyclable carton,,,,,0.314,94x97x97,,Paper & Metal Straws
3876,6mm Bore Paper Straw Blue & White Striped (Pack 250),Beaumont,Paper & Metal Straws,3.99,https://beaumonttm.co.uk/product/8-blue-white-striped-paper-straws-pk250/,https://beaumonttm.co.uk/wp-content/uploads/3876-8inch-Paper-Straw-BLUE-WHITE-STRIPED-PK-250-6mm-Bore-Open.jpg,"A greener alternative to traditional plastic straws, these Beaumont blue and white striped straws are made from renewable, sustainably sourced paper and food-grade, natural glues and inks. The straws measure 210mm in length, making them perfect for reaching into deep drinks.",instock,6mm Bore; Environmentally friendly; Made from wood pulp; 100% biodegradable & compostable; 100% recyclable carton,,,,,0.314,94x97x20.2,,Paper & Metal Straws
3878,6mm Bore Paper Straw Green & White Striped (Pack 250),Beaumont,Paper & Metal Straws,3.99,https://beaumonttm.co.uk/product/8-green-white-striped-paper-straws-pk250/,https://beaumonttm.co.uk/wp-content/uploads/3878-8inch-Paper-Straw-GREEN-WHITE-STRIPED-PK-250-6mm-Bore-Open.jpg,"A greener alternative to traditional plastic straws, these Beaumont green and white striped straws are made from renewable, sustainably sourced paper and food-grade, natural glues and inks. The straws measure 210mm in length, making them perfect for reaching into deep drinks.",instock,6mm Bore; Environmentally friendly; Made from wood pulp; 100% biodegradable & compostable; 100% recyclable carton,,,,,0.314,94x97x20.2,,Paper & Metal Straws
3877,6mm Bore Paper Straw Yellow & White Striped (Pack 250),Beaumont,Paper & Metal Straws,3.99,https://beaumonttm.co.uk/product/8-yellow-white-striped-paper-straws-pk250/,https://beaumonttm.co.uk/wp-content/uploads/3877-8inch-Paper-Straw-YELLOW-WHITE-STRIPED-PK-250-6mm-Bore-Open.jpg,"A greener alternative to traditional plastic straws, these Beaumont yellow and white striped straws are made from renewable, sustainably sourced paper and food-grade, natural glues and inks. The straws measure 210mm in length, making them perfect for reaching into deep drinks.",instock,6mm Bore; Environmentally friendly; Made from wood pulp; 100% biodegradable & compostable; 100% recyclable carton,White | Yellow | Yellow/White Stripe,,,"8""",0.314,94x97x20.2,,Paper & Metal Straws
3869,Stainless Steel Metal Straws 8.5″ (Pack of 25),Beaumont,Paper & Metal Straws,14.59,https://beaumonttm.co.uk/product/metal-straws/,https://beaumonttm.co.uk/wp-content/uploads/3869-8.jpg,"The stainless steel build means these straws can be reused time and time again. This will help to reduce consumption of standard, single-use plastic straws – improving your business’s green footprint.
The Beaumont metal straws are also extremely easy to clean by hand or in a dishwasher. This is great for busy service times – giving staff a quick turnaround of straws.
To top it off, the brushed steel finish offers a sleek appearance. Therefore, making a great addition to cocktails or soft drinks.",instock,Dishwasher Safe; Hygienic; Durable; Chillable; Round ends,,Metal,,,0.0102,21.4,https://beaumonttm.co.uk/wp-content/uploads/3869-8.5inch-Stainless-Steel-Metal-Straw-Pk25-Lifestyle-7-300dpi.jpg | https://beaumonttm.co.uk/wp-content/uploads/3869-8.5inch-Stainless-Steel-Metal-Straw-Pk25-Lifestyle-4-300dpi.jpg | https://beaumonttm.co.uk/wp-content/uploads/3869-8.5inch-Stainless-Steel-Metal-Straw-Pk25-Lifestyle-6-72dpi.jpg | https://beaumonttm.co.uk/wp-content/uploads/3869-8.5inch-Stainless-Steel-Metal-Straw-Pk25-Lifestyle-2-72dpi.jpg,Paper & Metal Straws
3868,Stainless Steel Straws Curved 8.5″ (Pack of 25),Beaumont,Paper & Metal Straws,,https://beaumonttm.co.uk/product/8-5-inch-st-steel-metal-straw-pk25-curved/,https://beaumonttm.co.uk/wp-content/uploads/3868.jpg,Gently curved metal straws providing a more sustainable alternative to disposable straws and a distinctive look to set off a wide range of serves. Conducting quality of steel also makes it pleasantly icy in a cold drink – great with metal cocktail mugs for a high end finish.,instock,,,,,,,,https://beaumonttm.co.uk/wp-content/uploads/3868-2.jpg,Paper & Metal Straws
3302,Chrome Plated Heavy Duty Ice Crusher,Beaumont,Cocktail Equipment – Utensils & Tools,,https://beaumonttm.co.uk/product/heavy-duty-ice-crusher/,https://beaumonttm.co.uk/wp-content/uploads/3302-Chrome-Plated-Heavy-Duty-Ice-Crusher-1.jpg,"This manual ice crusher from Beaumont will do the hard work for you – it’s designed with a wide opening at the top so you can easily pour your ice cubes in. After that, simply turn the handle and your crushed ice will be dispensed into the plastic ice catcher below. This tray keeps the ice together neatly to ensure it stays colder for longer, until you’re ready to heap it into your chilled drinks.",instock,Includes plastic removable tray and scoop,Chrome,Chrome | Metal,Ice Crusher,,1.704,16.1x13.8x26.4,https://beaumonttm.co.uk/wp-content/uploads/3302-Chrome-Plated-Heavy-Duty-Ice-Crusher-2.jpg | https://beaumonttm.co.uk/wp-content/uploads/3302-Chrome-Plated-Heavy-Duty-Ice-Crusher-3.jpg | https://beaumonttm.co.uk/wp-content/uploads/3302-Chrome-Plated-Heavy-Duty-Ice-Crusher-Lifestyle-15-72dpi.jpg | https://beaumonttm.co.uk/wp-content/uploads/3302-Chrome-Plated-Heavy-Duty-Ice-Crusher-Lifestyle-18-72dpi.jpg,Cocktail Tools > Cocktail Equipment
3656,Antique Brass Plated Curved Moscow Mule Mug 500ml,Beaumont,Cocktail Mugs & Cups,9.29,https://beaumonttm.co.uk/product/antique-brass-moscow-mule/,https://beaumonttm.co.uk/wp-content/uploads/3656-antique-brass-mug.jpg,"The Beaumont Moscow Mule mug is a beautifully designed piece with an attractive antique brass finish. Ideal for serving artisanal cocktails or mocktails, the iconic frosty finish gives every drink a premium look which is sure to thrill.",instock,Artisan aged brass finish; Contemporary curved design; Hard wearing,Antique Brass | Brass,Antique Brass,Antique Brass,500ml,0.144,12.2xx9.3,https://beaumonttm.co.uk/wp-content/uploads/3656-Antique-Brass-Plated-Curved-Moscow-Mule-Mug-Lifestyle-7.jpg | https://beaumonttm.co.uk/wp-content/uploads/3656-Antique-Brass-Plated-Curved-Moscow-Mule-Mug-Lifestyle-8.jpg | https://beaumonttm.co.uk/wp-content/uploads/3656-Antique-Brass-Plated-Curved-Moscow-Mule-Mug-Lifestyle-3.jpg | https://beaumonttm.co.uk/wp-content/uploads/3656-Antique-Brass-Plated-Curved-Moscow-Mule-Mug-Lifestyle-1.jpg,Cocktail Tools > Cocktail Mugs & Cups
3491,Grey Slim Recycling Bin 65 Litre,Beaumont,Recycling Bin & Lid,,https://beaumonttm.co.uk/product/grey-slim-recycling-bin-65-litre/,https://beaumonttm.co.uk/wp-content/uploads/3491-Grey-Slim-Recycling-Bin-65-Litre.jpg,"The Beaumont Grey Slim Recycling Bin, is a sleek and efficient solution for managing waste or recycling. With a generous 65-litre capacity, this bin is perfect for busy commercial environments, such as bars, restaurants, and offices, where space is at a premium",instock,Ideal for storing empty bottles; Space saving design,,Plastic,,,2.720,61.5x28.2x63.0,,"Bottle Skips, Storage & Bins > Recycling Bin & Lid"
3207,One Gallon Round Bracket,Beaumont,Single Brackets,9.29,https://beaumonttm.co.uk/product/1-gallon-round-wall-bracket/,https://beaumonttm.co.uk/wp-content/uploads/3207-Round-Bracket-1-Gallon-4.5-Litre.jpg,"A heavy-duty wall bracket for spirit measures, designed for use with round 1 gallon bottles.",instock,,,,,1 Gallon,0.150,53.34,,Spirit Measure Brackets > Single Brackets
3203,40oz Shelf Bracket,Beaumont,Single Brackets,,https://beaumonttm.co.uk/product/1-5-litre-40oz-shelf-bracket/,https://beaumonttm.co.uk/wp-content/uploads/3203-Shelf-Bracket-1.5-Litre-40oz.jpg,"Designed for use with spirit measures, the standard shelf bracket will provide a strong and sturdy fixing for 40oz and 1.5 litre bottles.",instock,,,,,40oz/1.5 Litre,0.155,,,Spirit Measure Brackets > Single Brackets
3204,40oz Wall Bracket,Beaumont,Single Brackets,,https://beaumonttm.co.uk/product/1-5-litre-40oz-wall-bracket/,https://beaumonttm.co.uk/wp-content/uploads/3204-Wall-Bracket-1.5-Litre-40oz.jpg,"Designed for use with spirit measures, the standard wall bracket will provide a strong and sturdy fixing for 40oz and 1.5 litre bottles.",instock,,,,,40oz/1.5 Litre,0.084,,,Spirit Measure Brackets > Single Brackets
3205,1/2 Gallon Round Bracket,Beaumont,Single Brackets,8.29,https://beaumonttm.co.uk/product/1-2-gallon-round-wall-bracket/,https://beaumonttm.co.uk/wp-content/uploads/3205-Round-Bracket-Half-Gallon.jpg,"A heavy-duty wall bracket for spirit measures, designed for use with round 1/2 gallon bottles.",instock,,,,,1/2 Gallon,0.120,36.5,,Spirit Measure Brackets > Single Brackets
3861R,1/2″ Letter Set (660 characters) Red,Beaumont,Character Sets,12.29,https://beaumonttm.co.uk/product/1-2-letter-set-pk6-red-2/,https://beaumonttm.co.uk/wp-content/uploads/3861R-1-2inch-Letter-Set-PK6-Red.jpg,"Six attractive red letter sets (660 characters) for use with your peg board. Equip yourself to display your specials board or other customer-facing messages with an easy-to-read black and red colour scheme and a friendly feel. 1/2″ letters perfect for smaller text but remain highly visible, easy to read.",instock,,Red,,,,,,,Peg Boards > Character Sets
3862R,3/4″ Letter Set (540 characters) Red,Beaumont,Character Sets,14.39,https://beaumonttm.co.uk/product/3-4-letter-set-pk6-red/,https://beaumonttm.co.uk/wp-content/uploads/3862R-3-4inch-Letter-Set-PK6-Red.jpg,"Six attractive medium-sized red letter sets (540 characters) for use with your peg board. Equip yourself to display your specials board or other customer-facing messages with an easy-to-read black and red colour scheme and a friendly feel. 1/2″ letters perfect for smaller text but remain highly visible, easy to read.",instock,,Red,,,,0.027,27x17x0.5,,Peg Boards > Character Sets
3863R,1 1/4″ Letter Set (390 characters) Red,Beaumont,Character Sets,16.49,https://beaumonttm.co.uk/product/1-2-letter-set-pk6-red/,https://beaumonttm.co.uk/wp-content/uploads/3863R-1_1-4inch-Letter-Set-PK6-Red.jpg,"Equip yourself to display your specials board or other customer-facing messages with this set of 390 red peg board letters from Beaumont. Thanks to their red colour, the letters contrast with black or dark peg boards. This makes them ideal for clearly displaying messages in your venue.
Easy to install and featuring a total of 390 characters, the peg board letters allow you to display a variety of messages, suited to your business’ needs.",instock,,Red,,,,,,,Peg Boards > Character Sets
3861W,1/2″ Letter Set (660 characters) White,Beaumont,Character Sets,12.29,https://beaumonttm.co.uk/product/1-2-letter-set-pk6-white-2/,https://beaumonttm.co.uk/wp-content/uploads/3861W-1-2inch-Letter-Set-PK6-White.jpg,"Six attractive white letter sets (660 characters) for use with your peg board. Equip yourself to display your specials board or other customer-facing messages with an easy-to-read black and white colour scheme and a friendly feel. 1/2″ letters perfect for smaller text but remain highly visible, easy to read.",instock,,White,,,,,,,Peg Boards > Character Sets
3862W,3/4″ Letter Set (540 characters) White,Beaumont,Character Sets,19.59,https://beaumonttm.co.uk/product/3-4-letter-set-pk6-white/,https://beaumonttm.co.uk/wp-content/uploads/3862W-3-4inch-Letter-Set-PK6-White.jpg,"Six attractive medium-sized white letter sets (540 characters) for use with your peg board. Equip yourself to display your specials board or other customer-facing messages with an easy-to-read black and white colour scheme and a friendly feel. 1/2″ letters perfect for smaller text but remain highly visible, easy to read.",instock,,White,,,,0.027,24x17x0.5,,Peg Boards > Character Sets
3863W,1 1/4″ Letter Set (390 characters) White,Beaumont,Character Sets,16.49,https://beaumonttm.co.uk/product/1-2-letter-set-pk6-white/,https://beaumonttm.co.uk/wp-content/uploads/3863W-1_1-4inch-Letter-Set-PK6-White.jpg,"Equip yourself to display your specials board or other customer-facing messages with this set of 390 white peg board letters from Beaumont. Thanks to their white colour, the letters contrast with black or dark peg boards. This makes them ideal for clearly displaying messages in your venue.
Easy to install and featuring a total of 390 characters, the peg board letters allow you to display a variety of messages, suited to your business’ needs.",instock,,White,,,,,,,Peg Boards > Character Sets
3861Y,1/2″ Letter Set (660 characters) Yellow,Beaumont,Character Sets,12.29,https://beaumonttm.co.uk/product/1-2-letter-set-pk6-yellow/,https://beaumonttm.co.uk/wp-content/uploads/3861Y-1-2inch-Letter-Set-PK6-Yellow.jpg,"Six attractive yellow letter sets (660 characters) for use with your peg board. Equip yourself to display your specials board or other customer-facing messages with an easy-to-read black and yellow colour scheme and a friendly feel. 1/2″ letters perfect for smaller text but remain highly visible, easy to read.",instock,,Yellow,,,,,,,Peg Boards > Character Sets
3862Y,3/4″ Letter Set (540 characters) Yellow,Beaumont,Character Sets,19.59,https://beaumonttm.co.uk/product/1-1-4-letter-set-pk6-yellow/,https://beaumonttm.co.uk/wp-content/uploads/3862Y-3-4inch-Letter-Set-PK6-Yellow.jpg,"Six attractive medium-sized yellow letter sets (540 characters) for use with your peg board. Equip yourself to display your specials board or other customer-facing messages with an easy-to-read black and yellow colour scheme and a friendly feel. 1/2″ letters perfect for smaller text but remain highly visible, easy to read.",instock,,Yellow,,,,,,,Peg Boards > Character Sets
3863Y,1 1/4″ Letter Set (390 characters) Yellow,Beaumont,Character Sets,16.49,https://beaumonttm.co.uk/product/1-1-4-letter-set-pk6-yellow-2/,https://beaumonttm.co.uk/wp-content/uploads/3863Y-1_1-4inch-Letter-Set-PK6-Yellow.jpg,"Equip yourself to display your specials board or other customer-facing messages with this set of 390 yellow peg board letters from Beaumont. Thanks to their yellow colour, the letters contrast with black or dark peg boards. This makes them ideal for clearly displaying messages in your venue.
Easy to install and featuring a total of 390 characters, the peg board letters allow you to display a variety of messages, suited to your business’ needs.",instock,,Yellow,,,,,,,Peg Boards > Character Sets
3691BR,Brass Wine Glass Rack 10″,Beaumont,Glass Hangers,5.19,https://beaumonttm.co.uk/product/10-glass-hanger-brass/,https://beaumonttm.co.uk/wp-content/uploads/3691BR-Glass-Hanger-10Inch-BRASS.jpg,"Enhance your storage space with this 255mm brass wine glass rack from Beaumont. The rack is ceiling and undercounter mountable, freeing up cupboard space – perfect for use at the bar or in back of house areas, where storage is limited.
As the rack stores glasses upside down, they dry faster – making for a quicker turn around of clean glasses.
Plus as they’re stored out of the way, accidents are minimised as glasses are less likely to get knocked over accidentally.",instock,,Brass,Brass,,"10""",0.167,25.7x11.5x4.0,https://beaumonttm.co.uk/wp-content/uploads/Optimized-3691BR-Glass-Hanger-10Inch-BRASS.jpg,Glass Hangers
3691CHR,Chrome Wine Glass Rack 10″,Beaumont,Glass Hangers,3.69,https://beaumonttm.co.uk/product/10-glass-hanger-chrome/,https://beaumonttm.co.uk/wp-content/uploads/3691CHR-Glass-Hanger-10Inch-CHROME.jpg,"Enhance your storage space with this 255mm chrome wine glass rack from Beaumont. The rack is ceiling and undercounter mountable, freeing up cupboard space – perfect for use at the bar or in back of house areas, where storage is limited.
As the rack stores glasses upside down, they dry faster – making for a quicker turn around of clean glasses.
Plus as they’re stored out of the way, accidents are minimised as glasses are less likely to get knocked over accidentally.",instock,,Chrome,Chrome,,"10""",0.166,25.7x11.5x4.0,https://beaumonttm.co.uk/wp-content/uploads/3691CR-Glass-Hanger-10Inch-CHROME.jpg,Glass Hangers
3591,Non-Slip Round Tray Black 11″,Beaumont,Waiters Trays,3.79,https://beaumonttm.co.uk/product/11-round-black-non-slip-tray/,https://beaumonttm.co.uk/wp-content/uploads/3591-11”-Non-Slip-Tray.jpg,"With an 11-inch diameter, this strong yet lightweight tray from Beaumont makes delivering a round of drinks or a few plates of food to a table easy. Designed with a non-slip surface, this tray helps to ensure safe, effortless transportation with less spillage and food waste.",instock,,,,,"11""",0.349,1.8,,Waiters Trays
3481B,Bottle Skip 125 litre 25.5x18x25.5″,Beaumont,Bottle Skips,78.99,https://beaumonttm.co.uk/product/125l-bottle-skip/,https://beaumonttm.co.uk/wp-content/uploads/3481B-Bottle-Skip-25.5-x-18-x-25.5inch-125-Litre.jpg,"Looking for a practical way to transport recycling or drinks in bulk? Then the 125Ltr bottle skip from Beaumont is exactly what you need. Thanks to its huge capacity, the bottle skip has more than enough room to hold multiple bottles and cans at once. Easy-grip handles on both ends and four omnidirectional castor wheels make the bottle skip easy to manoeuvre – ideal for transporting drinks ready for large-scale events.
Made from low-density polyethylene, the Beaumont bottle skip is highly durable and easy to clean. This makes it a long-lasting addition to any commercial setting.",instock,25.5” x 18” x 25.5” (ext); Replacement castors available – 3486B; Bottle skips will be shipped separately to your main order due to their size.; Please allow 48 hours for delivery.; Please contact our Sales team if you require any further information – 01525 722 500,,,,125 litre,7.2,66x47x69,,"Bottle Skips, Storage & Bins > Bottle Skips"
3482B,Bottle Skip 130 Litre 24x18x 30″,Beaumont,Bottle Skips,83.99,https://beaumonttm.co.uk/product/130l-bottle-skip/,https://beaumonttm.co.uk/wp-content/uploads/3482B-Bottle-Skip-24-x-18-x-30inch-130-Litre.jpg,"Looking for a practical way to transport recycling or drinks in bulk? Then the 130Ltr bottle skip from Beaumont is exactly what you need. Thanks to its huge capacity, the bottle skip has more than enough room to hold multiple bottles and cans at once. Easy-grip handles on both ends and four omnidirectional castor wheels make the bottle skip easy to manoeuvre – ideal for transporting drinks ready for large-scale events.
Made from low-density polyethylene, the Beaumont bottle skip is highly durable and easy to clean. This makes it a long-lasting addition to any commercial setting.",instock,24” x 18” x 30” (ext); Replacement castors available – 3486B; Bottle skips will be shipped separately to your main order due to their size.; Please allow 48 hours for delivery.; Please contact our Sales team if you require any further information – 01525 722 500,,,,130 litre,7,60x45.5x79.5,,"Bottle Skips, Storage & Bins > Bottle Skips"
3483B,Bottle Skip 160 Litre 32x18x24.5 “,Beaumont,Bottle Skips,86.99,https://beaumonttm.co.uk/product/160l-bottle-skip/,https://beaumonttm.co.uk/wp-content/uploads/3483B-Bottle-Skip-32-x-18-x-24.5inch-160-Litre-e1564067247360.jpg,"Looking for a practical way to transport recycling or drinks in bulk? Then the 160Ltr bottle skip from Beaumont is exactly what you need. Thanks to its huge capacity, the bottle skip has more than enough room to hold multiple bottles and cans at once. Easy-grip handles on both ends and four omnidirectional castor wheels make the bottle skip easy to manoeuvre – ideal for transporting drinks ready for large-scale events.
Made from low-density polyethylene, the Beaumont bottle skip is highly durable and easy to clean. This makes it a long-lasting addition to any commercial setting.",instock,32”x 18” x 24.5” (ext); Replacement castors available – 3486B; Bottle skips will be shipped separately to your main order due to their size.; Please allow 48 hours for delivery.; Please contact our Sales team if you require any further information – 01525 722 500,Black,,,160 litre,7.3,81.28x45.72x62.23,,"Bottle Skips, Storage & Bins > Bottle Skips"
3485B,Bottle Skip 160 Litre 38x15x24.5″,Beaumont,Bottle Skips,86.99,https://beaumonttm.co.uk/product/160l-bottle-skip-2/,https://beaumonttm.co.uk/wp-content/uploads/3485B-Bottle-Skip-38-x-15-x-24.5inch-160-Litre.jpg,"Looking for a practical way to transport recycling or drinks in bulk? Then the 160Ltr bottle skip from Beaumont is exactly what you need. Thanks to its huge capacity, the bottle skip has more than enough room to hold multiple bottles and cans at once. Easy-grip handles on both ends and four omnidirectional castor wheels make the bottle skip easy to manoeuvre – ideal for transporting drinks ready for large-scale events.
Made from low-density polyethylene, the Beaumont bottle skip is highly durable and easy to clean. This makes it a long-lasting addition to any commercial setting.",instock,38”x 15” x 24.5” (ext); Replacement castors available – 3486B; Bottle skips will be shipped separately to your main order due to their size.; Please allow 48 hours for delivery.; Please contact our Sales team if you require any further information – 01525 722 500,Black,,,160 litre,8.3,96.52x38.1x62.23,,"Bottle Skips, Storage & Bins > Bottle Skips"
3484B,Bottle Skip 185 Litre 27x24x25″,Beaumont,Bottle Skips,88.99,https://beaumonttm.co.uk/product/185l-bottle-skip/,https://beaumonttm.co.uk/wp-content/uploads/3484B-Bottle-Skip-27-x-24-x-25inch-185-Litre.jpg,"Looking for a practical way to transport recycling or drinks in bulk? Then the 185Ltr bottle skip from Beaumont is exactly what you need. Thanks to its huge capacity, the bottle skip has more than enough room to hold multiple bottles and cans at once. Easy-grip handles on both ends and four omnidirectional castor wheels make the bottle skip easy to manoeuvre – ideal for transporting drinks ready for large-scale events.
Made from low-density polyethylene, the Beaumont bottle skip is highly durable and easy to clean. This makes it a long-lasting addition to any commercial setting.",instock,27” x 24” x 25” (ext); Replacement castors available – 3486B; Bottle skips will be shipped separately to your main order due to their size.; Please allow 48 hours for delivery.; Please contact our Sales team if you require any further information – 01525 722 500,Black,,,185 litre,7.770,68.58x60.96x63.5,,"Bottle Skips, Storage & Bins > Bottle Skips"
LAW-125,Law Sign Wine 125ml,Beaumont,Law Signs,3.99,https://beaumonttm.co.uk/product/125ml-law-sign/,https://beaumonttm.co.uk/wp-content/uploads/B882-125ml-Wine-by-Glass-Law-sign-170-x-140mm.jpg,,instock,"Clearly communicate compliance with laws around serving wine by 125ml measures with this highly visible sign from Beaumont. The black board with gold letter design is easy to read, whilst still having a subtle, elegant style. Easy to apply.",,,,125ml,0.012,17x0.05x11,,Law Signs
3183,100ml Stainless Steel Thimble Measure,Beaumont,Thimble Measures & Accessories,5.19,https://beaumonttm.co.uk/product/100ml-thimble-measure-ce-marked/,https://beaumonttm.co.uk/wp-content/uploads/3183-100ml-Thimble-Measure-CE-Stamped.jpg,"Introduce practical and stylish equipment to the back of your bar with the 100ml thimble measure from Beaumont. Precise calibration ensures that each pour is exactly as intended – eliminating guesswork, reducing waste and providing guests with their money’s worth. The thimble measure is also CE-marked for industry-standard serving sizes – making it easy for you to follow government regulation.
Made from stainless steel, the Beaumont thimble measure is highly durable and easy to clean. This makes it a long-lasting addition to your venue.",instock,,,,,25ml | 50ml,0.092,6.5,,Thimble Measures & Accessories
3190,125ml Stainless Steel Wine Measure CE Marked,Beaumont,Thimble Measures & Accessories,5.69,https://beaumonttm.co.uk/product/125ml-thimble-measure-ce-marked/,https://beaumonttm.co.uk/wp-content/uploads/3190-125ml-Thimble-Measure-CE-Stamped.jpg,"Introduce practical and stylish equipment to the back of your bar with the 125ml thimble measure from Beaumont. Precise calibration ensures that each pour is exactly as intended – eliminating guesswork, reducing waste and providing guests with their money’s worth. The thimble measure is also CE-marked for industry-standard serving sizes – making it easy for you to follow government regulation.
Made from stainless steel, the Beaumont thimble measure is highly durable and easy to clean. This makes it a long-lasting addition to your venue.",instock,,,Stainless Steel,,125ml,.109,0.79,,Thimble Measures & Accessories
3192,Wine Measure 150ml CE Stainless Steel,Beaumont,Thimble Measures & Accessories,,https://beaumonttm.co.uk/product/150ml-st-steel-thimble-measure-ce/,https://beaumonttm.co.uk/wp-content/uploads/3192-150ml-StSteel-Thimble-Measure-CE.png,"Ensure consistent wine servings with Beaumont’s 150ml wine measure. CE marked for industry-standard accuracy, the measurer makes it quick and easy for your staff to dispense the required amount of wine. Not only does this help to provide consistent servings, but also to reduce overfilling that can become costly over time.
And as it’s made from stainless steel, the measure is durable to impact, rust or corrosion damage – staying in as-new condition for years to come.",instock,,,,,,,,,Thimble Measures & Accessories
3191,175ml Stainless Steel Wine Measure CE Marked,Beaumont,Thimble Measures & Accessories,6.69,https://beaumonttm.co.uk/product/175ml-thimble-measure-ce-marked/,https://beaumonttm.co.uk/wp-content/uploads/3191-175ml-Thimble-Measure-CE-Stamped.jpg,"Introduce practical and stylish equipment to the back of your bar with the 175ml thimble measure from Beaumont. Precise calibration ensures that each pour is exactly as intended – eliminating guesswork, reducing waste and providing guests with their money’s worth. The thimble measure is also CE-marked for industry-standard serving sizes – making it easy for you to follow government regulation.
Made from stainless steel, the Beaumont thimble measure is highly durable and easy to clean. This makes it a long-lasting addition to your venue.",instock,,,,,250ml,0.142,10.5,,Thimble Measures & Accessories
3194,200ml Stainless Steel Thimble Measure CE Marked,Beaumont,Thimble Measures & Accessories,7.29,https://beaumonttm.co.uk/product/200ml-thimble-measure-ce-marked/,https://beaumonttm.co.uk/wp-content/uploads/3194-200ml-Thimble-Measure-CE-Stamped.jpg,"Introduce practical and stylish equipment to the back of your bar with the 200ml thimble measure from Beaumont. Precise calibration ensures that each pour is exactly as intended – eliminating guesswork, reducing waste and providing guests with their money’s worth. The thimble measure is also CE-marked for industry-standard serving sizes – making it easy for you to follow government regulation.
Made from stainless steel, the Beaumont thimble measure is highly durable and easy to clean. This makes it a long-lasting addition to your venue.",instock,,,,,2cl,0.156,11.9,,Thimble Measures & Accessories
3193,250ml Stainless Steel Thimble Measure CE Marked,Beaumont,Thimble Measures & Accessories,7.79,https://beaumonttm.co.uk/product/250ml-thimble-measure-ce-marked/,https://beaumonttm.co.uk/wp-content/uploads/3193-250ml-Thimble-Measure-CE-Stamped.jpg,"Introduce practical and stylish equipment to the back of your bar with the 250ml thimble measure from Beaumont. Precise calibration ensures that each pour is exactly as intended – eliminating guesswork, reducing waste and providing guests with their money’s worth. The thimble measure is also CE-marked for industry-standard serving sizes – making it easy for you to follow government regulation.
Made from stainless steel, the Beaumont thimble measure is highly durable and easy to clean. This makes it a long-lasting addition to your venue.",instock,,,,,200ml,0.188,14.7,,Thimble Measures & Accessories
3641,Aluminium Ice Scoop 5oz,Beaumont,Ice Scoops & Tongs,3.99,https://beaumonttm.co.uk/product/5oz-aluminium-ice-scoop/,https://beaumonttm.co.uk/wp-content/uploads/3641-5oz-Aluminium-Ice-Scoop.jpg,"Perfect for ice, flour or even sweets, this multi-purpose 5oz ice scoop from Beaumont can be used in many different situations. The scoop is made from aluminium and features a reinforced, shaped handle for comfortable handling and use.",instock,,,Aluminium,,5oz,0.047,18.8x5.8x4.6,,Beer & Wine Accessories > Ice Scoops & Tongs
3642,Aluminium Ice Scoop 12oz,Beaumont,Ice Scoops & Tongs,3.99,https://beaumonttm.co.uk/product/12oz-aluminium-ice-scoop/,https://beaumonttm.co.uk/wp-content/uploads/3642-12oz-Aluminium-Ice-Scoop.jpg,"Perfect for ice, flour or even sweets, this multi-purpose 12oz ice scoop from Beaumont can be used in many different situations. The scoop is made from aluminium and features a reinforced, shaped handle for comfortable handling and use.",instock,,,Aluminium,,12oz,0.088,21.5x7.8x4.8,,Beer & Wine Accessories > Ice Scoops & Tongs
3643,Aluminium Ice Scoop 24oz,Beaumont,Ice Scoops & Tongs,4.39,https://beaumonttm.co.uk/product/24oz-aluminium-ice-scoop/,https://beaumonttm.co.uk/wp-content/uploads/3643-24oz-Aluminium-Ice-Scoop.jpg,"Perfect for ice, flour or even sweets, this multi-purpose 24oz ice scoop from Beaumont can be used in many different situations. The scoop is made from aluminium and features a reinforced, shaped handle for comfortable handling and use.",instock,,,Aluminium,,24oz,0.154,26.8x9.7x6.3,,Beer & Wine Accessories > Ice Scoops & Tongs
3592,Non-Slip Round Tray Black 14″,Beaumont,Waiters Trays,4.49,https://beaumonttm.co.uk/product/14-round-black-non-slip-tray/,https://beaumonttm.co.uk/wp-content/uploads/3592-14”-Non-Slip-Tray.jpg,"Upgrade your service with the Beaumont 14″ Round Black Non-Slip Tray, a must-have for any professional bar or restaurant. This tray is designed to provide both functionality and style, ensuring that your service staff can handle drinks and dishes with confidence and ease.
Crafted from high-quality materials, this tray features a robust, non-slip surface that prevents items from sliding, reducing the risk of spills and accidents. Its durable construction ensures it can withstand the demands of a busy service environment, making it a reliable tool for everyday use.",instock,,,,,"14""",0.538,2,,Waiters Trays
3681,14 x 18″ Non-Slip Tray Black,Beaumont,Waiters Trays,8.99,https://beaumonttm.co.uk/product/14-x-18-rectangular-black-non-slip-tray/,https://beaumonttm.co.uk/wp-content/uploads/3681-14x18Inch-Black-Plastic-Non-Slip-Tray.jpg,"With a 14″x18″ sizing, this strong yet lightweight tray from Beaumont makes delivering a round of drinks or a few plates of food to a table easy. Designed with a non-slip surface, this tray helps to ensure safe, effortless transportation with less spillage and food waste.",instock,,,,,"14"" x 18""",0.842,36x46.2x2.2,,Waiters Trays
3682,15 x 20″ Non-Slip Tray Black,Beaumont,Waiters Trays,14.39,https://beaumonttm.co.uk/product/15-x-20-rectangular-black-non-slip-tray/,https://beaumonttm.co.uk/wp-content/uploads/3682-15x20Inch-Black-Plastic-Non-Slip-Tray.jpg,"The Beaumont 20×15-inch non-slip tray may well be the only tray you’ll ever need! With a huge carrying capacity, lightweight design and non-slip surface, the tray makes it easy to safely transport food and drinks around with less spillage or food waste.",instock,,,,,"15"" x 20""",1.180,51.5x38.5x2.1,,Waiters Trays
3593,Non-Slip Round Tray Black 16″,Beaumont,Waiters Trays,6.59,https://beaumonttm.co.uk/product/16-round-black-non-slip-tray/,https://beaumonttm.co.uk/wp-content/uploads/3593-16”-Non-Slip-Tray.jpg,"Upgrade your service with the Beaumont 16″ Round Black Non-Slip Tray, a must-have for any professional bar or restaurant. This tray is designed to provide both functionality and style, ensuring that your service staff can handle drinks and dishes with confidence and ease.
Crafted from high-quality materials, this tray features a robust, non-slip surface that prevents items from sliding, reducing the risk of spills and accidents. Its durable construction ensures it can withstand the demands of a busy service environment, making it a reliable tool for everyday use.",instock,,,,,"16""",.730,2,,Waiters Trays
3594,Non-Slip Oval Tray Black 27 x 22″,Beaumont,Waiters Trays,24.29,https://beaumonttm.co.uk/product/27-x-22-oval-black-non-slip-tray/,https://beaumonttm.co.uk/wp-content/uploads/3594-27”-x-22”-Oval-Non-Slip-Tray.jpg,"Crafted from high-quality materials, this tray features a robust, non-slip surface that prevents items from sliding, reducing the risk of spills and accidents. Its durable construction ensures it can withstand the demands of a busy service environment, making it a reliable tool for everyday use.",instock,,,,,"27"" x 22""",2.093,67.4x55.5x3.3,,Waiters Trays
3517,Black Tray Foil Wrapped 320mm,Beaumont,Waiters Trays,,https://beaumonttm.co.uk/product/330mm-round-brushed-aluminium-effect-non-slip-tray/,https://beaumonttm.co.uk/wp-content/uploads/3517-330mm-Black-Tray-Foil-Wrapped.jpg,"Ensure staff carry drinks with complete confidence, using this round drinks tray from Beaumont. The non-slip surface grips glasses and prevents any unwanted slipping of drinks, avoiding costly and dangerous breakages.
And the tray is wipeable, to easily clean those sticky drinks marks – perfect for pubs and clubs during busy service.
Plus, as it is made from PS plastic, the tray is durable – preventing it from breaking if accidentally knocked or dropped.",instock,,,,,330mm,0.411,5,https://beaumonttm.co.uk/wp-content/uploads/3517-Non-Slip-Black-Tray-Brushed-Aluminium-Effect-330mm-dia.jpg,Waiters Trays
3651,Non Slip Mat for 11″ Service Tray Black,Beaumont,Waiters Trays,,https://beaumonttm.co.uk/product/235mm-9-25-anti-skid-mat-to-fit-11-round-trays/,https://beaumonttm.co.uk/wp-content/uploads/3651-Non-Slip-Mat-for-11inch-Service-Tray-Black.jpg,"Leave nothing to chance and avoid accidents with this non-slip mat from Beaumont. Purpose designed for use with 11-inch round trays, the mat provides ultimate peace of mind – ensuring safety even during the busiest of services.
The non-slip surface keeps drinks secure, even when being transported. Therefore, helping to facilitate fast service.",instock,,,,,"11""",0.052,0.3,,Waiters Trays
3652,Non Slip Mat for 14″ Service Tray Black,Beaumont,Waiters Trays,3.99,https://beaumonttm.co.uk/product/310mm-12-20-anti-skid-mat-to-fit-14-round-trays/,https://beaumonttm.co.uk/wp-content/uploads/3652-Non-Slip-Mat-for-14ich-Service-Tray-Black.jpg,"Leave nothing to chance and avoid accidents with this non-slip mat from Beaumont. Purpose designed for use with 14-inch round trays, the mat provides ultimate peace of mind – ensuring safety even during the busiest of services.
The non-slip surface keeps drinks secure, even when being transported. Therefore, helping to facilitate fast service.",instock,,,,,"14""",0.101,0.3,,Waiters Trays
9056BM,14″ Highly Polished Waiters Tray,Beaumont,Waiters Trays,18.49,https://beaumonttm.co.uk/product/14-highly-polished-waiters-tray/,https://beaumonttm.co.uk/wp-content/uploads/9056-2.jpg,,instock,"Sleek and stylish, the Beaumont mirrored waiters tray is the perfect addition to a high-end table service. Made from highly polished stainless steel, the mirrored effect helps enhance the look of any item placed on the tray, whether it’s a classy cocktail or some tempting canapés. And thanks to the raised edges, items are kept on the tray, which is easy to clean when necessary.",,,,,,,https://beaumonttm.co.uk/wp-content/uploads/9056-3.jpg,Waiters Trays
9057BM,14″ Highly Polished Double Wall Tray,Beaumont,Waiters Trays,19.99,https://beaumonttm.co.uk/product/14-highly-polished-double-wall-tray/,https://beaumonttm.co.uk/wp-content/uploads/9057.jpg,,instock,"Sleek, unique and stylish, the Beaumont double walled waiters tray is the perfect addition to a high-end table service. Made from highly polished stainless steel, the mirrored effect helps enhance the look of any item placed on the tray, whether it’s a classy cocktail or some tempting canapés. And thanks to the double walled raised edges, items are kept on the tray, which is easy to clean when necessary.",,,,,,,https://beaumonttm.co.uk/wp-content/uploads/9057-4.jpg,Waiters Trays
3349,15 Cavity Silicone Ice Cube Mould 1.25″,Beaumont,Ice Cube Trays,5.99,https://beaumonttm.co.uk/product/15-cavity-silicone-ice-cube-mould-1-25-square-blue/,https://beaumonttm.co.uk/wp-content/uploads/3349-Blue-Ice-Mould-15-cavity.jpg,"Make your own ice cubes with this flexible silicone ice cube mould. 15 ice cube capacity, 1.25-inch square.",instock,1 ¼” ice cubes,Blue,Silicone,,"1.25""",0.117,18.5x11.6x34,,Bar Accessories & Food Service Essentials > Ice Cube Trays
3567,Chisel Tip Chalk Pen Colour 15mm (Pack 5),Beaumont,Chalk Pens,20.59,https://beaumonttm.co.uk/product/15mm-chisel-tip-mixed-colours-pk-5/,https://beaumonttm.co.uk/wp-content/uploads/3567-15mm-Liquid-Chalk-Pen-Pk-5-COLOUR-1.jpg,"15mm Chisel Tip Colour Marker Pens come in a pack of 5, offering a reliable and versatile solution for various writing and marking needs. These markers are designed to deliver crisp, bold lines on a variety of surfaces, making them suitable for both professional and personal use.",instock,,,,,15mm,,,https://beaumonttm.co.uk/wp-content/uploads/3567-15mm-Liquid-Chalk-Pen-Pk-5-COLOUR-3.jpg,Display Boards & Accessories > Chalk Pens
3566,Chisel Tip Chalk Pen White 15mm (Pack 5),Beaumont,Chalk Pens,,https://beaumonttm.co.uk/product/15mm-chisel-tip-white-pk-5/,https://beaumonttm.co.uk/wp-content/uploads/3566-15mm-Liquid-Chalk-Pen-Pk-5-WHITE-1.jpg,"15mm Chisel Tip White Marker Pens come in a pack of 5, offering a reliable and versatile solution for various writing and marking needs. These markers are designed to deliver crisp, bold lines on a variety of surfaces, making them suitable for both professional and personal use.",instock,,,,,15mm,,,https://beaumonttm.co.uk/wp-content/uploads/3566-15mm-Liquid-Chalk-Pen-Pk-5-WHITE-2.jpg,Display Boards & Accessories > Chalk Pens
3692CHR,Chrome Wine Glass Rack 16″,Beaumont,Glass Hangers,4.99,https://beaumonttm.co.uk/product/16-glass-hanger-chrome/,https://beaumonttm.co.uk/wp-content/uploads/3692CHR-Glass-Hanger-16Inch-CHROME.jpg,"Enhance your storage space with this 410mm chrome wine glass rack from Beaumont. The rack is ceiling and undercounter mountable, freeing up cupboard space – perfect for use at the bar or in back of house areas, where storage is limited.
As the rack stores glasses upside down, they dry faster – making for a quicker turn around of clean glasses.
Plus as they’re stored out of the way, accidents are minimised as glasses are less likely to get knocked over accidentally.",instock,,Chrome,Chrome,,"16""",0.224,41x11.5x4,https://beaumonttm.co.uk/wp-content/uploads/3692CR-Glass-Hanger-16Inch-CHROME.jpg,Glass Hangers
3692BR,Brass Wine Glass Rack 16″,Beaumont,Glass Hangers,6.69,https://beaumonttm.co.uk/product/16-glass-hanger-brass/,https://beaumonttm.co.uk/wp-content/uploads/3692BR-Glass-Hanger-16Inch-BRASS.jpg,"Enhance your storage space with this 410mm brass wine glass rack from Beaumont. The rack is ceiling and undercounter mountable, freeing up cupboard space – perfect for use at the bar or in back of house areas, where storage is limited.
As the rack stores glasses upside down, they dry faster – making for a quicker turn around of clean glasses.
Plus as they’re stored out of the way, accidents are minimised as glasses are less likely to get knocked over accidentally.",instock,,Brass,Brass,,"16""",0.224,41x11.5x4,https://beaumonttm.co.uk/wp-content/uploads/3692BR-Glass-Hanger-16Inch-BRASS-1.jpg,Glass Hangers
3647,Mini Shaker Can Stainless Steel 473ml,Beaumont,Cocktail Shakers,1.99,https://beaumonttm.co.uk/product/16oz-stainless-steel-mini-boston-can/,https://beaumonttm.co.uk/wp-content/uploads/3647-16oz-Mini-Boston-Can.jpg,"Mix drinks in style with this miniature Boston shaker can from Beaumont. The iconic design looks great on the back bar and in the hands of bar staff – empowering you to make a wide range of cocktails efficiently and with a flourish.
The miniature design means the shaker can be used with a regular sized one, to mix cocktails together. This allow for a lot more movement of the ingredients inside, meaning they are easier to mix.
The stainless steel finish ensures durability that is perfect for heavy use in distinguished cocktail bars.",instock,,,Stainless Steel,,16oz,0.138,12.3,,Cocktail Tools > Cocktail Shakers
LAW-25,Law Sign Spirits 25ml,Beaumont,Law Signs,,https://beaumonttm.co.uk/product/25ml-law-sign/,https://beaumonttm.co.uk/wp-content/uploads/B885-25ml-Weights-_-Measures-Law-Sign-170mm-x-140mm.jpg,"Minimum order quantity: 1
Carton quantity: 25",instock,"Display a clear message in accordance with the weights and measures act with one of our Spirit Measures Bar Notices, ideal for pubs, bars, clubs or any other licensed premises which needs to meet legal requirements, the premium bar signs are required by law to be displayed in any establishment selling spirits measures.; Supplied with adhesive tape for easy fixing to any clean flat surface.",,,,25ml,0.012,17x0.05x11,,Law Signs
LAW-125-175,Law Sign Wine 125ml & 175ml,Beaumont,Law Signs,3.99,https://beaumonttm.co.uk/product/175ml-law-sign/,https://beaumonttm.co.uk/wp-content/uploads/B883-125ml-_-175ml-Wine-by-Glass-Law-sign-170-x-140mm.jpg,,instock,"Clearly communicate compliance with laws around serving wine by 125ml & 175ml measures with this highly visible sign from Beaumont. The black board with gold letter design is easy to read, whilst still having a subtle, elegant style. Easy to apply.",,,,175ml,0.012,17x0.05x11,,Law Signs
LAW-125-250,Law Sign Wine 125ml & 250ml,Beaumont,Law Signs,3.99,https://beaumonttm.co.uk/product/250ml-law-sign/,https://beaumonttm.co.uk/wp-content/uploads/B884-125ml-_-250ml-Wine-by-Glass-Law-sign-170-x-140mm.jpg,,instock,"Clearly communicate compliance with laws around serving wine by 125ml & 250ml measures with this highly visible sign from Beaumont. The black board with gold letter design is easy to read, whilst still having a subtle, elegant style. Easy to apply.",,,,250ml,0.012,17x0.05x11,,Law Signs
3686,12″ Tab Grabber,Beaumont,Tab Grabbers,9.29,https://beaumonttm.co.uk/product/12-order-tab-grabber/,https://beaumonttm.co.uk/wp-content/uploads/3686-12inch-Order-Tab-Grabber.jpg,"Stay organised with this tab grabber from Beaumont. Easy to wall mount, you can place it in the perfect spot for front and back of house. Allowing staff to keep up to date with orders and tabs.
Made from Aluminium, the tab grabber is durable and easy to clean – great for heavy use in a professional environment.
Available in multiple sizes, however big your restaurant or diner there is a tab grabber that will work for you.",instock,,,Silver,,"12""",0.225,31.0x2.4x6.0,,Bar Accessories & Food Service Essentials > Tab Grabbers
3687,18″ Tab Grabber,Beaumont,Tab Grabbers,14.39,https://beaumonttm.co.uk/product/18-order-tab-grabber/,https://beaumonttm.co.uk/wp-content/uploads/3687-18inch-Order-Tab-Grabber.jpg,"Stay organised with this tab grabber from Beaumont. Easy to wall mount, you can place it in the perfect spot for front and back of house. Allowing staff to keep up to date with orders and tabs.
Made from Aluminium, the tab grabber is durable and easy to clean – great for heavy use in a professional environment.
Available in multiple sizes, however big your restaurant or diner there is a tab grabber that will work for you.",instock,,,Silver,,"18""",0.347,46.2x2.4x6,,Bar Accessories & Food Service Essentials > Tab Grabbers
3688,24″ Tab Grabber,Beaumont,Tab Grabbers,17.49,https://beaumonttm.co.uk/product/24-order-tab-grabber/,https://beaumonttm.co.uk/wp-content/uploads/3688-24inch-Order-Tab-Grabber.jpg,"Stay organised with this tab grabber from Beaumont. Easy to wall mount, you can place it in the perfect spot for front and back of house. Allowing staff to keep up to date with orders and tabs.
Made from Aluminium, the tab grabber is durable and easy to clean – great for heavy use in a professional environment.
Available in multiple sizes, however big your restaurant or diner there is a tab grabber that will work for you.",instock,,,Silver,,"24""",0.462,61.5x2.4x6.0,,Bar Accessories & Food Service Essentials > Tab Grabbers
3689,36″ Tab Grabber,Beaumont,Tab Grabbers,,https://beaumonttm.co.uk/product/36-order-tab-grabber/,https://beaumonttm.co.uk/wp-content/uploads/3689-36inch-Order-Tab-Grabber.jpg,"Stay organised with this tab grabber from Beaumont. Easy to wall mount, you can place it in the perfect spot for front and back of house. Allowing staff to keep up to date with orders and tabs.
Made from Aluminium, the tab grabber is durable and easy to clean – great for heavy use in a professional environment.
Available in multiple sizes, however big your restaurant or diner there is a tab grabber that will work for you.",instock,,,Silver,,"36""",0.684,91.8x2.4x6.0,,Bar Accessories & Food Service Essentials > Tab Grabbers
3690,48″ Tab Grabber,Beaumont,Tab Grabbers,,https://beaumonttm.co.uk/product/48-order-tab-grabber/,https://beaumonttm.co.uk/wp-content/uploads/3690-48inch-Order-Tab-Grabber.jpg,"Stay organised with this tab grabber from Beaumont. Easy to wall mount, you can place it in the perfect spot for front and back of house. Allowing staff to keep up to date with orders and tabs.
Made from Aluminium, the tab grabber is durable and easy to clean – great for heavy use in a professional environment.
Available in multiple sizes, however big your restaurant or diner there is a tab grabber that will work for you.",instock,,,Silver,,"48""",0.920,122.5x2.4x6.0,,Bar Accessories & Food Service Essentials > Tab Grabbers
3177,Stainless Steel Banded Jigger Measure 20/40ml,Beaumont,Cocktail Jigger Measures,5.49,https://beaumonttm.co.uk/product/20-40ml-ngs-jigger/,https://beaumonttm.co.uk/wp-content/uploads/3177-20-40ml-NGS-S-St-Banded-Jigger-Measure-3.jpg,"Ensure accurate measurements with each shot you pour, thanks to the Beaumont banded jigger measure. With its double-sided design, the jigger accurately measures 20ml and 40ml servings without the need for multiple pieces of equipment. This ensures that the cocktails your serve have a consistent taste and alcohol content.
Made from stainless steel and featuring a stylish banded design, this Beaumont jigger is not only highly durable and easy to clean, but also benefits from an attractive appearance that’s sure to spruce-up any back bar.",instock,,,Stainless Steel,Mezclar,10ml | 20ml | 30ml | 40ml,0.043,9.1,https://beaumonttm.co.uk/wp-content/uploads/3177-20-40ngs-S-St-Jigger-4-1.jpg | https://beaumonttm.co.uk/wp-content/uploads/3177-20-40ngs-S-St-Jigger-2.jpg,Cocktail Tools > Cocktail Jigger Measures
3693BR,Brass Wine Glass Rack 24″,Beaumont,Glass Hangers,7.79,https://beaumonttm.co.uk/product/24-glass-hanger-brass/,https://beaumonttm.co.uk/wp-content/uploads/3693BR-Glass-Hanger-24Inch-BRASS.jpg,"Enhance your storage space with this 609mm brass wine glass rack from Beaumont. The rack is ceiling and undercounter mountable, freeing up cupboard space – perfect for use at the bar or in back of house areas, where storage is limited.
As the rack stores glasses upside down, they dry faster – making for a quicker turn around of clean glasses.
Plus as they’re stored out of the way, accidents are minimised as glasses are less likely to get knocked over accidentally.",instock,,Brass,Brass,,"24""",0.340,60.5x15.5x4.1,https://beaumonttm.co.uk/wp-content/uploads/Optimized-3693BR-Glass-Hanger-24Inch-BRASS1.jpg,Glass Hangers
3693CHR,Chrome Wine Glass Rack 24″,Beaumont,Glass Hangers,5.49,https://beaumonttm.co.uk/product/24-glass-hanger-chrome/,https://beaumonttm.co.uk/wp-content/uploads/3693CHR-Glass-Hanger-24Inch-CHROME.jpg,"Enhance your storage space with this 609mm chrome wine glass rack from Beaumont. The rack is ceiling and undercounter mountable, freeing up cupboard space – perfect for use at the bar or in back of house areas, where storage is limited.
As the rack stores glasses upside down, they dry faster – making for a quicker turn around of clean glasses.
Plus as they’re stored out of the way, accidents are minimised as glasses are less likely to get knocked over accidentally.",instock,,Chrome,Chrome,,"24""",0.340,60.5x15.5x4.1,https://beaumonttm.co.uk/wp-content/uploads/Optimized-3693CR-Glass-Hanger-24Inch-CHROME2.jpg,Glass Hangers
3175,25ml Stainless Steel Thimble Measure CE,Beaumont,Thimble Measures & Accessories,3.39,https://beaumonttm.co.uk/product/25ml-thimble-measure-ce-marked/,https://beaumonttm.co.uk/wp-content/uploads/3175-25ml-Thimble-Measure-CE-Stamped.jpg,"Introduce practical and stylish equipment to the back of your bar with the 25ml thimble measure from Beaumont. Precise calibration ensures that each pour is exactly as intended – eliminating guesswork, reducing waste and providing guests with their money’s worth. The thimble measure is also CE-marked for industry-standard serving sizes – making it easy for you to follow government regulation.
Made from stainless steel, the Beaumont thimble measure is highly durable and easy to clean. This makes it a long-lasting addition to your venue.",instock,,,,,50ml,0.042,3.6,,Thimble Measures & Accessories
3047,25ml Aquaflow Pourer Chrome Plated NGS,Beaumont,Aquaflow,8.29,https://beaumonttm.co.uk/product/25ml-ngs-aquaflow-pourer/,https://beaumonttm.co.uk/wp-content/uploads/3047-25NGS-Aquaflow-Pourer.jpg,"Looking for a unique and stylish measured pourer to enhance your bartending experience? Then the Beaumont Aquaflow is exactly what you need. Designed to fit directly into most bottles, the Aquaflow easily integrates into any bar setting. This innovative pourer is engineered to limit over-pouring, ensuring precise 25ml serving – reducing waste and maintaining drink consistency.
Not only does the Aquaflow perform exceptionally well, but it also looks fantastic while doing so. Its sleek design and chrome-plated finish complements any bar setup, adding a touch of sophistication to your beverage service. Not Government stamped.",instock,"Measured pourer, dispenses and refills time after time without having to tip the bottle back; Chrome plated; Must be used in conjunction with an approved Thimble Measure for the prescribed spirits – Whisky, Gin, Vodka and Rum",Silver,,Aquaflow,25ml,0.046,5.0x7.5x16.2,,Pouring > Measured > Aquaflow
3134,Metrix SL Spirit Measure 25ml GS,Beaumont,Metrix SL,6.69,https://beaumonttm.co.uk/product/25ml-metrix-sl/,https://beaumonttm.co.uk/wp-content/uploads/3134-25ml-Metrix-SL-Measure.jpg,"Get accurate servings of your spirits with this classic optic from Beaumont. Features a precise 25ml measurement, that allows you to accurately dispense spirits and create beautifully crafted beverages – helping to keep your costs down whilst maintaining consistent cocktails and mixers.
The high quality rubber cork ensures a tight fit around the neck of the bottle to keep your spirits secure, whilst preventing any drips when mounted on your wall.
And with a traditional conical shape and black finish all over, this spirit optic features an understated designs that fits perfectly into any bar decor. Government stamped for use in the UK with the prescribed spirits – whisky, gin, vodka and rum.",instock,,,,Metrix SL,,0.102,8x7x18,,Spirit Measures > Metrix SL
3103,Solo Spirit Measure 25ml Black,Beaumont,Solo Classical,3.79,https://beaumonttm.co.uk/product/25ml-solo-classical/,https://beaumonttm.co.uk/wp-content/uploads/3103-25ml-Black-Solo-Classical.jpg,"Ensure you get your measures correct with this professional spirit dispenser from Beaumont. The precise 25ml measurement allows you to accurately dispense spirits and create beautifully crafted beverages – helping to keep your costs down whilst keeping guests happy.
High quality finned corks ensure a tight fit around the neck of the bottle to keep your spirits secure, whilst preventing any dripping – helping to save you money on wasted spirits, and keeping your bar free of mess.
In a traditional conical shape and with a black finish all over, this spirit optic fits perfectly into any bar decor by providing an understated look. Government stamped for use in the UK with the prescribed spirits – whisky, gin, vodka and rum.",instock,,,,Solo,25ml,0.082,8.2x8.7x16,https://beaumonttm.co.uk/wp-content/uploads/10-solo-flyer-NO-PRICE.jpg,Spirit Measures > Solo Classical
3103P,Solo Professional Spirit Measure 25ml Black,Beaumont,Solo Professional,6.29,https://beaumonttm.co.uk/product/25ml-solo-professional/,https://beaumonttm.co.uk/wp-content/uploads/3103P-25ml-Black-Solo-Professional.jpg,"Provide accurate, controlled servings of your spirits with Beaumont’s black, 25ml professional solo measure. This optic provides controlled dosages to ensure consistent flavours and reduced risk of wasted spirits.
The renowned non-drip mechanism and easy-to-use pusher prevent expensive spirits from spilling until your staff are ready to dispense. This makes it ideal as part of your every-day bar setup.
Government stamped for use in the UK with the prescribed spirits – whisky, gin, vodka and rum.",instock,,,,Solo,25ml,0.90,8.2x8.7x22.8,,Spirit Measures > Solo Professional
3098,Solo Spirit Measure 25ml Chrome,Beaumont,Chrome Solo Classical,8.29,https://beaumonttm.co.uk/product/25ml-solo-classical-chrome/,https://beaumonttm.co.uk/wp-content/uploads/3098-25ml-Chrome-Solo-Classical.jpg,"Provide accurate, controlled servings when making spirit-based drinks with Beaumont’s 25ml solo measure in a stylish chrome finish. The pourer provides controlled dosages to ensure consistent flavours and reduced risk of wasted spirits.
The renowned non-drip mechanism and easy-to-use pusher prevent expensive spirits from spilling until your staff are ready to dispense. This makes it ideal as part of your every-day bar setup. Government stamped for use in the UK with the prescribed spirits – whisky, gin, vodka and rum.",instock,,,,Solo,25ml,0.154,8.2x8.7x16,,Spirit Measures > Chrome Solo Classical
3103C,Solo Counter Spirit Measure 25ml Black,Beaumont,Solo Counter Measure,18.49,https://beaumonttm.co.uk/product/25ml-solo-counter-measure/,https://beaumonttm.co.uk/wp-content/uploads/3103C-25ml-Black-Solo-Counter-Measure.jpg,"Provide accurate, controlled servings of your spirits with Beaumont’s black, 25ml solo counter measure. With an integrated counter, the pourer provides controlled dosages to ensure consistent flavours and reduced risk of wasted spirits.
The renowned non-drip mechanism and easy-to-use pusher prevent expensive spirits from spilling until your staff are ready to dispense. This makes it ideal as part of your every-day bar setup.
Government stamped for use in the UK with the prescribed spirits – whisky, gin, vodka and rum.",instock,,,,Solo,25ml,,,,Spirit Measures > Solo Counter Measure
3080,Vogue Spirit Measure 25ml GS Silver,Beaumont,Vogue,,https://beaumonttm.co.uk/product/25ml-vogue-spirit-measure/,https://beaumonttm.co.uk/wp-content/uploads/3080-25ml-Vogue-Measure-Adjusted.jpg,"The most eye-catching spirit measure (optic) in the Beaumont range, the Vogue is aptly named. Featuring the renowned non-drip mechanism and a large viewing window, and a smooth dispensing action. Government stamped for use in the UK with the prescribed spirits – whisky, gin, vodka and rum.",instock,,,,Vogue,25ml,0106,6.2x9.0x18,https://beaumonttm.co.uk/wp-content/uploads/Vogue.jpg,Spirit Measures > Vogue
3185,25/50ml Stainless Steel Jigger Measure CE Marked,Beaumont,Thimble Measures & Accessories,3.99,https://beaumonttm.co.uk/product/25ml-50ml-jigger-ce-marked/,https://beaumonttm.co.uk/wp-content/uploads/3185-25ml-50ml-S-St-Jigger-Measure-CE-Stamped.jpg,"This stainless steel double-ended thimble measure is ready for the rigours of bartending. With a 25 ml and 50ml measure, this jigger is ready for a wide range of serves. CE marked for approved use in the EEA.",instock,,,,,35.5ml,0.079,7.7,,Thimble Measures & Accessories
3558,Stainless Steel Boston Can 28oz,Beaumont,Cocktail Shakers,,https://beaumonttm.co.uk/product/28oz-stainless-steel-boston-can/,https://beaumonttm.co.uk/wp-content/uploads/3558-28oz-Boston-Can.jpg,"Beaumont’s 28oz Boston Can is a professional-grade shaker, perfect for bartenders and cocktail enthusiasts. Made from high-quality stainless steel, this Boston can combines durability, style and functionality, making it an essential tool for any bar setup.
Designed for comfortable handling and smooth pouring, its ergonomic shape and seamless construction ensure easy cleaning and maintenance. For added versatility, it pairs seamlessly with Beaumont’s 16oz Boston Glass and 18oz Mezclar Tin.
Crafted from high-quality stainless steel, this Boston can offers durability, style and functionality, making it an essential addition to any bar setup. Whether you’re shaking up classic cocktails or experimenting with your own creations, this versatile tool is sure to upgrade your mixology experience.",instock,Can be used in conjunction with our 16oz Boston Glass and 18oz Mezclar Tin,,Stainless Steel,,28oz,0.195,17.5,,Cocktail Tools > Cocktail Shakers
3672,Boston Can Vinyl Coated Black 28oz,Beaumont,Cocktail Shakers,5.19,https://beaumonttm.co.uk/product/28oz-boston-can-vinyl-coated-black/,https://beaumonttm.co.uk/wp-content/uploads/3672-28fl-oz-Boston-Can-Vinyl-Coated-Black.jpg,"Mix drinks in style with this Boston can from Beaumont. The iconic design looks great on the back bar and in the hands of bar staff – empowering you to make a wide range of cocktails efficiently and with a flourish.
The black vinyl finish ensures a high-end aesthetic that is perfect for distinguished cocktail bars.",instock,,,,,28oz,0.235,17.4,,Cocktail Tools > Cocktail Shakers
3521,3 Brush Glass Washer,Beaumont,Glass Washers,22.59,https://beaumonttm.co.uk/product/3-brush-glass-washer/,https://beaumonttm.co.uk/wp-content/uploads/3521-3-Brush-Glass-Washer.jpg,"Leave your glassware shining with this three brush glass washer from Beaumont. With three carefully arranged brushes that have hundreds of individual bristles, you can really get in those hard-to-reach areas. Ensuring glasses are as clean as can be.
The four plastic ‘suckers’ allow for the glass washer to be fixed to a surface. This ensures an efficient cleaning experience, as staff have a steady surface to work on.",instock,,,,,,0.413,18.8x9.9x19.3,,Bar Accessories & Food Service Essentials > Glass Washers
3473,Bar Organiser Black,Beaumont,Bar Caddies,3.99,https://beaumonttm.co.uk/product/3-part-bar-organiser-black/,https://beaumonttm.co.uk/wp-content/uploads/3473-3-Part-Bar-Organiser-Black.jpg,"Make bar organisation as easy as can be with this organiser from Beaumont. Three separate compartments make it easy for your to store bar essentials close-to-hand. The central area is perfect for holding napkins, while the side compartments are ideal for storing various stirrers, cocktail sticks or straws. Its sleek black design adds a sophisticated look to your bar.",instock,,Black,,,,0.319,19.3x14x13.6,https://beaumonttm.co.uk/wp-content/uploads/3473-3-Part-Bar-Organiser-Black-IN-USE.jpg,Bar Caddies
3474,Bar Organiser Chrome,Beaumont,Bar Caddies,9.29,https://beaumonttm.co.uk/product/3-part-bar-organiser-chrome-plated/,https://beaumonttm.co.uk/wp-content/uploads/3474-3-Part-Bar-Organiser-Chrome.jpg,"Make bar organisation as easy as can be with this organiser from Beaumont. Three separate compartments make it easy for your to store bar essentials close-to-hand. The central area is perfect for holding napkins, while the side compartments are ideal for storing various stirrers, cocktail sticks or straws. Its sleek black design adds a sophisticated look to your bar.",instock,,Silver,,,,0.324,19.3x14x13.6,https://beaumonttm.co.uk/wp-content/uploads/3474-3-Part-Bar-Organiser-Chrome-IN-USE.jpg,Bar Caddies
3597,Glass Rimmer 3 Tier Black,Beaumont,Cocktail Equipment – Bar Top Accessories,12.19,https://beaumonttm.co.uk/product/3-part-glass-rimmer/,https://beaumonttm.co.uk/wp-content/uploads/3597-Glass-Rimmer-3-Tier-Black-closed.jpg,"Serve cocktails with efficiency with the help of this glass rimmer from Beaumont. The fold away design allows the rimmer to be stored away when not in use – great for bars where space is limited
Featuring 3 tiers, the Beaumont rimmer allows you to apply lime, salt, and sugar with speed and ease. This helps with precise application of garnish, whilst providing efficient service.
To top it off, the tiers are labelled to avoid confusion – ensuring all drinks are served as intended.",instock,,,,,,0.481,36.5x35x7.4,https://beaumonttm.co.uk/wp-content/uploads/3597-Glass-Rimmer-3-Tier-Black-open.jpg | https://beaumonttm.co.uk/wp-content/uploads/glass-rimmed.jpg | https://beaumonttm.co.uk/wp-content/uploads/3597-Rimmer-Lifestyle-1-scaled.jpg | https://beaumonttm.co.uk/wp-content/uploads/3597-Rimmer-Lifestyle-2-scaled.jpg,Cocktail Tools > Cocktail Equipment
3598,Spare Sponge For Glass Rimmer,Beaumont,Cocktail Equipment – Bar Top Accessories,0.99,https://beaumonttm.co.uk/product/3-part-glass-rimmer-spare-pad/,https://beaumonttm.co.uk/wp-content/uploads/3598-Spare-Sponge-For-Glass-Rimmer.jpg,"Replace old or lost pads with this spare glass rimmer sponge from Beaumont. Perfect for when original pads become diminished, the sponge allows you to continue to rim glasses quickly and effectively. Ensuring high quality cocktails at all times.
Buying the Beaumont sponge means you don’t have to replace the whole glass rimmer – saving money as well as the amount of waste in landfill.",instock,,,,,,0.003,0.9,,Cocktail Tools > Cocktail Equipment
3617BSP,3/4 BSP Turndown Spout 1/2″,Beaumont,Turn Down Spouts,6.29,https://beaumonttm.co.uk/product/3-4-turn-down-spout-1-2-od/,https://beaumonttm.co.uk/wp-content/uploads/3617BSP-¾”-BSP-Turn-Down-Spout-½”-Overall-Diameter-For-Use-With-3-4”-BSP-Taps.jpg,"Dispense beer smoothly and reliably straight out of the cask with this 3/4 BSP turndown spout from Beaumont. Made from stainless steel, the spout is durable and resists weathering – perfect for use at outdoor events such as festivals.
The spout has a half inch outer diameter and is designed for use with 3/4″ BSP taps. It is ideal for helping dispense drinks straight into a glass from a cask or barrel.",instock,,,,Abbot,"3/4"" BSP Thread",0.039,6.3x2.4x7.8,https://beaumonttm.co.uk/wp-content/uploads/Keg-with-single-tap-nut-and-turn-down-spout.jpg,Cellar Equipment > Turn Down Spouts
3658,Flair Top Boston Shaker Can Stainless Steel 30oz (887ml),Beaumont,Cocktail Shakers,5.59,https://beaumonttm.co.uk/product/30oz-flair-boston-can/,https://beaumonttm.co.uk/wp-content/uploads/3658-Flair-Boston-Can-Stainless-Steel-image-TBC-1.jpg,"Mix drinks in style with this flair top Boston shaker can from Beaumont. The iconic flared design looks great on the back bar and in the hands of bar staff – empowering you to make a wide range of cocktails efficiently and with a flourish.
The stainless steel finish ensures durability that is perfect for heavy use in distinguished cocktail bars.",instock,,,Stainless Steel,,30oz,0.188,18,,Cocktail Tools > Cocktail Shakers
3706,Windproof Stainless Steel Ashtray,Beaumont,Ashtrays & Ashbins,,https://beaumonttm.co.uk/product/3stainless-steel-windproof-ashtray/,https://beaumonttm.co.uk/wp-content/uploads/Optimized-3706P-3.5inch-Stainless-Steel-Windproof-Ashtray-PK24-CLOSED.jpg,"Keep your garden space clean with the help of this windproof ashtray from Beaumont. The ashtray offers protection from wind when in use, to ensure ash doesn’t spill out. Made from stainless steel, the ashtray is shatterproof, this makes it ideal for heavy use in pub gardens.",instock,,Silver,Stainless Steel,,"3 1/2""",0.097,4.2,https://beaumonttm.co.uk/wp-content/uploads/3706P-3.5inch-Stainless-Steel-Windproof-Ashtray-PK24-OPEN.jpg,Ashtrays & Ashbins
3189,35ml Stainless Steel Thimble Measure CE Marked,Beaumont,Thimble Measures & Accessories,3.99,https://beaumonttm.co.uk/product/35ml-thimble-measure-ce-marked/,https://beaumonttm.co.uk/wp-content/uploads/3189-35ml-Thimble-Measure-CE-Stamped.jpg,"Introduce practical and stylish equipment to the back of your bar with the 35ml thimble measure from Beaumont. Precise calibration ensures that each pour is exactly as intended – eliminating guesswork, reducing waste and providing guests with their money’s worth. The thimble measure is also CE-marked for industry-standard serving sizes – making it easy for you to follow government regulation.
Made from stainless steel, the Beaumont thimble measure is highly durable and easy to clean. This makes it a long-lasting addition to your venue.",instock,,,,,125ml,0.051,4.8,,Thimble Measures & Accessories
3188SV,35.5ml Stainless Steel Thimble Measure CE Marked,Beaumont,Thimble Measures & Accessories,2.99,https://beaumonttm.co.uk/product/35-5ml-thimble-measure-ce-marked/,https://beaumonttm.co.uk/wp-content/uploads/3188SV-35.5ml-Thimble-Measure-CE-Stamped.jpg,"Introduce practical and stylish equipment to the back of your bar with the 35.5ml thimble measure from Beaumont. Precise calibration ensures that each pour is exactly as intended – eliminating guesswork, reducing waste and providing guests with their money’s worth. The thimble measure is also CE-marked for industry-standard serving sizes – making it easy for you to follow government regulation.
Made from stainless steel, the Beaumont thimble measure is highly durable and easy to clean. This makes it a long-lasting addition to your venue.",instock,,,,,35ml,0.051,4.7,,Thimble Measures & Accessories
3176,50ml Stainless Steel Thimble Measure CE,Beaumont,Thimble Measures & Accessories,4.19,https://beaumonttm.co.uk/product/50ml-thimble-measure-ce-marked/,https://beaumonttm.co.uk/wp-content/uploads/3176-50ml-Thimble-Measure-CE-Stamped.jpg,"Introduce practical and stylish equipment to the back of your bar with the 50ml thimble measure from Beaumont. Precise calibration ensures that each pour is exactly as intended – eliminating guesswork, reducing waste and providing guests with their money’s worth. The thimble measure is also CE-marked for industry-standard serving sizes – making it easy for you to follow government regulation.
Made from stainless steel, the Beaumont thimble measure is highly durable and easy to clean. This makes it a long-lasting addition to your venue.",instock,,,,,100ml,0.066,6.2,,Thimble Measures & Accessories
3141,Metrix SL Spirit Measure 35.5ml NGS,Beaumont,Metrix SL,10.29,https://beaumonttm.co.uk/product/35-5ml-metrix-sl-ngs/,https://beaumonttm.co.uk/wp-content/uploads/3141-35.5ml-NGS-Metrix-SL-Measure.jpg,"Beaumont’s Metrix SL stands as the premium choice in spirit measure (optic) engineering and design. With its non-drip mechanism, single-handed operation and advanced cork design, it ensures precise dispensing of a 35.5ml measure.",instock,,,,,,0.102,8x7x18,https://beaumonttm.co.uk/wp-content/uploads/Metrix-SL.jpg,Spirit Measures > Metrix SL
3141V,Metrix SL Spirit Measure 35.5ml Eire Verified,Beaumont,Metrix SL,,https://beaumonttm.co.uk/product/35-5ml-metrix-sl-verified-for-use-in-eire/,https://beaumonttm.co.uk/wp-content/uploads/3141-35.5ml-NGS-Metrix-SL-Measure.jpg,"Beaumont’s Metrix SL stands as the premium choice in spirit measure (optic) engineering and design. With its non-drip mechanism, single-handed operation and advanced cork design, it ensures precise dispensing of a 35.5ml measure.",instock,,,,,,0.102,8x7x18,https://beaumonttm.co.uk/wp-content/uploads/Metrix-SL.jpg,Spirit Measures > Metrix SL
3113,Solo Spirit Measure 35.5ml Black,Beaumont,Solo Classical,6.29,https://beaumonttm.co.uk/product/35-5ml-solo-classical-ngs/,https://beaumonttm.co.uk/wp-content/uploads/3113-35.5ml-NGS-Black-Solo-Classical.jpg,"Provide accurate, controlled servings when making spirit-based drinks with Beaumont’s black, 35.5ml unstamped solo measure. The pourer provides controlled dosages to ensure consistent flavours and reduced risk of wasted spirits.
The renowned non-drip mechanism and easy-to-use pusher prevent expensive spirits from spilling until your staff are ready to dispense. This makes it ideal as part of your every-day bar setup.",instock,,,,Solo,35.5ml,0.084,8.2x8.7x16,https://beaumonttm.co.uk/wp-content/uploads/10-solo-flyer-NO-PRICE.jpg,Spirit Measures > Solo Classical
3113V,Solo Spirit Measure Eire Verified 35.5ml Black,Beaumont,Solo Classical,,https://beaumonttm.co.uk/product/35-5ml-solo-classical-verified-for-use-in-eire/,https://beaumonttm.co.uk/wp-content/uploads/3113-35.5ml-NGS-Black-Solo-Classical.jpg,"Provide accurate, controlled servings of your spirits with Beaumont’s black, 35.5ml solo measure. This high quaity optic provides controlled dosages to ensure consistent flavours and reduced risk of wasted spirits.
The renowned non-drip mechanism and easy-to-use pusher prevent expensive spirits from spilling until your staff are ready to dispense. This makes it ideal as part of your every-day bar setup.",instock,,,,Solo,35.5ml,0.084,8.2x8.7x16,https://beaumonttm.co.uk/wp-content/uploads/10-solo-flyer-NO-PRICE.jpg,Spirit Measures > Solo Classical
3113C,Solo Counter Spirit Measure 35.5ml Black,Beaumont,Solo Counter Measure,,https://beaumonttm.co.uk/product/35-5ml-solo-counter-measure-ngs/,https://beaumonttm.co.uk/wp-content/uploads/3113C-35.5ml-NGS-Black-Solo-Counter-Measure.jpg,"Provide accurate, controlled servings when making spirit-based drinks with Beaumont’s black, 35.5ml unstamped solo counter measure. With an integrated counter, this optic provides controlled dosages to ensure consistent flavours and reduced risk of wasted spirits.
The renowned non-drip mechanism and easy-to-use pusher prevent expensive spirits from spilling until your staff are ready to dispense. This makes it ideal as part of your every-day bar setup.",instock,,,,Solo,35.5ml,0.096,8.2x8.7x16,,Spirit Measures > Solo Counter Measure
3114,Solo Spirit Measure 35.5ml Chrome,Beaumont,Chrome Solo Classical,11.29,https://beaumonttm.co.uk/product/35-5ml-solo-classical-chrome-ngs/,https://beaumonttm.co.uk/wp-content/uploads/3114-35.5ml-NGS-Chrome-Solo-Classical.jpg,"Provide accurate, controlled servings when making spirit-based drinks with Beaumont’s stylish chrome, 35.5ml unstamped solo measure. The pourer provides controlled dosages to ensure consistent flavours and reduced risk of wasted spirits.
The renowned non-drip mechanism and easy-to-use pusher prevent expensive spirits from spilling until your staff are ready to dispense. This makes it ideal as part of your every-day bar setup.",instock,,,,Solo,35.5ml,0.150,8.2x8.7x16,,Spirit Measures > Chrome Solo Classical
3114V,Solo Spirit Measure Eire Verified 35.5ml Chrome,Beaumont,Chrome Solo Classical,,https://beaumonttm.co.uk/product/35-5ml-solo-classical-chrome-verified-for-use-in-eire/,https://beaumonttm.co.uk/wp-content/uploads/3114-35.5ml-NGS-Chrome-Solo-Classical.jpg,"Provide accurate, controlled servings when making spirit-based drinks with Beaumont’s chrome, 35.5ml solo measure. This pourer provides controlled dosages to ensure consistent flavours and reduced risk of wasted spirits.
The renowned non-drip mechanism and easy-to-use pusher prevent expensive spirits from spilling until your staff are ready to dispense. This makes it ideal as part of your every-day bar setup.",instock,,,,Solo,35.5ml,0.150,8.2x8.7x16,,Spirit Measures > Chrome Solo Classical
3083,Vogue Spirit Measure 35.5ml GS Silver,Beaumont,Vogue,,https://beaumonttm.co.uk/product/35-5ml-vogue-ngs/,https://beaumonttm.co.uk/wp-content/uploads/3083-35.5ml-NGS-Vogue-Measure.jpg,"Introduce stylish and functional equipment to your back bar with this 35.5ml spirit optic from Beaumont’s Vogue range. True to its name, this eye-catching optic is designed to stand out in any bar setting. The Vogue optic boasts a renowned non-drip mechanism that ensures every pour is precise and mess-free. Its large, clear viewing window allows bartenders to monitor the dispensing process with ease, ensuring accurate serving sizes every time.
The Vogue’s smooth dispensing action not only enhances the overall experience for bartenders but also improves efficiency during peak service times.",instock,,,,Vogue,35.5ml,0.106,9.0x6.2x18,https://beaumonttm.co.uk/wp-content/uploads/Vogue.jpg,Spirit Measures > Vogue
3083V,Vogue Spirit Measure 35.5ml Eire Verified Silver,Beaumont,Vogue,,https://beaumonttm.co.uk/product/35-5ml-vogue-verified-for-use-in-eire/,https://beaumonttm.co.uk/wp-content/uploads/3083-35.5ml-NGS-Vogue-Measure.jpg,"Introduce stylish and functional equipment to your back bar with this 35.5ml spirit optic from Beaumont’s Vogue range. True to its name, this eye-catching optic is designed to stand out in any bar setting. The Vogue optic boasts a renowned non-drip mechanism that ensures every pour is precise and mess-free. Its large, clear viewing window allows bartenders to monitor the dispensing process with ease, ensuring accurate serving sizes every time.
The Vogue’s smooth dispensing action not only enhances the overall experience for bartenders but also improves efficiency during peak service times",instock,,,,Vogue,35.5ml,0.106,9.0x6.2x18,https://beaumonttm.co.uk/wp-content/uploads/Vogue.jpg,Spirit Measures > Vogue
3048,35ml Aquaflow Pourer Chrome Plated NGS,Beaumont,Aquaflow,8.29,https://beaumonttm.co.uk/product/35ml-ngs-aquaflow-pourer/,https://beaumonttm.co.uk/wp-content/uploads/3048-35NGS-Aquaflow-Pourer.jpg,"Looking for a unique and stylish measured pourer to enhance your bartending experience? Then the Beaumont Aquaflow is exactly what you need. Designed to fit directly into most bottles, the Aquaflow easily integrates into any bar setting. This innovative pourer is engineered to limit over-pouring, ensuring precise 35ml serving – reducing waste and maintaining drink consistency.
Not only does the Aquaflow perform exceptionally well, but it also looks fantastic while doing so. Its sleek design and chrome-plated finish complements any bar setup, adding a touch of sophistication to your beverage service. Not Government stamped.",instock,"Measured pourer, dispenses and refills time after time without having to tip the bottle back; Chrome plated; Must be used in conjunction with an approved Thimble Measure for the prescribed spirits – Whisky, Gin, Vodka and Rum",Silver,,Aquaflow,35ml,0.046,5.0x7.5x16.2,,Pouring > Measured > Aquaflow
LAW-35,Law Sign Spirits 35ml,Beaumont,Law Signs,,https://beaumonttm.co.uk/product/35ml-law-sign/,https://beaumonttm.co.uk/wp-content/uploads/B886-35ml-Weights-_-Measures-Law-Sign-170mm-x-140mm.jpg,,instock,"Display a clear message in accordance with the weights and measures act with one of our Spirit Measures Bar Notices, ideal for pubs, bars, clubs or any other licensed premises which needs to meet legal requirements, the premium bar signs are required by law to be displayed in any establishment selling spirits measures.; Supplied with adhesive tape for easy fixing to any clean flat surface.",,,,35ml,0.012,17x0.05x11,,Law Signs
3135,Metrix SL Spirit Measure 35ml GS,Beaumont,Metrix SL,6.69,https://beaumonttm.co.uk/product/35ml-metrix-sl/,https://beaumonttm.co.uk/wp-content/uploads/3135-35ml-Metrix-SL-Measure.jpg,"Get accurate servings of your spirits with this classic optic from Beaumont. Features a precise 35ml measurement, that allows you to accurately dispense spirits and create beautifully crafted beverages – helping to keep your costs down whilst maintaining consistent cocktails and mixers.
The high quality rubber cork ensures a tight fit around the neck of the bottle to keep your spirits secure, whilst preventing any drips when mounted on your wall.
And with a traditional conical shape and black finish all over, this spirit optic features an understated designs that fits perfectly into any bar decor. Government stamped for use in the UK with the prescribed spirits – whisky, gin, vodka and rum.",instock,,,,,,0.102,8x7x18,https://beaumonttm.co.uk/wp-content/uploads/Metrix-SL.jpg,Spirit Measures > Metrix SL
3066,Solo Spirit Measure 35ml GS Black,Beaumont,Solo Classical,3.39,https://beaumonttm.co.uk/product/35ml-solo-classical/,https://beaumonttm.co.uk/wp-content/uploads/3066-35ml-Black-Solo-Classical-Measure.jpg,"Achieve consistent pouring every time with the 35ml Beaumont spirit optic. A precise 35ml measurement allows you to get your measurements correct every time. Not only does this ensure that your guests receive the amount of spirit that they pay for, but also helps to minimise over pouring. Plus, it’s government stamped to ensure industry-standard measurements.
For added practicality, the bar optic features three arms that make dispensing as easy as can be. Simply press your chosen glass upwards against the bottom of the Beaumont optic and it will dispense exactly 35ml.
A high quality rubber cork provides a secure fitting to most bottle necks. This helps to reduce the risk of spills and protects drinks from contamination.",instock,,,,Solo,35ml,0.084,8.2x8.7x16,https://beaumonttm.co.uk/wp-content/uploads/10-solo-flyer-NO-PRICE.jpg,Spirit Measures > Solo Classical
3074,Solo Spirit Measure 35ml Chrome,Beaumont,Chrome Solo Classical,8.29,https://beaumonttm.co.uk/product/35ml-solo-classical-chrome/,https://beaumonttm.co.uk/wp-content/uploads/3074-35ml-Chrome-Solo-Classical.jpg,"Achieve consistent pouring every time with the 35ml Beaumont spirit optic in a stylish chrome finish. A precise 35ml measurement allows you to get your measurements correct every time. Not only does this ensure that your guests receive the amount of spirit that they pay for, but also helps to minimise over pouring. Plus, it’s government stamped to ensure industry-standard measurements.
For added practicality, the bar optic features three arms that make dispensing as easy as can be. Simply press your chosen glass upwards against the bottom of the Beaumont optic and it will dispense exactly 35ml.
A high quality rubber cork provides a secure fitting to most bottle necks. This helps to reduce the risk of spills and protects drinks from contamination.",instock,,,,Solo,35ml,0.156,8.2x8.7x16,,Spirit Measures > Chrome Solo Classical
3066C,Solo Counter Spirit Measure 35ml Black,Beaumont,Solo Counter Measure,,https://beaumonttm.co.uk/product/35ml-solo-counter-measure/,https://beaumonttm.co.uk/wp-content/uploads/3066c-35ml-Black-Solo-Counter-Measure.jpg,"Provide accurate, controlled servings of your spirits with Beaumont’s black, 35ml solo counter measure. With an integrated counter, the pourer provides controlled dosages to ensure consistent flavours and reduced risk of wasted spirits.
The renowned non-drip mechanism and easy-to-use pusher prevent expensive spirits from spilling until your staff are ready to dispense. This makes it ideal as part of your every-day bar setup.
Government stamped for use in the UK with the prescribed spirits – whisky, gin, vodka and rum.",instock,,,,Solo,35ml,0.100,8.2x8.7x16,,Spirit Measures > Solo Counter Measure
3066P,Solo Professional Spirit Measure 35ml Black,Beaumont,Solo Professional,6.29,https://beaumonttm.co.uk/product/35ml-solo-professional/,https://beaumonttm.co.uk/wp-content/uploads/3066P-35ml-Black-Solo-Professional.jpg,"Provide accurate, controlled servings of your spirits with Beaumont’s black, 35ml solo professional measure. This durable optic provides a 35ml dispense every time, to ensure consistent flavours and reduced risk of wasted spirits.
The renowned non-drip mechanism and easy-to-use pusher prevent expensive spirits from spilling until your staff are ready to dispense. This makes it ideal as part of your every-day bar setup.
Government stamped for use in the UK with the prescribed spirits – whisky, gin, vodka and rum.",instock,,,,Solo,35ml,0.092,8.2x8.7x22.8,,Spirit Measures > Solo Professional
3081,Vogue Spirit Measure 35ml GS Silver,Beaumont,Vogue,,https://beaumonttm.co.uk/product/35ml-vogue-spirit-measure/,https://beaumonttm.co.uk/wp-content/uploads/3081-35ml-Vogue-Measure.jpg,"The most eye-catching spirit measure (optic) in the Beaumont range, the Vogue is aptly named. Featuring the renowned non-drip mechanism and a large viewing window, and a smooth dispensing action. Government stamped for use in the UK with the prescribed spirits – whisky, gin, vodka and rum.",instock,,,,Vogue,35ml,0.106,6.2x9x18,https://beaumonttm.co.uk/wp-content/uploads/Vogue.jpg,Spirit Measures > Vogue
3653,Non Slip Mat for 16″ Service Tray Black,Beaumont,Waiters Trays,,https://beaumonttm.co.uk/product/360mm-14-17-anti-skid-mat-to-fit-16-round-trays/,https://beaumonttm.co.uk/wp-content/uploads/3653-Non-Slip-Mat-for-16inch-Service-Tray-Black-.jpg,"Leave nothing to chance and avoid accidents with this non-slip mat from Beaumont. Purpose designed for use with 16-inch round trays, the mat provides ultimate peace of mind – ensuring safety even during the busiest of services.
The non-slip surface keeps drinks secure, even when being transported. Therefore, helping to facilitate fast service.",instock,,,,,"16""",0.112,0.3,,Waiters Trays
3352,4 Cavity Clear Silicone Shot Glass Mould,Beaumont,Ice Cube Trays,,https://beaumonttm.co.uk/product/4-cavity-silicone-shot-glass-mould-clear/,https://beaumonttm.co.uk/wp-content/uploads/3352-4-Cavity-Silicone-Shot-Glass-Mould-Clear-in-use-4.jpg,What’s better than ice cubes? Ice shot glasses! Make your own with this silicone shot glass mould. Creates 4 perfect ice shot glasses.,instock,,Clear,Silicone,,,0.110,23x6.2x5.8,https://beaumonttm.co.uk/wp-content/uploads/DSC3254.jpg | https://beaumonttm.co.uk/wp-content/uploads/3352-4-Cavity-Silicone-Shot-Glass-Mould-Clear.jpg | https://beaumonttm.co.uk/wp-content/uploads/3352-4-Cavity-Silicone-Shot-Glass-Mould-Clear-in-use-1.jpg | https://beaumonttm.co.uk/wp-content/uploads/3352-4-Cavity-Silicone-Shot-Glass-Mould-Clear-in-use-2.jpg | https://beaumonttm.co.uk/wp-content/uploads/3352-4-Cavity-Silicone-Shot-Glass-Mould-Clear-in-use-3.jpg,Bar Accessories & Food Service Essentials > Ice Cube Trays
3519,5 Brush Glass Washer With Raised Centre,Beaumont,Glass Washers,21.59,https://beaumonttm.co.uk/product/5-brush-glass-washer/,https://beaumonttm.co.uk/wp-content/uploads/3519-5-Brush-Glass-Washer-Raised-Centre.jpg,"Leave your glassware shining with this five brush glass washer from Beaumont. With five carefully arranged brushes that have hundreds of individual bristles, you can really get in those hard-to-reach areas. Ensuring glasses are as clean as can be.
The multi-level design is there to suit different shaped glasses. This means the washer is great for versatile use in bars and restaurants.
The four plastic ‘suckers’ allow for the glass washer to be fixed to a surface. This ensures an efficient cleaning experience, as staff have a steady surface to work on.",instock,,,,,,0.815,16x16x25.9,,Bar Accessories & Food Service Essentials > Glass Washers
3049,50ml Aquaflow Pourer Chrome Plated NGS,Beaumont,Aquaflow,8.29,https://beaumonttm.co.uk/product/50ml-ngs-aquaflow-pourer/,https://beaumonttm.co.uk/wp-content/uploads/3049-50NGS-Aquaflow-Pourer.jpg,"Looking for a unique and stylish measured pourer to enhance your bartending experience? Then the Beaumont Aquaflow is exactly what you need. Designed to fit directly into most bottles, the Aquaflow easily integrates into any bar setting. This innovative pourer is engineered to limit over-pouring, ensuring precise 50ml serving – reducing waste and maintaining drink consistency.
Not only does the Aquaflow perform exceptionally well, but it also looks fantastic while doing so. Its sleek design and chrome-plated finish complements any bar setup, adding a touch of sophistication to your beverage service. Not Government stamped.",instock,"Measured pourer, dispenses and refills time after time without having to tip the bottle back; Chrome plated; Must be used in conjunction with an approved Thimble Measure for the prescribed spirits – Whisky, Gin, Vodka and Rum",Silver,,Aquaflow,50ml,0.046,5.0x7.5x16.2,,Pouring > Measured > Aquaflow
3139,Metrix SL Spirit Measure 50ml GS,Beaumont,Metrix SL,6.69,https://beaumonttm.co.uk/product/50ml-metrix-sl/,https://beaumonttm.co.uk/wp-content/uploads/3139-50ml-Metrix-SL-Measure.jpg,"Get accurate servings of your spirits with this classic optic from Beaumont. Features a precise 50ml measurement, that allows you to accurately dispense spirits and create beautifully crafted beverages – helping to keep your costs down whilst maintaining consistent cocktails and mixers.
The high quality rubber cork ensures a tight fit around the neck of the bottle to keep your spirits secure, whilst preventing any drips when mounted on your wall.
And with a traditional conical shape and black finish all over, this spirit optic features an understated designs that fits perfectly into any bar decor. Government stamped for use in the UK with the prescribed spirits – whisky, gin, vodka and rum.",instock,,,,,,0.102,9.2x7.0x18,https://beaumonttm.co.uk/wp-content/uploads/Metrix-SL.jpg,Spirit Measures > Metrix SL
3104,Solo Spirit Measure 50ml Black,Beaumont,Solo Classical,3.79,https://beaumonttm.co.uk/product/50ml-solo-classical/,https://beaumonttm.co.uk/wp-content/uploads/3104-50ml-Black-Solo-Classical.jpg,"Ensure you get your measures correct with this professional spirit dispenser from Beaumont. The precise 50ml measurement allows you to accurately dispense spirits and create beautifully crafted beverages – helping to keep your costs down whilst keeping guests happy.
High quality finned corks ensure a tight fit around the neck of the bottle to keep your spirits secure, whilst preventing any dripping – helping to save you money on wasted spirits, and keeping your bar free of mess.
In a traditional conical shape and with a black finish all over, this spirit optic fits perfectly into any bar decor by providing an understated look. Government stamped for use in the UK with the prescribed spirits – whisky, gin, vodka and rum.",instock,,,,Solo,50ml,0.082,8.2x8.7x16,https://beaumonttm.co.uk/wp-content/uploads/10-solo-flyer-NO-PRICE.jpg,Spirit Measures > Solo Classical
3099BM,Solo Spirit Measure 50ml Chrome,Beaumont,Chrome Solo Classical,8.29,https://beaumonttm.co.uk/product/50ml-solo-classical-chrome/,https://beaumonttm.co.uk/wp-content/uploads/3099-50ml-Chrome-Solo-Classical.jpg,,instock,"Provide accurate, controlled servings of your spirits with Beaumont’s 50ml solo measure in a stylish chrome finish. This optic provides controlled dosages to ensure consistent flavours and reduced risk of wasted spirits.; The renowned non-drip mechanism and easy-to-use pusher prevent expensive spirits from spilling until your staff are ready to dispense. This makes it ideal as part of your every-day bar setup.; Government stamped for use in the UK with the prescribed spirits – whisky, gin, vodka and rum.",,,Solo,50ml,0.154,8.2x8.7x16,,Spirit Measures > Chrome Solo Classical
3104C,Solo Counter Spirit Measure 50ml Black,Beaumont,Solo Counter Measure,,https://beaumonttm.co.uk/product/50ml-solo-counter-measure/,https://beaumonttm.co.uk/wp-content/uploads/3104c-50ml-Black-Solo-Counter-Measure.jpg,"Provide accurate, controlled servings of your spirits with Beaumont’s black, 50ml solo counter measure. With an integrated counter, this optic provides controlled dosages to ensure consistent flavours and reduced risk of wasted spirits.
The renowned non-drip mechanism and easy-to-use pusher prevent expensive spirits from spilling until your staff are ready to dispense. This makes it ideal as part of your every-day bar setup.
Government stamped for use in the UK with the prescribed spirits – whisky, gin, vodka and rum.",instock,,,,Solo,50ml,0.096,8.2x8.7x16,,Spirit Measures > Solo Counter Measure
3104P,Solo Professional Spirit Measure 50ml Black,Beaumont,Solo Professional,6.29,https://beaumonttm.co.uk/product/50ml-solo-professional/,https://beaumonttm.co.uk/wp-content/uploads/3104p-50ml-Black-Solo-professional.jpg,"Provide accurate, controlled servings of your spirits with Beaumont’s black, 50ml professional solo measure. This optic provides controlled dosages to ensure consistent flavours and reduced risk of wasted spirits.
The renowned non-drip mechanism and easy-to-use pusher prevent expensive spirits from spilling until your staff are ready to dispense. This makes it ideal as part of your every-day bar setup.
Government stamped for use in the UK with the prescribed spirits – whisky, gin, vodka and rum.",instock,,,,Solo,50ml,0.088,8.2x8.7x22.8,,Spirit Measures > Solo Professional
3082,Vogue Spirit Measure 50ml GS Silver,Beaumont,Vogue,,https://beaumonttm.co.uk/product/50ml-vogue-spirit-measure/,https://beaumonttm.co.uk/wp-content/uploads/3082-50ml-Vogue-Measure.jpg,"The most eye-catching spirit measure (optic) in the Beaumont range, the Vogue is aptly named. Featuring the renowned non-drip mechanism and a large viewing window, and a smooth dispensing action. Government stamped for use in the UK with the prescribed spirits – whisky, gin, vodka and rum.",instock,,,,Vogue,50ml,0.106,9x6.2x18,https://beaumonttm.co.uk/wp-content/uploads/Vogue.jpg,Spirit Measures > Vogue
3707,Windproof Melamine Ashtray Black,Beaumont,Ashtrays & Ashbins,,https://beaumonttm.co.uk/product/5-melamine-windproof-ashtray/,https://beaumonttm.co.uk/wp-content/uploads/3707P-5.75inch-Melamine-Windproof-Ashtray-PK6-1.jpg,"Minimum order quantity: 1 Ashtray (use code 3707)
Pack quantity: 6 ashtrays (use code 3707P)
Outer carton quantity: 8 packs of 6",instock,,Black,Melamine,,"5 3/4""",0.235,6,https://beaumonttm.co.uk/wp-content/uploads/3707P-5.75inch-Melamine-Windproof-Ashtray-PK6-open.jpg,Ashtrays & Ashbins
3195,2cl Stainless Steel Thimble Measure,Beaumont,Thimble Measures & Accessories,2.99,https://beaumonttm.co.uk/product/2cl-thimble-measure-ce-marked/,https://beaumonttm.co.uk/wp-content/uploads/3195-2cl-Thimble.jpg,"Sturdy and reliable, the stainless steel thimble measure is a staple in bars worldwide. CE marked and accurately calibrated for a 2cl serve, it meets regulatory standards and is approved for use throughout the EEA, ensuring consistent and reliable measurements.",instock,,,,,,0.040,3.1,,Thimble Measures & Accessories
3161,3cl Stainless Steel Thimble Measure,Beaumont,Thimble Measures & Accessories,2.99,https://beaumonttm.co.uk/product/3cl-thimble-measure-ce-marked/,https://beaumonttm.co.uk/wp-content/uploads/3161-3cl-Thimble.jpg,"Sturdy and reliable, the stainless steel thimble measure is a staple in bars worldwide. CE marked and accurately calibrated for a 3cl serve, it meets regulatory standards and is approved for use throughout the EEA, ensuring consistent and reliable measurements.",instock,,,,,4cl,0.046,4.2,,Thimble Measures & Accessories
3163,4cl Stainless Steel Thimble Measure,Beaumont,Thimble Measures & Accessories,2.99,https://beaumonttm.co.uk/product/4cl-thimble-measure-ce-marked/,https://beaumonttm.co.uk/wp-content/uploads/3163-4cl-Thimble.jpg,"Sturdy and reliable, the stainless steel thimble measure is a staple in bars worldwide. CE marked and accurately calibrated for a 4cl serve, it meets regulatory standards and is approved for use throughout the EEA, ensuring consistent and reliable measurements.",instock,,,,,5cl,0.055,4.8,,Thimble Measures & Accessories
3164,5cl Stainless Steel Thimble Measure,Beaumont,Thimble Measures & Accessories,2.99,https://beaumonttm.co.uk/product/5cl-thimble-measure-ce-marked/,https://beaumonttm.co.uk/wp-content/uploads/3164-5cl-Thimble.jpg,"Sturdy and reliable, the stainless steel thimble measure is a staple in bars worldwide. CE marked and accurately calibrated for a 5cl serve, it meets regulatory standards and is approved for use throughout the EEA, ensuring consistent and reliable measurements.",instock,,,,,70ml,0.069,6.2,,Thimble Measures & Accessories
3173,70ml Stainless Steel Thimble Measure CE,Beaumont,Thimble Measures & Accessories,3.99,https://beaumonttm.co.uk/product/70ml-thimble-measure-ce-marked/,https://beaumonttm.co.uk/wp-content/uploads/3173-70ml-Thimble-Measure-CE-Stamped.jpg,"Introduce practical and stylish equipment to the back of your bar with the 70ml thimble measure from Beaumont. Precise calibration ensures that each pour is exactly as intended – eliminating guesswork, reducing waste and providing guests with their money’s worth. The thimble measure is also CE-marked for industry-standard serving sizes – making it easy for you to follow government regulation.
Made from stainless steel, the Beaumont thimble measure is highly durable and easy to clean. This makes it a long-lasting addition to your venue.",instock,,,,,71ml,0.077,8.2,,Thimble Measures & Accessories
3174SV,71ml Stainless Steel Thimble Measure CE Marked,Beaumont,Thimble Measures & Accessories,3.99,https://beaumonttm.co.uk/product/71ml-thimble-measure-ce-marked/,https://beaumonttm.co.uk/wp-content/uploads/3174SV-71ml-Thimble-Measure-CE-Stamped.jpg,"Introduce practical and stylish equipment to the back of your bar with the 71ml thimble measure from Beaumont. Precise calibration ensures that each pour is exactly as intended – eliminating guesswork, reducing waste and providing guests with their money’s worth. The thimble measure is also CE-marked for industry-standard serving sizes – making it easy for you to follow government regulation.
Made from stainless steel, the Beaumont thimble measure is highly durable and easy to clean. This makes it a long-lasting addition to your venue.",instock,,,,,25ml,0.085,8.2,,Thimble Measures & Accessories
3486,Bottle Skip Castors White (Set of 4) OLD STYLE,Beaumont,"Bottle Skips, Storage & Bins – Bins & Ashtrays",,https://beaumonttm.co.uk/product/replacement-bottle-skip-castors-set-of-4/,https://beaumonttm.co.uk/wp-content/uploads/3486-Replacement-Castors-Set-of-4.jpg,"This pack of four replacement bottle skip castors from Beaumont will keep you covered in case of any damages to your current castors, minimising downtime in your establishment. These omnidirectional castors are not only highly durable and hard-wearing, but also easy to fit, ensuring a quick and hassle-free replacement process.",instock,*PLEASE NOTE*; These are the old style castors designed for use with Beaumont’s previous range of blue bottle skips.; They are not compatible for use with our current black bottle skips.,,,,,,,,"Bottle Skips, Storage & Bins"
3351,6 Cavity Silicone Ice Ball Mould Clear,Beaumont,Ice Cube Trays,10.79,https://beaumonttm.co.uk/product/6-cavity-silicone-ice-ball-mould-clear/,https://beaumonttm.co.uk/wp-content/uploads/3351-6-Cavity-Silicone-Ice-Ball-Mould-Clear-in-use-2.jpg,"Give your drinks’ presentation a stylish and practical upgrade, with the silicone ice-ball mould from Beaumont. Dispensing sphere-shaped ice cubes, this mould is specially designed to spruce-up the look of your drinks, whilst cooling them in the process – ensuring your guests get a true, gourmet experience.
And they’re practical! Making six ice cubes at a time, the mould allows your staff to prepare ice, ready for your services – saving them time for when your customers arrive.
Plus, as they’re made for silicone, the moulds are not only highly durable but easy-to-clean too! This ensure that it stays in as-new condition through commercial use, whilst making it easy for your staff to keep the mould hygienic.",instock,,,Silicone,,,0.200,18x12.5x5,https://beaumonttm.co.uk/wp-content/uploads/3351-6-Cavity-Silicone-Ice-Ball-Mould-Clear-in-use-1.jpg | https://beaumonttm.co.uk/wp-content/uploads/3351-6-Cavity-Silicone-Ice-Ball-Mould-Clear.jpg | https://beaumonttm.co.uk/wp-content/uploads/3351-6-Cavity-Silicone-Ice-Ball-Mould-Clear-in-use-3.jpg,Bar Accessories & Food Service Essentials > Ice Cube Trays
3350,6 Cavity Silicone Ice Cube Mould 2″,Beaumont,Ice Cube Trays,5.99,https://beaumonttm.co.uk/product/6-cavity-silicone-ice-cube-mould-2-square-red/,https://beaumonttm.co.uk/wp-content/uploads/3350-Red-Ice-Mould-6-cavity.jpg,"Make your own ice cubes with this flexible silicone ice cube mould. 6 ice cube capacity, 2-inch square.",instock,2″ ice cubes,Red,Silicone,,"2""",0.115,16.3x11.4x5.1,https://beaumonttm.co.uk/wp-content/uploads/DSC3036-edit.jpg,Bar Accessories & Food Service Essentials > Ice Cube Trays
3565,Chisel Liquid Chalk Pen Colour 5mm (Pack of 5),Beaumont,Chalk Pens,,https://beaumonttm.co.uk/product/6mm-chisel-tip-mixed-colours-pk-5/,https://beaumonttm.co.uk/wp-content/uploads/3565-5mm-Chisel-Liquid-Chalk-Pen-Pk-5-COLOUR.jpg,"Tired of messing around with broken pieces of chalk? Then these liquid chalk pens from Beaumont are perfect. The ink makes make chalkboard artwork easy, perfect for specials boards and outdoor A-frames.
Coming in a pack of five pens, you don’t have to worry if one runs out, as you will have a spare.
The 5mm nib allows you to do fine line work This makes the Beaumont chalk pens great for a versatile range of uses.",instock,,,,,6mm,,,https://beaumonttm.co.uk/wp-content/uploads/3565-5mm-Chisel-Liquid-Chalk-Pen-Pk-5-COLOUR-close-up-1.jpg,Display Boards & Accessories > Chalk Pens
3564,Chisel Liquid Chalk Pen White 5mm (Pack of 5),Beaumont,Chalk Pens,14.39,https://beaumonttm.co.uk/product/6mm-chisel-tip-white-pk-5/,https://beaumonttm.co.uk/wp-content/uploads/3564-5mm-Chisel-Liquid-Chalk-Pen-Pk-5-WHITE.jpg,"Tired of messing around with broken pieces of chalk? Then these liquid chalk pens from Beaumont are perfect. The ink makes make chalkboard artwork easy, perfect for specials boards and outdoor A-frames.
Coming in a pack of five pens, you don’t have to worry if one runs out, as you will have a spare.
The 5mm nib allows you to do fine line work This makes the Beaumont chalk pens great for a versatile range of uses.",instock,,,,,6mm,,,https://beaumonttm.co.uk/wp-content/uploads/3564-5mm-Chisel-Liquid-Chalk-Pen-Pk-5-WHITE-close-up-1.jpg,Display Boards & Accessories > Chalk Pens
3536,Bar Blade 7″,Beaumont,Bottle Openers,1.19,https://beaumonttm.co.uk/product/7-bar-blade-stainless-steel/,https://beaumonttm.co.uk/wp-content/uploads/3536-Bar-Blade-7inch-Image-1.jpg,"Open beer bottles quickly with this bar blade from Beaumont. Double ended, this bar blade can open bottles and pick them out of ice buckets. This makes it an essential tool that no bartender should go without.
With rounded edges, the Beaumont blade sits comfortably in your hand – ensuring safety by preventing accidental cuts and drops.",instock,,,Stainless Steel,,,0.075,17.8x4x0.18,,Beer & Wine Accessories > Bottle Openers
3536B,Bar Blade Vinyl Coated Black 7″,Beaumont,Bottle Openers,3.29,https://beaumonttm.co.uk/product/7-bar-blade-black-vinyl-coated/,https://beaumonttm.co.uk/wp-content/uploads/3536B-7inch-Bar-Blade-Vinyl-Coated-Black.jpg,"Open beer bottles quickly with this bar blade from Beaumont. Double ended, this bar blade can open bottles and pick them out of ice buckets. This makes it an essential tool that no bartender should go without.
With rounded edges, the Beaumont blade sits comfortably in your hand – ensuring safety by preventing accidental cuts and drops.
Vinyl coated, the bar blade has a sleek, durable finish that is great for front-of-house use.",instock,,,Vinyl Coated Stainless Steel,,,0.098,18.2x4.4x0.6,,Beer & Wine Accessories > Bottle Openers
3708,Black Melamine Ashtray (Pack of 10),Beaumont,Ashtrays & Ashbins,22.09,https://beaumonttm.co.uk/product/7-black-melamine-ashtray/,https://beaumonttm.co.uk/wp-content/uploads/3708-7inch-Ashtray-PK10.jpg,"Keep your garden space clean with the help of this Bakelite ashtray from Beaumont. The high-sided crown style offers protection from wind when in use, to ensure ash doesn’t spill out.
Made from melamine, the ashtray is shatterproof, this makes it ideal for heavy use in pub gardens.",instock,,Black,Melamine,,"7""",0.141,3.2,,Ashtrays & Ashbins
3583,Deluxe Cocktail Shaker Stainless Steel 750ml,Beaumont,Cocktail Shakers,7.49,https://beaumonttm.co.uk/product/750ml-deluxe-cocktail-shaker/,https://beaumonttm.co.uk/wp-content/uploads/3583-Deluxe-Cocktail-Shaker.jpg,"Elevate your mixology skills with the Beaumont 750ml Deluxe Cocktail Shaker, a must-have tool for both professional bartenders and home cocktail enthusiasts. Crafted from high-quality stainless steel, this shaker not only boasts a durable construction but also adds a touch of elegance to any bar setup. Its substantial 750ml capacity allows you to mix multiple cocktails at once, making it perfect for entertaining guests or serving customers in a busy bar.
The sleek 3-piece design not only features a strainer inside the cap, but also ensures a comfortable grip, while the tight-fitting lid prevents spills and leaks, ensuring a mess-free mixing experience. Whether you’re shaking up a classic martini or experimenting with new concoctions, this deluxe shaker is designed to deliver consistent, smooth results every time.",instock,,,Stainless Steel,,750ml,0.274,24,https://beaumonttm.co.uk/wp-content/uploads/3583-Deluxe-Cocktail-Shaker-Seperated.jpg,Cocktail Tools > Cocktail Shakers
3582,Regular Cocktail Shaker Stainless Steel 750ml,Beaumont,Cocktail Shakers,8.79,https://beaumonttm.co.uk/product/750ml-regular-cocktail-shaker/,https://beaumonttm.co.uk/wp-content/uploads/3582-Regular-Cocktail-Shaker-1.jpg,"Create delicious drinks with this cocktail shaker from Beaumont. The three piece design includes a removable top and lid – making for an easy all-in-one cocktail-making experience.
With a generous 750ml capacity, you can make multiped short drinks at once – perfect for busy service.
The stainless steel construction makes this Beaumont cocktail shaker durable. This is great for heavy use, as it won’t get damaged from vigorous shaking.",instock,,,Stainless Steel,,750ml,0.245,25.4,https://beaumonttm.co.uk/wp-content/uploads/3582-Regular-Shaker-Seperated.jpg,Cocktail Tools > Cocktail Shakers
3644C,Clear Plastic Ice Drainer Scoop 7oz,Beaumont,Ice Scoops & Tongs,10.29,https://beaumonttm.co.uk/product/7oz-plastic-drainer-scoop-clear/,https://beaumonttm.co.uk/wp-content/uploads/3644C-Plastic-Drainer-Scoop-Clear.jpg,"Serve ice practically with this plastic ice scoop from Beaumont. Designed with drainage, the scoop ensures minimum dilution of drinks – to serve customers refreshing beverages with a strong flavour.
The plastic construction is wipeable for an easy clean, ensuring maximum hygiene.",instock,,,Plastic,,7oz,0.066,22.5x7.9x4.5,,Beer & Wine Accessories > Ice Scoops & Tongs
3493,Plastic Wine Cooler Black 8 Litre,Beaumont,"Coolers, Ice Buckets & Stands",28.79,https://beaumonttm.co.uk/product/8-litre-black-plastic-wine-champagne-cooler/,https://beaumonttm.co.uk/wp-content/uploads/3493-1.png,"This lightweight 8L wine cooler will handle multiple wine bottles, beer bottles or similar with ease. Ergonomically designed, the dual handles make for an easy carry. Whereas the 8L capacity still allows for plenty of ice!",instock,,Black,Plastic,,8 litre,1.043,34.1x26x25.3,,"Beer & Wine Accessories > Coolers, Ice Buckets & Stands ; Ice Buckets & Stands"
3494,Plastic Wine Cooler Clear 10 Litre,Beaumont,"Coolers, Ice Buckets & Stands",,https://beaumonttm.co.uk/product/8-litre-clear-plastic-wine-champagne-cooler/,https://beaumonttm.co.uk/wp-content/uploads/3494-8ltr-Clear-Plastic-Wine-Cooler-2.jpg,"This lightweight 8L wine cooler will handle multiple wine bottles, beer bottles or similar with ease. Ergonomically designed, the dual handles make for an easy carry. Whereas the 8L capacity still allows for plenty of ice!",instock,,Clear,Plastic,,8 litre,1.055,34.5x25.6x25.3,https://beaumonttm.co.uk/wp-content/uploads/3494-8ltr-Clear-Plastic-Wine-Cooler-1.jpg | https://beaumonttm.co.uk/wp-content/uploads/3494-8ltr-Clear-Plastic-Wine-Cooler-3.jpg | https://beaumonttm.co.uk/wp-content/uploads/3494-8ltr-Clear-Plastic-Wine-Cooler-4.jpg,"Beer & Wine Accessories > Coolers, Ice Buckets & Stands ; Ice Buckets & Stands"
BB7,A3 Hand Held Menu Board,Beaumont,Hand Held Menu Boards,8.99,https://beaumonttm.co.uk/product/a3-hand-held-menu-board/,https://beaumonttm.co.uk/wp-content/uploads/BB7-A3-Hand-Held-Menu-Board.jpg,"Double-sided, free standing menu board for displaying bar snacks, specials or menus, ideal for use on table tops and bars. Non-porous surface perfect for chalk and liquid chalk pens, with red mahogany finished stand for rustic, homely feel.",instock,Ideal for use on table tops and bars; Click here for chalks and cleaning solution,,Wooden,,,0.697,29.5x5.3x42,,Display Boards & Accessories > Hand Held Menu Boards
BB10,A4 Easel Board 3mm Foamex,Beaumont,Display Boards & Accessories,2.99,https://beaumonttm.co.uk/product/a4-easel-board-foamex-210mm-x-297mm/,https://beaumonttm.co.uk/wp-content/uploads/BB10-and-BB10A-A5-_-A4-Easel-Board-Foamex.jpg,"Looking for a versatile and easy-to-maintain surface that looks just like a chalkboard? Then Beaumont’s A4 easel board is exactly what you need. Designed for convenience, Foamex is lightweight and easy to move, making it an ideal choice for venues that have ever-changing menus. Its easy-to-clean surface ensures that your messages always look fresh and presentable, whilst the wooden frame (sold separately) provides a rustic and charming look.",instock,Suitable for use with Table/Bar Top Easel (Product Code EA01); Click here for chalks and cleaning solution,,,,,0.094,20.9x0.3x29.6,https://beaumonttm.co.uk/wp-content/uploads/BB10-A4-Easel-Board-210mm-x-297mm-EASEL-SOLD-SEPARATELY.jpg,Display Boards & Accessories
BB9,A4 Table top Menu Board,Beaumont,Hand Held Menu Boards,9.09,https://beaumonttm.co.uk/product/a4-hand-held-menu-board/,https://beaumonttm.co.uk/wp-content/uploads/BB9-A4-Hand-Held-Menu-Board.jpg,"Double-sided, free standing menu board for displaying bar snacks, specials or menus, ideal for use on table tops and bars. Non-porous surface perfect for chalk and liquid chalk pens, with red mahogany finished stand for rustic, homely feel.",instock,Ideal for use on table tops and bars; Click here for chalks and cleaning solution,,Wooden,,,0.393,21.2x5.4x32,,Display Boards & Accessories > Hand Held Menu Boards
3424,Perspex Menu Holder A4 Angled,Beaumont,Menu Holders,10.29,https://beaumonttm.co.uk/product/a4-perspex-menu-holder-angled/,https://beaumonttm.co.uk/wp-content/uploads/3424-Perspex-A4-Menu-Holder-Angled.jpg,"Looking for a practical way to display your menu? Then the Beaumont A4 menu holder is exactly what you need. Its Perspex design ensures optimal visibility, making it easy for guests to browse your menu. This Perspex material also helps to protect your menu and makes the holder easy to clean. Furthermore, the angled design makes it easier for guests to read your menu without having to touch the holder.",instock,,,,,,0.288,21.4x9.2x29.9,,Table Top > Menu Holders
3425,Perspex Menu Holder A4 Vertical,Beaumont,Menu Holders,8.09,https://beaumonttm.co.uk/product/a4-perspex-menu-holder-vertical/,https://beaumonttm.co.uk/wp-content/uploads/3425-Perspex-A4-Menu-Holder-Vertical.jpg,"Looking for a practical way to display your menu? Then the Beaumont A4 menu holder is exactly what you need. Its Perspex design ensures optimal visibility, making it easy for guests to browse your menu. This Perspex material also helps to protect your menu and makes the holder easy to clean. Furthermore, the vertical design makes it easier for guests to read your menu without having to touch the holder.",instock,,,,,,0.300,21.4x5.9x30.4,,Table Top > Menu Holders
EA01,A4/A5 Easel Red Mahogany,Beaumont,Display Boards & Accessories,16.49,https://beaumonttm.co.uk/product/a4-a5-easel-mahogany-finish/,https://beaumonttm.co.uk/wp-content/uploads/EA01-A4-A5-Easel-330mm-x-220mm.jpg,"Enhance the visibility of your menus and message boards with this beautifully designed tabletop easel from Beaumont. Designed to hold A4 or A5 boards, the easel is finished in an elegant red mahogany colour. Its rustic charm and warm tones bring a welcoming atmosphere to any establishment, whether it’s a cosy café or chic restaurant. Not only does it effectively showcase your offerings, but it also adds a stylish and sophisticated touch to your dining décor.",instock,Will accommodate either A5 or A4 boards (sold separately); Click here for chalks and cleaning solution,,Wooden,,,0.170,22.1x5.4x32,https://beaumonttm.co.uk/wp-content/uploads/BB10A-A5-Easel-Board-148mm-x-210mm-EASEL-SOLD-SEPARATELY.jpg | https://beaumonttm.co.uk/wp-content/uploads/BB10-A4-Easel-Board-210mm-x-297mm-EASEL-SOLD-SEPARATELY-1.jpg,Display Boards & Accessories
BB10A,A5 Easel Board 3mm Foamex,Beaumont,Display Boards & Accessories,,https://beaumonttm.co.uk/product/a5-easel-board-foamex-148mm-x-210mm/,https://beaumonttm.co.uk/wp-content/uploads/BB10-and-BB10A-A5-_-A4-Easel-Board-Foamex.jpg,"Looking for a versatile and easy-to-maintain surface that looks just like a chalkboard? Then Beaumont’s A5 easel board is exactly what you need. Designed for convenience, Foamex is lightweight and easy to move, making it an ideal choice for venues that have ever-changing menus. Its easy-to-clean surface ensures that your messages always look fresh and presentable, whilst the wooden frame (sold separately) provides a rustic and charming look.",instock,Suitable for use with Table/Bar Top Easel (Product Code EA01); Click here for chalks and cleaning solution,,,,,0.054,14.8x0.3x21,https://beaumonttm.co.uk/wp-content/uploads/BB10A-A5-Easel-Board-148mm-x-210mm-EASEL-SOLD-SEPARATELY.jpg,Display Boards & Accessories
BB8,A5 Hand Held Menu Board,Beaumont,Hand Held Menu Boards,7.79,https://beaumonttm.co.uk/product/a5-hand-held-menu-board/,https://beaumonttm.co.uk/wp-content/uploads/BB8-A5-Hand-Held-Menu-Board.jpg,"Double-sided, free standing menu board for displaying bar snacks, specials or menus, ideal for use on table tops and bars. Non-porous surface perfect for chalk and liquid chalk pens, with red mahogany finished stand for rustic, homely feel.",instock,Ideal for use on table tops and bars; Click here for chalks and cleaning solution,,Wooden,,,0.226,15.1x5.4x23.5,,Display Boards & Accessories > Hand Held Menu Boards
3422,Perspex Menu Holder A5 Angled,Beaumont,Menu Holders,6.29,https://beaumonttm.co.uk/product/a5-perspex-menu-holder-angled/,https://beaumonttm.co.uk/wp-content/uploads/3422-Perspex-A5-Menu-Holder-Angled.jpg,"Looking for a practical way to display your menu? Then the Beaumont A5 menu holder is exactly what you need. Its Perspex design ensures optimal visibility, making it easy for guests to browse your menu. This Perspex material also helps to protect your menu and makes the holder easy to clean. Furthermore, the angled design makes it easier for guests to read your menu without having to touch the holder.",instock,,,,,,0.135,15.2x5.9x21.3,,Table Top > Menu Holders
3423,Perspex Menu Holder A5 Vertical,Beaumont,Menu Holders,6.29,https://beaumonttm.co.uk/product/a5-perspex-menu-holder-vertical/,https://beaumonttm.co.uk/wp-content/uploads/3423-Perspex-A5-Menu-Holder-Vertical.jpg,"Looking for a practical way to display your menu? Then the Beaumont A5 menu holder is exactly what you need. Its Perspex design ensures optimal visibility, making it easy for guests to browse your menu. This Perspex material also helps to protect your menu and makes the holder easy to clean. Furthermore, the vertical design makes it easier for guests to read your menu without having to touch the holder.",instock,,,,,,0.154,15x5.2x22,,Table Top > Menu Holders
3605,Abbot Double L Tap,Beaumont,Double Taps,16.49,https://beaumonttm.co.uk/product/abbot-double-tap-l-thread/,https://beaumonttm.co.uk/wp-content/uploads/3605-Abbot-Double-L-Tap.jpg,"Pour drinks smoothly with the help of this cask ale double tap with L thread from Beaumont. The smooth turning handles provide reliable distribution of drinks – optimising your bar’s efficiency.
With a robust, leak-free design, beer doesn’t drip out when not in use – saving on stock.
From the renowned Abbot range, these Beaumont taps are a common choice for breweries and ale houses. This is because they’re known for their high quality and reliability.",instock,,,,Abbot,L Thread,0.230,20.5x15.5x10.3,https://beaumonttm.co.uk/wp-content/uploads/Optimized-Abbot-Tap-Advert.jpg | https://beaumonttm.co.uk/wp-content/uploads/Double-with-Identification.jpg,Cellar Equipment > Double Taps
3606,Abbot Double Y Tap,Beaumont,Double Taps,16.49,https://beaumonttm.co.uk/product/abbot-double-tap-y-thread/,https://beaumonttm.co.uk/wp-content/uploads/3606-Abbot-Double-Y-Tap-edit.jpg,"Pour drinks smoothly with the help of this cask ale double tap with Y thread from Beaumont. The smooth turning handles provide reliable distribution of drinks – optimising your bar’s efficiency.
With a robust, leak-free design, beer doesn’t drip out when not in use – saving on stock.
From the renowned Abbot range, these Beaumont taps are a common choice for breweries and ale houses. This is because they’re known for their high quality and reliability.",instock,,,,Abbot,Y Thread,0.230,20.5x15.5x10.3,https://beaumonttm.co.uk/wp-content/uploads/Optimized-Abbot-Tap-Advert.jpg | https://beaumonttm.co.uk/wp-content/uploads/Double-with-Identification.jpg,Cellar Equipment > Double Taps
3607,Abbot Double 3/4 BSP Tap,Beaumont,Double Taps,16.49,https://beaumonttm.co.uk/product/abbot-double-tap-3-4-bsp-thread/,https://beaumonttm.co.uk/wp-content/uploads/3607-Double-BSP-¾”-Tap-.jpg,"Pour drinks smoothly with the help of this cask ale double tap with 3/4″ BSP thread from Beaumont. The smooth turning handles provide reliable distribution of drinks – optimising your bar’s efficiency.
With a robust, leak-free design, beer doesn’t drip out when not in use – saving on stock.
From the renowned Abbot range, these Beaumont taps are a common choice for breweries and ale houses. This is because they’re known for their high quality and reliability.",instock,,,,Abbot,"3/4"" BSP Thread",0.230,20.5xx10315.5,https://beaumonttm.co.uk/wp-content/uploads/Optimized-Abbot-Tap-Advert.jpg | https://beaumonttm.co.uk/wp-content/uploads/Double-with-Identification.jpg,Cellar Equipment > Double Taps
3602,Abbot Single Tap ‘Y’ Thread,Beaumont,Single Taps,10.29,https://beaumonttm.co.uk/product/abbot-single-tap-y-thread/,https://beaumonttm.co.uk/wp-content/uploads/3602-Abbot-Single-Y-Tap.jpg,"Pour drinks smoothly with the help of this cask ale tap with Y thread from Beaumont. The smooth turning handle provides reliable distribution of drinks – optimising your bar’s efficiency.
With a robust, leak-free design, beer doesn’t drip out when not in use – saving on stock.
From the renowned Abbot range, these Beaumont taps are a common choice for breweries and ale houses. This is because they’re known for their high quality and reliability.",instock,,,,Abbot,Y Thread,0.122,20.3x5.2x10.3,https://beaumonttm.co.uk/wp-content/uploads/Optimized-Abbot-Tap-Advert.jpg | https://beaumonttm.co.uk/wp-content/uploads/Single-with-Identifcation.jpg | https://beaumonttm.co.uk/wp-content/uploads/Keg-with-single-tap-nut-and-turn-down-spout.jpg,Cellar Equipment > Single Taps
3603,Abbot Single 3/4 BSP Tap,Beaumont,Single Taps,,https://beaumonttm.co.uk/product/abbot-single-tap-3-4-bsp-thread/,https://beaumonttm.co.uk/wp-content/uploads/3603-Single-BSP-¾”-Tapedit.jpg,"Pour drinks smoothly with the help of this cask ale tap with Y thread from Beaumont. The smooth turning handle provides reliable distribution of drinks – optimising your bar’s efficiency.
With a robust, leak-free design, beer doesn’t drip out when not in use – saving on stock.
From the renowned Abbot range, these Beaumont taps are a common choice for breweries and ale houses. This is because they’re known for their high quality and reliability.",instock,,,,Abbot,"3/4"" BSP Thread",0.120,20.3x5.2x10.3,https://beaumonttm.co.uk/wp-content/uploads/Optimized-Abbot-Tap-Advert.jpg | https://beaumonttm.co.uk/wp-content/uploads/Single-with-Identifcation.jpg | https://beaumonttm.co.uk/wp-content/uploads/Keg-with-single-tap-nut-and-turn-down-spout.jpg,Cellar Equipment > Single Taps
3601,Abbot Cask Tap L Thread Single,Beaumont,Single Taps,10.79,https://beaumonttm.co.uk/product/abbot-singletap-l-thread/,https://beaumonttm.co.uk/wp-content/uploads/3601-Abbot-Single-L-Tap.jpg,"Pour drinks smoothly with the help of this cask ale tap with L thread from Beaumont. The smooth turning handle provides reliable distribution of drinks – optimising your bar’s efficiency.
With a robust, leak-free design, beer doesn’t drip out when not in use – saving on stock.",instock,,,,Abbot,L Thread,0.120,20.3x5.2x10.3,https://beaumonttm.co.uk/wp-content/uploads/Optimized-Abbot-Tap-Advert.jpg | https://beaumonttm.co.uk/wp-content/uploads/Single-with-Identifcation.jpg,Cellar Equipment > Single Taps
3508,Aluminium Champagne Bucket 4 litre/7 pint,Beaumont,"Coolers, Ice Buckets & Stands",15.69,https://beaumonttm.co.uk/product/aluminium-champagne-bucket-4-litre-7-pint/,https://beaumonttm.co.uk/wp-content/uploads/3508-Traditional-Champagne-Bucket-1.jpg,"Made from aluminium, this wine bucket is a great way to keep your champagne and wine bottles at the perfect temperature. In a stylish and simple design, this barware item will look great in any establishment. The handles on both ends ensure that you can carry this item without making your hands cold.",instock,,Silver,Aluminium,,4 litre | 7 Pint,0.482,20.2,,"Beer & Wine Accessories > Coolers, Ice Buckets & Stands ; Ice Buckets & Stands"
3648,Aluminium Effect Drip Tray 406 x 222mm,Beaumont,Drip Trays,28.29,https://beaumonttm.co.uk/product/aluminium-effect-drip-tray/,https://beaumonttm.co.uk/wp-content/uploads/3648-Aluminium-Effect-Drip-tray-406mm-x-222mm.jpg,"Keep your bar dry and presentable with this aluminium drip tray from Beaumont. Made from heavy duty aluminium, the tray is well constructed for efficient drainage. Ensuring it doesn’t overflow and spill – keeping your bar tidy.
The metal construction also means that the Beaumont tray is durable. Therefore, it is built to last in a commercial environment.",instock,,,Aluminium,,,0.529,40.6x22.2x3.4,,Drip Trays
3182,Antique Brass Plated Banded Jigger 25/35/50ml,Beaumont,Cocktail Jigger Measures,10.09,https://beaumonttm.co.uk/product/antique-brass-jigger/,https://beaumonttm.co.uk/wp-content/uploads/3182-25-35-50NGS-Antique-Brass-Plated-Banded-Jigger-3.jpg,"Ensure accurate measurements with each shot you pour, thanks to the Beaumont brass-plated jigger. Thanks to its double-sided design, the jigger accurately measures 25ml, 35ml and 50ml servings without the need for multiple pieces of equipment. This ensures that the cocktails your serve have a consistent taste and alcohol content.
Made from stainless steel and featuring a antique brass finish, this Beaumont jigger is not only highly durable and easy to clean, but also benefits from an attractive appearance that’s sure to spruce-up any back bar.",instock,For measuring spirits and other alcohols when making cocktails; Includes an internal 35ml line mark,Antique Brass,Antique Brass,Antique Brass,25ml | 35ml | 50ml,0.050,11,https://beaumonttm.co.uk/wp-content/uploads/3182-25-35-50NGS-Antique-Brass-Plated-Banded-Jigger-2-LIFESTYLE.jpg | https://beaumonttm.co.uk/wp-content/uploads/3182-25-35-50NGS-Antique-Brass-Plated-Banded-Jigger-2-IN-USE-LIFESTYLE.jpg,Cocktail Tools > Cocktail Jigger Measures
3654,Antique Brass Plated Muddler 9″,Beaumont,Cocktail Muddlers,10.09,https://beaumonttm.co.uk/product/antique-brass-muddler/,https://beaumonttm.co.uk/wp-content/uploads/3654-Stainless-Steel-23cm-Muddler-Antique-Brass-Plated-Image-1.jpg,"Be confident of releasing every last bit of flavour with this muddler from Beaumont. Designed to crush ingredients, the muddler adds the flavour into your drinks, for maximum taste.
Made from metal the Beaumont muddler is easy to clean. This helps ensure hygiene and prevent cross-contamination.
The antique brass colourway provides a traditional look – great for front of house use",instock,,Antique Brass,Antique Brass,Antique Brass,23cm,0.091,22.9,https://beaumonttm.co.uk/wp-content/uploads/3654-Stainless-Steel-23cm-Muddler-Antique-Brass-Plated-LIFESTYLE.jpg | https://beaumonttm.co.uk/wp-content/uploads/3654-Stainless-Steel-23cm-Muddler-Antique-Brass-Plated-3-LIFESTYLE.jpg | https://beaumonttm.co.uk/wp-content/uploads/3654-Stainless-Steel-23cm-Muddler-Antique-Brass-Plated-1-LIFESTYLE-1.jpg,Cocktail Tools > Cocktail Muddlers
3363,Mezclar Round Strainer Antique Brass Plated,Beaumont,Cocktail Strainers,,https://beaumonttm.co.uk/product/antique-brass-strainer/,https://beaumonttm.co.uk/wp-content/uploads/3363-Mezclar-Strainer-Antique-Brass-Plated-Image-1.jpg,"The Mezclar range delivers a high-end finish without compromising on utility. This antique Brass plated strainer is ideal for single-straining cocktails, ensuring a smooth pour devoid of ice and other debris.",instock,,Antique Brass,Antique Brass,Antique Brass,,0.101,20.5x2.6,https://beaumonttm.co.uk/wp-content/uploads/3347-3362-Antique-Brass-28oz-Can-Strainer-1-IN-USE-LIFESTYLE.jpg | https://beaumonttm.co.uk/wp-content/uploads/3362-Mezclar-Strainer-Antique-Brass-Plated-LIVESTYLE.jpg,Cocktail Tools > Cocktail Strainers
3347,Antique Brass Plated Boston Can Set 18oz/28oz,Beaumont,Cocktail Shakers,26.79,https://beaumonttm.co.uk/product/antique-brass-tin-on-tin/,https://beaumonttm.co.uk/wp-content/uploads/3347-Antique-Brass-Plated-28oz-_-18oz-Boston-Can-Set-Image-1.jpg,"A well-balanced, beautiful Boston Can set in a unique antique brass finish, that makes cocktail shaking a breeze. Don’t worry about getting your cans stuck together, this 18 oz & 28 oz set have been designed for a perfect marriage.",instock,28oz & 18oz Boston Can,Antique Brass,Antique Brass,Antique Brass,18oz &amp; 28oz,0.417,17.5,https://beaumonttm.co.uk/wp-content/uploads/3347-Antique-Brass-Plated-28oz-18oz-Boston-Can-Set-LIFESTYLE.jpg | https://beaumonttm.co.uk/wp-content/uploads/3347-Antique-Brass-Plated-28oz-18oz-Boston-Can-Set-IN-USE-LIFESTYLE-1.jpg | https://beaumonttm.co.uk/wp-content/uploads/3347-Antique-Brass-Plated-28oz-18oz-Boston-Can-Set-1-LIFESTYLE-1.jpg,Cocktail Tools > Cocktail Shakers
3954,Appetiser Cup Hammered 85 x 85mm,Beaumont,Serving Buckets,9.29,https://beaumonttm.co.uk/product/appetiser-cup-hammered-8-5cm-x-8-5cm/,https://beaumonttm.co.uk/wp-content/uploads/3954-Appertiser-Hammered-Cup-8.5-x-8.5cms.jpg,"Present small dishes and nibbles in this hammered appetiser cup from Beaumont. Designed in a dainty fashion, the appetiser is a delicate little polished cup – providing great presentation of starters. The hammered finish provides a rustic look, that is suitable for any colour scheme or aesthetic.
Please note that this appetiser cup is not suitable for dishwasher cleaning.",instock,,,Stainless Steel,,8.5cm x 8.5cm,0.131,8.5,,Bar Accessories & Food Service Essentials > Serving Buckets
3955,Appetiser Cup Polished 85 x 85mm,Beaumont,Serving Buckets,2.99,https://beaumonttm.co.uk/product/appetiser-cup-polished-8-5cm-x-8-5cm/,https://beaumonttm.co.uk/wp-content/uploads/3955-Appertiser-Polished-Cup-8.5-x-8.5cms.jpg,"Present small dishes and nibbles in this polished appetiser cup from Beaumont. Designed in a dainty fashion, the appetiser is a delicate little polished cup – providing great presentation of starters. The hammered finish provides a rustic look, that is suitable for any colour scheme or aesthetic.
Please note that this appetiser cup is not suitable for dishwasher cleaning.",instock,,,Stainless Steel,,8.5cm x 8.5cm,11.5,8.7,,Bar Accessories & Food Service Essentials > Serving Buckets
3535,Bar Caddy Black,Beaumont,Bar Caddies,,https://beaumonttm.co.uk/product/bar-caddy-black/,https://beaumonttm.co.uk/wp-content/uploads/3535-Bar-Caddy-Black.jpg,"The caddy is perfect for use in busy bars and it brings a splash of style to your bar top. The caddy has space for standard size cocktail napkins, straws, stirrers and still has compartments left for any other consumables you might need.",instock,,Black,,,,0.311,24.4x14.7x10.7,,Bar Caddies
3535CHR,Bar Caddy Chrome,Beaumont,Bar Caddies,15.39,https://beaumonttm.co.uk/product/bar-caddy-chrome-plated/,https://beaumonttm.co.uk/wp-content/uploads/3535CHR-Chrome-Plated-Bar-Caddy.jpg,"Add a hint of modern styling to your bar top with this stunning chrome effect bar caddy from Beaumont. The caddy is perfect for use in busy bars and it brings a splash of style to your bar top. The caddy has space for standard size cocktail napkins, straws, stirrers and still has compartments left for any other consumables you might need.",instock,,Silver,,,,0.368,24.4x14.7x10.7,,Bar Caddies
3542,Solid Wood Bar Caddy,Beaumont,Bar Caddies,25.69,https://beaumonttm.co.uk/product/bar-caddy-wooden/,https://beaumonttm.co.uk/wp-content/uploads/3542-Wooden-Bar-Caddy-Walnut-Effect.jpg,"This solid pinewood bar caddy offers a practical solution to keeping a bar tidy, creating a natural feel with its hardwearing walnut finish. It can neatly hold 250 mm quarter fold cocktail napkins whilst keeping five more handy compartments free. The spare slots are perfect for straws, cocktail stirrers, toothpicks and any other bar tools.
By neatly storing your cocktail napkins within arm’s reach you can serve every drink on a napkin that will absorb any condensation from the glass. This prevents your customers from staining their cuffs or even shorting an expensive smartphone.
When optimally filled, you will have all the consumables you’ll need for a busy shift on the bar.",instock,,Brown,Wood | Wooden,,,0.603,25.9x15.3x11.0,,Bar Caddies
3695,Bartenders Knife,Beaumont,Cocktail Equipment – Knives & Cutting Boards,7.29,https://beaumonttm.co.uk/product/bar-knife/,https://beaumonttm.co.uk/wp-content/uploads/3695-Bar-Knife.jpg,"Create visually eye-catching garnishes for cocktails with this bartenders knife from Beaumont. Made from high-quality stainless steel, its serrated sharp edge is perfect for slicing citrus fruits, herbs and tougher items like pineapples or melons.",instock,,,,,,0.031,20.6,,Cocktail Tools > Cocktail Equipment
3626,Stainless Steel Bar Mat Frame With Bar Mat,Beaumont,Bar Mats,19.59,https://beaumonttm.co.uk/product/bar-mat-with-stainless-steel-trim-608mm-x-100mm/,https://beaumonttm.co.uk/wp-content/uploads/3626-Bar-Mat-with-S-St-Trim.jpg,"Keep your bar presentable with this bar mat from Beaumont. Designed for use as a drinks preparation mat for bartenders, the mat has been well constructed for efficient drainage – to keep your bar dry and presentable.
The Beaumont bar mat has a premium sleek aesthetic, meaning it won’t dampen your front-of-house aesthetic.
Made from rubber, the mat is easy to clean. Therefore, keeping your bar hygienic and free from spills.",instock,,Black | Silver,Metal | PVC | Stainless Steel,,"24"" x 4""",1.038,61.1x9.9x1.5,,Bar Mats
3630,Wooden Bar Mat Frame 114 x 634mm,Beaumont,Bar Mats,11.29,https://beaumonttm.co.uk/product/bar-mat-with-wooden-frame/,https://beaumonttm.co.uk/wp-content/uploads/3630-Bar-Mat-Wooden-Trim-2.jpg,"Keep your bar tidy with this wooden bar mat frame from Beaumont. A Long bar mat with a classic design, it is well constructed for efficient drainage to keep your bar dry and presentable.
With a durable frame, the bar mat will stay in place even when lent on by customers. This ensures your bar is always protected.
The frame is made from wood, perfect for more traditional pub aesthetic – helping your mat to blend in with the front-of-house style.",instock,,Black,Metal | PVE | Stainless Steel | Wood | Wooden,,"25"" x 4""",0.493,62.5x10.9x2.2,https://beaumonttm.co.uk/wp-content/uploads/3630-Wooden-Bar-Mat-Frame-with-Mat-Lifestyle-1-72dpi.jpg | https://beaumonttm.co.uk/wp-content/uploads/3630-Wooden-Bar-Mat-Frame-with-Mat-Lifestyle-2-72dpi.jpg,Bar Mats
MCN103,Barrel End Wine and Champagne Bucket 8 Litre,Beaumont,"Coolers, Ice Buckets & Stands",49.49,https://beaumonttm.co.uk/product/barrel-end-ice-tub-wood-grain-effect-11-litre-19-pint/,https://beaumonttm.co.uk/wp-content/uploads/MCN103-Barrel-End-Ice-Tub-11-Litre.jpg,"A great addition to any bar or restaurant, this barrel end ice bucket is much more stylish than your standard looking design. With a wood grain effect all over, this versatile barware bucket is not only is great for keeping ice but can be used to store both wine and beer bottles",instock,Made of polyurethane,Wood Effect,Plastic,,11 Litres | 19 Pints,0.555,17.6,,"Beer & Wine Accessories > Coolers, Ice Buckets & Stands ; Ice Buckets & Stands"
9030BM,Bellagio Stainless Steel Wine & Champagne Bowl,Beaumont,"Coolers, Ice Buckets & Stands",81.99,https://beaumonttm.co.uk/product/bellagio-wine-champagne-cooler/,https://beaumonttm.co.uk/wp-content/uploads/9030-Bellagio-Wine-Champagne.jpg,,instock,"A true talking point, with its thick, hammered walls the Bellagio is fit for big, ostentatious gatherings. With space for an abundance of bottles and a beautiful polished finish, it’s a cooler worthy of your red carpet VIPs!",Hammered Finish,Stainless Steel,Signature,,2.213,24.7,https://beaumonttm.co.uk/wp-content/uploads/9030-Bellagio-Wine-Champagne-300DPI-IN-USE.jpg,"Beer & Wine Accessories > Coolers, Ice Buckets & Stands ; Ice Buckets & Stands"
3702,Blue Plasters 75 x 25mm (Pack of 100),Beaumont,First Aid,5.19,https://beaumonttm.co.uk/product/blue-detectable-plasters-75mm-x-25mm-pk-100/,https://beaumonttm.co.uk/wp-content/uploads/3702-Blue-Detectable-Plasters-PK100-1-1.jpg,"Beaumont Dependaplast blue plasters are the essential addition to any kitchen first aid kit. Designed to be clearly visible during food preparation, these 75x25mm blue plasters help cover and protect small cuts, allowing the user to continue on with their day.",instock,,,,,,0.074,12.6x9.7x3.2,https://beaumonttm.co.uk/wp-content/uploads/3702-Blue-Detectable-Plasters-PK100-2.jpg | https://beaumonttm.co.uk/wp-content/uploads/3702-Blue-Detectable-Plasters-PK100-1.jpg | https://beaumonttm.co.uk/wp-content/uploads/3702-Blue-Detectable-Plasters-PK100-4.jpg,First Aid
3704,Blue Plasters Assorted Sizes (Pack of 100),Beaumont,First Aid,5.99,https://beaumonttm.co.uk/product/blue-detectable-plasters-assorted-sizes-pk-120/,https://beaumonttm.co.uk/wp-content/uploads/3704.jpg,"Beaumont Dependaplast blue plasters are the essential addition to any kitchen first aid kit. Designed to be clearly visible during food preparation, these assorted blue plasters help cover and protect cuts, allowing the user to continue on with their day. This pack includes plasters shaped for the most common cut areas.",instock,"03/03/2020; NOTE, as of March 2020, the pack size has changed to PK100. Limited stock available of PK120; 11/06/2020; All PK120 have now been sold and now running PK100 only",,,,,0.271,20.9x12.8x5.0,,First Aid
9031,Bollate Stainless Steel Wine & Champagne Bowl,Beaumont,"Coolers, Ice Buckets & Stands",,https://beaumonttm.co.uk/product/bollate-wine-champagne-cooler/,https://beaumonttm.co.uk/wp-content/uploads/9031-Bollate-Wine-Champagne.jpg,"Beautifully designed cooler with a hammered finished, the Bollate’s thin walls give it a decidedly sophisticated look for large gatherings and discerning guests.",instock,Hammered Finish,Hammered Finish | Silver,Stainless Steel,Signature,10 Ltrs,0.898,21.6,https://beaumonttm.co.uk/wp-content/uploads/9031-Bollate-Wine-Champagne-IN-USE.jpg,"Beer & Wine Accessories > Coolers, Ice Buckets & Stands ; Ice Buckets & Stands"
3518A,Waiters friend Corkscrew with Foil Cutter,Beaumont,Bottle Openers,,https://beaumonttm.co.uk/product/bottle-opener-inc-foil-cutter/,https://beaumonttm.co.uk/wp-content/uploads/3518A-Bottle-Opener-inc.foil-cutter-Closed.jpg,"Speed up your drinks service with Beaumont’s Pirouette Waiters Friend. This versatile tool includes a corkscrew, bottle opener and a 4-wheel drive foil cutter, making foil removal effortless. The extra-long worm ensures easier cork extraction, reducing effort and saving time. All components are designed to fold away neatly, allowing you and your staff to carry it comfortably in your pocket.",instock,,Black,,,,0.092,14.5x4.2x1.6,https://beaumonttm.co.uk/wp-content/uploads/3518A-Bottle-Opener-inc.foil-cutter-Open-showing-foil-cutter-copy.jpg,Beer & Wine Accessories > Bottle Openers
3557A,Bar Drip Tray Brass 18 x 9”,Beaumont,Drip Trays,38.49,https://beaumonttm.co.uk/product/brass-effect-drip-tray/,https://beaumonttm.co.uk/wp-content/uploads/3557A-Brass-Effect-Drip-Tray-406mm-x-222mm.jpg,"Maintain a tidy bar and keep your surfaces dry with this high-quality stainless steel drip tray from Beaumont. Measuring 455mm x 227mm in size, this tray is an essential tool for any bar, effectively catching any overflowing spills or drips when serving drinks. By preventing liquid messes, it ensures that your bar area remains clean and presentable, enhancing the overall customer experience.
This Beaumont drip tray is designed to catch not only spills and drips but also condensation and overflow from glasses, making it a versatile addition to your bar setup. Its high-quality brass effect finish adds a touch of elegance, seamlessly fitting into both modern and traditional bar environments.",instock,,Brass,Aluminium,,"16"" | 16"" x 8 3/4"" | 8 3/4""",0.519,40.6x22.2x3.4,,Drip Trays
3610,Brewery Nut L Thread,Beaumont,Brewery Nuts,0.99,https://beaumonttm.co.uk/product/brewery-nut-l-thread/,https://beaumonttm.co.uk/wp-content/uploads/3610-3610A-3610B-Brewery-Nut.jpg,"Ensure your thread cap fits tightly with this brewery nut from Beaumont. A small but essential cog in serving ale, this high quality brewery nut has been reliably engineered to deliver ultimate peace of mind about the safety of your beer.
Clearly stamped with its thread type, the Beaumont brewery nut is perfect for efficient use – saving staff time.
With dual lugs, the nut is easy to attach – for stress free working.",instock,,,,Abbot,L Thread,0.008,2.1,,Cellar Equipment > Brewery Nuts
3610A,Brewery Nut Y Thread,Beaumont,Brewery Nuts,0.99,https://beaumonttm.co.uk/product/brewery-nut-y-thread/,https://beaumonttm.co.uk/wp-content/uploads/3610-3610A-3610B-Brewery-Nut.jpg,"Ensure your thread cap fits tightly with this brewery nut from Beaumont. A small but essential cog in serving ale, this high quality brewery nut has been reliably engineered to deliver ultimate peace of mind about the safety of your beer.
Clearly stamped with its thread type, the Beaumont brewery nut is perfect for efficient use – saving staff time.
With dual lugs, the nut is easy to attach – for stress free working.",instock,,,,Abbot,Y Thread,0.009,2.1,,Cellar Equipment > Brewery Nuts
3610B,Brewery Nut 3/4 BSP Thread,Beaumont,Brewery Nuts,0.99,https://beaumonttm.co.uk/product/brewery-nut-3-4-bsp-thread/,https://beaumonttm.co.uk/wp-content/uploads/3610-3610A-3610B-Brewery-Nut.jpg,"Ensure your thread cap fits tightly with this brewery nut from Beaumont. A small but essential cog in serving ale, this high quality brewery nut has been reliably engineered to deliver ultimate peace of mind about the safety of your beer.
Clearly stamped with its thread type, the Beaumont brewery nut is perfect for efficient use – saving staff time.
With dual lugs, the nut is easy to attach – for stress free working.",instock,,,,Abbot,"3/4"" BSP Thread",0.009,2.1,,Cellar Equipment > Brewery Nuts
3495,Plastic Ice Bucket Foil Wrapped 10 Litre,Beaumont,"Coolers, Ice Buckets & Stands",30.49,https://beaumonttm.co.uk/product/brushed-aluminium-effect-ice-bucket/,https://beaumonttm.co.uk/wp-content/uploads/3495-Plastic-Ice-Bucket-Brushed-Aluminium-Effect-LID-ASKEW.jpg,"Add practical ice storage to your business, with this insulated ice bucket and lid from Beaumont. With an extra-large, 10 litre capacity, the bucket is able to house a large quantity of ice at a single time without the need for constant refills.
The ice bucket features a double-wall construction and removable liner and lid, that help to improve insulation and keep ice cold for longer.
Made from aluminium, this ice bucket is highly resistant to impact, corrosion or rust damage – ensuring long-lasting use in commercial environments.",instock,Approximate Capacity: 10.5 Litres with liner and 12.5 Litres without liner.,Black | Silver,,,10 Ltrs | 12 litre,1.197,20.5,,"Beer & Wine Accessories > Coolers, Ice Buckets & Stands ; Ice Buckets & Stands"
3714,Burns Gel Dressing 100 x 100mm,Beaumont,First Aid,2.99,https://beaumonttm.co.uk/product/burns-dressing-10cm-x-10cm/,https://beaumonttm.co.uk/wp-content/uploads/3714-Burns-Dressing-10x10cm-scaled.jpg,"The Beaumont burn gel dressing is ideal for minimising trauma and skin damage caused by minor burns and scalds. Easy to apply and fast acting, the sterile dressing is a great addition to first aid kits in areas where burns are more likely.",instock,"Sterile hydrogel burn dressing; Minimises trauma and skin damage; Non adherent and non-toxic; Cools, moistens and relieves pain.",,,,,0.048,10x10,,First Aid
3713,Burns Gel Bottle 120ml,Beaumont,First Aid,9.29,https://beaumonttm.co.uk/product/burns-gel-bottle/,https://beaumonttm.co.uk/wp-content/uploads/3713-Burns-Gel-Bottle-120ml-scaled.jpg,"Beaumont hydrogel burns gel is a great solution for treating minor burns and scalds. Designed to minimise trauma and soothe quickly, this 120ml bottle is a great addition to your first aid kit, especially in areas where burns are more likely.",instock,120ml; Sterile trauma hydrogel burn gel; Minimises trauma and skin damage; Cools and soothes fast,,,,120ml,0.140,14,,First Aid
3712,Burns Kit,Beaumont,First Aid,41.49,https://beaumonttm.co.uk/product/burns-kit/,https://beaumonttm.co.uk/wp-content/uploads/3712-Burns-First-Aid-Kit-scaled.jpg,"Respond quickly and safely to burns with this essential first aid item from Beaumont. The pack contains: 2 x Burn care burn blot, 2 x Burn care 10x10cm, 2 x Burn care 20x20cm, 1 x Burn care hydrogel 59ml, 3 x conforming bandage, 5 x eye wash pod, 2 pairs of vinyl gloves, 4 x low adherent dressing, 1 x microporous tape, 1 x scissors, 1 x wall bracket.",instock,,,,,,0.815,27.5x9.5x22.9,,First Aid
3062,Clear Cap On Pourer (Pack of 12),Beaumont,Freeflow,,https://beaumonttm.co.uk/product/cap-on-freeflow-disposable-pourer/,https://beaumonttm.co.uk/wp-content/uploads/3062-Cap-On-Pourer.jpg,"These plastic stoppers fit snugly inside the neck of most beer and spirit bottles, ensuring a smooth pour every time. Simply screw the bottle cap back on as normal, without needing to remove the pourer.
Can also be used as an anti-spiking device, as they feature a small, 6mm straw hole so you can enjoy your drink without removing the stopper, for added security.",instock,"Convenient, disposable, medium flow pourer; Hygienic – allows bottle to be resealed with cap after each serving",Clear,Plastic,,Freeflow,0.003,4.3,https://beaumonttm.co.uk/wp-content/uploads/Optimized-Cap-On-Pourer-triple-image.jpg,Pouring > Freeflow
3524,Bottle Cap Catcher for Wall Mount Beer Bottle Opener,Beaumont,Bottle Openers,4.59,https://beaumonttm.co.uk/product/catcher-only/,https://beaumonttm.co.uk/wp-content/uploads/3524-Catcher-Only.jpg,"Looking for an effective way to collect and store discarded bottle caps? Then the Beaumont bottle catcher is exactly what you need. This wall-mounted catcher is designed to be used with Beaumont’s wall-mounted bottle opener (3523) by catching bottle caps as they fall. Not only does this help to minimise floor hazards, but also saves time by allowing your staff to dispose of the bottle caps in bulk at a later time.
Made using durable plastic, the Beaumont bottle cap catcher is able to last through commercial use without cracking or leaking. Plus, the plastic material makes it easy to clean – allowing you to remove spills and general dirt and grime build-ups with ease. The black colour provides a simplistic aesthetic and allows the bottle catcher to blend in with your existing decor.",instock,,,,,,0.195,15.8x8.8x30.1,,Beer & Wine Accessories > Bottle Openers
3661BR,Cheque Spindle Brass Plated 6.5″,Beaumont,Cheque Spindles,1.99,https://beaumonttm.co.uk/product/cheque-spindle-brass/,https://beaumonttm.co.uk/wp-content/uploads/3661BR-Cheque-Spindle-BRASS-Plated-6.5inch-High.jpg,"Ensure secure storage of receipts throughout a busy service with this cheque spindle from Beaumont. Purpose designed, the spindle ensures cheques remain organised and in one place – making cashing up easy.
With a brass finish, the receipt spike is ideal for warm colour schemes to match your decor.",instock,6 ½” high,Brass,Brass | Stainless Steel,,,0.052,16.2,https://beaumonttm.co.uk/wp-content/uploads/Optimized-3661BR-Cheque-Spindle-BRASS-Plated-6.5inch-High-IN-USE.jpg,Bar Accessories & Food Service Essentials > Cheque Spindles
3661CHR,Cheque Spindle Chrome Plated 6.5″,Beaumont,Cheque Spindles,1.99,https://beaumonttm.co.uk/product/cheque-spindle-chrome/,https://beaumonttm.co.uk/wp-content/uploads/3661CHR-Cheque-Spindle-CHROME-Plated-6.5inch-High.jpg,"Ensure secure storage of receipts throughout a busy service with this cheque spindle from Beaumont. Purpose designed, the spindle ensures cheques remain organised and in one place – making cashing up easy.
With a chrome finish, the receipt spike is ideal for sleek colour schemes to match your decor.",instock,6 ½” high,Chrome | Silver,Chrome | Stainless Steel,,,0.052,16.2,https://beaumonttm.co.uk/wp-content/uploads/Optimized-3661CHR-Cheque-Spindle-CHROME-Plated-6.5inch-High-IN-USE.jpg,Bar Accessories & Food Service Essentials > Cheque Spindles
3694,Bartenders Chopping Board White,Beaumont,Cocktail Equipment – Knives & Cutting Boards,6.29,https://beaumonttm.co.uk/product/chopping-board-white/,https://beaumonttm.co.uk/wp-content/uploads/3694-25x15cm-Chopping-Board-WHITE.jpg,"Preparing fresh ingredients for cocktails and other drinks with this bartenders chopping board. Essential for chopping fruit and other garnishes, the board provides a sturdy surface that protects the bar underneath.
Made from heavy duty plastic, the Beaumont chopping board is durable and easy to clean. Therefore, making it a bartender’s best friend.",instock,25x15cms,White,Plastic,,250mm x 150mm,0.165,24.8x14.9x0.7,,Cocktail Tools > Cocktail Equipment
3506,Clear Plastic Wine Cooler,Beaumont,"Coolers, Ice Buckets & Stands",15.39,https://beaumonttm.co.uk/product/chrome-plastic-wine-cooler/,https://beaumonttm.co.uk/wp-content/uploads/3506-Chrome-_-Plastic-Wine-Cooler.jpg,"Looking for an economical way to keep drinks cool? Look no further than this plastic wine cooler from Beaumont. Designed for a single bottle of wine, ensuring it remains cool at the table. This is perfect for smaller cafes or diners, when space is at a premium.
Lightweight, the cooler is easy to transport even when full with ice and a bottle. This ensures staff can carry it to the table with ease.
With a plastic construction, the cooler is easy to clean – helping to preserve the as new look.",instock,,Clear | Silver,Chrome | Plastic,,,0.299,22.8,,"Beer & Wine Accessories > Coolers, Ice Buckets & Stands ; Ice Buckets & Stands"
3059,Metal Spout for Bitters Bottle Silver,Beaumont,Bitters Bottles,3.99,https://beaumonttm.co.uk/product/chrome-plated-spout-for-bitters-bottle/,https://beaumonttm.co.uk/wp-content/uploads/3059-Chrome-Plated-Spout-for-Bitters-Bottle-Image-1-e1523979903224-2.jpg,"Ideal for professional bartenders, this vintage-inspired chrome-plated spout from Beaumont is the perfect accessory for use with Beaumont Bitters Bottles. Its elegant design not only adds a touch of classic charm to your bar but also ensures precise and controlled pouring. The spout features a flexible cork seal, providing a secure and adaptable fit for various bottle necks.",instock,,Chrome | Silver,Chrome | Metal | Zinc,Mezclar,,0.015,4.2,https://beaumonttm.co.uk/wp-content/uploads/3059-Chrome-Plated-Pouer-for-Bitters-Bottle-1.jpg,Cocktail Tools > Bitters Bottles
9050BM,Classique Wine & Champagne Stand Cooler,Beaumont,Ice Buckets & Stands,86.99,https://beaumonttm.co.uk/product/classique-wine-champagne-bucket-stand/,https://beaumonttm.co.uk/wp-content/uploads/9050-Classique-Wine-Champagne-1.jpg,,instock,"Stand coolers are attractive for a variety of functions, saving table space and offering a great solution for when guests are standing. Very helpful for bar staff as removable bucket allows them to refresh ice, serve guests, and replace bottles with minimum effort and disruption. With a subtle, sophisticated look for a range of occasions.",Polished | Silver,,Signature,,3,81,https://beaumonttm.co.uk/wp-content/uploads/9050-Classique-Wine-Champagne-300DPI-IN-USE.jpg,Ice Buckets & Stands
3568,Cocktail Spoon With Masher,Beaumont,Bar Spoons,9.29,https://beaumonttm.co.uk/product/cocktail-spoon-with-masher/,https://beaumonttm.co.uk/wp-content/uploads/3568-Cocktail-Spoon-With-Masher.jpg,"Ideal for mixing glasses, the Beaumont cocktail spoon with masher is a great addition to your bar tools. The disc end can be used for light muddling or sugar crushing, while the twisted stem aids stirring.",instock,3.4cm disc,,Stainless Steel,,,0.047,27.8x3.6x3.4,,Cocktail Tools > Bar Spoons
3569,Cocktail Spoon With Plastic End,Beaumont,Bar Spoons,,https://beaumonttm.co.uk/product/cocktail-spoon/,https://beaumonttm.co.uk/wp-content/uploads/3569-Cocktail-Spoon-With-Plastic-Tip.jpg,"Deliver a high-end finish without compromising on utility with this cocktail spoon from Beaumont. When paired with a mixing glass, a quality cocktail spoon brings your cocktail creations to life – making it an essential tool behind your bar.
But beyond its practical utility the Beaumont cocktail spoon’s twisted stem and rounded end make it a delicate, aesthetically pleasing tool. Therefore, great for front-of-house use, giving customers a high-end feel.
The stainless steel design adds durability, making the spoon great for use in a professional environment.",instock,,,Stainless Steel,,,0.036,28.5x3.6x2,,Cocktail Tools > Bar Spoons
3348,Coco Lopez Coconut Cream 425g x 24 Tin,Beaumont,Cocktail Equipment – Needs review,,https://beaumonttm.co.uk/product/coco-lopez-cream-of-coconut/,https://beaumonttm.co.uk/wp-content/uploads/3348-Coco-Lopez-Cream-of-Coconut-425g-Tin-PK24.jpg,"A staple in many a cocktail, make sure your bar is well stocked with coconut cream. Perfect for desserts, pina coladas and a wide variety of other cocktails.",instock,,,,,425g,0.485,12.2,,Cocktail Tools > Cocktail Equipment
3475,Napkin Holder Copper Plater,Beaumont,Bar Caddies,12.29,https://beaumonttm.co.uk/product/copper-napkin-caddy/,https://beaumonttm.co.uk/wp-content/uploads/3475-Copper-Napkin-Holder-empty.jpg,"Introduce sleek and modern designs to your venue with this copper-plated napkin holder from Beaumont. Designed with practicality in mind, this napkin holder not only keeps your napkins neatly organised but also ensures they are easily accessible whenever needed. Its sturdy construction guarantees long-lasting durability – withstanding daily use with minimal maintenance required.",instock,,Copper,Copper Plated,,,0.427,13x13x10.1,https://beaumonttm.co.uk/wp-content/uploads/3475-Copper-Napkin-Holder-IN-USE.jpg,Bar Caddies
3527,Stainless Steel Wine Cooler Copper Plated,Beaumont,"Coolers, Ice Buckets & Stands",,https://beaumonttm.co.uk/product/copper-plated-wine-cooler/,https://beaumonttm.co.uk/wp-content/uploads/3527-Copper-Plated-S-St-Wine-Cooler.jpg,"Upgrade your wine service with the Beaumont Copper Plated Wine Cooler, a perfect blend of style and functionality. This stunning wine cooler is designed to keep your favorite bottles at the ideal temperature, ensuring every pour is as delightful as the last.
Perfect for special occasions or everyday use, the Beaumont Copper Plated Wine Cooler combines practicality with elegance, enhancing your wine-drinking experience. Whether you’re hosting a dinner party or enjoying a quiet night in, this wine cooler is an essential addition to your barware collection.",instock,,Copper,Copper Plated,,,0.527,20,https://beaumonttm.co.uk/wp-content/uploads/3527-Copper-Plated-S-St-Wine-Cooler-IN-USE.jpg,"Beer & Wine Accessories > Coolers, Ice Buckets & Stands ; Ice Buckets & Stands"
3709,Black Bakelite Crown Style Ashtray Single,Beaumont,Ashtrays & Ashbins,2.99,https://beaumonttm.co.uk/product/crown-style-4-ashtray/,https://beaumonttm.co.uk/wp-content/uploads/3709P-Crown-Style-4inch-Black-Melamine-Ashtray-Pk10.jpg,"Keep your garden space clean with the help of this Bakelite crown style ashtray from Beaumont. The high-sided crown style offers protection from wind when in use, to ensure ash doesn’t spill out.
Made from melamine, the ashtray is shatterproof, this makes it ideal for heavy use in pub gardens.",instock,,Black,Melamine,,"4""",0.061,4.4,,Ashtrays & Ashbins
3760,4 Compartment Cutlery Tray Black 330x533mm,Beaumont,Cutlery Trays,7.89,https://beaumonttm.co.uk/product/cutlery-tray-black/,https://beaumonttm.co.uk/wp-content/uploads/3760-Cutlery-Tray-Black.jpg,"Practically store cutlery with this cutlery tray from Beaumont. The heavy duty four compartment tray has deep compartments for storing large amounts of cutlery in an organised fashion.
The perk of separating your cutlery is that staff can easily identify the location of knives, forks, and spoons. Therefore, making their job easier and increasing efficiency.",instock,,Black,Plastic,,,0.658,52.5x32.5x10.8,,Bar Accessories & Food Service Essentials > Cutlery Trays
3759,4 Compartment Cutlery Tray Grey 320x525mm,Beaumont,Cutlery Trays,,https://beaumonttm.co.uk/product/cutlery-tray-grey/,https://beaumonttm.co.uk/wp-content/uploads/3759-Cutlery-Tray-Grey.jpg,"Practically store cutlery with this cutlery tray from Beaumont. The heavy duty four compartment tray has deep compartments for storing large amounts of cutlery in an organised fashion.
The perk of separating your cutlery is that staff can easily identify the location of knives, forks, and spoons. Therefore, making their job easier and increasing efficiency.",instock,,Grey,Plastic,,,0.627,52.5x32.4x11.1,,Bar Accessories & Food Service Essentials > Cutlery Trays
3909,Cyclone Chalkboard Cleaning Solution,Beaumont,Chalk Pens,6.29,https://beaumonttm.co.uk/product/cyclone-chalkboard-cleaning-solution-500ml/,https://beaumonttm.co.uk/wp-content/uploads/3909-Cyclone-Chalkboard-Cleaning-Solution-500ml-Diluted.jpg,"Blackboards and liquid chalk pens are very popular ways to communicate messages to customers. A high quality, professional standard cleaning solution is vital to refresh your blackboard, and keep it looking presentable and clear.",instock,Professional Chalkboard Cleaner; Removes liquid chalk pen from chalkboards and other non-porous surfaces; Just add water and shake; Makes approximately 500ml,,,,500ml,0.075,25.2,,Display Boards & Accessories > Chalk Pens ; Display Boards & Accessories
3511,Double Wine & Champagne Bucket With Stand,Beaumont,"Coolers, Ice Buckets & Stands",166.99,https://beaumonttm.co.uk/product/deluxe-double-champagne-wine-cooler-with-stand/,https://beaumonttm.co.uk/wp-content/uploads/3511-Deluxe-Stand-with-Bucket-full-1.jpg,"Add a touch of elegance to your drink service with the Double Wine & Champagne Bucket With Stand from Beaumont. Designed to impress, this premium bucket and stand combo is the perfect centerpiece for upscale bars, restaurants, hotels, and private events. Whether you’re serving a magnum of champagne or two bottles of wine, this bucket ensures your guests enjoy chilled drinks in style—without frequent staff interruptions.
Sophisticated Design Meets Practical Functionality
Crafted with a high-quality stainless steel finish, the bucket and stand offer both durability and visual appeal. The polished surface is easy to clean and maintain, ensuring your presentation always looks flawless. The sturdy stand provides reliable support, making it ideal for busy service environments where stability and elegance are equally important.
Perfect for large tables, VIP service, or event catering, this double bucket keeps beverages cold and accessible, enhancing the overall guest experience.
Product Features:
Double Capacity: Holds two bottles of wine or champagne
Premium Stainless Steel Finish: Durable, rust-resistant, and easy to polish
Elegant Stand Included: Adds height and sophistication to your presentation
Ideal for Hospitality & Events: Perfect for bars, restaurants, weddings, and private functions
Luxury Look: Enhances the ambiance of any setting
Why Choose Beaumont’s Double Wine & Champagne Bucket?
This bucket and stand set is more than just a serving tool—it’s a statement of quality and class. Whether you’re hosting a celebration or running a high-end venue, this product ensures your drinks are served with style and efficiency. The large capacity reduces the need for constant refills, allowing staff to focus on delivering exceptional service.",instock,Luxury Beverage Presentation for Bars & Events,,,,,5.718,40x27x79,https://beaumonttm.co.uk/wp-content/uploads/3511-Deluxe-Double-Champagne-Cooler-with-Stand-STAND-AND-COOLER-IMAGE.jpg | https://beaumonttm.co.uk/wp-content/uploads/3511-Deluxe-Stand.jpg | https://beaumonttm.co.uk/wp-content/uploads/3511-Deluxe-Stand-Bucket.jpg,"Beer & Wine Accessories > Coolers, Ice Buckets & Stands ; Ice Buckets & Stands"
FBB1-A,Framed Blackboard Antique 636 x 486mm,Beaumont,Black Boards,30.99,https://beaumonttm.co.uk/product/deluxe-framed-blackboard-antique-pine-636mm-x-486mm/,https://beaumonttm.co.uk/wp-content/uploads/FBB1-A-FBB2-A-FBB3-A-framed-blackboard-Antique-Pine.jpg,"Combining the rustic charm of a blackboard with an antique-wood frame, Beaumont’s 636x486mm chalkboard enhances any setting with style and sophistication. The chalkboard allows you to customise messaging to suit a change in menu, specials or customer announcements. The board is made from high-quality materials that stand up use in commercial settings – ensuring both durability and an easy-to-clean surface.
Finished with an antique frame, the chalkboard benefits from a charming look that suits country pubs and modern restaurants alike.",instock,Superior quality chalkboards; Frames manufactured from American Redwood supplied from FSC approved sustainable sources; Suitable for indoor use only; Click here for chalks and cleaning solution,,Wooden,,,1.295,48.6x63.6,,Display Boards & Accessories > Black Boards
FBB2-A,Framed Blackboard Antique 936 x 636mm,Beaumont,Black Boards,41.49,https://beaumonttm.co.uk/product/deluxe-framed-blackboard-antique-pine-936mm-x-636mm/,https://beaumonttm.co.uk/wp-content/uploads/FBB1-A-FBB2-A-FBB3-A-framed-blackboard-Antique-Pine.jpg,"Combining the rustic charm of a blackboard with an antique-wood frame, Beaumont’s 936x636mm chalkboard enhances any setting with style and sophistication. The chalkboard allows you to customise messaging to suit a change in menu, specials or customer announcements. The board is made from high-quality materials that stand up use in commercial settings – ensuring both durability and an easy-to-clean surface.
Finished with an antique frame, the chalkboard benefits from a charming look that suits country pubs and modern restaurants alike.",instock,Superior quality chalkboards; Frames manufactured from American Redwood supplied from FSC approved sustainable sources; Suitable for indoor use only; Click here for chalks and cleaning solution,,Wooden,,,2.399,63.6x93.6,,Display Boards & Accessories > Black Boards
FBB3-O,Framed Blackboard Oak 1236 x 736mm,Beaumont,Black Boards,61.99,https://beaumonttm.co.uk/product/deluxe-framed-blackboard-oak-1236mm-x-736mm/,https://beaumonttm.co.uk/wp-content/uploads/FBB1-O-FBB2-O-FBB3-O-Framed-blackboard-Oak.jpg,"Combining the rustic charm of a blackboard with an Oak-wood frame, Beaumont’s 1236x736mm chalkboard enhances any setting with style and sophistication. The chalkboard allows you to customise messaging to suit a change in menu, specials or customer announcements. The board is made from high-quality materials that stand up use in commercial settings – ensuring both durability and an easy-to-clean surface.
Finished with an oak frame, the chalkboard benefits from a charming look that suits country pubs and modern restaurants alike.",instock,Superior quality chalkboards; Frames manufactured from American Redwood supplied from FSC approved sustainable sources; Suitable for indoor use only; Click here for chalks and cleaning solution,,Wooden,,,3.247,73.6x123.6,,Display Boards & Accessories > Black Boards
FBB1-O,Framed Blackboard Oak 636 x 486mm,Beaumont,Black Boards,30.99,https://beaumonttm.co.uk/product/deluxe-framed-blackboard-oak-636mm-x-486mm/,https://beaumonttm.co.uk/wp-content/uploads/FBB1-O-FBB2-O-FBB3-O-Framed-blackboard-Oak.jpg,"Combining the rustic charm of a blackboard with an Oak-wood frame, Beaumont’s 636x486mm chalkboard enhances any setting with style and sophistication. The chalkboard allows you to customise messaging to suit a change in menu, specials or customer announcements. The board is made from high-quality materials that stand up use in commercial settings – ensuring both durability and an easy-to-clean surface.
Finished with an antique frame, the chalkboard benefits from a charming look that suits country pubs and modern restaurants alike.",instock,Superior quality chalkboards; Frames manufactured from American Redwood supplied from FSC approved sustainable sources; Suitable for indoor use only; Click here for chalks and cleaning solution,,Wooden,,,1.295,48.6x63.6,,Display Boards & Accessories > Black Boards
FBB2-O,Framed Blackboard Oak 936 x 636mm,Beaumont,Black Boards,41.49,https://beaumonttm.co.uk/product/deluxe-framed-blackboard-oak-936mm-x-636mm/,https://beaumonttm.co.uk/wp-content/uploads/FBB1-O-FBB2-O-FBB3-O-Framed-blackboard-Oak.jpg,"Combining the rustic charm of a blackboard with an Oak-wood frame, Beaumont’s 936x636mm chalkboard enhances any setting with style and sophistication. The chalkboard allows you to customise messaging to suit a change in menu, specials or customer announcements. The board is made from high-quality materials that stand up use in commercial settings – ensuring both durability and an easy-to-clean surface.
Finished with an oak frame, the chalkboard benefits from a charming look that suits country pubs and modern restaurants alike.",instock,Superior quality chalkboards; Frames manufactured from American Redwood supplied from FSC approved sustainable sources; Suitable for indoor use only; Click here for chalks and cleaning solution,,Wooden,,,2.399,63.6x93.6,,Display Boards & Accessories > Black Boards
3534,Double Reach Corkscrew Black,Beaumont,Bottle Openers,2.39,https://beaumonttm.co.uk/product/double-reach-corkscrew/,https://beaumonttm.co.uk/wp-content/uploads/3534-Double-Reach-Corkscrew-closed.jpg,"Ensure staff are prepared for anything with the help of this double reach corkscrew from Beaumont. Featuring a corkscrew, a bottle opener, and a small blade for removing foil and packaging, this corkscrew is a bar essential – giving staff everything they need to serve bottles to tables.
As the corkscrew is collapsible, staff can keep it in their pocket. This ensures they always have it on them for when they need it, optimising efficiency.
The metal construction is strong and durable – great for heavy use in a busy bar or restaurant.",instock,,,,,,0.070,12x1.3x2.2,https://beaumonttm.co.uk/wp-content/uploads/3534-Double-Reach-Corkscrew-open-1.jpg,Beer & Wine Accessories > Bottle Openers
3584P,Small Stainless Steel Bottle Opener (Pack of 10),Beaumont,Bottle Openers,10.29,https://beaumonttm.co.uk/product/economy-bottle-opener/,https://beaumonttm.co.uk/wp-content/uploads/3584P-Small-Stainless-Steel-Hand-Held-Bottle-Opener-pk10-image-1.jpg,"Give staff everything they need for the job with the help of this small bottle opener from Beaumont. Small and lightweight, this bottle opener can be carried around with staff – increasing efficiency.
With adequate thickness to protect from bending, the stainless steel construction is durable for heavy use.
The machined hole in the handle means the Beaumont bottle opener can be attached to a keyring for easy storage.",instock,,,,,,0.016,8.8x4.1x0.6,,Beer & Wine Accessories > Bottle Openers
3060BP,Black Economy Freeflow Pourer (Pack of 10),Beaumont,Freeflow,3.59,https://beaumonttm.co.uk/product/economy-freeflow-plastic-pourer-black/,https://beaumonttm.co.uk/wp-content/uploads/3060BP-Black-Econ-Freeflow-plastic-pourer-PK10.jpg,"Pouring and mixing complicated drinks can be a pain, but with the Beaumont Econoflow Spirit Pourer, it couldn’t be easier. Made from highly durable and easy-to-clean plastic, this pourer is sure to last. The simple design fits perfectly into the desired bottle and allows for a medium pouring speed. The secure fitting lets you safely pour drinks without the worry of spillage, by locking into the mouth of the bottle. This item arrives in a pack of 10, meaning they can be used for multiple drinks at the same time. Ideal for use with liquor or juices.",instock,,Black,Plastic,,Freeflow,0.004,6.5,,Pouring > Freeflow
3060AP,Red Economy Freeflow Pourer (Pack of 10),Beaumont,Freeflow,2.99,https://beaumonttm.co.uk/product/economy-freeflow-plastic-pourer-red/,https://beaumonttm.co.uk/wp-content/uploads/3060AP-Red-Econ-Freeflow-plastic-pourer-PK10.jpg,"Made from durable plastic, the Beaumont Red Economy Freeflow Pourer is designed with a compact, short profile, making it an ideal tool for busy bartenders seeking easier and more precise pours. The pourer features a finned neck design that ensures a tight, secure fit into the spirit bottle, preventing any leaks. Its robust construction ensures longevity and reliability, even in high-volume settings.",instock,,Red,Plastic,,Freeflow,0.004,6.5,,Pouring > Freeflow
3060CP,Translucent Economy Freeflow Pourer (Pack of 10),Beaumont,Freeflow,2.99,https://beaumonttm.co.uk/product/economy-freeflow-plastic-pourer-translucent/,https://beaumonttm.co.uk/wp-content/uploads/3060CP-Translucent-Econ-Freeflow-Plastic-Pourer-PK10.jpg,"Made from durable plastic, the Beaumont Translucent Economy Freeflow Pourer is designed with a compact, short profile, making it an ideal tool for busy bartenders seeking easier and more precise pours. The pourer features a finned neck design that ensures a tight, secure fit into the spirit bottle, preventing any leaks. Its robust construction ensures longevity and reliability, even in high-volume settings.",instock,,Clear,Plastic,,Freeflow,0.004,6.5,,Pouring > Freeflow
3929,Mezclar Empire Bitters Bottle,Beaumont,Bitters Bottles,8.29,https://beaumonttm.co.uk/product/empire-bitters-bottle/,https://beaumonttm.co.uk/wp-content/uploads/3929-Empier-Bitters-Bottle.jpg,"The Mezclar range delivers a high-end finish without compromising on utility. The Empire bottle provides controlled dispensing and a classic, tall, resolute look with its straight, textured body, cork stopper and shapely metal pourer. An essential piece of equipment for bar staff, this 143 ml bottle is perfect for sharing between multiple bar staff and lining up multiple small bottles with different ingredients.
Product features
Capacity: 1.43 Ltr
Dimensions: 156(H) x 65(W) x 65(D)mm
Material: Glass
Weight: 420g
Controlled dispensing
143 ml capacity
High-end finish
Classic aesthetic
Cork stopper and metal pourer included",instock,143ml,,Glass,Mezclar,143ml,0.253,16.1,https://beaumonttm.co.uk/wp-content/uploads/wsVBzDiW-scaled.jpeg,Cocktail Tools > Bitters Bottles
3000BM,Euro Adaptor Black,Beaumont,Adaptors,7.29,https://beaumonttm.co.uk/product/euro-adaptor-black/,https://beaumonttm.co.uk/wp-content/uploads/3000-Euro-Adaptor-1031-550-1228-1235-Black.jpg,For use with non-refillable (guala) closures and in conjunction with our Euro Shelf Bracket or Euro Wall Bracket.,instock,For use with non-refillable (guala) closures and in conjunction with our Euro Shelf Bracket or Euro Wall Bracket.,,,,,0.064,8.8x4.2x10.3,https://beaumonttm.co.uk/wp-content/uploads/Euro-Adaptor-with-Euro-bracket-25ml-Solo-measure-Euro-Adaptor.jpg,Spirit Measures > Adaptors
3265,Shelf Bracket for Euro-Adaptor 70cl/1 Litre,Beaumont,Adaptors,5.19,https://beaumonttm.co.uk/product/euro-adaptor-shelf-bracket-70cl-1-litre/,https://beaumonttm.co.uk/wp-content/uploads/3265-Shelf-Bracket-for-Euro-Adaptor-70cl-1Ltr.jpg,"Designed for use with our Euro Adaptor and Spirit measures, this Shelf bracket will provide a strong and sturdy fixing for 70cl and 1 litre non-refillable bottles.",instock,Suitable for 70cl/1 litre bottles; For use with our Euro Adaptor,,,,1 Litre,0.164,,,Spirit Measures > Adaptors ; Spirit Measure Brackets > Single Brackets
3533,Stainless Steel Wine Cooler,Beaumont,"Coolers, Ice Buckets & Stands",12.99,https://beaumonttm.co.uk/product/stainless-steel-wine-cooler/,https://beaumonttm.co.uk/wp-content/uploads/3533-Stainless-Steel-Wine-Cooler.jpg,"Enhance your wine service with the Beaumont™ Stainless Steel Wine Cooler, a sleek and durable solution for keeping wine at the perfect temperature. Whether you’re hosting guests at home, running a busy bar, or managing a fine dining restaurant, this stylish wine cooler ensures every bottle is served chilled and ready to impress.
Premium Design for Professional & Home Use
Crafted from high-quality stainless steel, the Beaumont Wine Cooler offers a polished, modern look that complements any setting. Its sleek cylindrical design fits standard wine bottles perfectly, maintaining optimal temperature without the need for ice buckets or refrigeration. The cooler’s insulated construction helps preserve the wine’s flavor and aroma, making every sip as enjoyable as the last.
Built to withstand frequent use, this wine cooler is ideal for hospitality environments, event catering, or home entertaining. Its easy-to-clean surface ensures long-lasting shine and hygiene, while the minimalist design adds a touch of sophistication to any table or bar.
Product Features:
Material: Premium-grade stainless steel
Finish: Polished for a sleek, modern look
Function: Keeps wine bottles cool for extended periods
Durability: Resistant to rust, corrosion, and wear
Versatility: Suitable for bars, restaurants, hotels, and home use
Style: Elegant design that complements any décor
Why Choose the Beaumont™ Wine Cooler?
The Beaumont Stainless Steel Wine Cooler is more than just a functional accessory—it’s a statement of style and quality. Whether you’re celebrating a special occasion or enjoying a quiet evening, this cooler ensures your wine is served at its best. Its compact and elegant design makes it easy to store, display, and use, while its professional-grade build guarantees performance you can rely on.",instock,,,Stainless Steel,,,0.510,20,,"Beer & Wine Accessories > Coolers, Ice Buckets & Stands ; Ice Buckets & Stands"
3239,Wall Bracket for Euro-Adaptor 70cl/1 Litre,Beaumont,Adaptors,4.39,https://beaumonttm.co.uk/product/euro-adaptor-wall-bracket-70cl-1-litre/,https://beaumonttm.co.uk/wp-content/uploads/3239-Wall-Bracket-for-Euro-Adaptor-70cl-1Ltr.jpg,"Designed for use with our Euro Adaptor and Spirit measures, this wall bracket will provide a strong and sturdy fixing for 70cl and 1 litre non-refillable bottles.",instock,Suitable for 70cl/1 litre bottles; For use with our Euro Adaptor,,,,1 Litre,0.100,,,Spirit Measures > Adaptors ; Spirit Measure Brackets > Single Brackets
3730,Fine Mesh Strainer,Beaumont,Cocktail Strainers,3.29,https://beaumonttm.co.uk/product/fine-mesh-strainer/,https://beaumonttm.co.uk/wp-content/uploads/3730-Fine-Mesh-Strainer.jpg,"Achieve the perfect cocktail texture with the Beaumont Fine Mesh Strainer. Designed to deliver exceptionally smooth drinks, this strainer is a must-have for both professional bartenders and home mixologists. Its fine mesh efficiently removes small ice shards, fruit pulp, and other particles, ensuring every sip is pure perfection.
Crafted with durability and ease of use in mind, the Beaumont Fine Mesh Strainer boasts a sturdy handle and an optimal size for comfortable handling and efficient straining. Whether you’re preparing classic cocktails or contemporary creations, this strainer helps you achieve a professional-quality finish every time.",instock,,,Stainless Steel,,,0.051,23x7.8x4.6,https://beaumonttm.co.uk/wp-content/uploads/Optimized-3330-Copper-Boston-can-image-4.jpg | https://beaumonttm.co.uk/wp-content/uploads/Mezclar-Mixing-Glass-Pro-Fine-Mesh-Strainer-e1430393185670.jpg,Cocktail Tools > Cocktail Strainers
3326,Flair Bottle 750ml White,Beaumont,Cocktail Equipment – Bar Top Accessories,15.39,https://beaumonttm.co.uk/product/flair-bottle-750ml/,https://beaumonttm.co.uk/wp-content/uploads/3326-Flair-Bottle-750ml-WHITE.jpg,"A flair bartender’s best friend, the flair bottle is the perfect practice companion. With a 750ml capacity and a resilient construction, the flair bottle will keep going after many spillages and drops, which are only natural as a practicing flair bartender!",instock,"Ideal for training bar staff in the skills of Flair Bartending; Virtually unbreakable, ideal for beginners and also training for more complex routines; Simulates empty bottle; Well balanced; Used by the world’s best flair bartenders",,,,750ml,0.445,31.7,https://beaumonttm.co.uk/wp-content/uploads/Tom-Flair-smaller.jpg | https://beaumonttm.co.uk/wp-content/uploads/BEAUMONT_09-edit-1-e1456756627995.jpg,Cocktail Tools > Cocktail Equipment
3105,Solo Spirit Measure Freeflow Black,Beaumont,Solo Classical,3.99,https://beaumonttm.co.uk/product/freeflow-solo-classical-ngs/,https://beaumonttm.co.uk/wp-content/uploads/3105-Freeflow-NGS-Black-Solo-Classical.jpg,"Beaumont Solo Classic Bar Spirit Measures are the traditional design measure system for bars and restaurants in the UK. This free flow optic model allows for continuous dispensing as long as the non-drip mechanism is engaged, ensuring efficient and accurate pours every time. Ideal for professional bartenders, it is engineered for precision and ease of use, making it a valuable addition to any bar setup.",instock,Over 6 million units sold in the UK; Proven reliability; Cost-effective solution; Reliable non-drip mechanism; Smooth dispense action; Click here for cork options; Click here for bracket options; Click here for our recommend Spirit Measure cleaner; *NGS = Not Government Stamped,,,Solo,Freeflow,0.082,8.2x8.8x16,https://beaumonttm.co.uk/wp-content/uploads/10-solo-flyer-NO-PRICE.jpg,Spirit Measures > Solo Classical
3320B,Freepour Bottle Blue 1 Litre,Beaumont,Freepour™,8.29,https://beaumonttm.co.uk/product/freepour-bottle-blue/,https://beaumonttm.co.uk/wp-content/uploads/3320B-Freepour-Bottle-Blue.jpg,"The Freepour TM has established its place behind world’s bars due to its perfect pour. No stalling or blockages. With an integrated pour spout and detachable lid and bottom, the Freepour design makes cleaning as easy as possible.",instock,"Perfect pour every time, no stalling or blockages; 1.08 litre capacity, not a US quart which is 95cl, so no wasted juice from 1 litre cartons.; Air intake hole on shoulder of top prevents blockages and allows smooth flow of juice from angled nozzle; Three pieces: coloured top, storage base and matching coloured storage lid; No more forcing in or off of pouring spouts, soaking or having to remove and clean pieces; all goes straight in a glass washer; Textured and shaped body for easy grip",Blue,,Freepour™,,0.146,33.5,https://beaumonttm.co.uk/wp-content/uploads/Optimized-3320B-Freepour-Bottle-Blue-Lid-attached.jpg,Pouring > Juice Servers > Freepour™
3320G,Freepour Bottle Green 1 Litre,Beaumont,Freepour™,7.09,https://beaumonttm.co.uk/product/freepour-bottle-green/,https://beaumonttm.co.uk/wp-content/uploads/3320G-Freepour-Bottle-Green.jpg,"The Freepour TM has established its place behind world’s bars due to its perfect pour. No stalling or blockages. With an integrated pour spout and detachable lid and bottom, the Freepour design makes cleaning as easy as possible.",instock,"Perfect pour every time, no stalling or blockages; 1.08 litre capacity, not a US quart which is 95cl, so no wasted juice from 1 litre cartons.; Air intake hole on shoulder of top prevents blockages and allows smooth flow of juice from angled nozzle; Three pieces: coloured top, storage base and matching coloured storage lid; No more forcing in or off of pouring spouts, soaking or having to remove and clean pieces; all goes straight in a glass washer; Textured and shaped body for easy grip",Green,,Freepour™,,0.146,3.35,https://beaumonttm.co.uk/wp-content/uploads/Optimized-3320G-Freepour-Bottle-Green-Lid-attached.jpg,Pouring > Juice Servers > Freepour™
3320O,Freepour Bottle Orange 1 Litre,Beaumont,Freepour™,7.09,https://beaumonttm.co.uk/product/freepour-bottle-orange/,https://beaumonttm.co.uk/wp-content/uploads/3320O-Freepour-Bottle-Orange.jpg,"The Freepour TM has established its place behind world’s bars due to its perfect pour. No stalling or blockages. With an integrated pour spout and detachable lid and bottom, the Freepour design makes cleaning as easy as possible.",instock,"Perfect pour every time, no stalling or blockages; 1.08 litre capacity, not a US quart which is 95cl, so no wasted juice from 1 litre cartons.; Air intake hole on shoulder of top prevents blockages and allows smooth flow of juice from angled nozzle; Three pieces: coloured top, storage base and matching coloured storage lid; No more forcing in or off of pouring spouts, soaking or having to remove and clean pieces; all goes straight in a glass washer; Textured and shaped body for easy grip",Orange,,Freepour™,,0.146,33.5,https://beaumonttm.co.uk/wp-content/uploads/Optimized-3320O-Freepour-Bottle-Orange-Lid-attached.jpg,Pouring > Juice Servers > Freepour™
3320R,Freepour Bottle Red 1 Litre,Beaumont,Freepour™,7.09,https://beaumonttm.co.uk/product/freepour-bottle-red/,https://beaumonttm.co.uk/wp-content/uploads/3320R-Freepour-Bottle-Red.jpg,"The Freepour TM has established its place behind world’s bars due to its perfect pour. No stalling or blockages. With an integrated pour spout and detachable lid and bottom, the Freepour design makes cleaning as easy as possible.",instock,"Perfect pour every time, no stalling or blockages; 1.08 litre capacity, not a US quart which is 95cl, so no wasted juice from 1 litre cartons.; Air intake hole on shoulder of top prevents blockages and allows smooth flow of juice from angled nozzle; Three pieces: coloured top, storage base and matching coloured storage lid; No more forcing in or off of pouring spouts, soaking or having to remove and clean pieces; all goes straight in a glass washer; Textured and shaped body for easy grip",Red,,Freepour™,,0.146,33.5,https://beaumonttm.co.uk/wp-content/uploads/Optimized-3320R-Freepour-Bottle-Red-Lid-attached.jpg,Pouring > Juice Servers > Freepour™
3320W,Freepour Bottle White 1 Litre,Beaumont,Freepour™,7.09,https://beaumonttm.co.uk/product/freepour-bottle-white/,https://beaumonttm.co.uk/wp-content/uploads/3320W-Freepour-Bottle-White.jpg,"The Freepour TM has established its place behind world’s bars due to its perfect pour. No stalling or blockages. With an integrated pour spout and detachable lid and bottom, the Freepour design makes cleaning as easy as possible.",instock,"Perfect pour every time, no stalling or blockages; 1.08 litre capacity, not a US quart which is 95cl, so no wasted juice from 1 litre cartons.; Air intake hole on shoulder of top prevents blockages and allows smooth flow of juice from angled nozzle; Three pieces: coloured top, storage base and matching coloured storage lid; No more forcing in or off of pouring spouts, soaking or having to remove and clean pieces; all goes straight in a glass washer; Textured and shaped body for easy grip",White,,Freepour™,,0.146,33.5,https://beaumonttm.co.uk/wp-content/uploads/Optimized-3320W-Freepour-Bottle-White-Lid-attached.jpg,Pouring > Juice Servers > Freepour™
3320Y,Freepour Bottle Yellow 1 Litre,Beaumont,Freepour™,7.09,https://beaumonttm.co.uk/product/freepour-bottle-yellow/,https://beaumonttm.co.uk/wp-content/uploads/3320Y-Freepour-Bottle-Yellow.jpg,"The Freepour TM has established its place behind world’s bars due to its perfect pour. No stalling or blockages. With an integrated pour spout and detachable lid and bottom, the Freepour design makes cleaning as easy as possible.",instock,"Perfect pour every time, no stalling or blockages; 1.08 litre capacity, not a US quart which is 95cl, so no wasted juice from 1 litre cartons.; Air intake hole on shoulder of top prevents blockages and allows smooth flow of juice from angled nozzle; Three pieces: coloured top, storage base and matching coloured storage lid; No more forcing in or off of pouring spouts, soaking or having to remove and clean pieces; all goes straight in a glass washer; Textured and shaped body for easy grip",Yellow,,Freepour™,,0.146,33.5,https://beaumonttm.co.uk/wp-content/uploads/Optimized-3320Y-Freepour-Bottle-Yello-Lid-attached.jpg,Pouring > Juice Servers > Freepour™
3664,Gin & Tonic Spoon 6″,Beaumont,Bar Spoons,3.99,https://beaumonttm.co.uk/product/g-t-spoon-6/,https://beaumonttm.co.uk/wp-content/uploads/3664-6inch-G-_-T-Spoon-1.jpg,"Create the perfect gin and tonic with this specially designed G&T spoon from Beaumont. Featuring a fine twist shaft, the spoon mixes your drink well to bring out all of the flavours – ensuring the gin is just as delicious as intended.
The Beaumont spoon is shorter than a typical cocktail spoon, it is perfectly suited for use with gin bowls/balloon glasses. Therefore, enhancing the flavour of you drink.",instock,5ml spoon; Fine twist shaft; 25mm disc,,Stainless Steel,,"6""",0.027,15.1,https://beaumonttm.co.uk/wp-content/uploads/3664-G-T-Spoon-Lifestyle-2.jpg | https://beaumonttm.co.uk/wp-content/uploads/3664-G-T-Spoon-Lifestyle-3.jpg | https://beaumonttm.co.uk/wp-content/uploads/3664-G-T-Spoon-Lifestyle-17.jpg | https://beaumonttm.co.uk/wp-content/uploads/3664-G-T-Spoon-Lifestyle-5.jpg | https://beaumonttm.co.uk/wp-content/uploads/3664-G-T-Spoon-Lifestyle-14.jpg | https://beaumonttm.co.uk/wp-content/uploads/3664-G-T-Spoon-Lifestyle-13.jpg,Cocktail Tools > Bar Spoons
3550FP,Finned Corks Gallon (Box 10),Beaumont,Corks,6.29,https://beaumonttm.co.uk/product/gallon-finned-corks/,https://beaumonttm.co.uk/wp-content/uploads/3550FP-Gallon-Finned-Corks-PK10.jpg,"Keep spares to hand with these replacement corks from Beaumont. For use with all spirit measures, the corks are designed for a tight seal to ensure contents stays fresher for longer.
As the corks are finned, they provide extra grip and flexibility. Therefore, providing strength for a long-life.",instock,,,,,,0.014,3.4x3.2,,Spirit Measures > Corks
3505,Galvanised Steel Beverage Tub,Beaumont,"Coolers, Ice Buckets & Stands",29.29,https://beaumonttm.co.uk/product/galvanised-steel-beverage-tub-25-litre-44-pint/,https://beaumonttm.co.uk/wp-content/uploads/3505-Galvanised-Steel-Beverage-Tub-19-x-14-x-9inches.jpg,"Looking to house large quantities of ice-cold champagne or wine? Then the wine and champagne tub from Beaumont is perfect for you. The tub is made from galvanised steel that not only has excellent resistance to rust, corrosion and general wear and tear, but also has a rustic look – giving you long-lasting serveware that’s as stylish and it is durable.
Plus, ergonomic carry handles make transportation of heavy drinks easy – great for going between your bar and seating areas.
And the tub features a large capacity that can hold up to 25, average-sized wine bottles. This makes the Beaumont wine bucket ideal for parties, conferences or outdoor areas.",instock,,Silver,Galvanised Steel,,25 litre/44 pint,1.134,56x32x25.7,https://beaumonttm.co.uk/wp-content/uploads/DSC3135-3.jpg,"Beer & Wine Accessories > Coolers, Ice Buckets & Stands ; Ice Buckets & Stands"
3673,Garnish Tweezers 300mm,Beaumont,Cocktail Equipment – Bar Top Accessories,10.79,https://beaumonttm.co.uk/product/garnish-tweezers-300mm/,https://beaumonttm.co.uk/wp-content/uploads/3673-Giant-Tweezer-30cm-.jpg,"Garnish in style with these 30cm long premium tweezers from Beaumont. The garnish tweezers come in handy for both front and back of house by reducing cross contamination with hand to food contact. Crafted from stainless steel, they are incredibly strong and highly resistant to rust allowing them to withstand continuous use.
The Beaumont tweezers can be used behind the bar to garnish a drink with a slice of lemon or lime, and in the kitchen to place delicate items like edible flowers on a plate to create a precise presentation that wows your guests.",instock,,,Stainless Steel,,,0.090,30.2x3.8x1.4,,Cocktail Tools > Cocktail Equipment
3910G,Glass and Bottle Carrier,Beaumont,Bar Accessories & Food Service Essentials – Bar Top Accessories,17.59,https://beaumonttm.co.uk/product/glass-carrier-black/,https://beaumonttm.co.uk/wp-content/uploads/black-glass-carrier.jpg,"A black plastic carrier with a large handle, which can easily manouver 40-50 stackable glasses at a time, this is the ideal product for transporting bottles or glasses in busy bars, clubs or restaurants.",instock,"Please note that as of 25th May 2021, green is no longer available. These will now be black with no change to SKU or Barcode.",Green,,,,0.784,47.2x21.2x28.8,,Bar Accessories & Food Service Essentials
BB3,A-Board Green,Beaumont,A-Frame,129.99,https://beaumonttm.co.uk/product/green-metal-sided-a-board-h1100mm-x-w680mm/,https://beaumonttm.co.uk/wp-content/uploads/BB3-A-board-Steel-Leg-right-shot.jpg,"Enhance your storefront with this classic A-board from Beaumont. Designed with a curved top and rustic green frame, its perfect for displaying menu items, special offers and other messages.
Measuring 1100mm x 680mm in size, the Beaumont A-board is finished with a high-quality chalkboard that is suitable for traditional chalk or liquid chalk pens (Not supplied). The frame also folds down flat meaning it can be efficiently stored or easily carried and transported.",instock,"Traditional A-Board; Legs manufactured from 38mm x 38mm box section steel, powder coated with UV stable polyester; Precision engineered stay brackets manufactured from mild steel and zinc plated; Click here for chalks and cleaning solution",Black | Green,Metal,,,8,68x110,,Display Boards & Accessories > A-Frame
3487,Grey Slim Recycling Bin 87 Litre,Beaumont,Recycling Bin & Lid,,https://beaumonttm.co.uk/product/grey-slim-recycling-bin-87l/,https://beaumonttm.co.uk/wp-content/uploads/3487-87L-Slim-Grey-Bottle-Bin.jpg,"The Beaumont Grey Slim Recycling Bin, is a sleek and efficient solution for managing waste or recycling. With a generous 87-litre capacity, this bin is perfect for busy commercial environments, such as bars, restaurants, and offices, where space is at a premium but effective waste management is essential.",instock,Ideal for storing empty bottles; Space saving design; (lid sold separately – Product Code 3488),Grey,,,87 litre,3.160,51.5x28.5x75.5,,"Bottle Skips, Storage & Bins > Recycling Bin & Lid"
3488,Swing Lid for 87lt Grey Recycling Bin,Beaumont,Recycling Bin & Lid,,https://beaumonttm.co.uk/product/swing-lid-for-recycling-bin/,https://beaumonttm.co.uk/wp-content/uploads/3488-Swing-Lid-for-Grey-Bottle-Bin.jpg,"Keep bin odour locked away with this swing lid from Beaumont. The standalone swing two-way swing lid fits the 87L Slim Recycling Bin – great for replacement if the original has been broken.
With a plastic construction, the Beaumont bin lid is easy when it comes cleaning and maintenance. Great for the inevitable muck that comes with discarding of rubbish.",instock,Suitable for use with our Grey Slim Recycling Bin 87L – Product Code 3487,,,,,0.625,52.2x30x15.6,,"Bottle Skips, Storage & Bins > Recycling Bin & Lid"
3548FP,Finned Corks Half Gallon (Box 10),Beaumont,Corks,6.29,https://beaumonttm.co.uk/product/half-gallon-finned-corks/,https://beaumonttm.co.uk/wp-content/uploads/3548FP-Half-Gallon-Finned-Corks-PK10.jpg,"Keep spares to hand with these replacement corks from Beaumont. For use with all spirit measures, the corks are designed for a tight seal to ensure contents stays fresher for longer.
As the corks are finned, they provide extra grip and flexibility. Therefore, providing strength for a long-life.",instock,,,,,,,,,Spirit Measures > Corks
3571,Hawthorne Strainer 4-Prong,Beaumont,Cocktail Strainers,2.69,https://beaumonttm.co.uk/product/hawthorne-strainer-4-ear/,https://beaumonttm.co.uk/wp-content/uploads/3571-Hawthorne-Strainer-4-Ear.jpg,"Mixing cocktails is the fun part of the job, but don’t you hate it when the drinking glass becomes full of ingredients and ice? With the Beaumont Hawthorne 4 Prong Strainer, this is no longer a worry. Constructed from stainless steel, the strainer is easy to clean and rinse, meaning the maximum output of drinks per hour. Durable and lightweight, Beaumont have created a strainer that is sure to last and allows for ease of use. The classically designed devil ears allow the strainer to rest on top of a drinking cup for easy transfer with minimal effort. Perfect for any bar or restaurant.",instock,,,Stainless Steel,,,0.048,15x11.7x3.1,https://beaumonttm.co.uk/wp-content/uploads/Mezclar-Mixing-Glass-Pro-Fine-Mesh-Strainer-e1430393185670-1.jpg,Cocktail Tools > Cocktail Strainers
3613A,Hop Strainer 3/4″ BSP (Pack of 10),Beaumont,Hop Strainers,8.49,https://beaumonttm.co.uk/product/hop-strainer-3-4-bsp-pk-10/,https://beaumonttm.co.uk/wp-content/uploads/3613-Hop-strainer-¾”-BSP-PK100-_-3613A-for-PK10.jpg,"Prevent hops entering your ale line, or your customers beer with a hop strainer. The mesh is perfectly sized to let through the optimum flow of ale whilst still being fine enough to ensure that only liquids pass through. By using a rubber of medium density, the strainer will act as a gasket between the tap and tap nut, preventing any leaks or drips. This hop strainer will fit ¾” BSP taps.",instock,,,,Abbot,"3/4"" BSP Thread",0.014,1.3,,Cellar Equipment > Hop Strainers
3613,Hop Strainer 3/4″ BSP (Pack of 100),Beaumont,Hop Strainers,,https://beaumonttm.co.uk/product/hop-strainer-3-4-bsp-pk-100/,https://beaumonttm.co.uk/wp-content/uploads/3613-Hop-strainer-¾”-BSP-PK100-_-3613A-for-PK10.jpg,"Filter out sediment with this hop strainer from Beaumont. The intelligent design includes a silicon washer and fine stainless steel mesh – meaning this hop strainer ensures a high quality final product.
With a leak-free design, the strainer ensures no product is wasted – saving on stock and therefore, money.",instock,,,,Abbot,"3/4"" BSP Thread",0.014,1.3,,Cellar Equipment > Hop Strainers
3612A,Standard Hop Strainer (Pack of 10),Beaumont,Hop Strainers,5.19,https://beaumonttm.co.uk/product/hop-strainer-standard-pk-10/,https://beaumonttm.co.uk/wp-content/uploads/3612-Hop-Strainer-Standard-To-Fit-L-and-Y-Thread-Taps-PK100-_-3612A-for-PK10.jpg,"Filter out sediment with this pack of 10 hop strainers from Beaumont. The strainer’s design includes a silicon washer and fine stainless steel mesh – ensuring a high-quality final product.
With a leak-free design, the strainer ensures no product is wasted – saving on stock and therefore, money. Additionally, the stainless-steel body is durable enough to handle daily use in commercial venues.",instock,,,,Abbot,L Thread | Y Thread,0.017,1.5,,Cellar Equipment > Hop Strainers
3612,Standard Hop Strainer (Pack of 100),Beaumont,Hop Strainers,44.49,https://beaumonttm.co.uk/product/hop-strainer-standard-pk-100/,https://beaumonttm.co.uk/wp-content/uploads/3612-Hop-Strainer-Standard-To-Fit-L-and-Y-Thread-Taps-PK100-_-3612A-for-PK10.jpg,"Filter out sediment with this hop strainer from Beaumont. The intelligent design includes a silicon washer and fine stainless steel mesh – meaning this hop strainer ensures a high quality final product.
With a leak-free design, the strainer ensures no product is wasted – saving on stock and therefore, money.",instock,,,,Abbot,L Thread | Y Thread,0.017,1.5,,Cellar Equipment > Hop Strainers
3609C,Hose Tail 1/2″ for 3/4 BSP Tap,Beaumont,Hose Tails,,https://beaumonttm.co.uk/product/hose-tail-1-2-for-3-4-bsp-tap/,https://beaumonttm.co.uk/wp-content/uploads/3609C-Hose-Tail-½”-For-¾”-BSP-Taps.jpg,"Ensure efficient dispensing with this hose tail from Beaumont. Made from durable plastic for highly reliable and hygienic pouring of beer, the hose tail ensures your cask ale is delivered to customers at the highest quality possible.
The plastic construction is also easy to clean, preventing build up in the pipe – to keep beer food safe and fresh.
When used with a hop strainer, no sediment or leakage is guaranteed.",instock,,,,Abbot,"3/4"" BSP Thread",0.005,4.0,,Cellar Equipment > Hose Tails
3609A,Hose Tail 1/2″ Standard,Beaumont,Hose Tails,0.99,https://beaumonttm.co.uk/product/hose-tail-1-2-for-standard-tap-yl/,https://beaumonttm.co.uk/wp-content/uploads/3609A-Hose-Tail-½”-For-Standard-taps-L-_-Y-Tread.jpg,"Ensure efficient dispensing with this hose tail from Beaumont. Made from durable plastic for highly reliable and hygienic pouring of beer, the hose tail ensures your cask ale is delivered to customers at the highest quality possible.
The plastic construction is also easy to clean, preventing build up in the pipe – to keep beer food safe and fresh.
When used with a hop strainer, no sediment or leakage is guaranteed.",instock,,,,Abbot,L Thread | Y Thread,0.005,4,,Cellar Equipment > Hose Tails
3609D,Hose Tail 3/8″ BSP,Beaumont,Hose Tails,0.99,https://beaumonttm.co.uk/product/hose-tail-3-8-for-3-4-bsp-tap/,https://beaumonttm.co.uk/wp-content/uploads/3609D-Hose-Tail-⅜”-For-¾”-BSP-Taps.jpg,"Ensure efficient dispensing with this hose tail from Beaumont. Made from durable plastic for highly reliable and hygienic pouring of beer, the hose tail ensures your cask ale is delivered to customers at the highest quality possible.
The plastic construction is also easy to clean, preventing build up in the pipe – to keep beer food safe and fresh.
When used with a hop strainer, no sediment or leakage is guaranteed.",instock,,,,Abbot,"3/4"" BSP Thread",0.004,3.9,,Cellar Equipment > Hose Tails
3609,Hose Tail for 3/8″ hose Standard 9mm,Beaumont,Hose Tails,,https://beaumonttm.co.uk/product/hose-tail-3-8-for-standard-tap-yl/,https://beaumonttm.co.uk/wp-content/uploads/3609-Hose-Tail-⅜”-For-Standard-Taps-L-_-Y-Threads.jpg,"Ensure efficient dispensing with this hose tail from Beaumont. Made from durable plastic for highly reliable and hygienic pouring of beer, the hose tail ensures your cask ale is delivered to customers at the highest quality possible.
The plastic construction is also easy to clean, preventing build up in the pipe – to keep beer food safe and fresh.
When used with a hop strainer, no sediment or leakage is guaranteed.",instock,,,,Abbot,L Thread | Y Thread,0.005,4,,Cellar Equipment > Hose Tails
3609B,Hose Tail 5/8″ Standard,Beaumont,Hose Tails,,https://beaumonttm.co.uk/product/hose-tail-5-8-for-standard-tap-yl/,https://beaumonttm.co.uk/wp-content/uploads/3609B-Hose-Tail-⅝”-For-Standard-Taps-L-_-Y-Tread.jpg,"Ensure efficient dispensing with this hose tail from Beaumont. Made from durable plastic for highly reliable and hygienic pouring of beer, the hose tail ensures your cask ale is delivered to customers at the highest quality possible.
The plastic construction is also easy to clean, preventing build up in the pipe – to keep beer food safe and fresh.
When used with a hop strainer, no sediment or leakage is guaranteed.",instock,,,,Abbot,L Thread | Y Thread,0.006,4.3,,Cellar Equipment > Hose Tails
B192BM,Opening Time Sign,Beaumont,Display Boards & Accessories,5.89,https://beaumonttm.co.uk/product/hours-of-business-sign/,https://beaumonttm.co.uk/wp-content/uploads/B192-Hours-of-Business.jpg,,instock,"Ensure that your opening hours are clearly signposted with this adjustable display from Beaumont. Featuring the days of the week, accompanied with sections for both opening and closing hours, the Beaumont sign provides information that’s quick and easy to read. This ensures that your customers are made aware of opening hours whilst giving you the flexibility to alter times depending on holidays, staff availability and basic changes to your business. This attractive signs boasts high contrast gold lettering set on a black background with a classic font, giving it an attractive quality to suit any establishment.; With suction pads included, it couldn’t be simpler to install the sign to your door or front window for maximum visibility.",,,,,0.110,16.2x1.5x20.8,,Display Boards & Accessories
3301,Manual Ice Crusher White,Beaumont,Cocktail Equipment – Utensils & Tools,19.59,https://beaumonttm.co.uk/product/ice-crusher/,https://beaumonttm.co.uk/wp-content/uploads/3301-Ice-Crusher-Vacuum-Base.jpg,Why have the expense of a crushed ice dispenser if you’re not constantly making cocktails which require it? This manual ice crusher from Beaumont is an excellent business choice for bars and pubs which want to dispense the occasional daiquiri. The vacuum base guarantees that your crusher remains firmly rooted on the counter top and makes for easy crushing using the rotating handle.,instock,Vacuum base,,,Ice Crusher,,0.607,15.9x12.1x24.4,,Cocktail Tools > Cocktail Equipment
3353,Ice Pick Wooden Handle Single Point,Beaumont,Bar Accessories & Food Service Essentials – Ice & Champagne,1.99,https://beaumonttm.co.uk/product/ice-pick/,https://beaumonttm.co.uk/wp-content/uploads/3353-Ice-Pick.jpg,Break up your ice and look great while you’re doing it. The ice pick is a simple yet very useful addition to any bar. With a wooden handle you don’t need to worry about getting a cold hand.,instock,Wooden handle; Carbon steel point; 8″ Long,,,,,0.037,2.3x2.3x19.2,,Bar Accessories & Food Service Essentials
3915B,Bar Shelf Tile Black 300 x 300mm,Beaumont,Glass Mats & Shelf Liners,4.99,https://beaumonttm.co.uk/product/interlocking-bar-shelf-tile-black/,https://beaumonttm.co.uk/wp-content/uploads/3915B-Bar-Shelf-Tile-BLACK-13-x-13-inch.jpg,"Flexible, interlocking square liner tiles allow you to combine tiles for use in a wide variety or shelf spaces, protecting glasses from cracks and speeding up the drying process by allowing air into upturned items, also preventing drying stains.",instock,13″ x 13″,Black,,,"13"" x 13""",0.263,34.5x34.5x1.3,,Bar Accessories & Food Service Essentials > Glass Mats & Shelf Liners
B14,Glass Mats White (Pack of 10),Beaumont,Glass Mats & Shelf Liners,5.49,https://beaumonttm.co.uk/product/interlocking-glass-mats/,https://beaumonttm.co.uk/wp-content/uploads/B14-Glassmats-Interlocking-PK10-in-use.jpg,"Designed with both practicality and aesthetics in mind, these mats provide a secure, non-slip surface ideal for protecting your glassware and workstations. Their interlocking design allows for easy customization, ensuring a perfect fit for any space.
Crafted from durable materials, these mats are built to withstand the rigors of a busy commercial environment. The non-slip surface ensures stability, reducing the risk of accidents and breakages. Additionally, the mats are easy to clean, making maintenance a breeze and ensuring a hygienic workspace.
Whether you’re outfitting a bar, restaurant, or kitchen, the Beaumont Interlocking Glass Mats are the ideal solution for enhancing both safety and efficiency. Invest in quality and peace of mind with these versatile and reliable mats.",instock,,,,,,0.032,31.2x21x0.5,https://beaumonttm.co.uk/wp-content/uploads/B14-Glassmats-Interlocking-PK10.jpg,Bar Accessories & Food Service Essentials > Glass Mats & Shelf Liners
3587,Julep Strainer Stainless Steel,Beaumont,Cocktail Strainers,3.79,https://beaumonttm.co.uk/product/julep-strainer-2/,https://beaumonttm.co.uk/wp-content/uploads/3587-Julep-Strainer.jpg,"Pour cocktails with the help of this Julep strainer from Beaumont. With a rounded shape, the strainer fits nicely into your cocktail shaker – allowing you to pour it without spilling any ice or fruit remanence not intended to be served.
The perforations make for easy movement of liquid, whilst trapping larger lumps. Therefore, allowing you to serve a smooth drink that customers will enjoy.
The stainless steel construction makes this Beaumont Julep strainer durable – great for heavy use at a busy bar.",instock,Ideal for 3666 Julep Cup – Sold separately,,Stainless Steel,,,0.038,16.1x7.6x2.3,https://beaumonttm.co.uk/wp-content/uploads/Optimized-3666-Julep-Cup-Image-4.jpg,Cocktail Tools > Cocktail Strainers
3341,Julep Strainer Copper Plated,Beaumont,Cocktail Strainers,4.39,https://beaumonttm.co.uk/product/julep-strainer/,https://beaumonttm.co.uk/wp-content/uploads/3341-Julep-Strainer-Copper-TEMP-IMAGE.jpg,"Originally designed for customers to enjoy their Mint Julep cocktail without getting a mouthful of crushed ice, the julep strainer was later adapted for cocktail pouring. Today it can be used for whatever you please!",instock,Ideal for 3666 Julep Cup – Sold separately,Copper,Copper Plated,,,0.038,16.1x7.5x2.3,,Cocktail Tools > Cocktail Strainers
3720,Catering First Aid Kit Large BS Compliant,Beaumont,First Aid,63.99,https://beaumonttm.co.uk/product/large-bs-catering-first-aid-kit/,https://beaumonttm.co.uk/wp-content/uploads/3720-Large-BS-Catering-First-Aid-Kit-scaled.jpg,"The Beaumont large first aid kit is designed for the catering industry and is fully BS8599-1 compliant. Respond quickly and safely to accidents with this essential first aid item containing: 2 x 10 x 10 Burn dressing, 40 x Cleansing wipes, 2 x Conforming bandage, 4 x Finger dressing, 3 x Foil blanket, 12 Pairs of nitrile gloves, 1 Guidance note, 4 x HSE eyepad dressing, 2 x HSE large dressing, 8 x HSE medium dressing, 1 Microporous tape, 100 x Assorted plasters, 2 x Resuscitation Aid, 24 x Safety pins, 1 Tuffcut scissors, 4 x Triangular bandage. Ideal for larger kitchens.",instock,BS8599-1 Compliant,,,,,1.560,35x10x32,,First Aid
3562,Speed Rail 42″,Beaumont,Speed Rails,44.49,https://beaumonttm.co.uk/product/large-speed-rail-42/,https://beaumonttm.co.uk/wp-content/uploads/3562-Large-Speed-Rail-42”.jpg,"Ensure bartenders to have access to their most used bottles quickly with this speed rail from Beaumont. 42 inches long, the rail ensures plenty of space to store your most popular bottles – helping to provide efficient service.
With dual fixing holes, the Beaumont speed rail is easy to attach to the wall or bar – keeping it within reach for ease.
The stainless steel design is durable and easy to clean. Therefore, keeping your front of house looking presentable.",instock,,,,,"42""",2.358,107.5x10.6x15.2,,Speed Rails
3659,Professional 8 Section Lemon & Lime Wedger,Beaumont,Cocktail Equipment – Utensils & Tools,48.49,https://beaumonttm.co.uk/product/lemon-lime-wedger/,https://beaumonttm.co.uk/wp-content/uploads/3659-Professional-8-Section-Lemon-and-Lime-Wedger.jpg,"Produce slices of fruit in seconds with this professional lime wedger from Beaumont. Perfect for establishments where consistency is key, the wedger is incredibly simple to use. Just load your fruit into the slicer in an upright position, line up the top pusher then press down firmly to create perfect cocktail garnishes.
There are eight durable stainless steel blades, to produce eight equal slices of lemon. These are the perfect size for fitting in bottle necks, as a perfect addition to a refreshing lemonade or beer.
As the blades are hidden internally, the Beaumont lime slicer is safer to use than a knife as there is less chance of accidental cuts.",instock,"Perfectly sliced wedges; Fast and convenient; Slices 8 wedges in one go; Easy to clean; Heavy duty, robust",,,,,0.983,19.8x20.2x18.8,https://beaumonttm.co.uk/wp-content/uploads/3659-Professional-8-Section-Lemon-and-Lime-Wedger-1.jpg,Cocktail Tools > Cocktail Equipment
3928,Mezclar Liberty Bitters Bottle Large,Beaumont,Bitters Bottles,8.29,https://beaumonttm.co.uk/product/liberty-bitters-bottle-large/,https://beaumonttm.co.uk/wp-content/uploads/3928-Liberty-Bitters-Bottle-Large.jpg,"The Mezclar range delivers a high-end finish without compromising on utility. The Liberty bottle provides controlled dispensing and a classic, wholesome look with its rounded textured body, cork stopper and shapely metal pourer. An essential piece of equipment for bar staff, this 220 ml bottle is perfect for perfect for sharing between multiple staff on a larger bar.
Dimensions124(H) x 56(W) x 56(D)mm
Material: Glass
Weight: 2.329kg
Controlled dispensing
220ml capacity
High-end finish
Classic aesthetic
Cork stopper and metal pourer included
High-end finish
Classic aesthetic",instock,220ml,,Glass,Mezclar,220ml,0.245,15.7,,Cocktail Tools > Bitters Bottles
3927,Mezclar Liberty Bitters Bottle Small,Beaumont,Bitters Bottles,8.29,https://beaumonttm.co.uk/product/liberty-bitters-bottle-small/,https://beaumonttm.co.uk/wp-content/uploads/3927-Liberty-Bitters-Bottle-small.jpg,"Elevate your bar setup with the Mezclar Liberty Bitters Bottle, a stylish and functional solution for controlled bitters and ingredient dispensing. Crafted for professionals and enthusiasts alike, this 100ml glass bottle combines a high-end finish with practical utility, making it an essential addition to any bar, kitchen, or drinks station.
Elegant Design Meets Everyday Functionality
The Liberty Bottle stands out with its rounded, textured glass body, offering a classic, wholesome aesthetic that complements any décor. Its cork stopper and shapely metal pourer not only enhance its visual appeal but also ensure precise, mess-free pouring—ideal for syrups, bitters, oils, or cocktail ingredients.
Whether you’re a bartender in a compact venue or a home mixologist organizing your ingredients, this bottle is perfect for lining up multiple small bottles with different contents. Its compact size and sleek design make it easy to store, display, and use.
Product Features:
Dimensions: 163mm (H) x 52mm (W) x 52mm (D)
Material: Durable, high-quality glass
Weight: 276g – sturdy and stable on any surface
Controlled Dispensing: Includes a metal pourer for accurate pours
Classic Aesthetic: Timeless design with cork stopper and textured finish
Premium Finish: Adds a touch of sophistication to any bar setup
Why Choose Mezclar Liberty Bottle?
Designed with both style and substance in mind, the Mezclar Liberty Bottle 100ml is more than just a container—it’s a statement piece. Its compact size makes it ideal for smaller bars, mobile bartending setups, or home cocktail stations, while its premium materials ensure long-lasting performance.
Whether you’re organising your bar, upgrading your tools, or looking for a thoughtful gift for a cocktail enthusiast, the Liberty Bottle delivers on both form and function.",instock,Premium 100ml Glass Bottle for Bars & Home Use,,Glass,Mezclar,100ml,0.191,12.8,,Cocktail Tools > Bitters Bottles
3719,Catering First Aid Kit Medium BS Compliant,Beaumont,First Aid,46.49,https://beaumonttm.co.uk/product/medium-bs-catering-first-aid-kit/,https://beaumonttm.co.uk/wp-content/uploads/3719-Medium-BS-Catering-First-Aid-Kit-scaled.jpg,"The Beaumont medium first aid kit is designed for the catering industry and is fully BS8599-1 compliant. Respond quickly and safely to accidents with this essential first aid item containing: 2 x 10 x 10 Burn dressing, 3 x Cleansing wipes, 2 x Conforming bandage, 3 x Finger dressing, 2 x Foil blanket, 9 Pairs of nitrile gloves, 1 Guidance note, 3 x HSE eyepad dressing, 2 x HSE large dressing, 6 x HSE medium dressing, 1 Microporous tape, 60 x Assorted plasters, 1 Resuscitation Aid, 12 x Safety pins, 1 Tuffcut scissors, 3 x Triangular bandage.",instock,BS8599-1 Compliant,,,,,1.144,29x10x27,,First Aid
3561,Speed Rail 32″,Beaumont,Speed Rails,37.49,https://beaumonttm.co.uk/product/medium-speed-rail-32/,https://beaumonttm.co.uk/wp-content/uploads/3561-Medium-Speed-Rail-32”.jpg,"Ensure bartenders to have access to their most used bottles quickly with this speed rail from Beaumont. 32 inches long, the rail ensures plenty of space to store your most popular bottles – helping to provide efficient service.
With dual fixing holes, the Beaumont speed rail is easy to attach to the wall or bar – keeping it within reach for ease.
The stainless steel design is durable and easy to clean. Therefore, keeping your front of house looking presentable.",instock,,,,,"32""",1.841,82x10.6x15.3,,Speed Rails
3649,Heavy Duty Mexican Elbow Black,Beaumont,Cocktail Equipment – Utensils & Tools,,https://beaumonttm.co.uk/product/mexican-elbow-lemon-lime-squeezer/,https://beaumonttm.co.uk/wp-content/uploads/3649-Mexican-Elbow-closed.jpg,"Guarantee freshness when it comes to juices with this Mexican elbow from Beaumont. Designed for easy use, this squeezer makes juicing efficient – saving staff time for more pressing tasks.
The heavy duty aluminium construction is easy to clean. Making the Beaumont juicer perfect for hygienic, production of cocktails and other drinks.",instock,,Black,,,,0.214,21.8x7.5x5.3,https://beaumonttm.co.uk/wp-content/uploads/3649-Mexican-Elbow-open.jpg | https://beaumonttm.co.uk/wp-content/uploads/3649-Mexican-Elbow-lemon.jpg | https://beaumonttm.co.uk/wp-content/uploads/3649-Mexican-Elbow-Lime.jpg | https://beaumonttm.co.uk/wp-content/uploads/Optimized-3179-Banded-Jigger-with-3649-Mexican-Elbow-1.jpg,Cocktail Tools > Cocktail Equipment
3336,Stainless Steel Water Jug Polished Finish 1.5 Litre,Beaumont,"Bar Accessories & Food Service Essentials – Jugs, Pitchers & Carafes",25.89,https://beaumonttm.co.uk/product/mezclar-1-5ltr-stainless-steel-water-jug/,https://beaumonttm.co.uk/wp-content/uploads/3336-Mezclar-1.5Ltr-S-St-Water-Jug.jpg,"Featuring a contemporary design and polished finish, Beaumont’s 1.5Ltr stainless steel water jug adds a touch of elegance to any table setting. Its sleek, modern look suits both casual and formal dining environments. Made from high-quality stainless steel, the jug is durable and resistant to corrosion. The ergonomic handle ensures comfortable pouring while the 1.5L capacity is perfect for serving water.",instock,Polished Finish,Silver,Stainless Steel,Mezclar,1.5 Litre,0.493,14.7x8.9x29.6,,Bar Accessories & Food Service Essentials
3338,Mezclar Art Deco Shaker Copper Plated Two Piece 550ml,Beaumont,Cocktail Shakers,18.49,https://beaumonttm.co.uk/product/mezclar-550-ml-copper-plated-art-deco-shaker/,https://beaumonttm.co.uk/wp-content/uploads/3338-500ml-Copper-Plated-Art-Deco-Shaker.jpg,"This Art Deco-inspired cocktail shaker wouldn’t look out of place in a speakeasy or 1920s-themed bar. A beautiful, modern rendition of the cocktail shakers of the period, the 2-piece Art Deco cocktail shaker is finished with opulent copper plating.",instock,,Copper,Copper Plated,Mezclar,550ml,0.227,23,https://beaumonttm.co.uk/wp-content/uploads/3338-500ml-Copper-Plated-Art-Deco-Shaker-separated.jpg | https://beaumonttm.co.uk/wp-content/uploads/3338-Copper-Art-Deco-Shaker-Image-2.jpg | https://beaumonttm.co.uk/wp-content/uploads/3338-Copper-Art-Deco-Shaker-Image-1.jpg,Cocktail Tools > Cocktail Shakers
3337,Mezclar Art Deco Cocktail Shaker Stainless Steel 550ml,Beaumont,Cocktail Shakers,17.49,https://beaumonttm.co.uk/product/mezclar-550ml-stainless-steel-art-deco-shaker/,https://beaumonttm.co.uk/wp-content/uploads/3337-500ml-S-St-Art-Deco-Shaker.jpg,"The smooth retro design of this shaker is perfect for bars with a speakeasy or vintage feel. The two-piece shaker looks great when not in use and looks almost like an ornament. When it comes to using it, the shaker feels natural in the hand and is easy to grip with both hands for when some serious shaking is necessary.",instock,,Silver,Stainless Steel,Mezclar,550ml,0.215,23.1,https://beaumonttm.co.uk/wp-content/uploads/3337-500ml-S-St-Art-Deco-Shaker-separated.jpg | https://beaumonttm.co.uk/wp-content/uploads/3337-S-St-Art-Deco-Shaker.jpg,Cocktail Tools > Cocktail Shakers
3355,Piccolo Cocktail Shaker Stainless Steel 600ml,Beaumont,Cocktail Shakers,8.99,https://beaumonttm.co.uk/product/mezclar-600ml-piccolo-cocktail-shaker-stainless-steel/,https://beaumonttm.co.uk/wp-content/uploads/3355-Mezclar-Piccolo-Cocktail-Shaker-600ml-Stainless-Steel.jpg,"A delightfully small cocktail shaker, what the Piccolo lacks in size it makes up for in style and ease of use. A 3 piece design with removable top, and lid.",instock,,,Stainless Steel,Mezclar,600ml,0.209,20.3,https://beaumonttm.co.uk/wp-content/uploads/3355-Mezclar-Piccolo-Cocktail-Shaker-600ml-Stainless-Steel-Seperated.jpg,Cocktail Tools > Cocktail Shakers
3179,Mezclar Stainless Steel Banded Jigger 25/35/50ml,Beaumont,Cocktail Jigger Measures,,https://beaumonttm.co.uk/product/mezclar-banded-jigger-25ml-35-50ml-ngs/,https://beaumonttm.co.uk/wp-content/uploads/3179-Mezclar-25-35-50ml-St-Steel-Banded-Jigger-35ml-internal-line-a.jpg,"Ensure accurate measurements with each shot you pour, thanks to the Beaumont Mezclar cocktail jigger. Thanks to its double-sided design, the jigger accurately measures 25ml, 35ml and 50ml servings without the need for multiple pieces of equipment. This ensures that the cocktails your serve have a consistent taste and alcohol content.
Made from stainless steel and featuring a brushed finish, the Beaumont jigger is not only highly durable and easy to clean, but also benefits from an attractive appearance that’s sure to spruce-up any back bar.",instock,For measuring spirits and other alcohols when making cocktails; Improved design – includes an internal 35ml line mark,,Stainless Steel,Mezclar,25ml | 35ml | 50ml,0.051,11.2,https://beaumonttm.co.uk/wp-content/uploads/3179-Mezclar-25-35-50ml-St-Steel-Banded-Jigger-showing-35ml-internal-line.jpg | https://beaumonttm.co.uk/wp-content/uploads/3179-Banded-Jigger-with-3649-Mexican-Elbow.jpg,Cocktail Tools > Cocktail Jigger Measures
3181,Copper Plated Banded Jigger 25/35/50ml,Beaumont,Cocktail Jigger Measures,9.29,https://beaumonttm.co.uk/product/mezclar-banded-jigger-copper-plated-25ml-35-50ml-ngs/,https://beaumonttm.co.uk/wp-content/uploads/3181-Mezclar-25-35-50ml-Copper-Jigger-35ml-internal-line.jpg,"Ensure accurate measurements with each shot you pour, thanks to the Beaumont copper-plated banded jigger. Thanks to its double-sided design, the jigger accurately measures 25ml, 35ml and 50ml servings without the need for multiple pieces of equipment. This ensures that the cocktails your serve have a consistent taste and alcohol content.
Made from stainless steel and featuring a copper-plated banded finish, this Beaumont jigger is not only highly durable and easy to clean, but also benefits from an attractive appearance that’s sure to spruce-up any back bar.",instock,For measuring spirits and other alcohols when making cocktails; Improved design – includes an internal 35ml line mark,Copper,Copper Plated,Mezclar,25ml | 35ml | 50ml,0.055,11.2,https://beaumonttm.co.uk/wp-content/uploads/3181-Mezclar-25-35-50ml-Copper-Jigger-35ml-internal-line-c.jpg,Cocktail Tools > Cocktail Jigger Measures
3585,Professional Cocktail Spoon With Masher,Beaumont,Bar Spoons,3.99,https://beaumonttm.co.uk/product/professional-bar-mixing-spoon/,https://beaumonttm.co.uk/wp-content/uploads/3585-Professional-Bar-Mixing-Spoon.jpg,"Create amazing cocktails with this professional cocktail spoon and muddler from Beaumont. With an extended length for more control, staff can reach to the bottom of long glasses to ensure the drink is well mixed.
The twizzle handle provides an eloquent pouring technique and easy spinning, for efficient cocktail making
With a masher end, the Beaumont spoon can also be used for muddling garnish and releasing flavour.",instock,"The Professional Mixing Spoon is the preferred choice for bar tenders. Offering a 5ml measuring spoon, a tighter twisted shaft that is perfect for mixing and a smaller end disc that will fit inside most shot glasses.; This perfect balance lets you layer drinks with more control and stir drinks more smoothly.; Fine twist shaft; 25mm disc; 5ml spoon",Silver,Stainless Steel,,"11"" | 25mm | 5ml",0.041,27.6x2.6x3,https://beaumonttm.co.uk/wp-content/uploads/3585-Pro-Spoon-Image-5.jpg | https://beaumonttm.co.uk/wp-content/uploads/Optimized-3585-Pro-Spoon-Image-1.jpg | https://beaumonttm.co.uk/wp-content/uploads/Optimized-3921-Mixing-Glass-Image-3-1.jpg,Cocktail Tools > Bar Spoons
3665,Mezclar Cocktail Spoon With Fork,Beaumont,Bar Spoons,2.99,https://beaumonttm.co.uk/product/mezclar-cocktail-spoon-with-fork-300mm/,https://beaumonttm.co.uk/wp-content/uploads/3665-Mezclar-Fork-_-Spoon-a.jpg,"Deliver a high-end finish without compromising on utility with this Mezclar cocktail spoon from Beaumont. When paired with a mixing glass, a quality cocktail spoon brings your cocktail creations to life – making it an essential tool behind your bar.
But beyond its practical utility the Beaumont cocktail spoon’s twisted stem and rounded end make it a delicate, aesthetically pleasing tool. Therefore, great for front-of-house use, giving customers a high-end feel.
With a forked end, the spoon can also be used to pick up garnish – ensuring hygiene.",instock,,,Stainless Steel,Mezclar,300mm,0.028,30.1x2.8x1.5,,Cocktail Tools > Bar Spoons
3679,Mezclar Cocktail Spoon With Fork Copper 300mm,Beaumont,Bar Spoons,6.29,https://beaumonttm.co.uk/product/mezclar-cocktail-spoon-with-fork-300mm-2/,https://beaumonttm.co.uk/wp-content/uploads/3679-30cm-Mezclar-Cocktail-Spoon-With-Fork-Copper.jpg,"Deliver a high-end finish without compromising on utility with this Mezclar cocktail spoon from Beaumont. When paired with a mixing glass, a quality cocktail spoon brings your cocktail creations to life – making it an essential tool behind your bar.
But beyond its practical utility the Beaumont cocktail spoon’s twisted stem and rounded end make it a delicate, aesthetically pleasing tool. Therefore, great for front-of-house use, giving customers a high-end feel.
With a forked end, the spoon can also be used to pick up garnish – ensuring hygiene",instock,,Copper,Copper Plated,Mezclar,300mm,0.035,30x1.6x2.8,,Cocktail Tools > Bar Spoons
3676,Collinson Cocktail Spoon Stainless Steel 450mm,Beaumont,Bar Spoons,8.09,https://beaumonttm.co.uk/product/mezclar-collinson-cocktail-spoon-450mm/,https://beaumonttm.co.uk/wp-content/uploads/3676-45cm-Collinson-Spoon.jpg,"Ensure you can reach the bottom of even the tallest of glasses with this 45cm long bar spoon from Beaumont. The spoon is ideal for stirring, measuring and floating drinks whilst the twisted body both looks good and adds strength to the spoon so it doesn’t bend during use. The extra long size of this spoon makes it perfect for stirring pitchers or if you have a low bar you don’t have to bend your back to stir the cocktail.",instock,,,Stainless Steel,Mezclar,450mm,0.047,45x2.8x1.5,,Cocktail Tools > Bar Spoons
3678,Collinson Copper Plated Spoon 450mm,Beaumont,Bar Spoons,7.79,https://beaumonttm.co.uk/product/mezclar-collinson-cocktail-spoon-450mm-2/,https://beaumonttm.co.uk/wp-content/uploads/3678-45cm-Collinson-Spoon-Copper.jpg,"Deliver a high-end finish without compromising on utility with this Collinson spoon from Beaumont. When paired with a mixing glass, a quality cocktail spoon brings your cocktail creations to life – making it an essential tool behind your bar.
But beyond its practical utility the Beaumont cocktail spoon’s twisted stem and rounded end make it a delicate, aesthetically pleasing tool. Therefore, great for front-of-house use, giving customers a high-end feel.
The copper plated finish gives a classic feel, adding tradition to your cocktail making.",instock,,Copper,Copper Plated,Mezclar,450mm,0.050,44.2x2.8x1.4,,Cocktail Tools > Bar Spoons
3680,Collinson Antique Brass Plated Spoon 450mm,Beaumont,Bar Spoons,11.29,https://beaumonttm.co.uk/product/antique-brass-spoon/,https://beaumonttm.co.uk/wp-content/uploads/3680-Collinson-Spoon-450mm-Antique-Brass-Plated-Image-1.jpg,"Deliver a high-end finish without compromising on utility with this Collinson spoon from Beaumont. When paired with a mixing glass, a quality cocktail spoon brings your cocktail creations to life – making it an essential tool behind your bar.
But beyond its practical utility the Beaumont cocktail spoon’s twisted stem and rounded end make it a delicate, aesthetically pleasing tool. Therefore, great for front-of-house use, giving customers a high-end feel.
The antique brass plated finish gives a classic feel, adding tradition to your cocktail making.",instock,,Antique Brass,Antique Brass,Antique Brass,,0.046,45,https://beaumonttm.co.uk/wp-content/uploads/3680-Collinson-Spoon-450mm-Antique-Brass-Plated-LIFESTYLE.jpg,Cocktail Tools > Bar Spoons
3675,Hudson Cocktail Spoon Stainless Steel 450mm,Beaumont,Bar Spoons,7.79,https://beaumonttm.co.uk/product/mezclar-hudson-cocktail-spoon-450mm/,https://beaumonttm.co.uk/wp-content/uploads/3675-45cm-Hudson-Spoon.jpg,"Deliver a high-end finish without compromising on utility with this Hudson spoon from Beaumont. When paired with a mixing glass, a quality cocktail spoon brings your cocktail creations to life – making it an essential tool behind your bar.
But beyond its practical utility the Beaumont cocktail spoon’s twisted stem and rounded end make it a delicate, aesthetically pleasing tool. Therefore, great for front-of-house use, giving customers a high-end feel.",instock,,,Stainless Steel,Mezclar,450mm,0.037,45x2.7x1.5,,Cocktail Tools > Bar Spoons
3677,Copper Plated Hudson Cocktail Spoon 450mm,Beaumont,Bar Spoons,,https://beaumonttm.co.uk/product/mezclar-hudson-cocktail-spoon-450mm-2/,https://beaumonttm.co.uk/wp-content/uploads/3677-45cm-Hudson-Spoon-Copper.jpg,"Deliver a high-end finish without compromising on utility with this Hudson spoon from Beaumont. When paired with a mixing glass, a quality cocktail spoon brings your cocktail creations to life – making it an essential tool behind your bar.
But beyond its practical utility the Beaumont cocktail spoon’s twisted stem and rounded end make it a delicate, aesthetically pleasing tool. Therefore, great for front-of-house use, giving customers a high-end feel.
The copper plated finish gives a classic feel, adding tradition to your cocktail making.",instock,,Copper,Copper Plated,Mezclar,450mm,0.046,46x2.7x1.5,,Cocktail Tools > Bar Spoons
3667,Copper Plated Curved Moscow Mule Mug with Brass Handle 500ml,Beaumont,Cocktail Mugs & Cups,8.79,https://beaumonttm.co.uk/product/mezclar-copper-plated-500ml-curved-moscow-mule-mug-brass-handle/,https://beaumonttm.co.uk/wp-content/uploads/3667-500-ml-Copper-Plated-Curved-Moscow-Mule-Mug-Brass-Handle.jpg,"The Beaumont Mezclar range delivers a high-end finish without compromising on utility. The beautifully-designed Moscow Mule mug is no different, with an eye-catching copper plated finish and brass handle.
Ideal for serving artisnal cocktails and mocktails with an iconic frosty finish, the mug is perfect in bars with warmer colour schemes and aesthetics.",instock,"Moscow Mule Recipe; 50ml Vodka; 12.5ml lime juice; 120ml ginger beer; 1 dash bitters; Lime peel; Fill the mug with crushed ice, add Vodka, lime juice, ginger beer and bitters. Stir well and garnish with the lime peel.",Copper,Copper Plated,Mezclar,500ml,0.148,12.1x9.3,https://beaumonttm.co.uk/wp-content/uploads/3667-Copper-Plated-Curved-Moscow-Mule-Mug.jpg,Cocktail Tools > Cocktail Mugs & Cups
3666,Mezclar Stainless Steel Julep Cup 400ml,Beaumont,Cocktail Mugs & Cups,6.99,https://beaumonttm.co.uk/product/mezclar-julep-cup-400ml/,https://beaumonttm.co.uk/wp-content/uploads/3666-Mezclar-S-St-Julep-Cup.jpg,"The Mezclar range delivers a high-end finish without compromising on utility. A subtle, understated but undeniably classy design for a perfectly served classic mint julep. Stainless steel cup keeps drinks ice cold and delivers frosty finish.",instock,"Julep Recipe; 50ml Bourbon; 10ml ODK Sugar Syrup; 8 mint leaves; 2 dashes of Angostura bitters; Add mint & sugar syrup to the cup. Gently press the mint using a muddler. Half fill cup with crushed ice then add the bourbon and the 2 dashes of bitters. Stir thoroughly, then add more crushed ice and stir again until well mixed. Overfill with more ice then add a straw and garnish with mint.",,Stainless Steel,Mezclar,400ml,0.164,10.4,https://beaumonttm.co.uk/wp-content/uploads/Optimized-3666-Julep-Cup-Image-3.jpg,Cocktail Tools > Cocktail Mugs & Cups
3180,Mezclar Preciso Gold Banded Jigger 25/50ml,Beaumont,Cocktail Jigger Measures,,https://beaumonttm.co.uk/product/mezclar-preciso-multi-measure-jigger/,https://beaumonttm.co.uk/wp-content/uploads/3180-Mezclar-Preciso-Gold-Banded-Jigger-Measure-25ml-50ml.jpg,"This truly is a multi measure for your bar. If filled to the brim, one side measures 25ml and the other measures 50ml, and on the inside 5ml and 10ml are marked. The jigger isn’t just practical, though; it takes the traditional jigger design and adds a stylish copper band to give it a look that stands out from the crowd.",instock,For measuring spirits and other alcohols when making cocktails; 25ml has markings every 5ml; 50ml has markings every 10ml; *NGS = Not Government Stamped,,Stainless Steel,Mezclar,10ml | 25ml | 50ml | 5ml,0.066,11.3,https://beaumonttm.co.uk/wp-content/uploads/3180-Mezclar-Peciso-25ml-end-close-up.jpg | https://beaumonttm.co.uk/wp-content/uploads/3180-Mezclar-Preciso-50ml-end-close-up.jpg | https://beaumonttm.co.uk/wp-content/uploads/DSC3104-edit.jpg | https://beaumonttm.co.uk/wp-content/uploads/3180-Preciso-Box.jpg,Cocktail Tools > Cocktail Jigger Measures
3339,Mezclar Boston Can Stainless Steel 18oz,Beaumont,Cocktail Shakers,2.99,https://beaumonttm.co.uk/product/mezclar-18oz-tin/,https://beaumonttm.co.uk/wp-content/uploads/3339-18oz-Mezclar-Tin-EDITED.jpg,"A stylish replacement for your Boston glass. Made from stainless steel, this tin will match your current Boston shaker. If you like to display your cocktail equipment on the bar top, this metal Boston glass replacement will help achieve a more consistent look. Use with a silver shaker or, for a completely unique look, couple with a copper Boston shaker.",instock,,,Stainless Steel,Mezclar,18oz,0.174,12.9,https://beaumonttm.co.uk/wp-content/uploads/3339-Mezclar-18oz-Tin-in-3558-Boston-Can-Image-21.jpg | https://beaumonttm.co.uk/wp-content/uploads/3339-Mezclar-18oz-Tin-in-3558-Boston-Can-Image-4.jpg,Cocktail Tools > Cocktail Shakers
3340,Mezclar Tin on Tin Boston Cocktail Shaker Stainless Steel 18oz/28oz,Beaumont,Cocktail Shakers,7.59,https://beaumonttm.co.uk/product/mezclar-18oz-tin-28oz-boston-can-set/,https://beaumonttm.co.uk/wp-content/uploads/3340-18oz-Mezclar-Tin-_-Boston-Can-SET.jpg,"Add a classic and practical touch to your bar, with the Mezclar tin-on-tin cocktail shaker from Beaumont. Thanks to the thin, yet strong construction of the shaker, it makes a very distinct noise when in use that helps to add a classic and professional touch to your services..
Made from stainless steel and featuring a silver, mirror finish, this cocktail shaker provides excellent resistance to impact or corrosion, with stylish looks to match – ensuring long-lasting use without sacrifice to appearance. Thanks to the funnel design, the shaker boasts a safe and secure fit during cocktail-making – reducing the risk of spillages and wasted drinks.
Product features
Capacity: 0.828 Ltr
Dimensions: 178(H) x 93(Ø)mm
Material: Stainless Steel
Weight: 380g
Colour: Silver
Tin on tin makes a unique and attention-grabbing sound
Large size allows you to craft most cocktail variants
Mirror finish adds a stylish touch to your bar
Conical-shaped mixing cups allow for secure mixing
Stainless-steel construction provides excellent durability and corrosion-resistance",instock,No Glass Required | Mirror finish,,Stainless Steel,Mezclar,18oz &amp; 28oz,0.358,,https://beaumonttm.co.uk/wp-content/uploads/3339-Mezclar-18oz-Tin-in-3558-Boston-Can-Image-1.jpg,Cocktail Tools > Cocktail Shakers
3330,Polished Copper Plated 28oz Boston Can,Beaumont,Cocktail Shakers,14.39,https://beaumonttm.co.uk/product/mezclar-28oz-boston-can-polished-copper-plated/,https://beaumonttm.co.uk/wp-content/uploads/3330-Polished-Copper-Plated-28oz-Boston-Can.jpg,"A well-balanced, beautiful Boston Can that makes cocktail shaking a breeze. Don’t worry about getting your cans stuck together, the polished copper-plated 28 oz Boston Can is strong yet flexible.",instock,,Copper,Copper Plated,Mezclar,28oz,0.207,17.3,https://beaumonttm.co.uk/wp-content/uploads/Optimized-3330-Copper-Boston-can-image-1.jpg | https://beaumonttm.co.uk/wp-content/uploads/Optimized-3330-Copper-Boston-can-image-4-1.jpg | https://beaumonttm.co.uk/wp-content/uploads/Optimized-3330-Copper-Boston-can-image-3.jpg,Cocktail Tools > Cocktail Shakers
3329,Copper Plated Straight Sided Moscow Mule Mug,Beaumont,Cocktail Mugs & Cups,12.29,https://beaumonttm.co.uk/product/mezclar-500ml-moscow-mule-mug-copper-plated-straight-sides/,https://beaumonttm.co.uk/wp-content/uploads/3329-Polished-Copper-Plated-Moscow-Mule-Mug-500ml.jpg,"Known as the Moscow Mule mug, this beautiful cup can be used for more than just Moscow Mule cocktails! With a delightful copper-plated finish, the straight-sided Moscow Mule mug is the perfect platform for a whole host of food and drink creations.",instock,"Moscow Mule Recipe; 50ml Vodka; 12.5ml lime juice; 120ml ginger beer; 1 dash bitters; Lime peel; Fill the mug with crushed ice, add Vodka, lime juice, ginger beer and bitters. Stir well and garnish with the lime peel.",Copper,Copper Plated,Mezclar,500ml,0.215,13x8.9,https://beaumonttm.co.uk/wp-content/uploads/Optimized-3329-Copper-Plated-Moscow-Mule.jpg,Cocktail Tools > Cocktail Mugs & Cups
3328,Mezclar French Cocktail Shaker Copper,Beaumont,Cocktail Shakers,20.29,https://beaumonttm.co.uk/product/mezclar-600ml-french-shaker-copper-plated/,https://beaumonttm.co.uk/wp-content/uploads/3328-500ml-French-Shaker-Copper-Plated.jpg,"Shake to perfection and impress your guests with this stunning, speakeasy style 2-piece copper cocktail shaker. The stainless steel cocktail shaker has a coating of real, pure copper that reflects even the tiniest bit of light, making it perfect no matter whether your bar is bright and airy or cosy and intimate. The Mezclar collection is produced by a copper manufacturer that is renowned for creating copper that has a deep luxurious tone and a mirror-like finish.",instock,,Copper,Copper Plated,Mezclar,600ml,0.319,23,https://beaumonttm.co.uk/wp-content/uploads/Optimized-3328-500ml-French-Shaker-Copper-Plated-separated.jpg | https://beaumonttm.co.uk/wp-content/uploads/Optimized-3328-Copper-French-Shaker-Image-1.jpg | https://beaumonttm.co.uk/wp-content/uploads/Optimized-3328-Copper-French-Shaker-Image-2.jpg,Cocktail Tools > Cocktail Shakers
3327,Mezclar French Cocktail Shaker Satin 600ml,Beaumont,Cocktail Shakers,15.39,https://beaumonttm.co.uk/product/mezclar-600ml-french-shaker-stainless-steel/,https://beaumonttm.co.uk/wp-content/uploads/3327-500ml-S-St-French-Shaker.jpg,"This premium Beaumont Mezclar French cocktail shaker is the perfect addition to any bar, pub or restaurant that serves cocktails. Its sleek and stylish satin finish will turn heads at the back of your bar, while its two-piece construction allows for quick and easy filling.
Made from durable stainless steel, this Beaumont shaker can handle the wear and tear of commercial environments whilst being quick and easy to clean after use. Plus, stainless steel gives the mixer a signature clunk when the two halves are connected that provides extra theatrics to your services.",instock,,Silver,Stainless Steel,Mezclar,600ml,0.293,22.7,https://beaumonttm.co.uk/wp-content/uploads/3327-500ml-S-St-French-Shaker-separated.jpg | https://beaumonttm.co.uk/wp-content/uploads/Optimized-3327-S-St-French-Shaker-Image-1.jpg | https://beaumonttm.co.uk/wp-content/uploads/Optimized-3327-S-St-French-Shaker-Image-2.jpg | https://beaumonttm.co.uk/wp-content/uploads/3327-S-St-French-Shaker-Image-3.jpg,Cocktail Tools > Cocktail Shakers
3979,Copper Plated Champagne Stopper,Beaumont,Bottle Sealers,4.39,https://beaumonttm.co.uk/product/copper-plated-champagne-stopper/,https://beaumonttm.co.uk/wp-content/uploads/3979.jpg,"Champagne should be treated like royalty, even when being stored for freshness. This beautifully designed copper-plated stopper is the crown your bubbly deserves, guaranteeing freshness and providing a deep colour for an indulgent aesthetic.",instock,,,Copper Plated,,,,,,Beer & Wine Accessories > Bottle Sealers
3921,Mezclar Mixing Glass 710ml,Beaumont,Cocktail Equipment – Stir,8.09,https://beaumonttm.co.uk/product/mezclar-mixing-glass-710ml/,https://beaumonttm.co.uk/wp-content/uploads/3921-Mezclar-Mixing-Glass-710ml-a.jpg,"Beaumont’s 710ml clear mixing glass is an excellent choice for cocktail bars and home bartenders alike. With a generous 710ml capacity, it provides ample space for mixing multiple cocktails or larger quantities of ingredients. The glass is designed for ease of use and durability, making it suitable for frequent use in busy bar settings. Its clear design allows for easy visibility of the contents, ensuring accurate mixing and presentation. Ideal for creating a variety of cocktails, this mixing glass is a practical and versatile addition to any bar setup.",instock,,Clear,Glass,Mezclar | Mixing Glasses,710ml,0.342,8.8xx17,https://beaumonttm.co.uk/wp-content/uploads/Optimized-3921-Mixing-Glass-Image-3.jpg | https://beaumonttm.co.uk/wp-content/uploads/Mezclar-Mixing-Glass-Pro-Fine-Mesh-Strainer-e1430393185670-1.jpg,Cocktail Tools > Cocktail Equipment ; Mixing Glasses
3571C,Copper Plated Hawthorne Strainer 4-Prong,Beaumont,Cocktail Strainers,,https://beaumonttm.co.uk/product/hawthorne-strainer-4-ear-copper/,https://beaumonttm.co.uk/wp-content/uploads/3571c.jpg,"This premium bar tool combines functionality with a touch of elegance, making it an essential addition to any bartender’s toolkit.
Perfect for both professional bartenders and home mixologists, the Hawthorne Strainer 4 Ear Copper is ideal for crafting a wide range of cocktails with precision and style. Whether you’re shaking up a classic martini or a creative concoction, this strainer will help you achieve the perfect pour.",instock,,,Copper Plated,,,,,https://beaumonttm.co.uk/wp-content/uploads/3571c-2.jpg,Cocktail Tools > Cocktail Strainers
3629,Mini Bar Mat 150 x 300mm,Beaumont,Bar Mats,5.49,https://beaumonttm.co.uk/product/mini-bar-mat-15-x-30cms/,https://beaumonttm.co.uk/wp-content/uploads/3629-Mini-Bar-Mat-15x30cms.jpg,"Keep your bar presentable with this mini bar mat from Beaumont. Designed for use as a drinks preparation mat for bartenders, the mat has been well constructed for efficient drainage – to keep your bar dry and presentable.
The Beaumont bar mat has a premium sleek aesthetic, meaning it won’t dampen your front-of-house aesthetic.
Made from rubber, the mat is easy to clean. Therefore, keeping your bar hygienic and free from spills.",instock,Designed to be used as a drinks preparation mat for bar tenders and baristas as well as a general serving mat.,Black,Thermoplastic Rubber (TPR),,15cm x 30cm,0.284,30.2x15.2x1,https://beaumonttm.co.uk/wp-content/uploads/Mini-BarMat-3-images-in-1.jpg | https://beaumonttm.co.uk/wp-content/uploads/Mini-Bar-Mat-1-mat-4-ways.jpg,Bar Mats
3471,Napkin Holder Black,Beaumont,Bar Caddies,2.99,https://beaumonttm.co.uk/product/napkin-holder-black/,https://beaumonttm.co.uk/wp-content/uploads/3471-Napkin-Holder-Black.jpg,"Introduce sleek and modern designs to your venue with this black napkin holder from Beaumont. Designed with practicality in mind, this napkin holder not only keeps your napkins neatly organised but also ensures they are easily accessible whenever needed. Its sturdy construction guarantees long-lasting durability – withstanding daily use with minimal maintenance required.",instock,,Black,High Impact Polystyrene | HIPS | Plastic,,,0.158,13.8x13.8x10.2,https://beaumonttm.co.uk/wp-content/uploads/3471-Napkin-Holder-Black-IN-USE.jpg,Bar Caddies
3472,Napkin Holder Chrome,Beaumont,Bar Caddies,7.29,https://beaumonttm.co.uk/product/napkin-holder-chrome-plated/,https://beaumonttm.co.uk/wp-content/uploads/3472-Napkin-Holder-Chrome.jpg,"Introduce sleek and modern designs to your venue with this chrome napkin holder from Beaumont. Designed with practicality in mind, this napkin holder not only keeps your napkins neatly organised but also ensures they are easily accessible whenever needed. Its sturdy construction guarantees long-lasting durability – withstanding daily use with minimal maintenance required.",instock,,Chrome | Silver,High Impact Polystyrene | HIPS | Plastic,,,0.159,13.8x13.8x10.2,https://beaumonttm.co.uk/wp-content/uploads/3472-Napkin-Holder-Chrome-IN-USE.jpg,Bar Caddies
3364,Ninja Strainer Stainless Steel,Beaumont,Cocktail Strainers,5.19,https://beaumonttm.co.uk/product/ninja-strainer/,https://beaumonttm.co.uk/wp-content/uploads/3364-Ninja-Strainer-Stainless-Steel-2.jpg,"As cocktail strainers go, you will be hard-pressed to find one more unique than the Beaumiont Ninja strainer. Aptly named due to its resemblance to a ninja star, the Ninja strainer is more than just looks.
With a fine spring and an easy to handle design, it allows for quick and effortless straining. Made of high-grade stainless steel, it will perform well under constant use in any bar.",instock,Fine spring; Quick and efficient straining,,Stainless Steel,,,0.102,10.5x11.3x2.1,https://beaumonttm.co.uk/wp-content/uploads/3364-Ninja-Strainer-Stainless-Steel-1.jpg | https://beaumonttm.co.uk/wp-content/uploads/3364-Ninja-Strainer-Stainless-Steel-3.jpg | https://beaumonttm.co.uk/wp-content/uploads/3364-Ninja-Strainer-Stainless-Steel-Shown-on-3558-Boston-Can-SOLD-SEPARATELY.jpg | https://beaumonttm.co.uk/wp-content/uploads/3630-Wooden-Bar-Mat-Frame-with-Mat-shown-with-3364-Ninja-Strainer-and-3558-Boston-Can-Lifestyle-4-300dpi.jpg,Cocktail Tools > Cocktail Strainers
3669,Nutmeg Grater,Beaumont,Cocktail Equipment – Utensils & Tools,4.59,https://beaumonttm.co.uk/product/nutmeg-grater/,https://beaumonttm.co.uk/wp-content/uploads/3669-Nutmeg-Grater.jpg,"Freshly ground nutmeg is the key to a strong yet delicately spicy flavour. Once ground, the distinct flavour of nutmeg starts to quickly dissipate and you need to use a lot more for food or drink to get the flavour to come through. So, grating fresh nutmeg onto a cocktail like an Alexander allows you to add just a little fresh nutmeg which adds theatre to the act of garnishing the cocktail. Not only will ground nutmeg improve the flavour of your cocktail, it will also mean you can use less.",instock,,,Stainless Steel,,,0.031,5x2.7x13.8,https://beaumonttm.co.uk/wp-content/uploads/grater-01.jpg,Cocktail Tools > Cocktail Equipment
9021BM,Obella Stainless Steel Wine & Champagne Cooler,Beaumont,"Coolers, Ice Buckets & Stands",34.49,https://beaumonttm.co.uk/product/obella-wine-champagne-cooler/,https://beaumonttm.co.uk/wp-content/uploads/9021-Obella-Wine-Champagne.jpg,,instock,"Sophisticated cooler with thick walls which give the product a premium feel and keep wine and champagne cooler. A beautiful addition to your cooler collection, with a polished finish which makes stainless steel look gorgeous – especially when frosty and cold.",Polished | Silver,Stainless Steel,Signature,,0.622,19.6,https://beaumonttm.co.uk/wp-content/uploads/9021-Obella-Wine-Champagne-IN-USE.jpg | https://beaumonttm.co.uk/wp-content/uploads/9021-Obella.jpg,"Beer & Wine Accessories > Coolers, Ice Buckets & Stands ; Ice Buckets & Stands"
3523,Wall Mount Beer Bottle Opener,Beaumont,Bottle Openers,4.59,https://beaumonttm.co.uk/product/opener-only/,https://beaumonttm.co.uk/wp-content/uploads/3523-Opener-suitable-for-3524-Stand-up-_-3540-Under-Counter-Catchers.jpg,"Open bottles in seconds with this wall-mounted bottle opener from Beaumont. Two screw holes on either side make securing the opener to the wall or bar a simple task. Thanks to its wall-mounted design, it’s impossible to misplace this opener, ensuring efficient service during busy periods.
Easily mount this Beaumont opener above a bar bin or attach a bottle top catcher (available separately – 3524) to prevent any mess or unnecessary trip hazards. This beer bottle opener comes supplied with 2 screws and 2 plugs, making it easy to fit to the wall.",instock,Suitable for use with:-; 3524 Stand-Up Catcher; 3540 Under Counter Catcher,Black,,,,0.053,4.1x4.5x5.5,,Beer & Wine Accessories > Bottle Openers
3315,Paper Parasols Mixed Colours (Pack of 144),Beaumont,Picks & Parasols,,https://beaumonttm.co.uk/product/parasols/,https://beaumonttm.co.uk/wp-content/uploads/3315-Cocktail-Parasols-pk144.jpg,"This pack of 144 mixed-coloured paper parasols from Beaumont offers exceptional value, making it a perfect choice for restaurants, bars and any establishment looking to add a touch of flair to their presentations. These vibrant paper umbrellas are not only ideal for garnishing cocktails and summer drinks but also for giving your desserts that finishing touch that makes them stand out.",instock,,,Wood/Paper,,,,,,Cocktail Tools > Picks & Parasols
3851,Peg Board 305 x 457mm,Beaumont,Peg Boards,,https://beaumonttm.co.uk/product/peg-board-12-x-18/,https://beaumonttm.co.uk/wp-content/uploads/3851-Peg-Board-12x18inch.jpg,"Whether you’re an artisan who blends the finest Italian coffee beans or the proprietor of the most boutique craft brewery, this pegboard from Beaumont works perfectly with Beaumont Pegboard Letters to give customers clearly organised information. Ideally suited to countertop use or as a wall mounted pegboard, this 18″ board is the perfect clean, hygienic and easy to use alternative to traditional chalk boards, with the letters making the perfect pegboard accessory. Also available as a broader pegboard sheet.",instock,Click here for suitable Letter and Number sets,,,,,0.839,31.3x2x46.5,https://beaumonttm.co.uk/wp-content/uploads/Peg-Board-Group-with-letters.jpg | https://beaumonttm.co.uk/wp-content/uploads/peg-board-cocktails.jpg | https://beaumonttm.co.uk/wp-content/uploads/Peg-Board-Lifestyle-11.jpg | https://beaumonttm.co.uk/wp-content/uploads/Peg-Board-Lifestyle-4.jpg | https://beaumonttm.co.uk/wp-content/uploads/Peg-Board-Lifestyle-3.jpg | https://beaumonttm.co.uk/wp-content/uploads/Peg-Board-Lifestyle-2.jpg | https://beaumonttm.co.uk/wp-content/uploads/Peg-Board-Lifestyle-1.jpg | https://beaumonttm.co.uk/wp-content/uploads/Peg-Board-Lifestyle-5.jpg | https://beaumonttm.co.uk/wp-content/uploads/Peg-Board-Lifestyle-6.jpg,Peg Boards
3852,Peg Board 305 x 760mm,Beaumont,Peg Boards,75.99,https://beaumonttm.co.uk/product/peg-board-12-x-30/,https://beaumonttm.co.uk/wp-content/uploads/3852-Peg-Board-12x30inch.jpg,"Peg boards are the perfect clean, hygienic and easy to use alternative to traditional chalk boards. This 30″ board from Beaumont could be used on a countertop or either portrait or landscape on a wall. Perfectly suited to the rise of artisan coffee shops and craft breweries, this board works perfectly with Beaumont Peg Board Letters to give customers clear and organised information. As such, whether you’re roasting the finest Columbian beans or want to give diners the flavours of an American diner, the Beaumont Peg Board is the perfect way to do it.",instock,Click here for suitable Letter and Number sets,,,,,1.271,31.3x2x77.1,https://beaumonttm.co.uk/wp-content/uploads/Peg-Board-Group-with-letters.jpg | https://beaumonttm.co.uk/wp-content/uploads/peg-board-cocktails.jpg | https://beaumonttm.co.uk/wp-content/uploads/Peg-Board-Lifestyle-11.jpg | https://beaumonttm.co.uk/wp-content/uploads/Peg-Board-Lifestyle-6.jpg | https://beaumonttm.co.uk/wp-content/uploads/Peg-Board-Lifestyle-4.jpg | https://beaumonttm.co.uk/wp-content/uploads/Peg-Board-Lifestyle-3.jpg | https://beaumonttm.co.uk/wp-content/uploads/Peg-Board-Lifestyle-2.jpg | https://beaumonttm.co.uk/wp-content/uploads/Peg-Board-Lifestyle-1.jpg | https://beaumonttm.co.uk/wp-content/uploads/Peg-Board-Lifestyle-5.jpg | https://beaumonttm.co.uk/wp-content/uploads/Peg-Board-No-Prices-1.jpg,Peg Boards
3853,Peg Board 457 x 610mm,Beaumont,Peg Boards,65.99,https://beaumonttm.co.uk/product/peg-board-18-x-24/,https://beaumonttm.co.uk/wp-content/uploads/3853-Peg-Board-18x24inch.jpg,"Communicate messages to customers in a practical and presentable way with this peg board from Beaumont. Whether it’s a specials board or a positive daily message, this board provides a consistent, neat platform with a charming look and feel. The handy hole spacing allows flexibility in how you arrange your message – for creative freedom to stick to your brands style.",instock,Click here for suitable Letter and Number sets,,,,,1.482,46.4x2x61.6,https://beaumonttm.co.uk/wp-content/uploads/Peg-Board-Group-with-letters.jpg | https://beaumonttm.co.uk/wp-content/uploads/peg-board-cocktails.jpg | https://beaumonttm.co.uk/wp-content/uploads/Peg-Board-Lifestyle-11.jpg | https://beaumonttm.co.uk/wp-content/uploads/Peg-Board-Lifestyle-6.jpg | https://beaumonttm.co.uk/wp-content/uploads/Peg-Board-Lifestyle-4.jpg | https://beaumonttm.co.uk/wp-content/uploads/Peg-Board-Lifestyle-3.jpg | https://beaumonttm.co.uk/wp-content/uploads/Peg-Board-Lifestyle-2.jpg | https://beaumonttm.co.uk/wp-content/uploads/Peg-Board-Lifestyle-1.jpg | https://beaumonttm.co.uk/wp-content/uploads/Peg-Board-Lifestyle-5.jpg | https://beaumonttm.co.uk/wp-content/uploads/Peg-Board-No-Prices-1.jpg,Peg Boards
3854,Peg Board 610 x 914mm,Beaumont,Peg Boards,95.99,https://beaumonttm.co.uk/product/peg-board-24-x-36/,https://beaumonttm.co.uk/wp-content/uploads/3854-Peg-Board-24x36inch.jpg,"Communicate messages to customers in a practical and presentable way with this peg board from Beaumont. Whether it’s a specials board or a positive daily message, this board provides a consistent, neat platform with a charming look and feel. The handy hole spacing allows flexibility in how you arrange your message – for creative freedom to stick to your brands style.",instock,Click here for suitable Letter and Number sets,,,,,2.895,61.6x2x92.3,https://beaumonttm.co.uk/wp-content/uploads/Peg-Board-Group-with-letters.jpg | https://beaumonttm.co.uk/wp-content/uploads/peg-board-cocktails.jpg | https://beaumonttm.co.uk/wp-content/uploads/Peg-Board-Lifestyle-11.jpg | https://beaumonttm.co.uk/wp-content/uploads/Peg-Board-Lifestyle-6.jpg | https://beaumonttm.co.uk/wp-content/uploads/Peg-Board-Lifestyle-4.jpg | https://beaumonttm.co.uk/wp-content/uploads/Peg-Board-Lifestyle-3.jpg | https://beaumonttm.co.uk/wp-content/uploads/Peg-Board-Lifestyle-2.jpg | https://beaumonttm.co.uk/wp-content/uploads/Peg-Board-Lifestyle-1.jpg | https://beaumonttm.co.uk/wp-content/uploads/Peg-Board-Lifestyle-5.jpg | https://beaumonttm.co.uk/wp-content/uploads/Peg-Board-No-Prices-1.jpg,Peg Boards
3767,Condiment and Napkin Dispenser,Beaumont,Condiment Holders,24.69,https://beaumonttm.co.uk/product/plastic-bar-centre-4-compartment-with-serviette-stirrer-pockets/,https://beaumonttm.co.uk/wp-content/uploads/3767-Bar-Centre-Black.jpg,"From straws and napkins to lemon and lime wedges, the Beaumont condiment dispenser is the perfect addition to your bar or buffet settings. The dispenser’s napkin slot not only makes it easy for your staff to refill when stock is running low, but multiple cut-outs allow for easy access to pre-folded napkins. Plus, the dispenser comes with a five-compartment section that’s ideal for straws, stirrers and condiments.
The dispenser also features four removable compartments that are specially designed for storing and serving fruit and fresh garnishing’s. The transparent lid helps to protect contents from contamination or spoiling whilst offering excellent visibility.
As it’s made entirely from plastic, the Beaumont dispenser is both durable to general wear and tear and easy to clean. This makes it the perfect addition to busy back bars, where it’s guaranteed to stay in as-new condition for years to come.",instock,Capacity of each compartment = 1 Pint; Includes napkin and stirrer pockets; Spare inserts also available,Black,Plastic,,,1.039,60.5x15.4x9.3,https://beaumonttm.co.uk/wp-content/uploads/3767-Bar-Centre-Black-OPEN.jpg,Condiment Holders
3765,4 Part Plastic Condiment Holder Black,Beaumont,Condiment Holders,15.39,https://beaumonttm.co.uk/product/plastic-condiment-holder-4-compartment/,https://beaumonttm.co.uk/wp-content/uploads/3765-4-Part-Condiment-Holder-Closed.jpg,"Load up on cocktail condiments with this plastic condiment holder from Beaumont. This four part condiment holder allows you to stock up before service – staying highly organised.
Able to store large quantities of condiments within its capacious 1 pint compartments, staff won’t need to stock up as often. This well help to maximise efficiency.
Its clear lid lets you quickly identify contents while keeping everything fresh inside.",instock,Capacity of each compartment = 1 Pint; Spare inserts also available,,Plastic,,,0.734,36x15.5x9.5,https://beaumonttm.co.uk/wp-content/uploads/3765-4-Part-Condiment-Holder-open.jpg,Condiment Holders
3766,6 Part Plastic Condiment Holder Black,Beaumont,Condiment Holders,20.59,https://beaumonttm.co.uk/product/plastic-condiment-holder-6-compartment/,https://beaumonttm.co.uk/wp-content/uploads/3766-6-Part-Condiment-Holder-Closed.jpg,"Load up on cocktail condiments with this plastic condiment holder from Beaumont. This six part condiment holder allows you to stock up before service – staying highly organised.
Able to store large quantities of condiments within its capacious 1 pint compartments, staff won’t need to stock up as often. This well help to maximise efficiency.
Its clear lid lets you quickly identify contents while keeping everything fresh inside.",instock,Capacity of each compartment = 1 Pint; Spare inserts also available,,Plastic,,,1,49.9x15.6x9.7,https://beaumonttm.co.uk/wp-content/uploads/3766-6-Part-Condiment-Holder-Open.jpg,Condiment Holders
3573,Black Muddler 8″,Beaumont,Cocktail Muddlers,,https://beaumonttm.co.uk/product/plastic-muddler-8-1-2/,https://beaumonttm.co.uk/wp-content/uploads/3573-Plastic-Muddler-8½_.jpg,"Be confident of releasing every last bit of flavour with this muddler from Beaumont. Designed to crush ingredients, the muddler adds the flavour into your drinks, for maximum taste.
Made from plastic, the Beaumont muddler is easy to clean. This helps ensure hygiene and prevent cross-contamination.
The ribbed design makes crushing garnish even easier, increasing efficiency.",instock,,Black,Plastic,,"8 1/2""",0.062,3.3x2.3x21.5,,Cocktail Tools > Cocktail Muddlers
3453,Reserved Table Sign Plastic Individual,Beaumont,Plastic Signs,,https://beaumonttm.co.uk/product/plastic-reserved/,https://beaumonttm.co.uk/wp-content/uploads/3453-Plastic-Reserved.jpg,"Ideal for restaurants, hotels and event venues, this Beaumont “Reserved” table sign effectively manages seating arrangements. Made from durable plastic, it is both easy to clean and maintain.",instock,,,,,,0.022,12x3.7x4.3,,Table Top > Plastic Signs
3442,Perspex Table Numbers 1-10,Beaumont,Plastic Numbers,,https://beaumonttm.co.uk/product/plastic-table-nos-1-10-set/,https://beaumonttm.co.uk/wp-content/uploads/3442-Plastic-Table-Numbers-1-10.jpg,"These Beaumont table numbers, ranging from 1 to 10, offer a practical solution for organising and identifying tables. Constructed from high-quality Perspex, they provide a sturdy and long-lasting design. The easy-to-clean surface ensures a hygienic option for maintaining a neat and professional appearance on your tables.
With a set of 10 numbered from 1 to 10, these Beaumont table numbers are ideal for use in restaurants, event venues and other settings where clear table identification is required.",instock,,,,,,0.010,5x3.7x4.1,,Table Top > Plastic Numbers
3443,Perspex Table Numbers 11-20,Beaumont,Plastic Numbers,,https://beaumonttm.co.uk/product/plastic-table-nos-11-20-set/,https://beaumonttm.co.uk/wp-content/uploads/3443-Plastic-Table-Numbers-11-20.jpg,"These Beaumont table numbers, ranging from 11 to 20, offer a practical solution for organising and identifying tables. Constructed from high-quality Perspex, they provide a sturdy and long-lasting design. The easy-to-clean surface ensures a hygienic option for maintaining a neat and professional appearance on your tables.
With a set of 10 numbered from 11 to 20, these Beaumont table numbers are ideal for use in restaurants, event venues and other settings where clear table identification is required.",instock,,,,,,0.010,5x3.7x4.1,,Table Top > Plastic Numbers
3444,Perspex Table Numbers 21-30,Beaumont,Plastic Numbers,,https://beaumonttm.co.uk/product/plastic-table-nos-21-30-set/,https://beaumonttm.co.uk/wp-content/uploads/3444-Plastic-Table-Numbers-21-30.jpg,"These Beaumont table numbers, ranging from 21 to 30, offer a practical solution for organising and identifying tables. Constructed from high-quality Perspex, they provide a sturdy and long-lasting design. The easy-to-clean surface ensures a hygienic option for maintaining a neat and professional appearance on your tables.
With a set of 10 numbered from 21 to 30, these Beaumont table numbers are ideal for use in restaurants, event venues and other settings where clear table identification is required.",instock,,,,,,0.010,5x3.7x4.1,,Table Top > Plastic Numbers
3445,Perspex Table Numbers 31-40,Beaumont,Plastic Numbers,19.59,https://beaumonttm.co.uk/product/plastic-table-nos-31-40-set/,https://beaumonttm.co.uk/wp-content/uploads/3445-Plastic-Table-Numbers-31-40.jpg,"These Beaumont table numbers, ranging from 31 to 40, offer a practical solution for organising and identifying tables. Constructed from high-quality Perspex, they provide a sturdy and long-lasting design. The easy-to-clean surface ensures a hygienic option for maintaining a neat and professional appearance on your tables.
With a set of 10 numbered from 31 to 40, these Beaumont table numbers are ideal for use in restaurants, event venues and other settings where clear table identification is required.",instock,,,,,,0.010,5x3.7x4.1,,Table Top > Plastic Numbers
3451,Plastic Table Numbers Individual,Beaumont,Plastic Numbers,,https://beaumonttm.co.uk/product/plastic-table-nos-individual/,https://beaumonttm.co.uk/wp-content/uploads/3451-Individual-Plastic-Table-Numbers-1-30.jpg,"Replacement table numbers 1-30
Minimum order quantity: 1",instock,,,,,,0.010,5x3.7x4.1,,Table Top > Plastic Numbers
ASHBINPC,Powder Coated Wall Mounted Ashbin,Beaumont,Ashtrays & Ashbins,38.49,https://beaumonttm.co.uk/product/powder-coated-ashbin-wall-mounted/,https://beaumonttm.co.uk/wp-content/uploads/ASHBINPC-Powder-Coated-Ashbin.jpg,"Keep smoking areas neat and tidy with this wall mounted ashbin from Beaumont. Great for near exits and entry points of smoking areas, as the ashbin won’t take up room on the floor or table, it makes a great space-saving alternative to ash trays.
The ashbin is easy to empty, ensuring outdoor areas remain clean and tidy – without taking up too much of staff time.
As the Beaumont wall mounted ashtray is lockable, all cigarette litter remains secure inside. Therefore, preventing against accidental mess and spillage.",instock,,Grey | Powder coated,Powder coated iron,,3.4 litres,1.704,26x7.6x32,,Ashtrays & Ashbins
3916,Pro-Pour Professional Bar Training Aid,Beaumont,Pro Pour,6.29,https://beaumonttm.co.uk/product/pro-pour-professional-bar-training-aid/,https://beaumonttm.co.uk/wp-content/uploads/3916-New-Improved-Pro-Pour.jpg,"Test and train your bar staff in their free pouring skills with this professional training aid. Hone their skills with precision with this fantastic tool, placing it inside your shaker to practice pouring with accuracy. Measures in mls, cl, and oz.",instock,"For training bar staff in the technique of accurate pour-counting; Professional aid to test free pouring skills; Measures in ml, cl and oz",,,,,0.049,17.7,https://beaumonttm.co.uk/wp-content/uploads/3916-Pro-Pour-Shown-in-3558-Boston-Can.jpg,Pouring > Pro Pour
3596,Professional 2 Prong Cocktail Strainer,Beaumont,Cocktail Strainers,,https://beaumonttm.co.uk/product/professional-strainer/,https://beaumonttm.co.uk/wp-content/uploads/3596-Professional-Strainer-2-Prong.jpg,"Introducing the Professional 2 Prong Cocktail Strainer by Beaumont™, designed for the discerning bartender. This high-quality strainer features a superior spring for finer straining, ensuring a smooth, professional pour every time. Its durable construction and sleek design make it an essential tool for any cocktail enthusiast. Perfect for use in busy bars or at home, this strainer helps reduce waste and improves drink presentation.",instock,High quality finish; Superior spring for finer straining,Silver,Stainless Steel,,,0.089,16.8x8.5x3.2,https://beaumonttm.co.uk/wp-content/uploads/DSC_0773-edit.jpg,Cocktail Tools > Cocktail Strainers
3024BM,Clear Freeflow Quick Shot Pourer (Pack of 12),Beaumont,Freeflow,18.49,https://beaumonttm.co.uk/product/quick-shot-pourer-clear-freeflow/,https://beaumonttm.co.uk/wp-content/uploads/3024-Freeflow-Quick-Shot-Pourer-Clear-PK12.jpg,"Minimum order quantity: 1 pack
Pack quantity: 12 pourers
Carton quantity: 30 packs",instock,"Ribbed rubber cork fits most bottle necks. Quick shot freeflow pourer must be used in conjunction with an approve thimble measure for the use of prescribed spirits, such as Whisky, Gin, Vodka and Rum.",Clear,Plastic,Quick Shot,Freeflow,0.015,8.2,,Pouring > Freeflow ; Pouring > Measured > Quick Shot
3055A,25ml Clear Quick Shot Dispenser NGS (Pack of 12),Beaumont,Quick Shot,,https://beaumonttm.co.uk/product/quick-shot-3-ball-pourer-clear-25ngs/,https://beaumonttm.co.uk/wp-content/uploads/3055A-25ngs-Quick-Shot-3-Ball-Pourer-Clear-PK12-Back.jpg,"Effortlessly pour accurate 25ml measures for cocktails and other drinks with the Beaumont Quick Shot Pourer. Simply insert it into your chosen bottle, tilt to pour, and let the 3-ball mechanism regulate the flow. Once 25ml is dispensed, the ball bearings halt any further liquid, minimising waste. Adjustable plastic fins ensure a secure fit across a range of bottle sizes. Not government stamped.",instock,"Standard measured pourer – dispenses like a freeflow but gives a controlled measure; Also available in CL sizes; Must be used in conjunction with an approved Thimble Measure for the prescribed spirits – Whisky, Gin, Vodka and Rum; Instructions For Use:; Prime the pourer by holding a finger over the spout and quickly turning the bottle over. Prime pourer before the first use and after each cleaning. If the pourers are not primed, the shot may not be measured accurately.; When pouring, turn the bottle in a smooth motion to a 45-60 degree angle. Shot pourers are designed to pour fast.",Clear,,Quick Shot,25ml,0.022,10.3,,Pouring > Measured > Quick Shot
3029BM,35ml Clear Quick Shot 3 Ball Pour NGS (Pack of 12),Beaumont,Quick Shot,30.99,https://beaumonttm.co.uk/product/quick-shot-3-ball-pourer-clear-35ngs/,https://beaumonttm.co.uk/wp-content/uploads/3029-35ngs-Quick-Shot-3-Ball-Pourer-Clear-PK12-Back.jpg,"Minimum order quantity: 1 pack
Pack quantity: 12 pourers
Carton quantity: 30 packs
*NGS = Not Government Stamped",instock,"Simplify shot pouring with this 35ml pourer from Beaumont. This advanced pourer ensures a fast flow, accurately measured to 35ml using a reliable 3-ball bearing design. This means that it guarantees consistent pours to simplify serving and help to reduce over filling. Not Government Stamped.",Clear,,Quick Shot,35ml,0.022,10.3,,Pouring > Measured > Quick Shot
3046BM,50ml Clear Quick Shot 3 Ball Pour NGS (Pack of 12),Beaumont,Quick Shot,32.49,https://beaumonttm.co.uk/product/quick-shot-3-ball-pourer-clear-50ngs/,https://beaumonttm.co.uk/wp-content/uploads/3046-50ngs-Quick-Shot-3-Ball-Pourer-Clear-PK12-Back.jpg,"Minimum order quantity: 1 pack
Pack quantity: 12 pourers
Carton quantity: 30 packs
*NGS = Not Government Stamped",instock,"“Simplify shot pouring with this 50ml pourer from Beaumont. This advanced pourer ensures a fast flow, accurately measured to 50ml using a reliable 3-ball bearing design. This means that it guarantees consistent pours to simplify serving and help to reduce over filling.; Thanks to the universal fitting, the Beaumont pourer fits most standard bottles. This makes it ideal for serving a wide variety of spirits. Not government stamped.”",Clear,,Quick Shot,50ml,0.022,10.3,,Pouring > Measured > Quick Shot
3030BM,25ml Red Quick Shot 3 Ball Pourer NGS (Pack of 12),Beaumont,Quick Shot,30.99,https://beaumonttm.co.uk/product/quick-shot-3-ball-pourer-red-25ngs/,https://beaumonttm.co.uk/wp-content/uploads/3030-25ngs-Quick-Shot-3-Ball-Pourer-Red-PK12-Back.jpg,"Minimum order quantity: 1 pack
Pack quantity: 12 pourers
Carton quantity: 30 packs.
*NGS = Not Government Stamped",instock,"Effortlessly pour accurate 25ml measures for cocktails and other drinks with the Beaumont Quick Shot Pourer. Simply insert it into your chosen bottle, tilt to pour, and let the 3-ball mechanism regulate the flow. Once 25ml is dispensed, the ball bearings halt any further liquid, minimising waste. Adjustable plastic fins ensure a secure fit across a range of bottle sizes. Not Government Stamped.",Red,,Quick Shot,25ml,0.022,10.3,,Pouring > Measured > Quick Shot
3031BM,50ml Blue Quick Shot 3 Ball Pourer NGS (Pack of 12),Beaumont,Quick Shot,21.99,https://beaumonttm.co.uk/product/quick-shot-3-ball-pourer-blue-50ngs/,https://beaumonttm.co.uk/wp-content/uploads/3031-50ngs-Quick-Shot-3-Ball-Pourer-Blue-PK12-Back.jpg,"Minimum order quantity: 1 pack
Pack quantity: 12 pourers
Carton quantity: 30 packs
*NGS = Not Government Stamped",instock,"Effortlessly pour accurate 50ml measures for cocktails and other drinks with the Beaumont Quick Shot Pourer. Simply insert it into your chosen bottle, tilt to pour, and let the 3-ball mechanism regulate the flow. Once 50ml is dispensed, the ball bearings halt any further liquid, minimising waste. Adjustable plastic fins ensure a secure fit across a range of bottle sizes. Not Government Stamped.",Blue,,Quick Shot,50ml,0.021,10.3,,Pouring > Measured > Quick Shot
3020,25ml Clear Sure Shot Pourer NGS (Pack of 12),Beaumont,Sure Shot,61.99,https://beaumonttm.co.uk/product/sure-shot-3-ball-pourer-clear-25ngs/,https://beaumonttm.co.uk/wp-content/uploads/3020-25NGS-Sure-Shot-3-Ball-Pourer-Clear-PK12.jpg,"Superior American 3-Ball pourer – dispenses like a freeflow but gives a controlled measure.
The original and still the best, these American pourers will dispense the correct amount time after time.
Must be used in conjunction with an approved Thimble Measure for the prescribed spirits – Whisky, Gin, Vodka and Rum
Instructions For Use:
Prime the pourer by holding a finger over the spout and quickly turning the bottle over. Prime pourer before the first use and after each cleaning. If the pourers are not primed, the shot may not be measured accurately.
When pouring, turn the bottle in a smooth motion to a 45-60 degree angle. Shot pourers are designed to pour fast.",instock,"Superior American 3-Ball pourer – dispenses like a freeflow but gives a controlled measure; The original and still the best, these American pourers will dispense the correct amount time after time.; Must be used in conjunction with an approved Thimble Measure for the prescribed spirits – Whisky, Gin, Vodka and Rum; Click here to see the Anatomy of a Sure Shot Pourer; Instructions For Use:; Prime the pourer by holding a finger over the spout and quickly turning the bottle over. Prime pourer before the first use and after each cleaning. If the pourers are not primed, the shot may not be measured accurately.; When pouring, turn the bottle in a smooth motion to a 45-60 degree angle. Shot pourers are designed to pour fast.",Clear,,Sure Shot,25ml,0.023,10.1,,Pouring > Measured > Sure Shot
3028,35ml Clear Sure Shot Pourer NGS (Pack of 12),Beaumont,Sure Shot,61.99,https://beaumonttm.co.uk/product/sure-shot-3-ball-pourer-clear-35ngs/,https://beaumonttm.co.uk/wp-content/uploads/3028-35NGS-Sure-Shot-3-Ball-Pourer-Clear-PK12.jpg,"Superior American 3-Ball pourer – dispenses like a freeflow but gives a controlled measure.
The original and still the best, these American pourers will dispense the correct amount time after time.
Must be used in conjunction with an approved Thimble Measure for the prescribed spirits – Whisky, Gin, Vodka and Rum
Instructions For Use:
Prime the pourer by holding a finger over the spout and quickly turning the bottle over. Prime pourer before the first use and after each cleaning. If the pourers are not primed, the shot may not be measured accurately.
When pouring, turn the bottle in a smooth motion to a 45-60 degree angle. Shot pourers are designed to pour fast.",instock,"Superior American 3-Ball pourer – dispenses like a freeflow but gives a controlled measure; The original and still the best, these American pourers will dispense the correct amount time after time.; Must be used in conjunction with an approved Thimble Measure for the prescribed spirits – Whisky, Gin, Vodka and Rum; Click here to see the Anatomy of a Sure Shot Pourer; Instructions For Use:; Prime the pourer by holding a finger over the spout and quickly turning the bottle over. Prime pourer before the first use and after each cleaning. If the pourers are not primed, the shot may not be measured accurately.; When pouring, turn the bottle in a smooth motion to a 45-60 degree angle. Shot pourers are designed to pour fast.",Clear,,Sure Shot,35ml,0.023,10.1,,Pouring > Measured > Sure Shot
3026BM,50ml Sure Shot Pourer Blue NGS (Pack of 12),Beaumont,Sure Shot,61.99,https://beaumonttm.co.uk/product/sure-shot-3-ball-pourer-blue-50ngs/,https://beaumonttm.co.uk/wp-content/uploads/3026-50NGS-Sure-Shot-3-Ball-Pourer-Blue-PK12.jpg,"Minimum order quantity: 1 pack
Pack Quantity: 12 pourers
Carton Quantity: 60 packs
*NGS = Not Government Stamped",instock,"Beaumont’s Sure Shot pourer dispenses like a free flow pourer but with the security of a measured pourer, ensuring no overpour. Simply insert it into your bottle of choice, tilt to pour, and let the 3-ball mechanism regulate the flow. Once 50ml is dispensed, the ball bearings halt any further liquid, minimising waste. Not Government Stamped.",Blue,,Sure Shot,50ml,0.023,10.1,,Pouring > Measured > Sure Shot
RCAB02-O,Curved Top A-Board Oak 1100 x 665mm,Beaumont,A-Frame,123.99,https://beaumonttm.co.uk/product/reversible-curved-top-oak-h1100mm-x-w665mm/,https://beaumonttm.co.uk/wp-content/uploads/RCAB02-O-Reversible-Curved-Top-1100mm-x-665mm-Oak-1-scaled.jpg,"Enhance your storefront with this classic A-board from Beaumont. Designed with a curved top and rustic oak frame, its perfect for displaying menu items, special offers and other messages.
Measuring 1100mm x 665mm in size, the Beaumont A-board is finished with a high-quality chalkboard that is suitable for traditional chalk or liquid chalk pens (Not supplied). The frame also folds down flat meaning it can be efficiently stored or easily carried and transported.",instock,Ideal for establishments offering different lunchtime & evening menus; Click here for chalks and cleaning solution,,Wooden,,,10.110,66.5x110,,Display Boards & Accessories > A-Frame
RCAB01-O,Curved Top A-Board Oak 800 x 515mm,Beaumont,A-Frame,102.99,https://beaumonttm.co.uk/product/curved-top-oak-h800mm-x-w515mm-2/,https://beaumonttm.co.uk/wp-content/uploads/RCAB02-O-Reversible-Curved-Top-1100mm-x-665mm-Oak.jpg,"Enhance your storefront with this classic A-board from Beaumont. Designed with a curved top and rustic oak frame, its perfect for displaying menu items, special offers and other messages.
Measuring 800mm x 515mm in size, the Beaumont A-board is finished with a high-quality chalkboard that is suitable for traditional chalk or liquid chalk pens (Not supplied). The frame also folds down flat meaning it can be efficiently stored or easily carried and transported.",instock,"Chalkboards, giving two usable faces; Ideal for establishments offering lunchtime & evening menus; Click here for chalks and cleaning solution",,Wooden,,,6.500,51.5x80,,Display Boards & Accessories > A-Frame
3230,Rotary 4 Bottle Stand,Beaumont,Bottle Stands,59.99,https://beaumonttm.co.uk/product/rotary-4-bottle-stand-70cl-1-litre/,https://beaumonttm.co.uk/wp-content/uploads/3230-Rotary-4-Bottle-Stand-70cl-1ltr.jpg,"Struggling to find the wall space to mount your spirit bottles? This spinning optic stand from Beaumont solves the problem. Holding up to four 70cl/1 litre bottles, this stand ensures that your staff will always have spirits within reach when orders start flowing in.
A sturdy design and wide base guarantees stability on any flat work surface, while the rotary feature means it’s easy to quickly access the bottle you need. And as it’s made from hardwearing materials, the Beaumont optic stand guarantees long-lasting use in even the busiest of bars.",instock,Suitable for 70cl/1 litre bottles,,,,1 Litre,2.498,55,,Spirit Measure Brackets > Bottle Stands
3233,Rotary 6 Bottle Stand,Beaumont,Bottle Stands,67.99,https://beaumonttm.co.uk/product/rotary-6-bottle-stand-70cl-1-litre/,https://beaumonttm.co.uk/wp-content/uploads/3233-Rotary-6-Bottle-Stand-70cl-1Ltr.jpg,"Struggling to find the wall space to mount your spirit bottles? This spinning optic stand from Beaumont solves the problem. Holding up to six 70cl/1 litre bottles, this stand ensures that your staff will always have spirits within reach when orders start flowing in.
A sturdy design and wide base guarantees stability on any flat work surface, while the rotary feature means it’s easy to quickly access the bottle you need. And as it’s made from hardwearing materials, the Beaumont optic stand guarantees long-lasting use in even the busiest of bars.",instock,,,,,1 Litre,,,,Spirit Measure Brackets > Bottle Stands
3502,Insulated Round Ice Bucket Black,Beaumont,"Coolers, Ice Buckets & Stands",13.29,https://beaumonttm.co.uk/product/round-ice-bucket/,https://beaumonttm.co.uk/wp-content/uploads/3502-Round-Ice-Bucket-APPROX-4.5-Litres-8-Pint-LID-ASKEW.jpg,"Looking for a way to keep wine cool once at the table? Look no further than this insulated round ice bucket from Beaumont. Providing a 4.5L capacity without a liner and 2.5L with a liner, the bucker it the perfect selection for a small, personal drinks cooler – great for restaurants.
With a lightweight, traditional round design the bucket is easy to transport, even with a full bottle inside. Therefore, ensuring guests can easily pass the bucket without accidents, and staff can carry it to the table with no issues.
To top it off, the bucket comes with a lid that provides extra insulation. This will increase the amount of time the ice takes to melt, keeping drinks cooler for longer.",instock,"Approximate Capacity: 2.5 Litres with liner, 4.5 Litres without liner.",Black,Plastic,,2.5 litre | 4.5 litre,0.724,19.7,,"Beer & Wine Accessories > Coolers, Ice Buckets & Stands ; Ice Buckets & Stands"
3362,Mezclar Round Strainer Copper Plated,Beaumont,Cocktail Strainers,,https://beaumonttm.co.uk/product/round-strainer-copper-plated/,https://beaumonttm.co.uk/wp-content/uploads/3362-Mezclar-Strainer-Copper-Plated-1.jpg,"The Mezclar range delivers a high-end finish without compromising on utility. This copper plated strainer is ideal for single-straining cocktails, ensuring a smooth pour devoid of ice and other debris.",instock,,,Copper Plated,Mezclar,,,,,Cocktail Tools > Cocktail Strainers
3361,Mezclar Round Strainer Stainless Steel,Beaumont,Cocktail Strainers,,https://beaumonttm.co.uk/product/round-strainer-stainless-steel/,https://beaumonttm.co.uk/wp-content/uploads/3361-Mezclar-Strainer-Stainless-Steel-1.jpg,"The Mezclar range delivers a high-end finish without compromising on utility. This stainless steel strainer is ideal for single-straining cocktails, ensuring a smooth pour devoid of ice and other debris.",instock,,,Stainless Steel,Mezclar,,,,,Cocktail Tools > Cocktail Strainers
3625,Black Bar Mat 300 x 450mm,Beaumont,Bar Mats,9.09,https://beaumonttm.co.uk/product/rubber-bar-mat-450mm-x-300mm/,https://beaumonttm.co.uk/wp-content/uploads/3625-Bar-Mat-Black-Rubber-18x12inch.jpg.jpg,"This robust mat, measuring 450mm x 300mm, is an essential addition to any bar, offering a secure surface for glassware and an effective solution for spill management. Crafted from premium rubber, this mat is built to withstand the rigors of a busy bar environment.
The non-slip surface ensures that glassware remains stable, reducing the risk of breakages and spills. The raised edges of the mat efficiently contain any liquid, keeping your bar area clean and preventing hazardous spills on the floor. Easy to clean and maintain, the Beaumont Rubber Bar Mat helps you maintain a professional and tidy workspace with minimal effort.",instock,,Black,,,"18"" x 12""",0.880,45.4x30.8x1,,Bar Mats
3620,Bar Mat 610 x 80mm,Beaumont,Bar Mats,7.79,https://beaumonttm.co.uk/product/rubber-bar-mat-610mm-x-80mm/,https://beaumonttm.co.uk/wp-content/uploads/3620-Bar-Mat-Black-Rubber-24x3inch.jpg,"Keep your bar presentable with this bar mat from Beaumont. Designed for use as a drinks preparation mat for bartenders, the mat has been well constructed for efficient drainage – to keep your bar dry and presentable.
The Beaumont bar mat has a premium sleek aesthetic, meaning it won’t dampen your front-of-house aesthetic.
Made from rubber, the mat is easy to clean. Therefore, keeping your bar hygienic and free from spills.",instock,High grade rubber; Strong and durable; Holds its shape – does not disfigure or warp,Black,Thermoplastic Rubber (TPR),,"24"" x 3""",0.520,61x8x1.6,,Bar Mats
3684,Anti-Slip Floor Safety Mat Black 1500 x 900mm,Beaumont,Floor Mats,57.99,https://beaumonttm.co.uk/product/rubber-floor-mat-150x90x1-2cm/,https://beaumonttm.co.uk/wp-content/uploads/3684-Rubber-Bevelled-Edge-Floor-Mat-150x90x1.2cm.jpg,"Ensure safety during busy service with this rubber floor mat from Beaumont. With non-slip technology, the mat helps to prevent slips and falls on wet surfaces – perfect for behind the bar or in the kitchen.
The bevelled edge means it is hard for feet to get caught underneath, ensuring staff don’t trip over the mat when in a rush.
With anti-fatigue material, the mat is comfortable to walk on – perfect for long shifts on your feet.",instock,Bevelled Edge; Anti Fatigue,,,,,8.688,150x90x1.2,https://beaumonttm.co.uk/wp-content/uploads/3683-3684-Rubber-Floor-Mats-Lifestyle.jpg,Floor Mats
3683,Interlocking Rubber Floor Mat Black 900 x 900 x 12mm,Beaumont,Floor Mats,,https://beaumonttm.co.uk/product/rubber-floor-mat-90x90x1-2cm/,https://beaumonttm.co.uk/wp-content/uploads/3683-Rubber-Interlocking-Floor-Mat-90x90x1.2cm.jpg,"Transform your bar or commercial space with the Beaumont Rubber Floor Mat, designed for maximum comfort and durability. Measuring 90x90x1.2cm, this mat provides excellent coverage and cushioning to reduce fatigue during long shifts. Made from high-quality, non-slip rubber, it ensures a safe and stable environment for your staff, even in wet conditions.",instock,Interlocking; Anti fatigue,,,,,5.328,90x90x1.2,https://beaumonttm.co.uk/wp-content/uploads/3683-Rubber-Interlocking-Floor-Mat-90x90x1.2cm-Interlocked.jpg | https://beaumonttm.co.uk/wp-content/uploads/3683-3684-Rubber-Floor-Mats-Lifestyle.jpg,Floor Mats
3619,Rubber Mallet 32oz With Wooden handle,Beaumont,Cellar Equipment,8.29,https://beaumonttm.co.uk/product/rubber-mallet-32oz/,https://beaumonttm.co.uk/wp-content/uploads/3619-32oz-Rubber-Mallet.jpg,"An essential piece of cellar equipment, it’s vital you can rely on a robust mallet to avoid wastage. Designed with quality materials to perform consistently over a long lifespan.",instock,,,,Abbot,32oz,0.978,11x7.5x34.4,,Cellar Equipment
3324G,Save & Pour Professonal Quart Green,Beaumont,Professional Save & Pour,3.59,https://beaumonttm.co.uk/product/save-pour-professional-quart-green/,https://beaumonttm.co.uk/wp-content/uploads/3324G-Save-_-Pour-Professional-Quart-Green.jpg,"Looking for a versatile and efficient solution for all your pouring needs? Then the Beaumont Save & Pour Professional bottle is exactly what you need. This bottle features a narrow spout that ensures a smooth and continuous pour every time. Capable of holding 946ml of liquid, the bottle is ideal for pouring large or multiple drinks at from a single fill. The colour-coded design allows for easy identification and dietary separation, helping you to reduce the risk of cross contamination.
Thanks to a removable spout and a two-part body, the Save & Pour is incredibly easy to clean, ensuring hygiene and convenience. Its ergonomic design makes it simple to use, while the durable construction guarantees long-lasting performance.",instock,,Green,,Save &amp; Pour Professional,1 quart,0.160,33.5,https://beaumonttm.co.uk/wp-content/uploads/Optimized-3324G-Save-Pour-Pro-Green-Lid-attached.jpg,Pouring > Juice Servers > Professional Save & Pour
3324O,Save & Pour Professonal Quart Orange,Beaumont,Professional Save & Pour,3.59,https://beaumonttm.co.uk/product/save-pour-professional-quart-orange/,https://beaumonttm.co.uk/wp-content/uploads/3324O-Save-_-Pour-Professional-Quart-Orange.jpg,"Looking for a versatile and efficient solution for all your pouring needs? Then the Beaumont Save & Pour Professional bottle is exactly what you need. This bottle features a narrow spout that ensures a smooth and continuous pour every time. Capable of holding 946ml of liquid, the bottle is ideal for pouring large or multiple drinks at from a single fill. The colour-coded design allows for easy identification and dietary separation, helping you to reduce the risk of cross contamination.
Thanks to a removable spout and a two-part body, the Save & Pour is incredibly easy to clean, ensuring hygiene and convenience. Its ergonomic design makes it simple to use, while the durable construction guarantees long-lasting performance.",instock,,Orange,,Save &amp; Pour Professional,1 quart,0.160,33.5,https://beaumonttm.co.uk/wp-content/uploads/Optimized-3324O-Save-Pour-Pro-Orange-Lid-attached.jpg,Pouring > Juice Servers > Professional Save & Pour
3324R,Save & Pour Professonal Quart Red,Beaumont,Professional Save & Pour,3.59,https://beaumonttm.co.uk/product/save-pour-professional-quart-red/,https://beaumonttm.co.uk/wp-content/uploads/3324R-Save-_-Pour-Professional-Quart-Red.jpg,"Looking for a versatile and efficient solution for all your pouring needs? Then the Beaumont Save & Pour Professional bottle is exactly what you need. This bottle features a narrow spout that ensures a smooth and continuous pour every time. Capable of holding 946ml of liquid, the bottle is ideal for pouring large or multiple drinks at from a single fill. The colour-coded design allows for easy identification and dietary separation, helping you to reduce the risk of cross contamination.
Thanks to a removable spout and a two-part body, the Save & Pour is incredibly easy to clean, ensuring hygiene and convenience. Its ergonomic design makes it simple to use, while the durable construction guarantees long-lasting performance.",instock,,Red,,Save &amp; Pour Professional,1 quart,0.171,33.5,https://beaumonttm.co.uk/wp-content/uploads/Optimized-3324R-Save-Pour-Pro-Red-Lid-attached.jpg,Pouring > Juice Servers > Professional Save & Pour
3324W,Save & Pour Professonal Quart White,Beaumont,Professional Save & Pour,3.59,https://beaumonttm.co.uk/product/save-pour-professional-quart-white/,https://beaumonttm.co.uk/wp-content/uploads/3324W-Save-_-Pour-Professional-Quart-White.jpg,"Looking for a versatile and efficient solution for all your pouring needs? Then the Beaumont Save & Pour Professional bottle is exactly what you need. This bottle features a narrow spout that ensures a smooth and continuous pour every time. Capable of holding 946ml of liquid, the bottle is ideal for pouring large or multiple drinks at from a single fill. The colour-coded design allows for easy identification and dietary separation, helping you to reduce the risk of cross contamination.
Thanks to a removable spout and a two-part body, the Save & Pour is incredibly easy to clean, ensuring hygiene and convenience. Its ergonomic design makes it simple to use, while the durable construction guarantees long-lasting performance.",instock,,White,,Save &amp; Pour Professional,1 quart,0.157,33.5,https://beaumonttm.co.uk/wp-content/uploads/3324W-Save-Pour-Pro-White-Lid-attached.jpg,Pouring > Juice Servers > Professional Save & Pour
3324Y,Save & Pour Professonal Quart Yellow,Beaumont,Professional Save & Pour,3.59,https://beaumonttm.co.uk/product/save-pour-professional-quart-yellow/,https://beaumonttm.co.uk/wp-content/uploads/3324Y-Save-_-Pour-Professional-Quart-Yellow.jpg,"Looking for a versatile and efficient solution for all your pouring needs? Then the Beaumont Save & Pour Professional bottle is exactly what you need. This bottle features a narrow spout that ensures a smooth and continuous pour every time. Capable of holding 946ml of liquid, the bottle is ideal for pouring large or multiple drinks at from a single fill. The colour-coded design allows for easy identification and dietary separation, helping you to reduce the risk of cross contamination.
Thanks to a removable spout and a two-part body, the Save & Pour is incredibly easy to clean, ensuring hygiene and convenience. Its ergonomic design makes it simple to use, while the durable construction guarantees long-lasting performance.",instock,,Yellow,,Save &amp; Pour Professional,1 quart,0.160,33.5,https://beaumonttm.co.uk/wp-content/uploads/Optimized-3324Y-Save-Pour-Pro-Yellow-Lid-attached.jpg,Pouring > Juice Servers > Professional Save & Pour
3325C,Save & Pour Professonal Spout Clear,Beaumont,Professional Save & Pour,0.99,https://beaumonttm.co.uk/product/save-pour-professional-spout-clear/,https://beaumonttm.co.uk/wp-content/uploads/3325C-Save-_-Pour-Professional-Clear-Spout.jpg,The Beaumont Save & Pour Professional replacement bottle spout features a narrow design that ensures a smooth and continuous pour every time. The spout is also easy to install to your current Save and Pour bottles – simplifying cleaning and maintenance.,instock,,Clear,,Save &amp; Pour Professional,1 quart,0.005,5.8,,Pouring > Juice Servers > Professional Save & Pour
3323W,Save & Pour Lid White,Beaumont,Professional Save & Pour,0.99,https://beaumonttm.co.uk/product/save-pour-professional-lid-white/,https://beaumonttm.co.uk/wp-content/uploads/3323W-Save-_-Pour-Spare-Lid-White.jpg,"Designed specifically for Beaumont’s Save & Pour bottles, this white plastic lid provides a hygienic, tight seal. Its secure closure helps keep the contents fresh and protected from contaminants, ensuring that your liquids remain in optimal condition.",instock,Suitable for both Save & Pour Quart (3321) and Save and Pour Professional (3324) bottles.,White,,Save &amp; Pour | Save &amp; Pour Professional,,0.020,1.9,,Pouring > Juice Servers > Professional Save & Pour ; Pouring > Juice Servers > Save & Pour
3321BR,Save & Pour Quart Brown,Beaumont,Save & Pour,3.99,https://beaumonttm.co.uk/product/save-pour-quart-brown/,https://beaumonttm.co.uk/wp-content/uploads/3321BR-Save-_-Pour-Quart-Brown.jpg,"Looking for a versatile and efficient solution for all your pouring needs? Then the Beaumont Save & Pour bottle is exactly what you need. This bottle features a narrow spout that ensures a smooth and continuous pour every time. Capable of holding 946ml of liquid, the bottle is ideal for pouring large or multiple drinks at from a single fill. The colour-coded design allows for easy identification and dietary separation, helping you to reduce the risk of cross contamination.
Thanks to a removable spout and a two-part body, the Save & Pour is incredibly easy to clean, ensuring hygiene and convenience. Its ergonomic design makes it simple to use, while the durable construction guarantees long-lasting performance.",instock,,Brown,,Save &amp; Pour,1 quart,0.157,33.5,https://beaumonttm.co.uk/wp-content/uploads/Optimized-3321BR-Save-Pour-Quart-Brown-with-lid-attached.jpg | https://beaumonttm.co.uk/wp-content/uploads/3321-Lifestyle-1-scaled.jpg | https://beaumonttm.co.uk/wp-content/uploads/3321-Lifestyle-2-scaled.jpg,Pouring > Juice Servers > Save & Pour
3321G,Save & Pour Quart Green,Beaumont,Save & Pour,8.29,https://beaumonttm.co.uk/product/save-pour-quart-green/,https://beaumonttm.co.uk/wp-content/uploads/3321G-Save-_-Pour-Quart-Green.jpg,"Looking for a versatile and efficient solution for all your pouring needs? Then the Beaumont Save & Pour bottle is exactly what you need. This bottle features a narrow spout that ensures a smooth and continuous pour every time. Capable of holding 946ml of liquid, the bottle is ideal for pouring large or multiple drinks at from a single fill. The colour-coded design allows for easy identification and dietary separation, helping you to reduce the risk of cross contamination.
Thanks to a removable spout and a two-part body, the Save & Pour is incredibly easy to clean, ensuring hygiene and convenience. Its ergonomic design makes it simple to use, while the durable construction guarantees long-lasting performance.",instock,,Green,,Save &amp; Pour,1 quart,0.153,33.5,https://beaumonttm.co.uk/wp-content/uploads/3321G-Save-Pour-Quart-Green-lid-attached-scaled.jpg | https://beaumonttm.co.uk/wp-content/uploads/3321-Lifestyle-1-scaled.jpg | https://beaumonttm.co.uk/wp-content/uploads/3321-Lifestyle-2-scaled.jpg,Pouring > Juice Servers > Save & Pour
3321O,Save & Pour Quart Orange,Beaumont,Save & Pour,8.29,https://beaumonttm.co.uk/product/save-pour-quart-orange/,https://beaumonttm.co.uk/wp-content/uploads/3321O-Save-_-Pour-Quart-Orange.jpg,"Looking for a versatile and efficient solution for all your pouring needs? Then the Beaumont Save & Pour bottle is exactly what you need. This bottle features a narrow spout that ensures a smooth and continuous pour every time. Capable of holding 946ml of liquid, the bottle is ideal for pouring large or multiple drinks at from a single fill. The colour-coded design allows for easy identification and dietary separation, helping you to reduce the risk of cross contamination.
Thanks to a removable spout and a two-part body, the Save & Pour is incredibly easy to clean, ensuring hygiene and convenience. Its ergonomic design makes it simple to use, while the durable construction guarantees long-lasting performance.",instock,,Orange,,Save &amp; Pour,1 quart,0.169,33.5,https://beaumonttm.co.uk/wp-content/uploads/Optimized-3321O-Save-and-Pour-Quart-Orange-with-lid-attached.jpg | https://beaumonttm.co.uk/wp-content/uploads/3321-Lifestyle-1-scaled.jpg | https://beaumonttm.co.uk/wp-content/uploads/3321-Lifestyle-2-scaled.jpg,Pouring > Juice Servers > Save & Pour
3321R,Save & Pour Quart Red,Beaumont,Save & Pour,8.29,https://beaumonttm.co.uk/product/save-pour-quart-red/,https://beaumonttm.co.uk/wp-content/uploads/3321R-Save-_-Pour-Quart-Red.jpg,"Looking for a versatile and efficient solution for all your pouring needs? Then the Beaumont Save & Pour bottle is exactly what you need. This bottle features a narrow spout that ensures a smooth and continuous pour every time. Capable of holding 946ml of liquid, the bottle is ideal for pouring large or multiple drinks at from a single fill. The colour-coded design allows for easy identification and dietary separation, helping you to reduce the risk of cross contamination.
Thanks to a removable spout and a two-part body, the Save & Pour is incredibly easy to clean, ensuring hygiene and convenience. Its ergonomic design makes it simple to use, while the durable construction guarantees long-lasting performance.",instock,,Red,,Save &amp; Pour,1 quart,0.166,33.5,https://beaumonttm.co.uk/wp-content/uploads/Optimized-3321R-Save-and-Pour-Quart-Red-with-lid-attached.jpg | https://beaumonttm.co.uk/wp-content/uploads/3321-Lifestyle-1-scaled.jpg | https://beaumonttm.co.uk/wp-content/uploads/3321-Lifestyle-2-scaled.jpg,Pouring > Juice Servers > Save & Pour
3321W,Save & Pour Quart White,Beaumont,Save & Pour,8.29,https://beaumonttm.co.uk/product/save-pour-quart-white/,https://beaumonttm.co.uk/wp-content/uploads/3321W-Save-_-Pour-Quart-White.jpg,"Looking for a versatile and efficient solution for all your pouring needs? Then the Beaumont Save & Pour bottle is exactly what you need. This bottle features a narrow spout that ensures a smooth and continuous pour every time. Capable of holding 946ml of liquid, the bottle is ideal for pouring large or multiple drinks at from a single fill. The colour-coded design allows for easy identification and dietary separation, helping you to reduce the risk of cross contamination.
Thanks to a removable spout and a two-part body, the Save & Pour is incredibly easy to clean, ensuring hygiene and convenience. Its ergonomic design makes it simple to use, while the durable construction guarantees long-lasting performance.",instock,,White,,Save &amp; Pour,1 quart,0.172,33.5,https://beaumonttm.co.uk/wp-content/uploads/3321W-Save-Pour-Quart-White-with-lid-attached.jpg | https://beaumonttm.co.uk/wp-content/uploads/3321-Lifestyle-1-scaled.jpg | https://beaumonttm.co.uk/wp-content/uploads/3321-Lifestyle-2-scaled.jpg,Pouring > Juice Servers > Save & Pour
3321Y,Save & Pour Quart Yellow,Beaumont,Save & Pour,8.29,https://beaumonttm.co.uk/product/save-pour-quart-yellow/,https://beaumonttm.co.uk/wp-content/uploads/3321Y-Save-_-Pour-Quart-Yellow.jpg,"Looking for a versatile and efficient solution for all your pouring needs? Then the Beaumont Save & Pour bottle is exactly what you need. This bottle features a narrow spout that ensures a smooth and continuous pour every time. Capable of holding 946ml of liquid, the bottle is ideal for pouring large or multiple drinks at from a single fill. The colour-coded design allows for easy identification and dietary separation, helping you to reduce the risk of cross contamination.
Thanks to a removable spout and a two-part body, the Save & Pour is incredibly easy to clean, ensuring hygiene and convenience. Its ergonomic design makes it simple to use, while the durable construction guarantees long-lasting performance.",instock,,Yellow,,Save &amp; Pour,,0.162,33.5,https://beaumonttm.co.uk/wp-content/uploads/Optimized-3321Y-Save-and-Pour-Quart-Yellow-with-lid-attached-1.jpg | https://beaumonttm.co.uk/wp-content/uploads/3321-Lifestyle-1-scaled.jpg | https://beaumonttm.co.uk/wp-content/uploads/3321-Lifestyle-2-scaled.jpg,Pouring > Juice Servers > Save & Pour
3322C,Save & Pour Spout Clear,Beaumont,Save & Pour,0.99,https://beaumonttm.co.uk/product/save-pour-spout-clear/,https://beaumonttm.co.uk/wp-content/uploads/3322C-Save-and-Pour-Spare-Spout-Clear.jpg,The Beaumont Save & Pour replacement bottle spout features a narrow design that ensures a smooth and continuous pour every time. The spout is also easy to install to your current Save and Pour bottles – simplifying cleaning and maintenance.,instock,,Clear,,Save &amp; Pour,,0.010,5.1x3.8x3.3,,Pouring > Juice Servers > Save & Pour
3696,Stainless Steel Service Bell,Beaumont,Bar Accessories & Food Service Essentials – Bar Top Accessories,11.29,https://beaumonttm.co.uk/product/service-bell-3-1-2/,https://beaumonttm.co.uk/wp-content/uploads/3696-3.5inch-Service-Bell.jpg,"Stylish and practical, this front-of-house service bell is a fantastic way to draw attention. Whether it’s a plate of food on the pass, or waiting guests in your reception area, the bell provides a loud, clear ring which can’t be missed. The service bell is durable and easy to clean too – a great choice for any customer-facing area.",instock,"Steel Service Bell, ideal for kitchen food service or reception desks.",Silver,,,,0.110,6.1,,Bar Accessories & Food Service Essentials
3556,Clear Shelf Liner 610mm x 5000mm,Beaumont,Glass Mats & Shelf Liners,20.59,https://beaumonttm.co.uk/product/shelf-liner-clear-5m/,https://beaumonttm.co.uk/wp-content/uploads/3556-5m-Shelf-Liner-Clear-1x5m-Roll.jpg,"Store glasses hygienically with this clear shelf liner from Beaumont. Designed as an easy-to-clean surface for storing your glasses, the liner ensures glasses remain clean whilst on the shelf – so customers are served sparkling glassware every time.
Helping with airflow, the liner also helps to dry glasses once washer. This helps to save space after washing up.
The clear colourway makes any dirt or mess easy to spot, so it can be cleaned up straight away.",instock,,Clear,,,5m,1.210,500x61x0.3,,Bar Accessories & Food Service Essentials > Glass Mats & Shelf Liners
3685BLK,Shelf Liner Black 610mm x 10000mm,Beaumont,Glass Mats & Shelf Liners,37.49,https://beaumonttm.co.uk/product/shelf-liner-black-10m/,https://beaumonttm.co.uk/wp-content/uploads/3685BLK-10m-Shelf-Liner-Black.jpg,"Store glasses hygienically with this black shelf liner from Beaumont. Designed as an easy-to-clean surface for storing your glasses, the liner ensures glasses remain clean whilst on the shelf – so customers are served sparkling glassware every time.
Helping with airflow, the liner also helps to dry glasses once washed. This helps to save space after washing up.
The black colourway makes any dirt or mess easy to spot, so it can be cleaned up straight away.",instock,,Black,,,10m,2.080,1000x61x0.3,,Bar Accessories & Food Service Essentials > Glass Mats & Shelf Liners
3685CL,Shelf Liner Clear 610mm x 10000mm,Beaumont,Glass Mats & Shelf Liners,39.49,https://beaumonttm.co.uk/product/shelf-liner-clear-10m/,https://beaumonttm.co.uk/wp-content/uploads/3685CL-10m-Shelf-Liner-Clear.jpg,"Store glasses hygienically with this shelf liner from Beaumont. Designed as an easy-to-clean surface for storing your glasses, the liner ensures glasses remain clean whilst on the shelf – so customers are served sparkling glassware every time.
Helping with airflow, the liner also helps to dry glasses once washed. This helps to save space after washing up.
The clear colourway makes any dirt or mess easy to spot, so it can be cleaned up straight away.",instock,,Clear,,,10m,2.080,1000x61x0.3,,Bar Accessories & Food Service Essentials > Glass Mats & Shelf Liners
3685WH,Shelf Liner White 610mm x 10000mm,Beaumont,Glass Mats & Shelf Liners,39.49,https://beaumonttm.co.uk/product/shelf-liner-white-10m/,https://beaumonttm.co.uk/wp-content/uploads/3685WH-10m-Shelf-Liner-White.jpg,"Store glasses hygienically with this shelf liner from Beaumont. Designed as an easy-to-clean surface for storing your glasses, the liner ensures glasses remain clean whilst on the shelf – so customers are served sparkling glassware every time.
Helping with airflow, the liner also helps to dry glasses once washed. This helps to save space after washing up.
The white colourway makes any dirt or mess easy to spot, so it can be cleaned up straight away.",instock,,White,,,10m,2.080,1000x61x0.3,,Bar Accessories & Food Service Essentials > Glass Mats & Shelf Liners
3718,Catering First Aid Kit Small BS Compliant,Beaumont,First Aid,36.49,https://beaumonttm.co.uk/product/small-bs-catering-first-aid-kit/,https://beaumonttm.co.uk/wp-content/uploads/3718.jpg,"The Beaumont compact first aid kit is specifically designed for the catering industry and is fully BS8599-1 compliant. Respond quickly and safely to kitchen accidents with this essential first aid kit, containing: 1 10×10 Burn dressing, 20 x Cleansing wipes, 1 x Conforming bandage, 2 x Finger dressing, 1 x Foil blanket, 6 Pairs of nitrile gloves, 1 Guidance note, 2x HSE eyepad dressing, 1 x HSE large dressing, 4 x HSE medium dressing, 1 x Microporous tape, 40 x Assorted plasters, 1 Resuscitation Aid, 6 x Safety pins, 1 Tuffcut scissors, 2 x Triangular bandage. Ideal for smaller kitchens.",instock,BS8599-1 Compliant,,,,,0.711,22.9x9.8x22.3,,First Aid
3718R,Catering First Aid Kit Refill Small BS Compliant,Beaumont,First Aid,25.69,https://beaumonttm.co.uk/product/small-bs-catering-first-aid-kit-refill/,https://beaumonttm.co.uk/wp-content/uploads/3718R.jpg,"Keep your Beaumont small catering first aid kit well stocked and ready to use with this handy first aid kit refill.
With everything you get with the original small Beaumont first aid kit, save resources by only getting the contents, rather than including the box. Includes 1 10×10 Burn dressing, 20 x Cleansing wipes, 1 x Conforming bandage, 2 x Finger dressing, 1 x Foil blanket, 6 Pairs of nitrile gloves, 1 Guidance note, 2x HSE eyepad dressing, 1 x HSE large dressing, 4 x HSE medium dressing, 1 x Microporous tape, 40 x Assorted plasters, 1 Resuscitation Aid, 6 x Safety pins, 1 Tuffcut scissors, 2 x Triangular bandage.",instock,BS8599-1 Compliant,,,,,,,,First Aid
3560,Speed Rail 22″,Beaumont,Speed Rails,21.59,https://beaumonttm.co.uk/product/small-speed-rail-22/,https://beaumonttm.co.uk/wp-content/uploads/3560-Small-Speed-Rail-22”.jpg,"Ensure bartenders to have access to their most used bottles quickly with this speed rail from Beaumont. 22 inches long, the rail ensures plenty of space to store your most popular bottles – helping to provide efficient service.
With dual fixing holes, the Beaumont speed rail is easy to attach to the wall or bar – keeping it within reach for ease.
The stainless steel design is durable and easy to clean. Therefore, keeping your front of house looking presentable.",instock,,,,,"22""",1.276,56x10.5x15.3,,Speed Rails
3764,Spare Insert for Condiment Holder Pint,Beaumont,Condiment Holders,0.99,https://beaumonttm.co.uk/product/spare-insert/,https://beaumonttm.co.uk/wp-content/uploads/3764-Spare-Inserts-for-Condiment-Holders.jpg,"Keep condiments organised with this insert for a condiment holder from Beaumont. Suitable for 5 part and 6 part condiment holders, 1 pint inserts are larger than the inserts supplied with your Stainless Steel Condiment Holder – allowing you to rearrange your condiments based on volume needed to suit your particular needs.",instock,Fits all of our Condiment Holders and Bar Centre,,Plastic,,1 pint,0.032,14.1x7.4x7.5,,Condiment Holders
3627,Beer Sparkler,Beaumont,Cellar Equipment,2.99,https://beaumonttm.co.uk/product/sparkler/,https://beaumonttm.co.uk/wp-content/uploads/3627-Beer-Sparkler1.jpg,Present beer perfectly with the help of this sparkler from Beaumont. The reliable design is used to aerate conditioned ale to deliver perfectly frothy head – helping beer to look as good as it tastes.,instock,,,,Abbot,,0.004,3.3,https://beaumonttm.co.uk/wp-content/uploads/3627-Beer-Sparkler.jpg,Cellar Equipment
2524,Liquid Measure Cleaner 1 Litre (Pack of 6),Beaumont,Cleaning Fluid,22.59,https://beaumonttm.co.uk/product/spirit-measure-cleaner/,https://beaumonttm.co.uk/wp-content/uploads/2524-Liquid-Measure-Cleaner-1-Litre-6-pack-NEW-BOTTLE-DESIGN.jpg,"Maintain the quality and hygiene of your bar service with Beaumont Measure Kleen – Spirit Measure Cleaner. Ideal for ensuring your spirit measures are impeccably clean, sterile, and safe for use, this industry staple will help you serve with confidence.",instock,1 Litre/33oz Bottle; Cleans and sanitises to ensure optimum performance and longevity; Removes deposits that can cause spirit measures to malfunction; Non-acidic and non-caustic,,,Cleaning Fluid,1 Litre,,,https://beaumonttm.co.uk/wp-content/uploads/NEW-Measure-Kleen-1ltr-Label-UPDATED-21-7-15.jpg,Spirit Measures > Cleaning Fluid
3501,Insulated Square Ice Bucket Black,Beaumont,"Coolers, Ice Buckets & Stands",14.39,https://beaumonttm.co.uk/product/square-ice-bucket/,https://beaumonttm.co.uk/wp-content/uploads/3501-Square-Ice-Bucket-APPROX-5-Litres-8.8-Pint-LID-ASKEW.jpg,"Looking for a way to keep wine cool once at the table? Look no further than this insulated square ice bucket from Beaumont. Providing a 6L capacity without a liner and 4L with a liner, the bucker it the perfect selection for a personal drinks cooler – great for restaurants.
With a lightweight, traditional square design the bucket is easy to transport, even with a full bottle inside. Therefore, ensuring guests can easily pass the bucket without accidents, and staff can carry it to the table with no issues.
To top it off, the bucket comes with a lid that provides extra insulation. This will increase the amount of time the ice takes to melt, keeping drinks cooler for longer.",instock,"Approximate Capacity: 4 litres with liner, 6 litres without liner.",Black,Plastic,,4 litre | 6 litre,0.918,19.4x19.4x20.4,https://beaumonttm.co.uk/wp-content/uploads/3501-Square-Ice-Bucket-APPROX-5-Litres-8.8-Pint.jpg,"Beer & Wine Accessories > Coolers, Ice Buckets & Stands ; Ice Buckets & Stands"
3655,Stainless Steel Muddler 8″,Beaumont,Cocktail Muddlers,4.39,https://beaumonttm.co.uk/product/stainless-steel-plastic-muddler-8-1-4/,https://beaumonttm.co.uk/wp-content/uploads/3655-Stainless-Steel-_-Plastic-21cm-Muddler.jpg,"Be confident of releasing every last bit of flavour with this muddler from Beaumont. Designed to crush ingredients, the muddler adds the flavour into your drinks, for maximum taste.
Made from stainless steel, the Beaumont muddler is easy to clean. This helps ensure hygiene and prevent cross-contamination.
The stainless steel design is durable and makes crushing garnish even easier, increasing efficiency.",instock,,,Stainless Steel,,"8 1/4""",,,,Cocktail Tools > Cocktail Muddlers
ASHBINSS,Stainless Steel Wall Mounted Ashbin,Beaumont,Ashtrays & Ashbins,47.49,https://beaumonttm.co.uk/product/stainless-steel-ashbin-wall-mounted/,https://beaumonttm.co.uk/wp-content/uploads/ASHBINSS-Stainless-Steel-Ashbin.jpg,"Keep smoking areas neat and tidy with this wall mounted ashbin from Beaumont. Great for near exits and entry points of smoking areas, as the ashbin won’t take up room on the floor or table, it makes a great space-saving alternative to ash trays.
The ashbin is easy to empty, ensuring outdoor areas remain clean and tidy – without taking up too much of staff time.
As the Beaumont wall mounted ashtray is lockable, all cigarette litter remains secure inside. Therefore, preventing against accidental mess and spillage.",instock,,,,,,1.558,27x8.8x33,,Ashtrays & Ashbins
3512,Stainless Steel Champagne Bucket 5 Litre,Beaumont,"Coolers, Ice Buckets & Stands",18.49,https://beaumonttm.co.uk/product/stainless-steel-champagne-bucket-5-litre-9-pint/,https://beaumonttm.co.uk/wp-content/uploads/3512-Stainless-Steel-Champagne-Bucket-5-Litre.jpg,"Keep drinks cool with this champagne bucket from Beaumont. With a generous 5L capacity, the cooler can be filled with ice – keeping champagne cooler for longer.
The excellent insulation ensures the ice won’t melt as quickly, either. Therefore, staff don’t have to replenish the cooler as often.
The stainless steel finish means the Beaumont champagne bucket can be polished – to maintain its high end look.",instock,,,Stainless Steel,,5 litre | 5 litre/9 pint | 9 Pint,0.658,22.4,,"Beer & Wine Accessories > Coolers, Ice Buckets & Stands ; Ice Buckets & Stands"
3761,4 Part Stainless Steel Condiment Holder,Beaumont,Condiment Holders,17.49,https://beaumonttm.co.uk/product/stainless-steel-condiment-holder-4-compartment/,https://beaumonttm.co.uk/wp-content/uploads/3761-Stainless-Steel-4-Compartment-Condiment-Holder-CLOSED.jpg,"Load up on cocktail condiments with this stainless steel condiment holder from Beaumont. This four part condiment holder allows you to stock up before service – staying highly organised.
Able to store large quantities of condiments within its capacious 1 pint compartments, staff won’t need to stock up as often. This well help to maximise efficiency.
Its clear lid lets you quickly identify contents while keeping everything fresh inside.",instock,Capacity of each compartment = 1 Pint; Spare inserts also available,,Stainless Steel,,,0.888,30.6x14.7x9.2,https://beaumonttm.co.uk/wp-content/uploads/3761-Stainless-Steel-4-Compartment-Condiment-Holder-OPEN-scaled.jpg,Condiment Holders
3762,5 Part Stainless Steel Condiment Holder,Beaumont,Condiment Holders,18.49,https://beaumonttm.co.uk/product/stainless-steel-condiment-holder-5-compartment/,https://beaumonttm.co.uk/wp-content/uploads/3762-Stainless-Steel-5-Compartment-Condiment-Holder-CLOSED.jpg,"Load up on cocktail condiments with this stainless steel condiment holder from Beaumont. This 5 part condiment holder allows you to stock up before service – staying highly organised.
Able to store large quantities of condiments within its capacious 1 pint compartments, staff won’t need to stock up as often. This well help to maximise efficiency.
Its clear lid lets you quickly identify contents while keeping everything fresh inside.",instock,Capacity of each compartment = 1 Pint; Spare inserts also available,,Stainless Steel,,,1.103,38x14.6x9.1,https://beaumonttm.co.uk/wp-content/uploads/3762-Stainless-Steel-5-Compartment-Condiment-Holder-OPEN-scaled.jpg,Condiment Holders
3763,6 Part Stainless Steel Condiment Holder,Beaumont,Condiment Holders,24.69,https://beaumonttm.co.uk/product/stainless-steel-condiment-holder-6-compartment/,https://beaumonttm.co.uk/wp-content/uploads/3763-Stainless-Steel-6-Compartment-Condiment-Holder-CLOSED.jpg,"Load up on cocktail condiments with this stainless steel condiment holder from Beaumont. This six part condiment holder allows you to stock up before service – staying highly organised.
Able to store large quantities of condiments within its capacious 1 pint compartments, staff won’t need to stock up as often. This well help to maximise efficiency.
Its clear lid lets you quickly identify contents while keeping everything fresh inside.",instock,Capacity of each compartment = 1 Pint; Spare inserts also available,,Stainless Steel,,,1.150,45.5x15x9.4,https://beaumonttm.co.uk/wp-content/uploads/3763-Stainless-Steel-6-Campartment-Condiment-Holder-OPEN.jpg,Condiment Holders
3503,Stainless Steel Drainer Tray 12 x 6″,Beaumont,Drip Trays,23.59,https://beaumonttm.co.uk/product/stainless-steel-drip-tray/,https://beaumonttm.co.uk/wp-content/uploads/3503-Stainless-Steel-Drip-Tray-12x6inch.jpg,"Keep your bar tidy and your surfaces dry with this stainless steel drip tray from Beaumont. The 300 x 150mm (12 x 6″) tray can be used when serving drinks to catch any overflowing spills or drips before your customers or waiting staff take them to the table. A drier bar surface means less time wasted cleaning up, along with fewer wet elbows and soggy sleeves!
This drip tray is equally useful as a stand for your spirit measures too. Once you’ve measured a spirit, just rinse it with clean water and pop it back on the tray upside down – drips won’t be a problem! When it comes time to empty the tray, the top drainer plate is simple to remove for quick cleaning and a rapid return to service.",instock,,,Stainless Steel,,,0.553,30.1x15.1x2.4,https://beaumonttm.co.uk/wp-content/uploads/3503-S-St-Drip-Tray-Lifestyle-scaled.jpg,Drip Trays
3500,Stainless Steel Space Saver Folding Bucket Stand,Beaumont,"Coolers, Ice Buckets & Stands",23.59,https://beaumonttm.co.uk/product/stainless-steel-folding-bucket-stand/,https://beaumonttm.co.uk/wp-content/uploads/3500-Space-Saver-Bucket-Stand.jpg,"Present bottles of wine appropriately with this space saving folding bucket stand from Beaumont. Designed for establishments with limited storage space, the bucket stand collapses down where necessary. Ensuring it can be packed away into the smallest of spaces.
When open, the sturdy 3-leg design ensures a stable platform for your ice-filled champagne bucket. Helping to prevent accidental knocks and spills.",instock,Folds easily for storage; Suitable for:; Aluminium Champagne Bucket (3508); Stainless Steel Champagne Bucket (3512); Stainless Steel Tulip Ice Bucket (3496),Silver,,,,1.527,76,https://beaumonttm.co.uk/wp-content/uploads/3500-Stainless-Steel-Space-Saver-Folding-Bucket-Stand-Folded-scaled.jpg | https://beaumonttm.co.uk/wp-content/uploads/folding-champagne-stand-35001.jpg,"Beer & Wine Accessories > Coolers, Ice Buckets & Stands ; Ice Buckets & Stands"
3463,Hot Water Table Sign Stainless Steel,Beaumont,Stainless Steel Signs,2.99,https://beaumonttm.co.uk/product/stainless-steel-hot-water/,https://beaumonttm.co.uk/wp-content/uploads/3463-Stainless-Steel-Hot-Water-Table-Sign.jpg,"Ideal for restaurants, hotels and event venues, this Beaumont “Hot Water” table sign helps you clearly label hot beverage stations. Made from durable stainless steel, it is both easy to clean and maintain.",instock,,,,,,0.056,12x3.8x3.5,,Table Top > Stainless Steel Signs
3465,Coffee Table Sign Stainless Steel,Beaumont,Stainless Steel Signs,2.99,https://beaumonttm.co.uk/product/stainless-steel-coffee/,https://beaumonttm.co.uk/wp-content/uploads/3465-Stainless-Coffee-Table-Sign.jpg,"Ideal for restaurants, hotels and event venues, this Beaumont “Coffe” table sign helps you clearly label hot beverage stations. Made from durable stainless steel, it is both easy to clean and maintain.",instock,,,,,,0.057,12x3.5x3.5,,Table Top > Stainless Steel Signs
3464,Tea Table Sign Stainless Steel,Beaumont,Stainless Steel Signs,2.99,https://beaumonttm.co.uk/product/stainless-steel-tea/,https://beaumonttm.co.uk/wp-content/uploads/3464-Stainless-Steel-Tea-Table-Sign.jpg,"Ideal for restaurants, hotels and event venues, this Beaumont “Tea” table sign helps you clearly label hot beverage stations. Made from durable stainless steel, it is both easy to clean and maintain.",instock,,,,,,0.053,12x3.5x3.5,,Table Top > Stainless Steel Signs
3466,Milk Table Sign Stainless Steel,Beaumont,Stainless Steel Signs,2.99,https://beaumonttm.co.uk/product/stainless-steel-milk/,https://beaumonttm.co.uk/wp-content/uploads/3466-Stainless-Steel-Milk-Table-Sign.jpg,"Ideal for restaurants, hotels and event venues, this Beaumont “Milk” table sign helps you clearly label beverage & buffet stations. Made from durable stainless steel, it is both easy to clean and maintain.",instock,,,,,,0.054,12x3.5x3.5,,Table Top > Stainless Steel Signs
3455,No Smoking Table Sign Stainless Steel,Beaumont,Stainless Steel Signs,2.99,https://beaumonttm.co.uk/product/stainless-steel-no-smoking/,https://beaumonttm.co.uk/wp-content/uploads/3455-Stainless-Steel-No-Smoking-Table-Sign.jpg,"Introduce simple yet effective messaging to your venue with Beaumont’s stainless-steel no smoking sign. This sign use bold lettering that clearly displays the ‘No Smoking’ message, making it perfect for maintaining smoke-free areas in any setting. Its durable construction ensures long-lasting use and easy cleaning, providing a clear and effective reminder for all guests.",instock,,,,,,0.068,12x3.8x3.5,,Table Top > Stainless Steel Signs
3454,Reserved Table Sign Stainless Steel,Beaumont,Stainless Steel Signs,6.29,https://beaumonttm.co.uk/product/stainless-steel-reserved/,https://beaumonttm.co.uk/wp-content/uploads/3454-Stainless-Steel-Reserved-Table-Sign.jpg,"Ideal for restaurants, hotels and event venues, this Beaumont “Reserved” table sign effectively manages seating arrangements. Made from durable stainless steel, it is both easy to clean and maintain.",instock,,,,,,0.053,12x3.8x3.6,,Table Top > Stainless Steel Signs
3467,1-10 Stainless Steel Table Numbers,Beaumont,Stainless Steel Numbers,12.49,https://beaumonttm.co.uk/product/stainless-steel-table-nos-1-10-set/,https://beaumonttm.co.uk/wp-content/uploads/3467-Stainless-Steel-Table-Numbers-1-10.jpg,"These Beaumont table numbers, ranging from 1 to 10, offer a practical solution for organising and identifying tables. Constructed from stainless steel, they provide a sturdy and long-lasting design. The easy-to-clean surface ensures a hygienic option for maintaining a neat and professional appearance on your tables.
With a set of 10 numbered from 1 to 10, these Beaumont table numbers are ideal for use in restaurants, event venues and other settings where clear table identification is required.",instock,,,,,,0.029,5x3.4x3.6,,Table Top > Stainless Steel Numbers
3468,11-20 Stainless Steel Table Numbers,Beaumont,Stainless Steel Numbers,12.49,https://beaumonttm.co.uk/product/stainless-steel-table-nos-11-20-set/,https://beaumonttm.co.uk/wp-content/uploads/3468-Stainless-Steel-Table-Numbers-11-20.jpg,"These Beaumont table numbers, ranging from 11 to 20, offer a practical solution for organising and identifying tables. Constructed from stainless steel, they provide a sturdy and long-lasting design. The easy-to-clean surface ensures a hygienic option for maintaining a neat and professional appearance on your tables.
With a set of 10 numbered from 11 to 20, these Beaumont table numbers are ideal for use in restaurants, event venues and other settings where clear table identification is required.",instock,,,,,,0.029,5x3.4x3.6,,Table Top > Stainless Steel Numbers
3469,21-30 Stainless Steel Table Numbers,Beaumont,Stainless Steel Numbers,12.49,https://beaumonttm.co.uk/product/stainless-steel-table-nos-21-30-set/,https://beaumonttm.co.uk/wp-content/uploads/3469-Stainless-Steel-Table-Numbers-21-30.jpg,"These Beaumont table numbers, ranging from 21 to 30, offer a practical solution for organising and identifying tables. Constructed from stainless steel, they provide a sturdy and long-lasting design. The easy-to-clean surface ensures a hygienic option for maintaining a neat and professional appearance on your tables.
With a set of 10 numbered from 21 to 30, these Beaumont table numbers are ideal for use in restaurants, event venues and other settings where clear table identification is required.",instock,,,,,,0.029,5x3.4x3.6,,Table Top > Stainless Steel Numbers
3507,Stainless Steel Drip Tray 6″,Beaumont,Drip Trays,,https://beaumonttm.co.uk/product/stainless-steel-round-drip-tray/,https://beaumonttm.co.uk/wp-content/uploads/3507-Stainless-Steel-Round-Drip-Tray-6inch-Diameter.jpg,"The Beaumont Stainless Steel Round Drip Tray is the perfect solution for maintaining a clean and efficient bar or kitchen workspace. Designed to catch spills and drips from glasses on your bar top, it ensures your counters remain spotless and slip-free.
Crafted from high-quality stainless steel, this round drip tray is not only durable but also adds a sleek, professional look to your setup. Its robust construction ensures long-lasting performance, even in the busiest environments. The easy-to-clean surface makes maintenance a breeze, allowing you to focus on serving your customers.",instock,,,Stainless Steel,,"6""",0.164,1.6,,Drip Trays
3496,Stainless Steel Tulip Wine Bucket 4.5 litre,Beaumont,"Coolers, Ice Buckets & Stands",16.49,https://beaumonttm.co.uk/product/stainless-steel-tulip-ice-bucket-4-5-litre-8-pint/,https://beaumonttm.co.uk/wp-content/uploads/3496-Tulip-Ice-Bucket-4.5ltr-SPEC-TBC.jpg,"Keep your bottles crisp and cool with the Beaumont 4.5-litre Tulip wine bucket. Crafted from stainless steel, it offers an elegant solution for chilling champagne or wine at the table. The bucket features two extended handles for comfortable carrying and is easy to clean, making it a practical choice for any restaurant or bar.",instock,,Silver,Stainless Steel,,4.5 litre | 4.5 litre/8 pint | 8 Pint,0.744,21,,"Beer & Wine Accessories > Coolers, Ice Buckets & Stands ; Ice Buckets & Stands"
3490,Stainless Steel Waiters Friend,Beaumont,Bottle Openers,3.99,https://beaumonttm.co.uk/product/stainless-steel-waiters-friend-bottle-opener/,https://beaumonttm.co.uk/wp-content/uploads/3490-Stainless-Steel-Waiters-Friend-Closed.jpg,"High quality stainless steel waiters friend, strong enough to endure everyday use in the busiest commercial venues. Fitted with a corkscrew, knife and bottle opener. The ergonomic, curved design ensures it remains comfortable during repeated use, while the convenient size allows it to fit into a pocket so it’s always to hand when needed.",instock,,,Stainless Steel,,,,,https://beaumonttm.co.uk/wp-content/uploads/3490-Stainless-Steel-Waiters-Friend-Open-1.jpg,Beer & Wine Accessories > Bottle Openers
3522,Stand-Up Bottle Opener and Catcher,Beaumont,Bottle Openers,,https://beaumonttm.co.uk/product/stand-up-bottle-opener-catcher/,https://beaumonttm.co.uk/wp-content/uploads/3522-Stand-Up-Bottle-Opener-_-Catcher.jpg,"The Beaumont Stand-Up Bottle Opener & Catcher is the ultimate solution for effortlessly opening bottles and keeping your space tidy. Crafted with convenience and functionality in mind, this sleek and sturdy tool enhances any bar or kitchen setup. Say goodbye to scattered bottle caps and hello to seamless beverage enjoyment with this innovative accessory.",instock,,,,,,,,https://beaumonttm.co.uk/wp-content/uploads/3522-Stand-Up-Opener-Catcher-In-Use-Female-Hand.jpg,Beer & Wine Accessories > Bottle Openers
3201,Standard Shelf Bracket,Beaumont,Single Brackets,,https://beaumonttm.co.uk/product/standard-70cl-1-litre-shelf-bracket/,https://beaumonttm.co.uk/wp-content/uploads/3201-Standard-Shelf-Bracket-70cl-1Ltr.jpg,"Designed for use with spirit measures, the standard shelf bracket will provide a strong and sturdy fixing for 70cl and 1 litre bottles.",instock,,,,,1 Litre,,,,Spirit Measure Brackets > Single Brackets
3202,Standard Wall Bracket,Beaumont,Single Brackets,,https://beaumonttm.co.uk/product/standard-70cl-1-litre-wall-bracket/,https://beaumonttm.co.uk/wp-content/uploads/3202-Standard-Wall-Bracket-70cl-1Ltr.jpg,"Designed for use with spirit measures, the standard wall bracket will provide a strong and sturdy fixing for 70cl and 1 litre bottles.",instock,,,,,1 Litre,,,,Spirit Measure Brackets > Single Brackets
3555P,Finned Corks (Pack of 20),Beaumont,Corks,4.79,https://beaumonttm.co.uk/product/standard-finned-corks/,https://beaumonttm.co.uk/wp-content/uploads/3555P-Finned-Corks-PK20.jpg,"Keep spares to hand with these replacement corks from Beaumont. For use with all spirit measures, the corks are designed for a tight seal to ensure contents stays fresher for longer.
As the corks are finned, they provide extra grip and flexibility. Therefore, providing strength for a long-life. Made from rubber, they fit 70cl up to 1.5ltr bottles, ensuring a tight fit every time. Flexible for ease when taking out the inverted bottle neck.",instock,,,,,,,,,Spirit Measures > Corks
3617,Standard Turn Down Spout 1/2″,Beaumont,Turn Down Spouts,6.29,https://beaumonttm.co.uk/product/standard-turn-down-spout-1-2-od/,https://beaumonttm.co.uk/wp-content/uploads/3617-Standard-Turn-Down-Spout-½”-Overall-Diameter-For-Use-With-L-_-Y-Thread-Taps.jpg,"Dispense beer smoothly and reliably straight out of the cask with this turndown spout from Beaumont. Made from stainless steel, the spout is durable and resists weathering – perfect for use at outdoor events such as festivals.
The spout has a half inch outer diameter and is designed for use with standard taps. It is ideal for helping dispense drinks straight into a glass from a cask or barrel.",instock,,,,Abbot,L Thread | Y Thread,0.038,2.6x6.2x7.8,https://beaumonttm.co.uk/wp-content/uploads/Keg-with-single-tap-nut-and-turn-down-spout.jpg,Cellar Equipment > Turn Down Spouts
3923,Mezclar Stemmed Mixing Glass 650ml,Beaumont,Cocktail Equipment – Stir,16.49,https://beaumonttm.co.uk/product/stemmed-mixing-glass-650ml/,https://beaumonttm.co.uk/wp-content/uploads/3923-Stemmed-650ml-Mixing-Glass.jpg,The Mezclar range delivers a high-end finish without compromising on utility. An alluring aesthetic but also cleverly designed – the stemmed glass allows you to hold the base whilst stirring to prevent your hand from warming the glass. Great if your serve needs to be extra cold.,instock,,,Glass,Mezclar | Mixing Glasses,650ml,,,,Cocktail Tools > Cocktail Equipment ; Mixing Glasses
3624,Tap Brush 350x82x32mm,Beaumont,Cellar Equipment,3.99,https://beaumonttm.co.uk/product/tap-brush/,https://beaumonttm.co.uk/wp-content/uploads/3624-Tap-Brush-350x82x32mm.jpg,"Clean taps with efficiency with this tap brush from Beaumont. The intelligent design ensures the complete elimination of bacteria and impurities – helping to keep your taps clean and food safe.
The easy or use construction ensures that no dirt is missed – helping staff clean quickly and to a high standard.",instock,,,,Abbot,,0.016,35,,Cellar Equipment
3426,Tent Menu Holder Clear Perspex,Beaumont,Menu Holders,2.49,https://beaumonttm.co.uk/product/tent-type-perspex-menu-holder/,https://beaumonttm.co.uk/wp-content/uploads/3426-Perspex-Tent-type-Menu-Holder.jpg,"Beaumont’s clear Perspex menu holder is designed to accommodate laminated menus and notices up to A4 size. Its durable construction ensures long-lasting use and easy cleaning, making it ideal for high-traffic areas in restaurants, cafes and other catering establishments.",instock,,,,,,0.028,6.9x6.2x2.9,,Table Top > Menu Holders
3529,Stainless Steel Tip Tray,Beaumont,Tip Trays,1.99,https://beaumonttm.co.uk/product/tip-tray-stainless-steel/,https://beaumonttm.co.uk/wp-content/uploads/3529-Tip-tray.jpg,"Present bills with simple elegance using this understated stainless steel tip tray from Beaumont. Designed to hand out checks and receive gratuities, this round steel tray is a modest 174mm in diameter to ensure discretion when handling dining table financial transactions. Lightweight and stackable, Beaumont stainless steel tip trays ensure that paying up is a simple and self explanatory experience for diners and staff.",instock,,Silver,Stainless Steel,,,0.084,0.9,https://beaumonttm.co.uk/wp-content/uploads/3529-Tip-tray-in-use-e1415114008670.jpg,Bar Accessories & Food Service Essentials > Tip Trays
3589,Tip Tray Black,Beaumont,Tip Trays,1.99,https://beaumonttm.co.uk/product/tip-tray-black-plastic/,https://beaumonttm.co.uk/wp-content/uploads/3589-Black-Plastic-Tip-Tray-Plain.jpg,"Present bills smartly with this tip tray from Beaumont. Made from plastic the tray is fairly durable, and easy for customers to handle. Making it perfect for heavy use during busy service.
With a subtle black finish, the Beaumont tip tray will go with any decor – to blend in with your aesthetic.",instock,,Black,Plastic,,,0.046,16.4x11.2x1.1,,Bar Accessories & Food Service Essentials > Tip Trays
3595,Tip Tray With Clip Black,Beaumont,Tip Trays,1.99,https://beaumonttm.co.uk/product/tip-tray-black-plastic-with-clip/,https://beaumonttm.co.uk/wp-content/uploads/3595-Black-Plastic-Tip-Tray-With-Clip.jpg,"Present bills smartly with this tip tray from Beaumont. With a built in clip, receipts and tips can be held down for security – making the tray great for indoor or outdoor use.
Made from plastic the tray is fairly durable, and easy for customers to handle. Making it perfect for heavy use during busy service.
With a subtle black finish, the Beaumont tip tray will go with any decor – to blend in with your aesthetic.",instock,,Black,Plastic,,,0.054,19.9x12.2x1.2,https://beaumonttm.co.uk/wp-content/uploads/3595-Black-Plastic-Tip-Tray-With-Clip-IN-USE.jpg,Bar Accessories & Food Service Essentials > Tip Trays
3590,Thank You Tip Tray Black,Beaumont,Tip Trays,1.30,https://beaumonttm.co.uk/product/tip-tray-black-plastic-thank-you/,https://beaumonttm.co.uk/wp-content/uploads/3590-Black-Plastic-Tip-Tray-Thank-You.jpg,"Present bills smartly with this tip tray from Beaumont. Made from plastic the tray is fairly durable, and easy for customers to handle. Making it perfect for heavy use during busy service.
The tray reads ‘thank you’, adding to your hospitality and, in turn, making guests feel appreciated.",instock,,Black | Gold,Plastic,,,0.046,16.4x11x1.1,,Bar Accessories & Food Service Essentials > Tip Trays
3509,Stand for Champagne Bucket Single Black,Beaumont,"Coolers, Ice Buckets & Stands",,https://beaumonttm.co.uk/product/traditional-champagne-bucket-stand/,https://beaumonttm.co.uk/wp-content/uploads/3509-Traditional-Champagne-Bucket-Stand.jpg,"Enjoy any celebration with the timeless style of the Traditional Champagne Bucket Stand from Beaumont. Perfect for any event, from intimate gatherings to grand festivities, this durable stand combines classic sophistication with functional design.",instock,Suitable for:; Aluminium Champagne Bucket (3508); Stainless Steel Champagne Bucket (3512); Stainless Steel Tulip Ice Bucket (3496),Black,,,,1.930,20x69,,"Beer & Wine Accessories > Coolers, Ice Buckets & Stands ; Ice Buckets & Stands"
3922,Mezclar Tulip Mixing Glass 700ml,Beaumont,Cocktail Equipment – Stir,15.39,https://beaumonttm.co.uk/product/tulip-mixing-glass-700ml/,https://beaumonttm.co.uk/wp-content/uploads/3922-Tulip-700ml-Mixing-Glass.jpg,"The Mezclar range delivers a high-end finish without compromising on utility. This Tulip Mixing Glass provides a beautifully ornate finish, with a bottom-heavy design, allowing liquid to move more freely in a circular motion around the base, for the most effective mixing process, even when filled high with ice.",instock,,,Glass,Mezclar | Mixing Glasses,700ml,,,,Cocktail Tools > Cocktail Equipment ; Mixing Glasses
3520,Burgundy Waiters Friend,Beaumont,Bottle Openers,2.89,https://beaumonttm.co.uk/product/waiters-friend-bottle-opener/,https://beaumonttm.co.uk/wp-content/uploads/3520-Waiters-Friend-Closed.jpg,"Introducing the Beaumont Waiters Friend Bottle Opener – the ultimate tool for professional bartenders and wine lovers alike. This elegantly designed, multi-functional opener is an essential accessory for any waiter or bartender.
Compact and portable, it easily fits in a pocket or apron, ready to assist you whenever needed.
Whether you’re working in a busy bar, a restaurant, or hosting a gathering at home, the Beaumont Waiter’s Friend Bottle Opener is your reliable partner for smooth and efficient service.",instock,,,,,,,,,Beer & Wine Accessories > Bottle Openers
3528,Winged Bottle Opener and Corkscrew,Beaumont,Bottle Openers,5.29,https://beaumonttm.co.uk/product/twin-lever-corkscrew/,https://beaumonttm.co.uk/wp-content/uploads/3528-Magic-leaver-Corkscrew.jpg,"Keep this professional corkscrew within easy reach to ensure you don’t keep your customers waiting for their drinks. A strong and robust design is certain to save you time and speed up your bar service – the sharp corkscrew pierces and twists into corks with ease, while the twin levers guarantee an equally effortless removal. At the other end, a handy crown top bottle opener means you’ll be able to crack open beer bottles as quickly as you do with your wine.",instock,,,,,,,,,Beer & Wine Accessories > Bottle Openers
3540,Under Counter Bottle Opener with Catcher,Beaumont,Bottle Openers,10.79,https://beaumonttm.co.uk/product/under-counter-opener-catcher/,https://beaumonttm.co.uk/wp-content/uploads/3540-Under-Counter-Opener-_-Catcher.jpg,"Open beer bottles in seconds. This under counter opener from Beaumont is perfect for busy bars that serve a lot of bottled beers. The opener is easily fixed to the underside of the bar so the bottle opener will never go missing again. And, the cap catcher is removable for fast emptying and cleaning.",instock,,,,,,,,https://beaumonttm.co.uk/wp-content/uploads/3540-Under-Counter-Opener-Catcher-IN-USE.jpg,Beer & Wine Accessories > Bottle Openers
3537,V Bar Blade 7″,Beaumont,Bottle Openers,1.69,https://beaumonttm.co.uk/product/v-bar-blade/,https://beaumonttm.co.uk/wp-content/uploads/3537-V-Bar-Blade-1.jpg,"Open beer bottles quickly with this bar blade from Beaumont. Double ended, this bar blade can open bottles and pick them out of ice buckets. This makes it an essential tool that no bartender should go without.
With rounded edges, the Beaumont blade sits comfortably in your hand – ensuring safety by preventing accidental cuts and drops.
The V bar blade includes a pourer removing tool, great for use up against the most stubborn pourers.",instock,,,Stainless Steel,,,,,,Beer & Wine Accessories > Bottle Openers
8405,Vacu Vin Sealers (Pack of 2),Beaumont,Bottle Sealers,,https://beaumonttm.co.uk/product/vacu-vin-sealers-pk-2/,https://beaumonttm.co.uk/wp-content/uploads/8405-Vacu-Vin-Sealers-PK2.jpg,"Effortlessly preserve your opened wines with this pack of two Vacu-Vin Wine Saver spare stoppers. When used in conjunction with the Vacu-Vin Wine Saver vacuum pump (Sold Separately. Product Code: 8121), these stoppers extract air from the opened bottle and completely re-seal it, slowing down the oxidation process to maintain the quality of your wines for longer.
The stoppers are also reusable, allowing you to re-seal your opened wines time and time again, reducing wastage in your establishment to save you money on frequent replacement bottles. And as it’s made from high-quality silicone, these stoppers will not affect the taste of your wines whilst being durable enough to handle everyday use.
Product Features
Dimensions: 40(H) x 32(W) x 32(D)mm
Material: Silicone
Weight: 20g
Colour: Grey
For use with the Vacu-Vin Wine Saver (Product Code: 8121)
Premium silicone construction will not affect the taste of the wine
Not suitable for use with sparkling wines
Airtight sealing of wine bottles to prevent contents from becoming stale
Vacuum slows down the oxidation process
Reusable design ensures long-lasting use
Airtight sealing of wine bottles
Reusable stopper",instock,,,,Vacu Vin,,,,https://beaumonttm.co.uk/wp-content/uploads/VacuVin-8405.webp | https://beaumonttm.co.uk/wp-content/uploads/VacuVin-8405-2.webp | https://beaumonttm.co.uk/wp-content/uploads/VacuVin-8405-3.webp,Beer & Wine Accessories > Bottle Sealers
8121,Vacu Vin Wine Pump inc. 2 Sealers,Beaumont,Bottle Sealers,16.49,https://beaumonttm.co.uk/product/vacu-vin-wine-pump-including-2-x-sealers/,https://beaumonttm.co.uk/wp-content/uploads/8121-Vacu-Vin-wine-pump-Inc.-2-Sealers.jpg,"Offers a lightweight, easy-to-use pump to vacuum seal bottles and keep wine fresh for days. Practically designed handle for ease of use.",instock,,,,Vacu Vin,,,,,Beer & Wine Accessories > Bottle Sealers
3209B,Wall 2 Bottle Rack – Bagged,Beaumont,Bottle Racks,,https://beaumonttm.co.uk/product/wall-2-bottle-rack/,https://beaumonttm.co.uk/wp-content/uploads/3209-Wall-2-Bottle-Rack-70cl-1ltr.jpg,"The Wall 2-Bottle Rack by Beaumont is a sleek and stylish solution for displaying your favorite bottles of wine or spirits. Crafted with high-quality materials and a modern design, this rack not only showcases your beverages but also adds an elegant touch to any space. Whether it’s for your home bar, kitchen, or restaurant, the Wall 2-Bottle Rack offers both functionality and aesthetic appeal.
Fits any size of Beaumont Spirit Measure. Suitable for 70cl/1 litre bottles.",instock,,,,,1 Litre,,,,Spirit Measure Brackets > Bottle Racks
3211B,Wall 3 Bottle Rack – Bagged,Beaumont,Bottle Racks,,https://beaumonttm.co.uk/product/wall-3-bottle-rack/,https://beaumonttm.co.uk/wp-content/uploads/3211-Wall-3-Bottle-Rack-70cl-1ltr.jpg,"The Wall 3-Bottle Rack by Beaumont is a sleek and stylish solution for displaying your favorite bottles of wine or spirits. Crafted with high-quality materials and a modern design, this rack not only showcases your beverages but also adds an elegant touch to any space. Whether it’s for your home bar, kitchen, or restaurant, the Wall 3-Bottle Rack offers both functionality and aesthetic appeal.
Fits any size of Beaumont Spirit Measure. Suitable for 70cl/1 litre bottles.",instock,,,,,1 Litre,,,,Spirit Measure Brackets > Bottle Racks
3213B,Wall 4 Bottle Rack – Bagged,Beaumont,Bottle Racks,,https://beaumonttm.co.uk/product/wall-4-bottle-rack/,https://beaumonttm.co.uk/wp-content/uploads/3213-Wall-4-Bottle-Rack-70cl-1ltr.jpg,"The Wall 4-Bottle Rack by Beaumont is a sleek and stylish solution for displaying your favorite bottles of wine or spirits. Crafted with high-quality materials and a modern design, this rack not only showcases your beverages but also adds an elegant touch to any space. Whether it’s for your home bar, kitchen, or restaurant, the Wall 4-Bottle Rack offers both functionality and aesthetic appeal.
Fits any size of Beaumont Spirit Measure. Suitable for 70cl/1 litre bottles.",instock,,,,,1 Litre,,,,Spirit Measure Brackets > Bottle Racks
3217BA,Wall 6 Bottle Rack – Bagged,Beaumont,Bottle Racks,,https://beaumonttm.co.uk/product/wall-6-bottle-rack/,https://beaumonttm.co.uk/wp-content/uploads/3217-Wall-6-Bottle-Rack-70cl-1ltr.jpg,,instock,"The Wall 6-Bottle Rack by Beaumont is a sleek and stylish solution for displaying your favorite bottles of wine or spirits. Crafted with high-quality materials and a modern design, this rack not only showcases your beverages but also adds an elegant touch to any space. Whether it’s for your home bar, kitchen, or restaurant, the Wall 6-Bottle Rack offers both functionality and aesthetic appeal.; Fits any size of Beaumont Spirit Measure. Suitable for 70cl/1 litre bottles.",,,,1 Litre,,,,Spirit Measure Brackets > Bottle Racks
3974,Wine Saver with 2 sealers,Beaumont,Bottle Sealers,,https://beaumonttm.co.uk/product/wine-saver/,https://beaumonttm.co.uk/wp-content/uploads/3974.jpg,"Keep wine fresh by vacuum sealing with this easy-to-use wine saver. With well-designed handle and strong stainless steel/plastic construction, offering a higher end quality finish than most vacuum sealers on the market.",instock,,,,,,,,,Beer & Wine Accessories > Bottle Sealers
8406,Wine Saver- Sealer (Pack of 2),Beaumont,Bottle Sealers,3.99,https://beaumonttm.co.uk/product/wine-saver-sealer-pack-of-2/,https://beaumonttm.co.uk/wp-content/uploads/8406.jpg,"Reliably designed sealers for use with Beaumont Wine Saver. Have plenty of sealers around to keep multiple bottles fresh at once, made from sturdy material for a tight seal. Subtle black sealers to match with premium aesthetic of wine saver.",instock,,,,,,,,,Beer & Wine Accessories > Bottle Sealers
3513,Wine Re-Sealers (Pack 10),Beaumont,Bottle Sealers,8.59,https://beaumonttm.co.uk/product/wine-bottle-re-sealers/,https://beaumonttm.co.uk/wp-content/uploads/3513-Wine-Bottle-Re-Sealers-PK10.jpg,"Keeping your bottles of wine fresh with these wine bottle resealers from Beaumont. Delivered in an assortment of colours, the sealers can be used to colour code your bottles for easy identification.
With a lever seal, the Beaumont wine resealers prevent your sparkling wine from going flat once opened. Helping to reduce wastage.
Made from plastic, the corks are flexible. This means that they’re relatively easy to insert and remove.",instock,,,,,,,,,Beer & Wine Accessories > Bottle Sealers
3572,Wooden Muddler 8″,Beaumont,Cocktail Muddlers,2.39,https://beaumonttm.co.uk/product/wooden-muddler-8/,https://beaumonttm.co.uk/wp-content/uploads/3572-Wooden-Muddler-8_.jpg,"Perfect for creating interesting and tasteful cocktails, the Beaumont 205mm Wooden Cocktail Muddler is a great addition to any bartender’s arsenal. Features a sturdy and rustic wooden design that is easy to clean, durable and stylish too. The muddler helps to crush fruits, herbs and spices to release flavour – making for a better tasting drink. Use within a mixing cup to make muddling easier. Perfect for use in almost any cocktail using syrups, juices, herbs or fresh fruit.",instock,,,Wooden,,"8""",,,,Cocktail Tools > Cocktail Muddlers
3578,Wooden Muddler 10″,Beaumont,Cocktail Muddlers,3.59,https://beaumonttm.co.uk/product/wooden-muddler-10/,https://beaumonttm.co.uk/wp-content/uploads/3578-Wooden-Muddler-10_.jpg,"Perfect for creating interesting and tasteful cocktails, the Beaumont 255mm Wooden Cocktail Muddler is a great addition to any bartender’s arsenal. Features a sturdy and rustic wooden design that is easy to clean, durable and stylish too. The muddler helps to crush fruits, herbs and spices to release flavour – making for a better tasting drink. Use within a mixing cup to make muddling easier. Perfect for use in almost any cocktail using syrups, juices, herbs or fresh fruit.",instock,,,Wooden,,"10""",,,,Cocktail Tools > Cocktail Muddlers
3588,Large Wooden Beech Muddler 13″ – Delisted,Beaumont,Cocktail Muddlers,,https://beaumonttm.co.uk/product/wooden-muddler-13/,https://beaumonttm.co.uk/wp-content/uploads/Large-Wooden-Muddler-13-scaled.jpg,"Made of beautiful yet sturdy solid Beech Wood, this classic muddler is made to last.
325mm long, 38mm diameter
Discontinued – buy now while stocks last.",instock,,,Wooden,,"13""",,,,Cocktail Tools > Cocktail Muddlers
3316,Wooden Cocktail Sticks (Pack of 1000),Beaumont,Picks & Parasols,2.99,https://beaumonttm.co.uk/product/wooden-cocktail-sticks/,https://beaumonttm.co.uk/wp-content/uploads/3316-Cocktail-sticks-pk1000.jpg,"Beaumont’s wooden cocktail sticks are the perfect companion for all manner of cocktail garnish. Whether skewering olives for a martini or cherries for a Manhattan, they are an essential tool for creating visually appealing and enjoyable drinks.",instock,,,Wood,,,,,,Cocktail Tools > Picks & Parasols
3314,Paper Wrapped Wooden Toothpick (Pack of 1000),Beaumont,Picks & Parasols,7.29,https://beaumonttm.co.uk/product/wooden-toothpicks-paper-wrapped/,https://beaumonttm.co.uk/wp-content/uploads/3314-Paper-Wrapped-Wooden-Toothpicks-PK1000-Open.jpg,"Made from 100% natural wood, these Beaumont wooden toothpicks are fully recyclable and biodegradable making them environmentally friendly. The toothpicks are pointed at both ends and come individually wrapped for hygienic and safe usage.",instock,,,Wood,,,,,,Cocktail Tools > Picks & Parasols
3674,Zester and Canale Cutter,Beaumont,Cocktail Equipment – Utensils & Tools,9.29,https://beaumonttm.co.uk/product/zester-and-canale-cutter/,https://beaumonttm.co.uk/wp-content/uploads/3674-2.jpg,"Craft visually stunning cocktails with this zester and canale cutter from Beaumont. This handy tool creates fine lines from the zest of a lemon or lime to be used when garnishing cocktails.
It is made from stainless steel with a strong plastic handle for comfortable use.",instock,,,,,,,,https://beaumonttm.co.uk/wp-content/uploads/3674-Zester-and-Canele-Cutter.jpg,Cocktail Tools > Cocktail Equipment
3525,Cast Metal Wall Mounted Opener,Beaumont,Bottle Openers,1.99,https://beaumonttm.co.uk/product/cast-metal-wall-mounted-opener/,https://beaumonttm.co.uk/wp-content/uploads/3525.png,"Provide efficient bar service with the help of this cast metal opener by Beaumont. Designed to be wall mounted, the opener has dual mounting holes on the top and bottom for unrivalled stability. This ensures it remains secure on the wall, even with heavy use.
Made from cast metal, the Beaumont bottle opener is incredibly durable – meaning it is able to open even the toughest of bottles.
To top it off, you can mount the opener wherever you see fit. This will increase efficiency as staff will have everything they need for easy service nearby.",instock,,,,,,,,,Beer & Wine Accessories > Bottle Openers
3178C,Professional Stainless Steel Jigger Copper Plated 25/50ml,Beaumont,Cocktail Jigger Measures,2.99,https://beaumonttm.co.uk/product/professional-25-50ngs-st-steel-jigger-copper-plated-matt/,https://beaumonttm.co.uk/wp-content/uploads/3178c.png,"Ensure accurate measurements with each shot you pour, thanks to the Beaumont professional copper-plated jigger. Thanks to its double-sided design, the jigger accurately measures 25ml and 50ml servings without the need for multiple pieces of equipment. This ensures that the cocktails your serve have a consistent taste and alcohol content.
Made from stainless steel and featuring a copper-plated finish, this Beaumont professional jigger is not only highly durable and easy to clean, but also benefits from an attractive appearance that’s sure to spruce-up any back bar.",instock,,,Copper Plated,,,,,,Cocktail Tools > Cocktail Jigger Measures
3536C,Bar Blade Copper 7″,Beaumont,Bottle Openers,3.29,https://beaumonttm.co.uk/product/bar-blade-7-inch-copper/,https://beaumonttm.co.uk/wp-content/uploads/3536c.jpg,"Open beer bottles quickly with this bar blade from Beaumont. Double ended, this bar blade can open bottles and pick them out of ice buckets. This makes it an essential tool that no bartender should go without.
With rounded edges, the Beaumont blade sits comfortably in your hand – ensuring safety by preventing accidental cuts and drops.
Copper plated, the bar blade has a sleek, durable finish that is great for front-of-house use.",instock,,,Copper Plated,,,,,,Beer & Wine Accessories > Bottle Openers
3574COP,Cocktail Kit Copper 8 Piece,Beaumont,Cocktail Tools – Shake,47.49,https://beaumonttm.co.uk/product/8-piece-cocktail-kit-copper/,https://beaumonttm.co.uk/wp-content/uploads/3574COP.png,"Make a broad range of cocktails with the help of this cocktail kit from Beaumont. The eight piece set includes two pourers, a jigger, cocktail spoon, cocktail strainer, muddler, and a Copper Boston cocktail tin set. This ensures your staff have everything you need at hand, allowing you to create a vast cocktail menu.
As the kit is copper plated, it is durable and aesthetically pleasing – great for front-of-house use, allowing bartenders to show off their skills or sue in your home bar.",instock,,,Copper Plated,,,,,,Cocktail Tools
3579,Copper Plated Cocktail Spoon With Masher,Beaumont,Bar Spoons,6.69,https://beaumonttm.co.uk/product/copper-plated-cocktail-spoon-with-masher/,https://beaumonttm.co.uk/wp-content/uploads/3579.jpg,"Put on a show when mixing cocktails with this cocktail spoon and masher from Beaumont. With a twizzle handle for eloquent pouring techniques and easy spinning, drinks are mixed with ease. This helps to provide an even flavour throughout.
Including a masher end for muddling, garnishes can be crushed to release their taste – without taking up too much room in the glass.
In an eye-catching copper finish, the Beaumont spoon looks good, too. Making it a good tool for front-of-house use.",instock,,,Copper Plated,,,,,,Cocktail Tools > Bar Spoons
3730C,Fine Mesh Strainer Copper,Beaumont,Cocktail Strainers,7.49,https://beaumonttm.co.uk/product/fine-mesh-strainer-copper/,https://beaumonttm.co.uk/wp-content/uploads/3730c-2.jpg,"Ensure your cocktails are silky-smooth with this mesh strainer from Beaumont When using other strainers some smaller debris can still get through. Using a fine mesh strainer when you need to filter out small cubes of ice, chunks and pips ensures this doesn’t happen.
The Beaumont strainer has a copper plated finish for a traditional look – great for use in front-of-house bars",instock,,,Copper Plated,,,,,https://beaumonttm.co.uk/wp-content/uploads/3730c.jpg,Cocktail Tools > Cocktail Strainers
3975,Copper Plated Muddler 9″,Beaumont,Cocktail Muddlers,12.29,https://beaumonttm.co.uk/product/copper-plated-muddler-9/,https://beaumonttm.co.uk/wp-content/uploads/3975-2.jpg,"An essential cocktail-making tool with a wow factor, muddling on the bar in front of the customer shows care and attention – doing it with a beautiful, classically designed copper plated muddler adds some real theatre and a sense of indulgence.",instock,,,Copper Plated,,,,,https://beaumonttm.co.uk/wp-content/uploads/3975.jpg,Cocktail Tools > Cocktail Muddlers
3976,Stainless Steel Skull Strainer,Beaumont,Cocktail Strainers,8.29,https://beaumonttm.co.uk/product/stainless-steel-skull-strainer/,https://beaumonttm.co.uk/wp-content/uploads/3976.jpg,"An essential cocktail-making tool with a twist. Deliver beautifully smooth cocktails with a strainer that guarantees an eye-catching, striking look all the while. Perfect for bars with a grittier aesthetic, or for seasonal use on occasions like Halloween or Cinco de Mayo.",instock,,,,,,,,https://beaumonttm.co.uk/wp-content/uploads/3976-2.jpg,Cocktail Tools > Cocktail Strainers
3977,Copper Plated Skull Strainer,Beaumont,Cocktail Strainers,10.29,https://beaumonttm.co.uk/product/copper-plated-skull-strainer/,https://beaumonttm.co.uk/wp-content/uploads/3977.jpg,"An essential cocktail-making tool with a twist. Deliver beautifully smooth cocktails with a strainer that guarantees an eye-catching, striking look all the while. Perfect for bars with a grittier aesthetic, or for seasonal use on occasions like Halloween or Cinco de Mayo.",instock,,,Copper Plated,,,,,https://beaumonttm.co.uk/wp-content/uploads/3977-2.jpg,Cocktail Tools > Cocktail Strainers
3978,Stainless Steel Scorpion Strainer,Beaumont,Cocktail Strainers,9.29,https://beaumonttm.co.uk/product/stainless-steel-scorpion-strainer/,https://beaumonttm.co.uk/wp-content/uploads/3978.jpg,"Put a sting into service with this essential cocktail-making tool with a twist. Deliver beautifully smooth cocktails with a strainer that guarantees an eye-catching, striking look all the while. Perfect for bars that want to stand out and make a statement.",instock,,,,,,,,https://beaumonttm.co.uk/wp-content/uploads/3978-2.jpg,Cocktail Tools > Cocktail Strainers
3740BR,Brass Last Orders Bell,Beaumont,Last Orders Bell,14.39,https://beaumonttm.co.uk/product/4-inch-last-orders-bell-brass-finish/,https://beaumonttm.co.uk/wp-content/uploads/3740BR-Bell.png,"Clearly let customers know when it’s time to call last orders, with this brass bell from Beaumont. A classic design, featuring rope handle for a traditional aesthetic, this is both a practical piece of equipment and an attractive feature in itself.
The Beaumont bell is easily wall mounted for accessibility, allowing easy use.",instock,,,,,,,,,Last Orders Bell
3740NI,Nickel Last Orders Bell,Beaumont,Last Orders Bell,14.39,https://beaumonttm.co.uk/product/4-inch-last-orders-bell-nickel-finish/,https://beaumonttm.co.uk/wp-content/uploads/3740NI-Bell.png,"Clearly let customers know when it’s time to call last orders, with this nickel bell from Beaumont. A classic design, featuring rope handle for a traditional aesthetic, this is both a practical piece of equipment and an attractive feature in itself.
The Beaumont bell is easily wall mounted for accessibility, allowing easy use.",instock,,,,,,,,,Last Orders Bell
9058,Hammered Ice Bucket 1.5 Litre,Beaumont,"Coolers, Ice Buckets & Stands",27.79,https://beaumonttm.co.uk/product/1-5-litre-ice-bucket-hammered/,https://beaumonttm.co.uk/wp-content/uploads/9058.jpg,"A practical ice bucket with stylish handle, its softly outward-arching sides and hammered finish providing an extra dose of elegance.",instock,,,,,,,,https://beaumonttm.co.uk/wp-content/uploads/9058-2.jpg,"Beer & Wine Accessories > Coolers, Ice Buckets & Stands"
3980,Copper Plated Hammered Mug 400ml,Beaumont,Cocktail Mugs & Cups,9.79,https://beaumonttm.co.uk/product/copper-plated-hammered-mug-400ml/,https://beaumonttm.co.uk/wp-content/uploads/3980.jpg,"Stylish Beaumont 400ml copper plated mug, perfect for cocktail and mocktails. The attractive hammered finish gives a depth to its texture, beautifully set off when cold and frosty. The copper plated finish is ideal for bars with warm, atmospheric colour schemes.",instock,,,Copper Plated,,,,,,Cocktail Tools > Cocktail Mugs & Cups
3981,Copper Plated Tall Hammered Mug 450ml,Beaumont,Cocktail Mugs & Cups,11.29,https://beaumonttm.co.uk/product/copper-plated-tall-hammered-mug-450ml/,https://beaumonttm.co.uk/wp-content/uploads/3981-2.jpg,"Elegantly designed 450ml copper-plated mug from Beaumont, perfect for longer cocktails and mocktails. Its premium hammered finish gives a depth to its texture, beautifully set off when cold and frosty. The copper-plated finish is perfect for bars with warm, atmospheric colour schemes.",instock,,,Copper Plated,,,,,,Cocktail Tools > Cocktail Mugs & Cups
3982,Copper Plated Tall Mug 450ml,Beaumont,Cocktail Mugs & Cups,11.29,https://beaumonttm.co.uk/product/copper-plated-tall-mug-450ml/,https://beaumonttm.co.uk/wp-content/uploads/3982.jpg,"Elegantly designed 450ml copper-plated mug from Beaumont, perfect for longer cocktails and mocktails. Its premium copper plated finish is beautifully set off when cold and frosty. The copper-plated finish is perfect for bars with warm, atmospheric colour schemes.",instock,,,Copper Plated,,,,,,Cocktail Tools > Cocktail Mugs & Cups
3967,Stainless Steel Wire 1-2 Taco Holder,Beaumont,Food Service – Buffet & Display,1.99,https://beaumonttm.co.uk/product/1-2-wire-taco-holder/,https://beaumonttm.co.uk/wp-content/uploads/3967-1-2-Taco-Holder.jpg,"Whether you have tacos on the menu all year round, or you’re serving them as a seasonal special, present them beautifully with this wire holder. Makes a real feature out of your dish.",instock,,,Stainless Steel,,,0.044,9.1x5.7x4.3,https://beaumonttm.co.uk/wp-content/uploads/3967-1-2-Taco-Holder-in-use-scaled.jpg,Food Service
3968,Stainless Steel Wire 2-3 Taco Holder,Beaumont,Food Service – Buffet & Display,1.99,https://beaumonttm.co.uk/product/2-3-wire-taco-holder/,https://beaumonttm.co.uk/wp-content/uploads/3968-2-3-Taco-Holder.jpg,"Whether you have tacos on the menu all year round, or you’re serving them as a seasonal special, present them beautifully with this wire holder. Makes a real feature out of your dish.",instock,,,Stainless Steel,,,0.063,14.8x6x4.2,https://beaumonttm.co.uk/wp-content/uploads/3968-2-3-Taco-Holder-in-use-scaled.jpg,Food Service
3959,Wire French Fry Cone Black,Beaumont,Food Service – Buffet & Display,9.29,https://beaumonttm.co.uk/product/french-fry-cone-black-wire/,https://beaumonttm.co.uk/wp-content/uploads/3959-French-Fry-Cone-Black-Wire.png,"Serve a range of bar snacks or sides with this wire French fry cone from Beaumont. Purposely designed to hold sides, you can serve a generous portion of chips whilst still having enough room on the plate for the main.
The wire finish creates a charming presentation – perfect for pub garden dining.
The wire construction also boasts a high quality durable finish, allowing this Beaumont French fry holder to be used frequently whilst preserving the as new look.",instock,,,,,,0.262,11.9xx24.4,https://beaumonttm.co.uk/wp-content/uploads/3959-French-Fry-Cone-Black-Wire-Lifestyle-1.jpg | https://beaumonttm.co.uk/wp-content/uploads/3959-French-Fry-Cone-Black-Wire-Lifestyle-2.jpg,Food Service
3958,Wire French Fry Cone and Ramekin Holder Black,Beaumont,Food Service – Buffet & Display,,https://beaumonttm.co.uk/product/french-fry-cone-with-ramekin-holder-black-wire/,https://beaumonttm.co.uk/wp-content/uploads/3958-French-Fry-Cone-with-Ramekin-Holder-Black-Wire.png,"Serve a range of bar snacks or sides with this wire French fry cone from Beaumont. Purposely designed to hold sides, you can serve a generous portion of chips whilst still having enough room on the plate for the main.
The wire finish creates a charming presentation – perfect for pub garden dining.
The wire construction also boasts a high quality durable finish, allowing this Beaumont French fry holder to be used frequently whilst preserving the as new look.",instock,,,,,,0.288,20.2x17.1,https://beaumonttm.co.uk/wp-content/uploads/3958-French-Fry-Cone-with-Ramekin-Holder-Lifestyle-10.jpg | https://beaumonttm.co.uk/wp-content/uploads/3958-French-Fry-Cone-with-Ramekin-Holder-Lifestyle-1.jpg | https://beaumonttm.co.uk/wp-content/uploads/3958-French-Fry-Cone-with-Ramekin-Holder-Lifestyle-2.jpg | https://beaumonttm.co.uk/wp-content/uploads/3958-French-Fry-Cone-with-Ramekin-Holder-Lifestyle-3.jpg | https://beaumonttm.co.uk/wp-content/uploads/3958-French-Fry-Cone-with-Ramekin-Holder-Lifestyle-4.jpg | https://beaumonttm.co.uk/wp-content/uploads/3958-French-Fry-Cone-with-Ramekin-Holder-Lifestyle-5.jpg | https://beaumonttm.co.uk/wp-content/uploads/3958-French-Fry-Cone-with-Ramekin-Holder-Lifestyle-6.jpg | https://beaumonttm.co.uk/wp-content/uploads/3958-French-Fry-Cone-with-Ramekin-Holder-Lifestyle-7.jpg | https://beaumonttm.co.uk/wp-content/uploads/3958-French-Fry-Cone-with-Ramekin-Holder-Lifestyle-8.jpg | https://beaumonttm.co.uk/wp-content/uploads/3958-French-Fry-Cone-with-Ramekin-Holder-Lifestyle-9.jpg,Food Service
